target_id,target_source,target_title,target_date,candidate_id,candidate_source,candidate_title,candidate_date,similarity,event_label,target_entity_count,candidate_entity_count,shared_entities_raw,shared_entities,shared_per,shared_org,shared_loc,entity_jaccard_raw,entity_jaccard,idf_overlap,idf_jaccard,shared_entity_names,shared_person_names,shared_org_names,shared_location_names
15489,ABC Color,Senado culmina audiencias y avanza hacia las ternas para la Defensoría del Pueblo - Política - ABC Color,2026-09-20 21:00:00-03:00,14941,adn,Juicio a Hernán Rivas se reanuda hoy con los alegatos finales de la Fiscalía - ADN Digital,2026-09-20 21:00:00-03:00,0.8049,0,24,19,2,2,0,2,0,0.04878048780487805,0.04878048780487805,9.924723578609736,0.04418158862356838,jem | jurado de enjuiciamiento de magistrados,,jem | jurado de enjuiciamiento de magistrados,
15489,ABC Color,Senado culmina audiencias y avanza hacia las ternas para la Defensoría del Pueblo - Política - ABC Color,2026-09-20 21:00:00-03:00,15372,adn,Comisión investigará deudas y pagos selectivos en IPS y Salud - ADN Digital,2026-09-20 21:00:00-03:00,0.7937,0,24,23,3,3,0,3,0,0.06818181818181818,0.06818181818181818,11.822665171815695,0.04900525660949652,anr | estado | senado,,anr | estado | senado,
15489,ABC Color,Senado culmina audiencias y avanza hacia las ternas para la Defensoría del Pueblo - Política - ABC Color,2026-09-20 21:00:00-03:00,14612,adn,Rigo Chamorro propone una Junta Municipal con “menos confrontación y más soluciones” - ADN Digital,2026-09-19 21:00:00-03:00,0.7909,0,24,25,1,1,0,1,0,0.020833333333333332,0.020833333333333332,3.8903717578961645,0.014312473801970817,anr,,anr,
15489,ABC Color,Senado culmina audiencias y avanza hacia las ternas para la Defensoría del Pueblo - Política - ABC Color,2026-09-20 21:00:00-03:00,14566,La Nación,La Nación / Candidata de Lista 1 no objetará mesas del PLRA en Capiatá pese a vencer plazo electoral,2026-09-19 21:00:00-03:00,0.7878,0,24,21,1,1,0,1,0,0.022727272727272728,0.022727272727272728,3.8903717578961645,0.0164757833572126,anr,,anr,
15489,ABC Color,Senado culmina audiencias y avanza hacia las ternas para la Defensoría del Pueblo - Política - ABC Color,2026-09-20 21:00:00-03:00,14875,Última Hora,Parlamentarios están expectantes ante la sentencia en el caso Rivas,2026-09-20 21:00:00-03:00,0.787,0,24,14,0,0,0,0,0,0.0,0.0,0.0,0.0,,,,
15119,ABC Color,San Ignacio: trabajadores de salud cierran la ruta PY01 y exigen aumento salarial del 50% - Nacionales - ABC Color,2026-09-20 21:00:00-03:00,15339,Última Hora,Personal de blanco se moviliza en Misiones para exigir aumento salarial del 50%,2026-09-20 21:00:00-03:00,0.939,2,13,8,2,2,0,1,1,0.1,0.10526315789473684,10.281398522548468,0.10302698141661644,asociación salud unida paraguay | misiones,,asociación salud unida paraguay,misiones
15119,ABC Color,San Ignacio: trabajadores de salud cierran la ruta PY01 y exigen aumento salarial del 50% - Nacionales - ABC Color,2026-09-20 21:00:00-03:00,15504,Resumen de Noticias,Gremios de salud marcharán por reajuste salarial del 50%,2026-09-20 21:00:00-03:00,0.8968,1,13,16,0,0,0,0,0,0.0,0.0,0.0,0.0,,,,
15119,ABC Color,San Ignacio: trabajadores de salud cierran la ruta PY01 y exigen aumento salarial del 50% - Nacionales - ABC Color,2026-09-20 21:00:00-03:00,14936,adn,Trabajadores de salud piden 50% de aumento y cifran reclamo en USD 103 millones - ADN Digital,2026-09-20 21:00:00-03:00,0.8916,1,13,6,0,0,0,0,0,0.0,0.0,0.0,0.0,,,,
15119,ABC Color,San Ignacio: trabajadores de salud cierran la ruta PY01 y exigen aumento salarial del 50% - Nacionales - ABC Color,2026-09-20 21:00:00-03:00,15426,ABC Color,Gremios de salud se movilizan mañana por reajuste y carrera sanitaria - Nacionales - ABC Color,2026-09-20 21:00:00-03:00,0.8819,1,13,29,1,1,1,0,0,0.023255813953488372,0.024390243902439025,4.3603753871419,0.01868308386554927,isaías fretes,isaías fretes,,
15119,ABC Color,San Ignacio: trabajadores de salud cierran la ruta PY01 y exigen aumento salarial del 50% - Nacionales - ABC Color,2026-09-20 21:00:00-03:00,14611,adn,Unos 16 sindicatos de Salud marcharán por reajuste salarial y carrera sanitaria - ADN Digital,2026-09-19 21:00:00-03:00,0.8705,1,13,18,1,1,1,0,0,0.03225806451612903,0.03333333333333333,4.3603753871419,0.027698532249210914,isaías fretes,isaías fretes,,
15317,ABC Color,Día de la Juventud: jóvenes encabezan estadísticas de muertes y lesiones por siniestros viales - Nacionales - ABC Color,2026-09-20 21:00:00-03:00,15364,Resumen de Noticias,"Jóvenes, los más afectados por siniestros viales",2026-09-20 21:00:00-03:00,0.9712,2,6,7,6,6,0,5,1,0.75,0.8571428571428571,27.00395519773498,0.8189526532260684,agencia nacional de tránsito y seguridad vial | antsv | hospital de trauma | ministerio de salud pública y bienestar social | paraguay | policía nacional,,agencia nacional de tránsito y seguridad vial | antsv | hospital de trauma | ministerio de salud pública y bienestar social | policía nacional,paraguay
15317,ABC Color,Día de la Juventud: jóvenes encabezan estadísticas de muertes y lesiones por siniestros viales - Nacionales - ABC Color,2026-09-20 21:00:00-03:00,15473,Más Encarnación,"Jóvenes, los más afectados por siniestros viales",2026-09-20 21:00:00-03:00,0.9578,2,6,7,6,6,0,5,1,0.75,0.8571428571428571,27.00395519773498,0.8365376531250998,agencia nacional de tránsito y seguridad vial | antsv | hospital de trauma | ministerio de salud pública y bienestar social | paraguay | policía nacional,,agencia nacional de tránsito y seguridad vial | antsv | hospital de trauma | ministerio de salud pública y bienestar social | policía nacional,paraguay
15317,ABC Color,Día de la Juventud: jóvenes encabezan estadísticas de muertes y lesiones por siniestros viales - Nacionales - ABC Color,2026-09-20 21:00:00-03:00,14825,ABC Color,Día de la Juventud: hurto y violencia familiar encabezan los delitos cometidos por jóvenes en Paraguay - Nacionales - ABC Color,2026-09-20 21:00:00-03:00,0.7578,0,6,4,2,1,0,0,1,0.2,0.1111111111111111,2.358895386931776,0.05419371718034972,paraguay,,,paraguay
15317,ABC Color,Día de la Juventud: jóvenes encabezan estadísticas de muertes y lesiones por siniestros viales - Nacionales - ABC Color,2026-09-20 21:00:00-03:00,15245,La Clave,Cuatro personas mueren en accidentes durante el fin de semana en Alto Paraná – Diario La Clave,2026-09-20 21:00:00-03:00,0.755,0,6,11,0,0,0,0,0,0.0,0.0,0.0,0.0,,,,
15317,ABC Color,Día de la Juventud: jóvenes encabezan estadísticas de muertes y lesiones por siniestros viales - Nacionales - ABC Color,2026-09-20 21:00:00-03:00,14821,ABC Color,"Así es la juventud en Paraguay: cuántos son, a qué se dedican y cuál es su realidad, según el INE - Nacionales - ABC Color",2026-09-20 21:00:00-03:00,0.7448,0,6,3,2,1,0,0,1,0.2222222222222222,0.125,2.358895386931776,0.06521511261976276,paraguay,,,paraguay
14809,ABC Color,El partido de Putin se perfila ganador en elecciones rusas marcadas por ataque ucraniano - Mundo - ABC Color,2026-09-19 21:00:00-03:00,15134,La Tribuna,Drones ucranianos golpean Moscú ante el cierre electoral de Putin,2026-09-20 21:00:00-03:00,0.9531,2,14,18,6,6,2,2,2,0.2222222222222222,0.23076923076923078,31.334818484093876,0.22255703324823004,andréi vorobiov | comisión electoral | jersón | moscú | putin | rusia unida,andréi vorobiov | putin,comisión electoral | rusia unida,jersón | moscú
14809,ABC Color,El partido de Putin se perfila ganador en elecciones rusas marcadas por ataque ucraniano - Mundo - ABC Color,2026-09-19 21:00:00-03:00,14619,adn,Las elecciones en Rusia entran en su última jornada tras denuncias de fraude y una baja participación del electorado - ADN Digital,2026-09-19 21:00:00-03:00,0.9397,1,14,22,5,5,2,2,1,0.15625,0.16129032258064516,24.971962596408268,0.1492219489732068,ldpr | moscú | putin | rusia unida | serguéi sobianin,putin | serguéi sobianin,ldpr | rusia unida,moscú
14809,ABC Color,El partido de Putin se perfila ganador en elecciones rusas marcadas por ataque ucraniano - Mundo - ABC Color,2026-09-19 21:00:00-03:00,14720,Amambay News,"El partido del Kremlin gana las elecciones con el 57,5 % de votos, según los primeros resultados - Amambay News",2026-09-19 21:00:00-03:00,0.9271,1,14,19,4,4,1,1,1,0.12903225806451613,0.13793103448275862,20.6603773734358,0.130152010663141,duma | kiev | moscú | serguéi sobianin,serguéi sobianin,duma,moscú
14809,ABC Color,El partido de Putin se perfila ganador en elecciones rusas marcadas por ataque ucraniano - Mundo - ABC Color,2026-09-19 21:00:00-03:00,15440,adn,El partido de Putin logra un récord de escaños en Rusia - ADN Digital,2026-09-20 21:00:00-03:00,0.9056,1,14,27,4,4,1,3,0,0.10526315789473684,0.10810810810810811,19.695296477392215,0.09633420315242497,duma | ldpr | putin | rusia unida,putin,duma | ldpr | rusia unida,
14809,ABC Color,El partido de Putin se perfila ganador en elecciones rusas marcadas por ataque ucraniano - Mundo - ABC Color,2026-09-19 21:00:00-03:00,14956,Megacadena,Putin amplía su control del Parlamento ruso tras una elección cuestionada internacionalmente,2026-09-20 21:00:00-03:00,0.88,1,14,14,4,4,1,2,0,0.16,0.16666666666666666,19.918440028706424,0.15661496240162956,kiev | ldpr | putin | rusia unida,putin,ldpr | rusia unida,
14834,ABC Color,Pargos Tech consolida su expansión con la inauguración de su nuevo Centro de distribución y logística - Negocios - ABC Color,2026-09-20 21:00:00-03:00,14992,Diario Paraguayo Noticias,Tecnología para no perder margen: así se prepara la agroindustria de Alto Paraná para una nueva campaña | Diario Paraguayo,2026-09-20 21:00:00-03:00,0.7328,0,4,10,0,0,0,0,0,0.0,0.0,0.0,0.0,,,,
14834,ABC Color,Pargos Tech consolida su expansión con la inauguración de su nuevo Centro de distribución y logística - Negocios - ABC Color,2026-09-20 21:00:00-03:00,15001,Diario Paraguayo Noticias,Disponibilidad tecnológica: estrategia empresarial clave | Diario Paraguayo,2026-09-20 21:00:00-03:00,0.7253,0,4,3,0,0,0,0,0,0.0,0.0,0.0,0.0,,,,
14834,ABC Color,Pargos Tech consolida su expansión con la inauguración de su nuevo Centro de distribución y logística - Negocios - ABC Color,2026-09-20 21:00:00-03:00,15348,La Nación,La Nación / MAG entrega implementos agrícolas por más de G. 700 millones a productores de Eugenio A. Garay,2026-09-20 21:00:00-03:00,0.71,0,4,9,0,0,0,0,0,0.0,0.0,0.0,0.0,,,,
14834,ABC Color,Pargos Tech consolida su expansión con la inauguración de su nuevo Centro de distribución y logística - Negocios - ABC Color,2026-09-20 21:00:00-03:00,15196,5Días,Grupo Luminotecnia celebra 35 años de trayectoria e impacto en la industria paraguaya,2026-09-20 21:00:00-03:00,0.7061,0,4,1,0,0,0,0,0,0.0,0.0,0.0,0.0,,,,
14834,ABC Color,Pargos Tech consolida su expansión con la inauguración de su nuevo Centro de distribución y logística - Negocios - ABC Color,2026-09-20 21:00:00-03:00,15169,ABC Color,"Munich, tradición que se transforma - Negocios - ABC Color",2026-09-20 21:00:00-03:00,0.7042,0,4,9,1,0,0,0,0,0.07142857142857142,0.0,0.0,0.0,,,,
14684,ABC Color,Final feliz: localizan a familiares de una mujer desorientada en Asunción - Policiales - ABC Color,2026-09-19 21:00:00-03:00,15334,Última Hora,Policías rescatan a víctima de una agresión brutal en un auto y detienen a la pareja en Caaguazú,2026-09-20 21:00:00-03:00,0.7825,0,7,5,0,0,0,0,0,0.0,0.0,0.0,0.0,,,,
14684,ABC Color,Final feliz: localizan a familiares de una mujer desorientada en Asunción - Policiales - ABC Color,2026-09-19 21:00:00-03:00,15117,ABC Color,Alerta Mafe: estas son las personas reportadas como desaparecidas en los últimos días - Nacionales - ABC Color,2026-09-20 21:00:00-03:00,0.7717,0,7,17,1,0,0,0,0,0.04,0.0,0.0,0.0,,,,
14684,ABC Color,Final feliz: localizan a familiares de una mujer desorientada en Asunción - Policiales - ABC Color,2026-09-19 21:00:00-03:00,15193,NPY,Mujer fue brutalmente golpeada y su actual pareja es el principal sospechoso,2026-09-20 21:00:00-03:00,0.7713,0,7,8,0,0,0,0,0,0.0,0.0,0.0,0.0,,,,
14684,ABC Color,Final feliz: localizan a familiares de una mujer desorientada en Asunción - Policiales - ABC Color,2026-09-19 21:00:00-03:00,15051,Amambay News,Aprehenden a funcionario público denunciado por violencia familiar en PJC - Amambay News,2026-09-20 21:00:00-03:00,0.7586,0,7,8,0,0,0,0,0,0.0,0.0,0.0,0.0,,,,
14684,ABC Color,Final feliz: localizan a familiares de una mujer desorientada en Asunción - Policiales - ABC Color,2026-09-19 21:00:00-03:00,14679,Última Hora,"Asalto con toma de rehén, persecución y tiroteo con policías en María Auxiliadora",2026-09-19 21:00:00-03:00,0.7351,0,7,5,0,0,0,0,0,0.0,0.0,0.0,0.0,,,,
15491,ABC Color,Elecciones Municipales: La importancia de los observadores - Política - ABC Color,2026-09-20 21:00:00-03:00,14863,Última Hora,No hay observadores nacionales para municipales y sugieren ley,2026-09-20 21:00:00-03:00,0.8885,1,10,16,4,4,0,4,0,0.17391304347826086,0.18181818181818182,19.9548076728773,0.16355224075008995,oea | tribunal superior de justicia electoral | tsje | unión europea,,oea | tribunal superior de justicia electoral | tsje | unión europea,
15491,ABC Color,Elecciones Municipales: La importancia de los observadores - Política - ABC Color,2026-09-20 21:00:00-03:00,15210,adn,Advierten que dudas de opositores afectarían negativamente en la participación en las municipales - ADN Digital,2026-09-20 21:00:00-03:00,0.8256,1,10,5,1,1,0,1,0,0.0625,0.07142857142857142,4.465735902799727,0.061288672146817005,tsje,,tsje,
15491,ABC Color,Elecciones Municipales: La importancia de los observadores - Política - ABC Color,2026-09-20 21:00:00-03:00,14669,Última Hora,Justicia Electoral y el Ministerio Público coordinan aplicación del Voto Asistido,2026-09-19 21:00:00-03:00,0.7933,0,10,7,0,0,0,0,0,0.0,0.0,0.0,0.0,,,,
15491,ABC Color,Elecciones Municipales: La importancia de los observadores - Política - ABC Color,2026-09-20 21:00:00-03:00,14783,Diario Paraguayo Noticias,Distribución de máquinas de votación inicia el 27 | Diario Paraguayo,2026-09-19 21:00:00-03:00,0.7854,0,10,26,2,2,0,2,0,0.05714285714285714,0.058823529411764705,9.336936913707618,0.05367905596306816,tribunal superior de justicia electoral | tsje,,tribunal superior de justicia electoral | tsje,
15491,ABC Color,Elecciones Municipales: La importancia de los observadores - Política - ABC Color,2026-09-20 21:00:00-03:00,15149,Diario Paraguayo Noticias,TSJE responde sobre verificación de máquinas electorales | Diario Paraguayo,2026-09-20 21:00:00-03:00,0.7804,0,10,8,2,2,0,2,0,0.1111111111111111,0.125,9.336936913707618,0.11583370126555467,tribunal superior de justicia electoral | tsje,,tribunal superior de justicia electoral | tsje,
14677,ABC Color,Gobernador vaticina victoria de la ANR en los 10 distritos de Misiones - Política - ABC Color,2026-09-19 21:00:00-03:00,15120,ABC Color,Senador minimiza disputas internas en HC y apunta a los 10 distritos de Misiones - Política - ABC Color,2026-09-20 21:00:00-03:00,0.9205,2,11,19,7,7,2,2,3,0.28,0.30434782608695654,33.97915177237859,0.2935645232772832,anr | ayolas | josé mutti | misiones | partido colorado | richard ramírez | santa rosa,josé mutti | richard ramírez,anr | partido colorado,ayolas | misiones | santa rosa
14677,ABC Color,Gobernador vaticina victoria de la ANR en los 10 distritos de Misiones - Política - ABC Color,2026-09-19 21:00:00-03:00,14630,ABC Color,ANR busca unidad en Ayolas y minimiza crisis de la cúpula nacional - Política - ABC Color,2026-09-19 21:00:00-03:00,0.9138,2,11,25,8,8,2,2,4,0.27586206896551724,0.2857142857142857,39.25581789139465,0.26357535279665284,anr | ayolas | josé mutti | misiones | partido colorado | richard ramírez | san patricio | santa rosa,josé mutti | richard ramírez,anr | partido colorado,ayolas | misiones | san patricio | santa rosa
14677,ABC Color,Gobernador vaticina victoria de la ANR en los 10 distritos de Misiones - Política - ABC Color,2026-09-19 21:00:00-03:00,15192,HOY,"Diario HOY | “Tenemos Honor Colorado para rato”, predice Bachi",2026-09-20 21:00:00-03:00,0.8729,0,11,19,2,2,1,1,0,0.06896551724137931,0.07142857142857142,7.914274908416852,0.05807282101103843,anr | césar sosa,césar sosa,anr,
14677,ABC Color,Gobernador vaticina victoria de la ANR en los 10 distritos de Misiones - Política - ABC Color,2026-09-19 21:00:00-03:00,15205,Resumen de Noticias,Alliana asume el gobierno ante fractura interna en HC,2026-09-20 21:00:00-03:00,0.8708,0,11,20,3,3,2,1,0,0.10344827586206896,0.10714285714285714,12.386979480532672,0.09453930704167897,césar sosa | partido colorado | pedro alliana,césar sosa | pedro alliana,partido colorado,
14677,ABC Color,Gobernador vaticina victoria de la ANR en los 10 distritos de Misiones - Política - ABC Color,2026-09-19 21:00:00-03:00,14667,Última Hora,"Dirigentes admiten preferencias, pero relativizan interna por vice",2026-09-19 21:00:00-03:00,0.8656,0,11,12,2,2,2,0,0,0.09090909090909091,0.09523809523809523,8.121914273195095,0.0790357604908707,césar sosa | pedro alliana,césar sosa | pedro alliana,,
15325,ABC Color,"Orlando Gill y Meli Ávalos, enamorados en París - Gente - ABC Color",2026-09-20 21:00:00-03:00,14849,ABC Color,¡Fátima Fernández Mercado ya pasó al club de las casadas! - Gente - ABC Color,2026-09-20 21:00:00-03:00,0.773,0,12,12,1,0,0,0,0,0.04,0.0,0.0,0.0,,,,
15325,ABC Color,"Orlando Gill y Meli Ávalos, enamorados en París - Gente - ABC Color",2026-09-20 21:00:00-03:00,14562,Última Hora,El casamiento de Arlette y Fabrizio,2026-09-19 21:00:00-03:00,0.7714,0,12,8,0,0,0,0,0,0.0,0.0,0.0,0.0,,,,
15325,ABC Color,"Orlando Gill y Meli Ávalos, enamorados en París - Gente - ABC Color",2026-09-20 21:00:00-03:00,15449,Popular,Popular / ¡Celebraron su boda de plata!,2026-09-20 21:00:00-03:00,0.7657,0,12,5,0,0,0,0,0,0.0,0.0,0.0,0.0,,,,
15325,ABC Color,"Orlando Gill y Meli Ávalos, enamorados en París - Gente - ABC Color",2026-09-20 21:00:00-03:00,15412,Crónica,[VIDEO] Te mostramos el álbum de bodas de la actriz Fátima Fernández,2026-09-20 21:00:00-03:00,0.7572,0,12,6,0,0,0,0,0,0.0,0.0,0.0,0.0,,,,
15325,ABC Color,"Orlando Gill y Meli Ávalos, enamorados en París - Gente - ABC Color",2026-09-20 21:00:00-03:00,15498,La Nación,La Nación / ¡No es visita! Paraguaya presume que su novio llega a su casa y hace de todo,2026-09-20 21:00:00-03:00,0.7472,0,12,7,0,0,0,0,0,0.0,0.0,0.0,0.0,,,,
15330,ABC Color,PGN 2027: Salud tendrá más recursos pese a limitada ejecución 2026 - Economía - ABC Color,2026-09-20 21:00:00-03:00,15071,QAP Chaco News,PGN 2027: más gasto bajo presión fiscal - QAP CHACO NEWS,2026-09-20 21:00:00-03:00,0.8707,0,12,5,0,0,0,0,0,0.0,0.0,0.0,0.0,,,,
15330,ABC Color,PGN 2027: Salud tendrá más recursos pese a limitada ejecución 2026 - Economía - ABC Color,2026-09-20 21:00:00-03:00,14859,Última Hora,"PGN 2027: Advierten de más gasto y deuda, con menor margen fiscal",2026-09-20 21:00:00-03:00,0.8449,0,12,6,0,0,0,0,0,0.0,0.0,0.0,0.0,,,,
15330,ABC Color,PGN 2027: Salud tendrá más recursos pese a limitada ejecución 2026 - Economía - ABC Color,2026-09-20 21:00:00-03:00,15474,La Nación,La Nación / Ministro de Salud anuncia controles estrictos al desempeño de los médicos,2026-09-20 21:00:00-03:00,0.8017,0,12,7,1,1,0,1,0,0.05263157894736842,0.05555555555555555,5.276666119016055,0.05652598242125166,comisión bicameral de presupuesto,,comisión bicameral de presupuesto,
15330,ABC Color,PGN 2027: Salud tendrá más recursos pese a limitada ejecución 2026 - Economía - ABC Color,2026-09-20 21:00:00-03:00,14682,El Independiente,Ministro de salud llevará sus visitas sorpresa a hospitales de todo el país,2026-09-19 21:00:00-03:00,0.7944,0,12,6,2,2,1,1,0,0.11764705882352941,0.125,9.413897954843746,0.11267405000332717,isaías fretes | ministerio,isaías fretes,ministerio,
15330,ABC Color,PGN 2027: Salud tendrá más recursos pese a limitada ejecución 2026 - Economía - ABC Color,2026-09-20 21:00:00-03:00,15257,Amambay News,Fretes anuncia visitas sorpresa a hospitales públicos de todo el país - Amambay News,2026-09-20 21:00:00-03:00,0.7932,0,12,9,1,1,1,0,0,0.047619047619047616,0.05,4.3603753871419,0.043179145083587465,isaías fretes,isaías fretes,,
14836,ABC Color,Los hutíes dicen haber atacado “sitios sensibles” en la capital de Arabia Saudita - Mundo - ABC Color,2026-09-20 21:00:00-03:00,14983,Diario Paraguayo Noticias,Ataques hutíes contra Arabia Saudí propician “escalada peligrosa” | Diario Paraguayo,2026-09-20 21:00:00-03:00,0.9053,2,14,11,6,6,0,1,5,0.2857142857142857,0.3157894736842105,28.416275849231017,0.2880514422038819,arabia saudí | aramco | irán | riad | yanbu | yemen,,aramco,arabia saudí | irán | riad | yanbu | yemen
14836,ABC Color,Los hutíes dicen haber atacado “sitios sensibles” en la capital de Arabia Saudita - Mundo - ABC Color,2026-09-20 21:00:00-03:00,15376,Megacadena,El Gobierno yemení frena el avance hutí en Taiz y Marib,2026-09-20 21:00:00-03:00,0.9024,2,14,9,1,1,0,1,0,0.043478260869565216,0.045454545454545456,4.871201010907891,0.04145118919233958,arabia saudita,,arabia saudita,
14836,ABC Color,Los hutíes dicen haber atacado “sitios sensibles” en la capital de Arabia Saudita - Mundo - ABC Color,2026-09-20 21:00:00-03:00,14868,Última Hora,Ataques hutíes contra Arabia Saudí propician “escalada peligrosa”,2026-09-20 21:00:00-03:00,0.9015,2,14,13,6,6,0,1,5,0.2727272727272727,0.2857142857142857,28.416275849231017,0.2638483887905371,arabia saudí | aramco | irán | riad | yanbu | yemen,,aramco,arabia saudí | irán | riad | yanbu | yemen
14836,ABC Color,Los hutíes dicen haber atacado “sitios sensibles” en la capital de Arabia Saudita - Mundo - ABC Color,2026-09-20 21:00:00-03:00,15278,Red Digital San Pedro,Ataques hutíes contra Arabia Saudí propician “escalada peligrosa” - Red Digital San Pedro,2026-09-20 21:00:00-03:00,0.8945,2,14,10,6,6,0,1,5,0.3,0.3333333333333333,28.416275849231017,0.30660571278268944,arabia saudí | aramco | irán | riad | yanbu | yemen,,aramco,arabia saudí | irán | riad | yanbu | yemen
14836,ABC Color,Los hutíes dicen haber atacado “sitios sensibles” en la capital de Arabia Saudita - Mundo - ABC Color,2026-09-20 21:00:00-03:00,15144,Diario Paraguayo Noticias,Liga Árabe advierte sobre escalada de tensiones | Diario Paraguayo,2026-09-20 21:00:00-03:00,0.8667,1,14,11,6,6,0,1,4,0.3,0.3157894736842105,28.416275849231017,0.28721387222041406,arabia saudí | aramco | irán | riad | yanbu | yemen,,aramco,arabia saudí | riad | yanbu | yemen
15282,ABC Color,Taste Atlas 2026: el vori vori se vuelve a posicionar como el mejor plato del mundo y la mejor sopa - Gastronomía - ABC Color,2026-09-20 21:00:00-03:00,15353,Concepción al Día,El vori vori vuelve a ser reconocido como el mejor plato del mundo - Concepción al Día,2026-09-20 21:00:00-03:00,0.9751,2,3,2,1,1,0,1,0,0.2,0.25,4.871201010907891,0.2541090975426372,tasteatlas,,tasteatlas,
15282,ABC Color,Taste Atlas 2026: el vori vori se vuelve a posicionar como el mejor plato del mundo y la mejor sopa - Gastronomía - ABC Color,2026-09-20 21:00:00-03:00,15136,Megacadena,El vorí vorí vuelve a ser elegido como la mejor sopa del mundo,2026-09-20 21:00:00-03:00,0.9473,2,3,4,1,1,0,1,0,0.14285714285714285,0.16666666666666666,4.871201010907891,0.1661528450947196,tasteatlas,,tasteatlas,
15282,ABC Color,Taste Atlas 2026: el vori vori se vuelve a posicionar como el mejor plato del mundo y la mejor sopa - Gastronomía - ABC Color,2026-09-20 21:00:00-03:00,15158,Itapúa en Noticias,VORÍ VORÍ VUELVE A CONQUISTAR EL PRIMER LUGAR ENTRE LAS MEJORES SOPAS DEL MUNDO,2026-09-20 21:00:00-03:00,0.9379,2,3,3,1,1,0,1,0,0.14285714285714285,0.2,4.871201010907891,0.20262120579505483,tasteatlas,,tasteatlas,
15282,ABC Color,Taste Atlas 2026: el vori vori se vuelve a posicionar como el mejor plato del mundo y la mejor sopa - Gastronomía - ABC Color,2026-09-20 21:00:00-03:00,15202,Resumen de Noticias,El Vorí vorí vuelve a ser número uno entre las sopas del mundo,2026-09-20 21:00:00-03:00,0.9282,2,3,6,1,1,0,1,0,0.1111111111111111,0.125,4.871201010907891,0.1200865954892181,tasteatlas,,tasteatlas,
15282,ABC Color,Taste Atlas 2026: el vori vori se vuelve a posicionar como el mejor plato del mundo y la mejor sopa - Gastronomía - ABC Color,2026-09-20 21:00:00-03:00,15232,Crónica,Nuestro vori vori sigue mandando en el mundo ??,2026-09-20 21:00:00-03:00,0.9269,2,3,3,0,0,0,0,0,0.0,0.0,0.0,0.0,,,,
15464,ABC Color,Diputados define mañana la prohibición de celulares en todas las instituciones educativas - Política - ABC Color,2026-09-20 21:00:00-03:00,15480,Resumen de Noticias,Celulares en escuelas: Diputados define proyecto mañana,2026-09-20 21:00:00-03:00,0.9626,2,4,5,3,3,0,3,0,0.42857142857142855,0.5,14.882935966507258,0.4595355227954893,"comisión de educación, cultura y culto | cámara de diputados | senado",,"comisión de educación, cultura y culto | cámara de diputados | senado",
15464,ABC Color,Diputados define mañana la prohibición de celulares en todas las instituciones educativas - Política - ABC Color,2026-09-20 21:00:00-03:00,15420,Amambay News,Blanca Ovelar cuestiona las supervisiones pedagógicas y pide asumir la “complejidad” de la crisis educativa - Amambay News,2026-09-20 21:00:00-03:00,0.7837,0,4,2,0,0,0,0,0,0.0,0.0,0.0,0.0,,,,
15464,ABC Color,Diputados define mañana la prohibición de celulares en todas las instituciones educativas - Política - ABC Color,2026-09-20 21:00:00-03:00,15218,Megacadena,El Senado lanza “Mi Senado App” para seguir las sesiones en tiempo real y proyectos de ley en estudio,2026-09-20 21:00:00-03:00,0.7541,0,4,6,1,1,0,1,0,0.1,0.1111111111111111,4.265065207337575,0.08833755854946913,senado,,senado,
15464,ABC Color,Diputados define mañana la prohibición de celulares en todas las instituciones educativas - Política - ABC Color,2026-09-20 21:00:00-03:00,15269,Itapúa en Noticias,«MI SENADO»: AHORA VAS A PODER VER QUÉ HACEN LOS SENADORES EN TIEMPO REAL,2026-09-20 21:00:00-03:00,0.7429,0,4,3,1,1,0,1,0,0.125,0.16666666666666666,4.265065207337575,0.1363150256201081,senado,,senado,
15464,ABC Color,Diputados define mañana la prohibición de celulares en todas las instituciones educativas - Política - ABC Color,2026-09-20 21:00:00-03:00,15190,La Nación,La Nación / Senado lanza app para dar mayor participación ciudadana en la toma de decisiones,2026-09-20 21:00:00-03:00,0.7378,0,4,9,1,1,0,1,0,0.07692307692307693,0.08333333333333333,4.265065207337575,0.06832297947148161,senado,,senado,
15465,ABC Color,Líderes de 22 países e instituciones reclaman supervisión humana para la IA - Tecnología - ABC Color,2026-09-20 21:00:00-03:00,15113,Ñanduti,"La Unión Europea busca no quedarse atrás en inteligencia artificial, pero apuesta por una regulación robusta",2026-09-20 21:00:00-03:00,0.8587,1,29,19,2,2,0,2,0,0.0425531914893617,0.043478260869565216,8.201956980868633,0.031114542454114002,estados | gobierno,,estados | gobierno,
15465,ABC Color,Líderes de 22 países e instituciones reclaman supervisión humana para la IA - Tecnología - ABC Color,2026-09-20 21:00:00-03:00,15568,5Días,"El dilema de la IA ya no es cómo frenarla, sino quién la controla",2026-09-20 21:00:00-03:00,0.8415,1,29,0,0,0,0,0,0,0.0,0.0,0.0,0.0,,,,
15465,ABC Color,Líderes de 22 países e instituciones reclaman supervisión humana para la IA - Tecnología - ABC Color,2026-09-20 21:00:00-03:00,14955,Megacadena,Líderes mundiales se reúnen en Nueva York para la asamblea de la ONU con las guerras e inteligencia artificial en la agenda,2026-09-20 21:00:00-03:00,0.8339,1,29,26,2,2,0,2,0,0.037037037037037035,0.03773584905660377,8.761572768804056,0.029514518623076188,gobierno | onu,,gobierno | onu,
15465,ABC Color,Líderes de 22 países e instituciones reclaman supervisión humana para la IA - Tecnología - ABC Color,2026-09-20 21:00:00-03:00,14770,La Nación,"La Nación / IA, desinfodemia y Sun Tzu",2026-09-19 21:00:00-03:00,0.8289,1,29,9,0,0,0,0,0,0.0,0.0,0.0,0.0,,,,
15465,ABC Color,Líderes de 22 países e instituciones reclaman supervisión humana para la IA - Tecnología - ABC Color,2026-09-20 21:00:00-03:00,14598,5Días,Trump acelera la carrera por la IA y prepara un nuevo “zar”,2026-09-19 21:00:00-03:00,0.8245,1,29,4,0,0,0,0,0,0.0,0.0,0.0,0.0,,,,
15178,Última Hora,Maluma anunció el nacimiento de su segundo bebé,2026-09-20 21:00:00-03:00,14751,Última Hora,Millie Bobby Brown es madre por segunda vez a través de la adopción,2026-09-19 21:00:00-03:00,0.808,0,11,12,0,0,0,0,0,0.0,0.0,0.0,0.0,,,,
15178,Última Hora,Maluma anunció el nacimiento de su segundo bebé,2026-09-20 21:00:00-03:00,15448,Popular,"Popular / (VIDEO) ¡Fio Migliore contó cómo se llamará su segunda ""bendi""!",2026-09-20 21:00:00-03:00,0.7936,0,11,5,0,0,0,0,0,0.0,0.0,0.0,0.0,,,,
15178,Última Hora,Maluma anunció el nacimiento de su segundo bebé,2026-09-20 21:00:00-03:00,15191,La Nación,La Nación / ¡Marc Anthony hizo esto por su hijo paraguayo y sorprendió en Las Vegas!,2026-09-20 21:00:00-03:00,0.7508,0,11,10,0,0,0,0,0,0.0,0.0,0.0,0.0,,,,
15178,Última Hora,Maluma anunció el nacimiento de su segundo bebé,2026-09-20 21:00:00-03:00,15411,Crónica,Mirá la emotiva carta que el “Kaku” recibió de sus hijos,2026-09-20 21:00:00-03:00,0.7469,0,11,6,0,0,0,0,0,0.0,0.0,0.0,0.0,,,,
15178,Última Hora,Maluma anunció el nacimiento de su segundo bebé,2026-09-20 21:00:00-03:00,15179,Última Hora,Hay dudas de si Lady Gaga estuvo embarazada,2026-09-20 21:00:00-03:00,0.7266,0,11,19,0,0,0,0,0,0.0,0.0,0.0,0.0,,,,
14546,Última Hora,Iván Duque debatirá sobre infraestructura en Paraguay,2026-09-19 21:00:00-03:00,15354,Itapúa en Noticias,"CAMBYRETÁ CRECE, PERO ¿ESTÁ PREPARADO PARA EL SALTO?",2026-09-20 21:00:00-03:00,0.7949,0,10,10,0,0,0,0,0,0.0,0.0,0.0,0.0,,,,
14546,Última Hora,Iván Duque debatirá sobre infraestructura en Paraguay,2026-09-19 21:00:00-03:00,15543,ABC Color,Peña se reúne en Nueva York con empresarios que pretenden “transformar” la Costanera Norte - Política - ABC Color,2026-09-20 21:00:00-03:00,0.7922,0,10,21,2,2,0,1,1,0.06666666666666667,0.06896551724137931,6.026123593513731,0.039884768117235424,estado | paraguay,,estado,paraguay
14546,Última Hora,Iván Duque debatirá sobre infraestructura en Paraguay,2026-09-19 21:00:00-03:00,14603,El Independiente,Paraguay se encuentra en un punto de inflexión histórica,2026-09-19 21:00:00-03:00,0.784,0,10,12,2,2,0,1,1,0.1,0.1,6.026123593513731,0.055833730847508645,estado | paraguay,,estado,paraguay
14546,Última Hora,Iván Duque debatirá sobre infraestructura en Paraguay,2026-09-19 21:00:00-03:00,14920,El Independiente,Peña tiene ocho encuentros económicos antes del debate de Naciones Unidas,2026-09-20 21:00:00-03:00,0.7823,0,10,12,1,1,0,0,1,0.047619047619047616,0.047619047619047616,2.358895386931776,0.022359308173733994,paraguay,,,paraguay
14546,Última Hora,Iván Duque debatirá sobre infraestructura en Paraguay,2026-09-19 21:00:00-03:00,15444,Megacadena,Santiago Peña se reúne con empresarios para impulsar proyecto en la Costanera Norte,2026-09-20 21:00:00-03:00,0.7819,0,10,10,1,1,0,0,1,0.05263157894736842,0.05263157894736842,2.358895386931776,0.025046645621082764,paraguay,,,paraguay
15288,Última Hora,Día de la Juventud: ¿Cuándo Paraguay dejará de tener una mayoría de población joven?,2026-09-20 21:00:00-03:00,15513,Diario Paraguayo Noticias,Bono demográfico de Paraguay: oportunidades hasta 2050 | Diario Paraguayo,2026-09-20 21:00:00-03:00,0.9628,2,6,6,6,6,2,3,1,1.0,1.0,26.524382117473095,1.0,ine | instituto nacional de estadística | iván ojeda | monumental 1080 am | ojeda | paraguay,iván ojeda | ojeda,ine | instituto nacional de estadística | monumental 1080 am,paraguay
15288,Última Hora,Día de la Juventud: ¿Cuándo Paraguay dejará de tener una mayoría de población joven?,2026-09-20 21:00:00-03:00,15110,Ñanduti,"«Paraguay está en su mejor momento demográfico», afirma el director del INE en el Día de la Juventud y la Primavera",2026-09-20 21:00:00-03:00,0.9509,2,6,7,5,5,2,2,1,0.625,0.625,20.96003392600526,0.5609477198085566,ine | instituto nacional de estadística | iván ojeda | ojeda | paraguay,iván ojeda | ojeda,ine | instituto nacional de estadística,paraguay
15288,Última Hora,Día de la Juventud: ¿Cuándo Paraguay dejará de tener una mayoría de población joven?,2026-09-20 21:00:00-03:00,15213,adn,"Demográficamente, nuestro país pasa por su mejor momento, porque la mayoría de la población es joven - ADN Digital",2026-09-20 21:00:00-03:00,0.9427,2,6,6,5,5,2,2,1,0.7142857142857143,0.7142857142857143,20.96003392600526,0.6590988375645839,ine | instituto nacional de estadística | iván ojeda | ojeda | paraguay,iván ojeda | ojeda,ine | instituto nacional de estadística,paraguay
15288,Última Hora,Día de la Juventud: ¿Cuándo Paraguay dejará de tener una mayoría de población joven?,2026-09-20 21:00:00-03:00,15545,ABC Color,"Paraguay atraviesa su mejor momento demográfico, según el INE - Nacionales - ABC Color",2026-09-20 21:00:00-03:00,0.9247,2,6,9,5,5,2,2,1,0.5,0.5,20.96003392600526,0.4559223167551663,ine | instituto nacional de estadística | iván ojeda | ojeda | paraguay,iván ojeda | ojeda,ine | instituto nacional de estadística,paraguay
15288,Última Hora,Día de la Juventud: ¿Cuándo Paraguay dejará de tener una mayoría de población joven?,2026-09-20 21:00:00-03:00,15445,Megacadena,"Paraguay atraviesa su mejor momento demográfico, según el INE",2026-09-20 21:00:00-03:00,0.9205,2,6,5,5,5,2,2,1,0.8333333333333334,0.8333333333333334,20.96003392600526,0.7902176131069124,ine | instituto nacional de estadística | iván ojeda | ojeda | paraguay,iván ojeda | ojeda,ine | instituto nacional de estadística,paraguay
14884,Última Hora,"Muere a los 27 años el modelo Presley Gerber, hijo de Cindy Crawford",2026-09-20 21:00:00-03:00,14847,ABC Color,"Murió Presley Gerber, hijo de la modelo estadounidense Cindy Crawford - Gente - ABC Color",2026-09-20 21:00:00-03:00,0.9163,2,16,27,8,8,4,2,2,0.2222222222222222,0.22857142857142856,41.53147577818726,0.21441378806027794,california | cindy crawford | cnn | kaia gerber | los ángeles | presley gerber | rande gerber | tmz,cindy crawford | kaia gerber | presley gerber | rande gerber,cnn | tmz,california | los ángeles
14884,Última Hora,"Muere a los 27 años el modelo Presley Gerber, hijo de Cindy Crawford",2026-09-20 21:00:00-03:00,15476,La Nación,La Nación / Presley Gerber y el llamado Club de los 27: cuando la fama no alcanza para ocultar el dolor,2026-09-20 21:00:00-03:00,0.8642,1,16,16,3,3,2,0,1,0.1,0.10344827586206896,14.508242517065845,0.09542005824998404,kaia gerber | los ángeles | presley gerber,kaia gerber | presley gerber,,los ángeles
14884,Última Hora,"Muere a los 27 años el modelo Presley Gerber, hijo de Cindy Crawford",2026-09-20 21:00:00-03:00,15499,La Nación,La Nación / Más allá del Club de los 27: la historia de Presley Gerber,2026-09-20 21:00:00-03:00,0.8637,1,16,15,3,3,2,0,1,0.10344827586206896,0.10714285714285714,14.508242517065845,0.09959611532181326,cindy crawford | kaia gerber | los ángeles,cindy crawford | kaia gerber,,los ángeles
14884,Última Hora,"Muere a los 27 años el modelo Presley Gerber, hijo de Cindy Crawford",2026-09-20 21:00:00-03:00,15518,Diario Paraguayo Noticias,Más allá del Club de los 27: la historia de Presley Gerber | Diario Paraguayo,2026-09-20 21:00:00-03:00,0.8569,1,16,16,4,4,3,0,1,0.13793103448275862,0.14285714285714285,19.561765084767693,0.13428751339033745,cindy crawford | kaia gerber | los ángeles | presley gerber,cindy crawford | kaia gerber | presley gerber,,los ángeles
14884,Última Hora,"Muere a los 27 años el modelo Presley Gerber, hijo de Cindy Crawford",2026-09-20 21:00:00-03:00,15561,Última Hora,"Lady Gaga recurrió a la gestación subrogada, según todos los indicios",2026-09-20 21:00:00-03:00,0.7148,0,16,12,2,2,0,1,1,0.07692307692307693,0.07692307692307693,9.860185057472165,0.07065620636985025,los ángeles | tmz,,tmz,los ángeles
14857,Última Hora,"La primavera es recibida con calor, lluvias y un posterior descenso",2026-09-20 21:00:00-03:00,15145,Diario Paraguayo Noticias,"Primavera con calor, lluvia y descenso de temperaturas | Diario Paraguayo",2026-09-20 21:00:00-03:00,0.9618,2,10,4,2,2,1,1,0,0.15384615384615385,0.16666666666666666,9.742402021815781,0.17718557598593826,aracely fernández | dirección de meteorología,aracely fernández,dirección de meteorología,
14857,Última Hora,"La primavera es recibida con calor, lluvias y un posterior descenso",2026-09-20 21:00:00-03:00,14984,Diario Paraguayo Noticias,"La primavera es recibida con calor, lluvias y un posterior descenso | Diario Paraguayo",2026-09-20 21:00:00-03:00,0.9538,2,10,4,2,2,1,1,0,0.16666666666666666,0.16666666666666666,9.742402021815781,0.17718557598593826,aracely fernández | dirección de meteorología,aracely fernández,dirección de meteorología,
14857,Última Hora,"La primavera es recibida con calor, lluvias y un posterior descenso",2026-09-20 21:00:00-03:00,14998,Diario Paraguayo Noticias,Primavera inicia con clima cálido y lluvias | Diario Paraguayo,2026-09-20 21:00:00-03:00,0.9325,2,10,4,0,0,0,0,0,0.0,0.0,0.0,0.0,,,,
14857,Última Hora,"La primavera es recibida con calor, lluvias y un posterior descenso",2026-09-20 21:00:00-03:00,15058,Amambay Ahora,"La primavera es recibida con calor, lluvias y un posterior descenso",2026-09-20 21:00:00-03:00,0.9289,2,10,3,3,3,2,1,0,0.3,0.3,15.306750213283618,0.3278931360948089,aracely fernández | dirección de meteorología | rodrigo villamayor,aracely fernández | rodrigo villamayor,dirección de meteorología,
14857,Última Hora,"La primavera es recibida con calor, lluvias y un posterior descenso",2026-09-20 21:00:00-03:00,14900,La Nación,La Nación / La primavera arranca con ambiente cálido a caluroso y lluvias,2026-09-20 21:00:00-03:00,0.9253,2,10,5,0,0,0,0,0,0.0,0.0,0.0,0.0,,,,
15175,Última Hora,Orquesta de Cateura participa en dos actividades con proyectos independientes,2026-09-20 21:00:00-03:00,15264,Oviedo Press,"Juventud ovetense tendrá teatro, formación y actividades comunitarias durante septiembre - OviedoPress",2026-09-20 21:00:00-03:00,0.7351,0,12,12,0,0,0,0,0,0.0,0.0,0.0,0.0,,,,
15175,Última Hora,Orquesta de Cateura participa en dos actividades con proyectos independientes,2026-09-20 21:00:00-03:00,15176,Última Hora,Concierto de primavera en el Teatro Municipal,2026-09-20 21:00:00-03:00,0.7246,0,12,33,0,0,0,0,0,0.0,0.0,0.0,0.0,,,,
15175,Última Hora,Orquesta de Cateura participa en dos actividades con proyectos independientes,2026-09-20 21:00:00-03:00,15070,Caazapa Ahora,Pilar reunió a jóvenes artistas en la XXXII edición del Festival del País,2026-09-20 21:00:00-03:00,0.7232,0,12,24,1,1,0,0,1,0.02857142857142857,0.02857142857142857,4.178053830347945,0.02157935808338409,central,,,central
15175,Última Hora,Orquesta de Cateura participa en dos actividades con proyectos independientes,2026-09-20 21:00:00-03:00,15392,Diario Paraguayo Noticias,Festival de la Juventud en Ciudad del Este - 27 de sept | Diario Paraguayo,2026-09-20 21:00:00-03:00,0.7198,0,12,11,0,0,0,0,0,0.0,0.0,0.0,0.0,,,,
15175,Última Hora,Orquesta de Cateura participa en dos actividades con proyectos independientes,2026-09-20 21:00:00-03:00,14769,La Nación,"La Nación / Parque Caballero, el revivir de un pulmón histórico de Asunción",2026-09-19 21:00:00-03:00,0.7157,0,12,8,0,0,0,0,0,0.0,0.0,0.0,0.0,,,,
14560,Última Hora,Baila 2026: Una pareja eliminada y puro rock and roll,2026-09-19 21:00:00-03:00,15207,Resumen de Noticias,Rock en Py Fest 2026 confirma su quinta edición,2026-09-20 21:00:00-03:00,0.733,0,31,15,0,0,0,0,0,0.0,0.0,0.0,0.0,,,,
14560,Última Hora,Baila 2026: Una pareja eliminada y puro rock and roll,2026-09-19 21:00:00-03:00,15238,Crónica,[VIDEO] ¿Ya viste cómo le quedaron los cuadraditos a la maína? ??,2026-09-20 21:00:00-03:00,0.723,0,31,2,0,0,0,0,0,0.0,0.0,0.0,0.0,,,,
14560,Última Hora,Baila 2026: Una pareja eliminada y puro rock and roll,2026-09-19 21:00:00-03:00,14643,Diario Paraguayo Noticias,Dionisio Amarilla reivindica la unidad opositora y el cumplimiento de los acuerdos | Diario Paraguayo,2026-09-19 21:00:00-03:00,0.7208,0,31,26,1,1,0,0,0,0.017543859649122806,0.017857142857142856,5.276666119016055,0.017068369310531108,en,,,
14560,Última Hora,Baila 2026: Una pareja eliminada y puro rock and roll,2026-09-19 21:00:00-03:00,15015,Crónica,"“Vamos con todo”, he’í Aliseda",2026-09-20 21:00:00-03:00,0.719,0,31,9,0,0,0,0,0,0.0,0.0,0.0,0.0,,,,
14560,Última Hora,Baila 2026: Una pareja eliminada y puro rock and roll,2026-09-19 21:00:00-03:00,14661,Diario Paraguayo Noticias,Amarilla reivindica unidad opositora y cumplimiento de acuerdos | Diario Paraguayo,2026-09-19 21:00:00-03:00,0.7156,0,31,22,0,0,0,0,0,0.0,0.0,0.0,0.0,,,,
14678,Última Hora,Trump dice que los hutíes de Yemen aceptaron no luchar contra EEUU,2026-09-19 21:00:00-03:00,14696,Diario Paraguayo Noticias,Trump dice que los hutíes de Yemen aceptaron no luchar contra EEUU | Diario Paraguayo,2026-09-19 21:00:00-03:00,0.9875,2,10,12,8,8,2,3,3,0.5333333333333333,0.5714285714285714,39.209088057897034,0.5519376257328471,arabia saudita | eeuu | estados unidos | fox news | irlanda | trump | yemen | yingst,trump | yingst,eeuu | estados unidos | fox news,arabia saudita | irlanda | yemen
14678,Última Hora,Trump dice que los hutíes de Yemen aceptaron no luchar contra EEUU,2026-09-19 21:00:00-03:00,14736,Diario Paraguayo Noticias,Trump afirma acuerdo con hutíes de Yemen | Diario Paraguayo,2026-09-19 21:00:00-03:00,0.9625,2,10,12,7,7,2,2,3,0.4375,0.4666666666666667,33.64473986642919,0.4500516667459938,arabia saudita | estados unidos | fox news | irlanda | trump | yemen | yingst,trump | yingst,estados unidos | fox news,arabia saudita | irlanda | yemen
14678,Última Hora,Trump dice que los hutíes de Yemen aceptaron no luchar contra EEUU,2026-09-19 21:00:00-03:00,15376,Megacadena,El Gobierno yemení frena el avance hutí en Taiz y Marib,2026-09-20 21:00:00-03:00,0.8618,1,10,9,1,1,0,0,0,0.05555555555555555,0.05555555555555555,4.871201010907891,0.05088523333274963,arabia saudita,,,
14678,Última Hora,Trump dice que los hutíes de Yemen aceptaron no luchar contra EEUU,2026-09-19 21:00:00-03:00,14836,ABC Color,Los hutíes dicen haber atacado “sitios sensibles” en la capital de Arabia Saudita - Mundo - ABC Color,2026-09-20 21:00:00-03:00,0.8428,1,10,14,4,4,0,2,2,0.19047619047619047,0.2,18.443350168803402,0.17690585009060825,afp | arabia saudita | estados unidos | yemen,,afp | estados unidos,arabia saudita | yemen
14678,Última Hora,Trump dice que los hutíes de Yemen aceptaron no luchar contra EEUU,2026-09-19 21:00:00-03:00,14983,Diario Paraguayo Noticias,Ataques hutíes contra Arabia Saudí propician “escalada peligrosa” | Diario Paraguayo,2026-09-20 21:00:00-03:00,0.822,1,10,11,1,1,0,0,1,0.047619047619047616,0.05,4.465735902799727,0.04429715470140633,yemen,,,yemen
15554,Última Hora,Advierten que venta de inmuebles no puede financiar fondo de salud de IPS,2026-09-20 21:00:00-03:00,14830,ABC Color,Jubilados advierten que la ley de emergencia del IPS podría volver a beneficiar a los “amigos” de Peña - Política - ABC Color,2026-09-20 21:00:00-03:00,0.8256,0,10,10,3,3,1,2,0,0.16666666666666666,0.17647058823529413,14.32592096027189,0.15780494571029904,gustavo canatta | instituto de previsión social | ips,gustavo canatta,instituto de previsión social | ips,
15554,Última Hora,Advierten que venta de inmuebles no puede financiar fondo de salud de IPS,2026-09-20 21:00:00-03:00,15372,adn,Comisión investigará deudas y pagos selectivos en IPS y Salud - ADN Digital,2026-09-20 21:00:00-03:00,0.7669,0,10,23,3,3,1,2,0,0.1,0.1,14.32592096027189,0.0881156517644851,derlis león | instituto de previsión social | ips,derlis león,instituto de previsión social | ips,
15554,Última Hora,Advierten que venta de inmuebles no puede financiar fondo de salud de IPS,2026-09-20 21:00:00-03:00,14907,5Días,Top Convocantes con Mayor Monto Adjudicado – Semana del 14 al 20 de septiembre de 2026,2026-09-20 21:00:00-03:00,0.7416,0,10,3,2,2,0,2,0,0.18181818181818182,0.18181818181818182,8.761572768804054,0.1475599083086109,instituto de previsión social | ips,,instituto de previsión social | ips,
15554,Última Hora,Advierten que venta de inmuebles no puede financiar fondo de salud de IPS,2026-09-20 21:00:00-03:00,15294,La Nación,"La Nación / Senabico subastará inmuebles, vehículos y maquinaria pesada el 24 de septiembre",2026-09-20 21:00:00-03:00,0.7117,0,10,16,0,0,0,0,0,0.0,0.0,0.0,0.0,,,,
15554,Última Hora,Advierten que venta de inmuebles no puede financiar fondo de salud de IPS,2026-09-20 21:00:00-03:00,15330,ABC Color,PGN 2027: Salud tendrá más recursos pese a limitada ejecución 2026 - Economía - ABC Color,2026-09-20 21:00:00-03:00,0.7093,0,10,12,0,0,0,0,0,0.0,0.0,0.0,0.0,,,,
14667,Última Hora,"Dirigentes admiten preferencias, pero relativizan interna por vice",2026-09-19 21:00:00-03:00,14896,La Nación,La Nación / Baruja ratifica la potestad de Alliana para la elección de su dupla tras las municipales,2026-09-20 21:00:00-03:00,0.9144,2,12,17,6,6,5,0,0,0.25,0.2608695652173913,25.524675993446767,0.2358957879002835,alliana | césar sosa | honor colorado | juan carlos baruja | pedro alliana | raúl latorre,alliana | césar sosa | juan carlos baruja | pedro alliana | raúl latorre,,
14667,Última Hora,"Dirigentes admiten preferencias, pero relativizan interna por vice",2026-09-19 21:00:00-03:00,15116,ABC Color,"Crisis en Honor Colorado: “Lo que se ve no se pregunta”, dice Beto Ovelar - Nacionales - ABC Color",2026-09-20 21:00:00-03:00,0.9109,2,12,16,3,3,2,0,0,0.11538461538461539,0.12,12.182185067886659,0.10059140653471195,honor colorado | juan carlos baruja | pedro alliana,juan carlos baruja | pedro alliana,,
14667,Última Hora,"Dirigentes admiten preferencias, pero relativizan interna por vice",2026-09-19 21:00:00-03:00,15205,Resumen de Noticias,Alliana asume el gobierno ante fractura interna en HC,2026-09-20 21:00:00-03:00,0.9099,1,12,20,4,4,3,0,0,0.14285714285714285,0.14285714285714285,16.005417522945194,0.12162581870315255,alliana | césar sosa | honor colorado | pedro alliana,alliana | césar sosa | pedro alliana,,
14667,Última Hora,"Dirigentes admiten preferencias, pero relativizan interna por vice",2026-09-19 21:00:00-03:00,15281,ABC Color,"Crisis en Honor Colorado: “Lo que se ve no se pregunta”, dice Beto Ovelar - Política - ABC Color",2026-09-20 21:00:00-03:00,0.9089,2,12,16,3,3,2,0,0,0.11538461538461539,0.12,12.182185067886659,0.10005716478274888,honor colorado | juan carlos baruja | pedro alliana,juan carlos baruja | pedro alliana,,
14667,Última Hora,"Dirigentes admiten preferencias, pero relativizan interna por vice",2026-09-19 21:00:00-03:00,14988,Diario Paraguayo Noticias,Baruja ratifica la potestad de Alliana para la elección de su dupla tras las municipales | Diario Paraguayo,2026-09-20 21:00:00-03:00,0.9074,2,12,17,6,6,5,0,0,0.25,0.2608695652173913,25.524675993446767,0.2390486547914565,alliana | césar sosa | honor colorado | juan carlos baruja | pedro alliana | raúl latorre,alliana | césar sosa | juan carlos baruja | pedro alliana | raúl latorre,,
14886,Última Hora,"Latele cumple 18 años de historia, renovando y estrenando casa",2026-09-20 21:00:00-03:00,15389,Diario Paraguayo Noticias,Latele cumple 18 años con nueva sede y tecnología | Diario Paraguayo,2026-09-20 21:00:00-03:00,0.9737,2,11,17,9,9,7,2,0,0.47368421052631576,0.47368421052631576,49.791451650758745,0.46232550721235766,césar trinidad | dani vuyk | latele | lorena azucas | maría liz | mathías benítez | pelusa rubin | rossana barrios | úh,césar trinidad | dani vuyk | lorena azucas | maría liz | mathías benítez | pelusa rubin | rossana barrios,latele | úh,
14886,Última Hora,"Latele cumple 18 años de historia, renovando y estrenando casa",2026-09-20 21:00:00-03:00,14561,Última Hora,"Telefuturo: Vive la Vida celebra 23 años, TF Stream 2 y estrena Calle 7: Al Límite",2026-09-19 21:00:00-03:00,0.8154,0,11,11,1,1,0,1,0,0.045454545454545456,0.047619047619047616,5.276666119016055,0.04389437248078867,úh,,úh,
14886,Última Hora,"Latele cumple 18 años de historia, renovando y estrenando casa",2026-09-20 21:00:00-03:00,15402,Extra,¡Sanie y Rubén celebran los 23 años con Vive la Vida!,2026-09-20 21:00:00-03:00,0.7843,0,11,14,0,0,0,0,0,0.0,0.0,0.0,0.0,,,,
14886,Última Hora,"Latele cumple 18 años de historia, renovando y estrenando casa",2026-09-20 21:00:00-03:00,14885,Última Hora,2007 Oniria celebra su primer galardón,2026-09-20 21:00:00-03:00,0.7608,0,11,11,0,0,0,0,0,0.0,0.0,0.0,0.0,,,,
14886,Última Hora,"Latele cumple 18 años de historia, renovando y estrenando casa",2026-09-20 21:00:00-03:00,15404,Extra,Kiara Coronel festeja los 2 años de TF Stream: “Somos los únicos con conductores preparados”,2026-09-20 21:00:00-03:00,0.7317,0,11,7,0,0,0,0,0,0.0,0.0,0.0,0.0,,,,
15560,Última Hora,"Biblioteca Nacional: 139 años de memoria, libros y patrimonio",2026-09-20 21:00:00-03:00,14663,Diario Paraguayo Noticias,Instituciones paraguayas se adecuan a política de acceso a la información del BID | Diario Paraguayo,2026-09-19 21:00:00-03:00,0.7276,0,9,7,1,1,0,0,1,0.0625,0.06666666666666667,2.358895386931776,0.03021766941830849,paraguay,,,paraguay
15560,Última Hora,"Biblioteca Nacional: 139 años de memoria, libros y patrimonio",2026-09-20 21:00:00-03:00,14576,La Nación,La Nación / Proyectos financiados por el BID deberán ajustarse a nuevas reglas de acceso a la información,2026-09-19 21:00:00-03:00,0.7164,0,9,7,1,1,0,0,1,0.06666666666666667,0.06666666666666667,2.358895386931776,0.029632915849819853,paraguay,,,paraguay
15560,Última Hora,"Biblioteca Nacional: 139 años de memoria, libros y patrimonio",2026-09-20 21:00:00-03:00,14645,Diario Paraguayo Noticias,Proyectos financiados por el BID deberán ajustarse a nuevas reglas de acceso a la información | Diario Paraguayo,2026-09-19 21:00:00-03:00,0.7134,0,9,7,1,1,0,0,1,0.0625,0.06666666666666667,2.358895386931776,0.03021766941830849,paraguay,,,paraguay
15560,Última Hora,"Biblioteca Nacional: 139 años de memoria, libros y patrimonio",2026-09-20 21:00:00-03:00,15175,Última Hora,Orquesta de Cateura participa en dos actividades con proyectos independientes,2026-09-20 21:00:00-03:00,0.7028,0,9,12,0,0,0,0,0,0.0,0.0,0.0,0.0,,,,
15560,Última Hora,"Biblioteca Nacional: 139 años de memoria, libros y patrimonio",2026-09-20 21:00:00-03:00,15106,The Asuncion Times,Historic Adoption Records Open Path To Finding Family Origins In Paraguay,2026-09-20 21:00:00-03:00,0.6959,0,9,19,1,1,0,0,1,0.037037037037037035,0.037037037037037035,2.358895386931776,0.015347893531845796,paraguay,,,paraguay
14868,Última Hora,Ataques hutíes contra Arabia Saudí propician “escalada peligrosa”,2026-09-20 21:00:00-03:00,15278,Red Digital San Pedro,Ataques hutíes contra Arabia Saudí propician “escalada peligrosa” - Red Digital San Pedro,2026-09-20 21:00:00-03:00,0.9891,2,13,10,10,10,0,4,8,0.7142857142857143,0.7692307692307693,48.85350967135261,0.7648589010295624,arabia saudí | aramco | irán | liga árabe | mar rojo | oriente medio | ormuz | riad | yanbu | yemen,,aramco | irán | liga árabe | riad,arabia saudí | irán | mar rojo | oriente medio | ormuz | riad | yanbu | yemen
14868,Última Hora,Ataques hutíes contra Arabia Saudí propician “escalada peligrosa”,2026-09-20 21:00:00-03:00,14983,Diario Paraguayo Noticias,Ataques hutíes contra Arabia Saudí propician “escalada peligrosa” | Diario Paraguayo,2026-09-20 21:00:00-03:00,0.9837,2,13,11,10,10,0,4,8,0.6666666666666666,0.7142857142857143,48.85350967135261,0.6994822040553876,arabia saudí | aramco | irán | liga árabe | mar rojo | oriente medio | ormuz | riad | yanbu | yemen,,aramco | irán | liga árabe | riad,arabia saudí | irán | mar rojo | oriente medio | ormuz | riad | yanbu | yemen
14868,Última Hora,Ataques hutíes contra Arabia Saudí propician “escalada peligrosa”,2026-09-20 21:00:00-03:00,15144,Diario Paraguayo Noticias,Liga Árabe advierte sobre escalada de tensiones | Diario Paraguayo,2026-09-20 21:00:00-03:00,0.9585,2,13,11,10,10,0,5,6,0.7142857142857143,0.7142857142857143,49.14119174380439,0.7036012221455821,arabia | arabia saudí | aramco | irán | liga árabe | mar rojo | oriente medio | riad | yanbu | yemen,,arabia | aramco | irán | liga árabe | riad,arabia saudí | mar rojo | oriente medio | riad | yanbu | yemen
14868,Última Hora,Ataques hutíes contra Arabia Saudí propician “escalada peligrosa”,2026-09-20 21:00:00-03:00,14836,ABC Color,Los hutíes dicen haber atacado “sitios sensibles” en la capital de Arabia Saudita - Mundo - ABC Color,2026-09-20 21:00:00-03:00,0.9015,2,13,14,6,6,0,1,5,0.2727272727272727,0.2857142857142857,28.416275849231017,0.2638483887905371,arabia saudí | aramco | irán | riad | yanbu | yemen,,aramco,arabia saudí | irán | riad | yanbu | yemen
14868,Última Hora,Ataques hutíes contra Arabia Saudí propician “escalada peligrosa”,2026-09-20 21:00:00-03:00,15376,Megacadena,El Gobierno yemení frena el avance hutí en Taiz y Marib,2026-09-20 21:00:00-03:00,0.8472,1,13,9,1,1,0,1,0,0.047619047619047616,0.047619047619047616,3.4849066497880004,0.03152835170741815,gobierno,,gobierno,
15177,Última Hora,Ñande Impro reúne en Asunción a figuras internacionales del teatro sin guion,2026-09-20 21:00:00-03:00,15290,Última Hora,Sobre una cama de rosas: Teatro total para una nueva generación,2026-09-20 21:00:00-03:00,0.792,0,25,16,1,1,0,0,1,0.025,0.025,2.9017603644423833,0.012896790727235503,asunción,,,asunción
15177,Última Hora,Ñande Impro reúne en Asunción a figuras internacionales del teatro sin guion,2026-09-20 21:00:00-03:00,15109,The Asuncion Times,"Jorge Báez And ""Barrunto"" Take Top Honours At Premios Edda 2026 Theatre Awards",2026-09-20 21:00:00-03:00,0.7795,0,25,15,2,2,0,0,2,0.05263157894736842,0.05263157894736842,5.260655751374159,0.02428849742431141,asunción | paraguay,,,asunción | paraguay
15177,Última Hora,Ñande Impro reúne en Asunción a figuras internacionales del teatro sin guion,2026-09-20 21:00:00-03:00,15070,Caazapa Ahora,Pilar reunió a jóvenes artistas en la XXXII edición del Festival del País,2026-09-20 21:00:00-03:00,0.775,0,25,24,1,1,0,0,1,0.020833333333333332,0.020833333333333332,2.358895386931776,0.008888733343252625,paraguay,,,paraguay
15177,Última Hora,Ñande Impro reúne en Asunción a figuras internacionales del teatro sin guion,2026-09-20 21:00:00-03:00,15512,Diario Paraguayo Noticias,Sobre una cama de rosas: estreno teatral integrador | Diario Paraguayo,2026-09-20 21:00:00-03:00,0.7639,0,25,11,1,1,0,0,1,0.027777777777777776,0.02857142857142857,2.9017603644423833,0.01511983583872964,asunción,,,asunción
15177,Última Hora,Ñande Impro reúne en Asunción a figuras internacionales del teatro sin guion,2026-09-20 21:00:00-03:00,15392,Diario Paraguayo Noticias,Festival de la Juventud en Ciudad del Este - 27 de sept | Diario Paraguayo,2026-09-20 21:00:00-03:00,0.7553,0,25,11,0,0,0,0,0,0.0,0.0,0.0,0.0,,,,
14856,Última Hora,Alliana asume mando en ausencia de Peña y en plena crisis en HC,2026-09-20 21:00:00-03:00,15205,Resumen de Noticias,Alliana asume el gobierno ante fractura interna en HC,2026-09-20 21:00:00-03:00,0.9717,2,20,20,15,15,10,4,1,0.6,0.6,62.6999227313504,0.5477064211097294,alliana | cartes | cio cartes | consejo de gobernadores | césar sosa | delcy rodríguez | ejecutivo | honor colorado | hora | horacio cartes | partido colorado | pedro alliana | peña | santiago peña | venezuela,alliana | cartes | cio cartes | césar sosa | delcy rodríguez | hora | horacio cartes | pedro alliana | peña | santiago peña,consejo de gobernadores | ejecutivo | honor colorado | partido colorado,venezuela
14856,Última Hora,Alliana asume mando en ausencia de Peña y en plena crisis en HC,2026-09-20 21:00:00-03:00,15493,Última Hora,Cartes no se pronuncia y esta semana se podría dar una reunión con Alliana,2026-09-20 21:00:00-03:00,0.9225,2,20,16,11,11,7,1,2,0.4230769230769231,0.44,43.37578404856728,0.3915193028130697,alliana | cartes | delcy rodríguez | ejecutivo | estados unidos | honor colorado | horacio cartes | pedro alliana | peña | santiago peña | venezuela,alliana | cartes | delcy rodríguez | horacio cartes | pedro alliana | peña | santiago peña,ejecutivo,estados unidos | venezuela
14856,Última Hora,Alliana asume mando en ausencia de Peña y en plena crisis en HC,2026-09-20 21:00:00-03:00,14896,La Nación,La Nación / Baruja ratifica la potestad de Alliana para la elección de su dupla tras las municipales,2026-09-20 21:00:00-03:00,0.9132,2,20,17,10,10,8,2,0,0.35714285714285715,0.37037037037037035,41.76428690389275,0.34362651282762424,alliana | cartes | cio cartes | césar sosa | honor colorado | hora | juan carlos baruja | partido colorado | pedro alliana | santiago peña,alliana | cartes | cio cartes | césar sosa | hora | juan carlos baruja | pedro alliana | santiago peña,honor colorado | partido colorado,
14856,Última Hora,Alliana asume mando en ausencia de Peña y en plena crisis en HC,2026-09-20 21:00:00-03:00,15116,ABC Color,"Crisis en Honor Colorado: “Lo que se ve no se pregunta”, dice Beto Ovelar - Nacionales - ABC Color",2026-09-20 21:00:00-03:00,0.9114,2,20,16,7,7,6,1,0,0.23333333333333334,0.2413793103448276,29.21025333869692,0.2185516950767519,cartes | cio cartes | honor colorado | hora | juan carlos baruja | pedro alliana | santiago peña,cartes | cio cartes | hora | juan carlos baruja | pedro alliana | santiago peña,honor colorado,
14856,Última Hora,Alliana asume mando en ausencia de Peña y en plena crisis en HC,2026-09-20 21:00:00-03:00,15162,ABC Color,Bachi Núñez niega crisis en Honor Colorado: “Es una disparidad de opiniones” - Política - ABC Color,2026-09-20 21:00:00-03:00,0.9096,1,20,24,9,9,6,2,1,0.25,0.2571428571428571,38.05053868167591,0.22844408024807866,alliana | cartes | césar sosa | guairá | honor colorado | horacio cartes | juan carlos baruja | partido colorado | pedro alliana,alliana | cartes | césar sosa | horacio cartes | juan carlos baruja | pedro alliana,honor colorado | partido colorado,guairá
14729,La Nación,La Nación / Expo Kambuchi reunirá a artesanos y propuestas culturales en Tobatí,2026-09-19 21:00:00-03:00,14701,Diario Paraguayo Noticias,Expo Kambuchi 2026: artesanía y cultura en Tobatí | Diario Paraguayo,2026-09-19 21:00:00-03:00,0.984,2,9,10,8,8,2,2,4,0.6666666666666666,0.7272727272727273,43.3798055989037,0.7787312123177862,barrio san rafael | cordillera | daniela gonzález | finca aguayo | gobernación de cordillera | graciela acuña | secretaría de turismo | tobatí,daniela gonzález | graciela acuña,gobernación de cordillera | secretaría de turismo,barrio san rafael | cordillera | finca aguayo | tobatí
14729,La Nación,La Nación / Expo Kambuchi reunirá a artesanos y propuestas culturales en Tobatí,2026-09-19 21:00:00-03:00,15394,Diario Paraguayo Noticias,MAG realizará 8 ferias de agricultura familiar | Diario Paraguayo,2026-09-20 21:00:00-03:00,0.7633,0,9,21,0,0,0,0,0,0.0,0.0,0.0,0.0,,,,
14729,La Nación,La Nación / Expo Kambuchi reunirá a artesanos y propuestas culturales en Tobatí,2026-09-19 21:00:00-03:00,15130,Resumen de Noticias,¿Dónde serán las ferias agrícolas esta semana?,2026-09-20 21:00:00-03:00,0.7539,0,9,21,1,1,0,0,1,0.034482758620689655,0.034482758620689655,4.717050331080633,0.03168459740505718,cordillera,,,cordillera
14729,La Nación,La Nación / Expo Kambuchi reunirá a artesanos y propuestas culturales en Tobatí,2026-09-19 21:00:00-03:00,15292,La Nación,La Nación / MAG prevé 8 ferias de la agricultura familiar en la semana de la primavera,2026-09-20 21:00:00-03:00,0.7472,0,9,19,1,1,0,0,1,0.037037037037037035,0.037037037037037035,4.717050331080633,0.034404540751660835,cordillera,,,cordillera
14729,La Nación,La Nación / Expo Kambuchi reunirá a artesanos y propuestas culturales en Tobatí,2026-09-19 21:00:00-03:00,14740,Diario Paraguayo Noticias,XV Feria de Aves de Sudamérica culmina con actividades | Diario Paraguayo,2026-09-19 21:00:00-03:00,0.7436,0,9,11,0,0,0,0,0,0.0,0.0,0.0,0.0,,,,
14657,La Nación,La Nación / IPS Ingavi habilita un consultorio especializado en cirugía vascular,2026-09-19 21:00:00-03:00,14565,La Nación,La Nación / Canindeyú registra cerca de 60.000 atenciones médicas en agosto,2026-09-19 21:00:00-03:00,0.742,0,10,8,0,0,0,0,0,0.0,0.0,0.0,0.0,,,,
14657,La Nación,La Nación / IPS Ingavi habilita un consultorio especializado en cirugía vascular,2026-09-19 21:00:00-03:00,15217,Megacadena,Maratón de Cirugías del IPS Ciudad del Este concluyó con 213 procedimientos a 181 pacientes,2026-09-20 21:00:00-03:00,0.7291,0,10,4,0,0,0,0,0,0.0,0.0,0.0,0.0,,,,
14657,La Nación,La Nación / IPS Ingavi habilita un consultorio especializado en cirugía vascular,2026-09-19 21:00:00-03:00,14646,Diario Paraguayo Noticias,Canindeyú: 60.000 atenciones médicas en agosto | Diario Paraguayo,2026-09-19 21:00:00-03:00,0.7188,0,10,10,0,0,0,0,0,0.0,0.0,0.0,0.0,,,,
14657,La Nación,La Nación / IPS Ingavi habilita un consultorio especializado en cirugía vascular,2026-09-19 21:00:00-03:00,14682,El Independiente,Ministro de salud llevará sus visitas sorpresa a hospitales de todo el país,2026-09-19 21:00:00-03:00,0.6997,0,10,6,0,0,0,0,0,0.0,0.0,0.0,0.0,,,,
14657,La Nación,La Nación / IPS Ingavi habilita un consultorio especializado en cirugía vascular,2026-09-19 21:00:00-03:00,15573,Resumen de Noticias,“No sirve el hecho de ir a marcar y tomar tereré”: Fretes advierte controles estrictos a médicos,2026-09-20 21:00:00-03:00,0.6851,0,10,8,0,0,0,0,0,0.0,0.0,0.0,0.0,,,,
14577,La Nación,La Nación / Dionisio Amarilla reivindica la unidad opositora y el cumplimiento de los acuerdos,2026-09-19 21:00:00-03:00,14643,Diario Paraguayo Noticias,Dionisio Amarilla reivindica la unidad opositora y el cumplimiento de los acuerdos | Diario Paraguayo,2026-09-19 21:00:00-03:00,0.9896,2,23,26,21,21,10,4,7,0.7,0.75,105.05932939844485,0.7265678061469389,aldo lepretti | amarilla | cambyretá | carlos pereira | carnación | claudio chávez | congreso | coronel bogado | di | dionisio amarilla | directorio del partido liberal radical auténtico | diálogo azul | en | encarnación | gloria arregui | itapúa | luis yd | onisio amarilla | paraguay | plra | san juan del paraná,aldo lepretti | amarilla | carlos pereira | claudio chávez | coronel bogado | di | dionisio amarilla | gloria arregui | luis yd | onisio amarilla,congreso | directorio del partido liberal radical auténtico | diálogo azul | plra,cambyretá | carnación | en | encarnación | itapúa | paraguay | san juan del paraná
14577,La Nación,La Nación / Dionisio Amarilla reivindica la unidad opositora y el cumplimiento de los acuerdos,2026-09-19 21:00:00-03:00,14661,Diario Paraguayo Noticias,Amarilla reivindica unidad opositora y cumplimiento de acuerdos | Diario Paraguayo,2026-09-19 21:00:00-03:00,0.9755,2,23,22,18,18,9,4,5,0.6206896551724138,0.6666666666666666,88.65396689649313,0.6486195023093475,aldo lepretti | amarilla | cambyretá | carlos pereira | claudio chávez | congreso | di | dionisio amarilla | directorio del partido liberal radical auténtico | diálogo azul | encarnación | gloria arregui | itapúa | luis yd | onisio amarilla | paraguay | plra | san juan del paraná,aldo lepretti | amarilla | carlos pereira | claudio chávez | di | dionisio amarilla | gloria arregui | luis yd | onisio amarilla,congreso | directorio del partido liberal radical auténtico | diálogo azul | plra,cambyretá | encarnación | itapúa | paraguay | san juan del paraná
14577,La Nación,La Nación / Dionisio Amarilla reivindica la unidad opositora y el cumplimiento de los acuerdos,2026-09-19 21:00:00-03:00,14630,ABC Color,ANR busca unidad en Ayolas y minimiza crisis de la cúpula nacional - Política - ABC Color,2026-09-19 21:00:00-03:00,0.8776,0,23,25,1,1,0,1,0,0.020833333333333332,0.02127659574468085,4.58351893845611,0.018537277347584386,plra,,plra,
14577,La Nación,La Nación / Dionisio Amarilla reivindica la unidad opositora y el cumplimiento de los acuerdos,2026-09-19 21:00:00-03:00,15120,ABC Color,Senador minimiza disputas internas en HC y apunta a los 10 distritos de Misiones - Política - ABC Color,2026-09-20 21:00:00-03:00,0.8675,0,23,19,0,0,0,0,0,0.0,0.0,0.0,0.0,,,,
14577,La Nación,La Nación / Dionisio Amarilla reivindica la unidad opositora y el cumplimiento de los acuerdos,2026-09-19 21:00:00-03:00,15205,Resumen de Noticias,Alliana asume el gobierno ante fractura interna en HC,2026-09-20 21:00:00-03:00,0.8624,0,23,20,0,0,0,0,0,0.0,0.0,0.0,0.0,,,,
14681,La Nación,La Nación / XV Feria de Aves de Sudamérica finaliza hoy con una atractiva agenda para la ciudadanía,2026-09-19 21:00:00-03:00,14703,Diario Paraguayo Noticias,XV Feria de Aves de Sudamérica finaliza hoy con una atractiva agenda para la ciudadanía | Diario Paraguayo,2026-09-19 21:00:00-03:00,0.9941,2,11,14,11,11,0,2,9,0.7333333333333333,0.7857142857142857,53.32601496742222,0.7954565139437799,asunción | centro cultural del puerto de asunción | estación puerto olivares | lagunas saladas del chaco central | mef | mic | paraguay | parque nacional ybycuí | refugio biológico de mbaracayú | reserva natural del bosque mbaracayú | siara,,mef | mic,asunción | centro cultural del puerto de asunción | estación puerto olivares | lagunas saladas del chaco central | paraguay | parque nacional ybycuí | refugio biológico de mbaracayú | reserva natural del bosque mbaracayú | siara
14681,La Nación,La Nación / XV Feria de Aves de Sudamérica finaliza hoy con una atractiva agenda para la ciudadanía,2026-09-19 21:00:00-03:00,14740,Diario Paraguayo Noticias,XV Feria de Aves de Sudamérica culmina con actividades | Diario Paraguayo,2026-09-19 21:00:00-03:00,0.9872,2,11,11,8,8,0,0,8,0.5333333333333333,0.5714285714285714,36.92065246547049,0.5328459382467488,asunción | centro cultural del puerto de asunción | estación puerto olivares | lagunas saladas del chaco central | paraguay | parque nacional ybycuí | refugio biológico de mbaracayú | reserva natural del bosque mbaracayú,,,asunción | centro cultural del puerto de asunción | estación puerto olivares | lagunas saladas del chaco central | paraguay | parque nacional ybycuí | refugio biológico de mbaracayú | reserva natural del bosque mbaracayú
14681,La Nación,La Nación / XV Feria de Aves de Sudamérica finaliza hoy con una atractiva agenda para la ciudadanía,2026-09-19 21:00:00-03:00,14652,Última Hora,Más de 150 gua’a embellecen el cielo en el Departamento Central,2026-09-19 21:00:00-03:00,0.8016,0,11,14,1,1,0,0,1,0.04,0.041666666666666664,2.358895386931776,0.01969930416131145,paraguay,,,paraguay
14681,La Nación,La Nación / XV Feria de Aves de Sudamérica finaliza hoy con una atractiva agenda para la ciudadanía,2026-09-19 21:00:00-03:00,14739,Diario Paraguayo Noticias,Naturaleza y aventura: propuesta de Senatur para jóvenes | Diario Paraguayo,2026-09-19 21:00:00-03:00,0.7945,0,11,13,1,1,0,0,1,0.043478260869565216,0.043478260869565216,2.9017603644423833,0.025452738285389458,asunción,,,asunción
14681,La Nación,La Nación / XV Feria de Aves de Sudamérica finaliza hoy con una atractiva agenda para la ciudadanía,2026-09-19 21:00:00-03:00,14702,Diario Paraguayo Noticias,Naturaleza y aventura: la propuesta de la Senatur para los más jóvenes | Diario Paraguayo,2026-09-19 21:00:00-03:00,0.7866,0,11,18,2,2,0,0,2,0.07142857142857142,0.07407407407407407,5.260655751374159,0.038630071184431035,asunción | paraguay,,,asunción | paraguay
15294,La Nación,"La Nación / Senabico subastará inmuebles, vehículos y maquinaria pesada el 24 de septiembre",2026-09-20 21:00:00-03:00,14939,adn,Subasta pública de bienes incautados se realizará el próximo jueves - ADN Digital,2026-09-20 21:00:00-03:00,0.974,2,16,15,10,10,0,2,8,0.47619047619047616,0.47619047619047616,54.78043569732302,0.47392606286624733,avenida madame lynch | calle punta brava | centro militar naval aeronáutico | lu | mariano roque alonso | pedro juan caballero | que | san pedro del paraná | secretaría nacional de administración de bienes incautados y comisados | senabico,,secretaría nacional de administración de bienes incautados y comisados | senabico,avenida madame lynch | calle punta brava | centro militar naval aeronáutico | lu | mariano roque alonso | pedro juan caballero | que | san pedro del paraná
15294,La Nación,"La Nación / Senabico subastará inmuebles, vehículos y maquinaria pesada el 24 de septiembre",2026-09-20 21:00:00-03:00,14904,5Días,Principales Empresas Adjudicadas en Licitaciones Públicas – Semana del 14 al 20 de septiembre de 2026,2026-09-20 21:00:00-03:00,0.7653,0,16,2,0,0,0,0,0,0.0,0.0,0.0,0.0,,,,
15294,La Nación,"La Nación / Senabico subastará inmuebles, vehículos y maquinaria pesada el 24 de septiembre",2026-09-20 21:00:00-03:00,14906,5Días,Gobernaciones con Adjudicaciones – Semana del 14 al 20 de septiembre de 2026,2026-09-20 21:00:00-03:00,0.7647,0,16,1,0,0,0,0,0,0.0,0.0,0.0,0.0,,,,
15294,La Nación,"La Nación / Senabico subastará inmuebles, vehículos y maquinaria pesada el 24 de septiembre",2026-09-20 21:00:00-03:00,14758,Amambay News,Juez de Capitán Bado enfrenta doble presión: imputación por subasta de bienes de “Cabeza Branca” y polémica por su matrimonio en Brasil - Amambay News,2026-09-19 21:00:00-03:00,0.7411,0,16,23,1,1,0,1,0,0.02631578947368421,0.02631578947368421,5.276666119016055,0.024976858891312882,secretaría nacional de administración de bienes incautados y comisados,,secretaría nacional de administración de bienes incautados y comisados,
15294,La Nación,"La Nación / Senabico subastará inmuebles, vehículos y maquinaria pesada el 24 de septiembre",2026-09-20 21:00:00-03:00,14905,5Días,Municipalidades con Mayor Monto Adjudicado en Paraguay – Semana del 14 al 20 de septiembre de 2026,2026-09-20 21:00:00-03:00,0.7255,0,16,1,0,0,0,0,0,0.0,0.0,0.0,0.0,,,,
15188,La Nación,La Nación / Funcionarios de municipio fernandino denuncian cuatro meses de atraso salarial,2026-09-20 21:00:00-03:00,15339,Última Hora,Personal de blanco se moviliza en Misiones para exigir aumento salarial del 50%,2026-09-20 21:00:00-03:00,0.8257,0,9,8,0,0,0,0,0,0.0,0.0,0.0,0.0,,,,
15188,La Nación,La Nación / Funcionarios de municipio fernandino denuncian cuatro meses de atraso salarial,2026-09-20 21:00:00-03:00,15119,ABC Color,San Ignacio: trabajadores de salud cierran la ruta PY01 y exigen aumento salarial del 50% - Nacionales - ABC Color,2026-09-20 21:00:00-03:00,0.819,0,9,13,0,0,0,0,0,0.0,0.0,0.0,0.0,,,,
15188,La Nación,La Nación / Funcionarios de municipio fernandino denuncian cuatro meses de atraso salarial,2026-09-20 21:00:00-03:00,15135,Megacadena,Ortega cuestiona contrato colectivo firmado por Bello a días de las elecciones,2026-09-20 21:00:00-03:00,0.8131,0,9,8,0,0,0,0,0,0.0,0.0,0.0,0.0,,,,
15188,La Nación,La Nación / Funcionarios de municipio fernandino denuncian cuatro meses de atraso salarial,2026-09-20 21:00:00-03:00,15553,Última Hora,Denuncian agresión a candidato a concejal y piden circuito cerrado,2026-09-20 21:00:00-03:00,0.8129,0,9,10,0,0,0,0,0,0.0,0.0,0.0,0.0,,,,
15188,La Nación,La Nación / Funcionarios de municipio fernandino denuncian cuatro meses de atraso salarial,2026-09-20 21:00:00-03:00,14936,adn,Trabajadores de salud piden 50% de aumento y cifran reclamo en USD 103 millones - ADN Digital,2026-09-20 21:00:00-03:00,0.8069,0,9,6,0,0,0,0,0,0.0,0.0,0.0,0.0,,,,
14656,La Nación,La Nación / Tragedia en Capiatá: discusión vecinal termina con un fallecido y un herido,2026-09-19 21:00:00-03:00,14853,ABC Color,Capiatá: hombre mató a tiros a joven por cruzar su cancha de vóley - Policiales - ABC Color,2026-09-20 21:00:00-03:00,0.9244,2,15,14,4,4,1,1,2,0.14814814814814814,0.16,19.121898549942195,0.14027096975224937,capiatá | divino niño jesús | ministerio público | ulises fabián candia báez,ulises fabián candia báez,ministerio público,capiatá | divino niño jesús
15349,La Nación,La Nación / MOPC solicita despejar franja de dominio ante avance de la obra de duplicación de la ruta PY01,2026-09-20 21:00:00-03:00,15517,Diario Paraguayo Noticias,MOPC solicita despejar franja de ruta PY01 | Diario Paraguayo,2026-09-20 21:00:00-03:00,0.9812,2,18,19,16,16,0,6,10,0.7619047619047619,0.7619047619047619,77.2149297917035,0.730218401495906,alya constructora s.a. | asunción | atro mojones | central | consorcio rutas del mercosur | construpar s.a. | cu | fernando de la mora | ministerio de obras públicas y comunicaciones | mopc | paraguarí | quiindy | san antonio | san lorenzo | tecnoedil s.a. | villa elisa,,alya constructora s.a. | consorcio rutas del mercosur | construpar s.a. | ministerio de obras públicas y comunicaciones | mopc | tecnoedil s.a.,asunción | atro mojones | central | cu | fernando de la mora | paraguarí | quiindy | san antonio | san lorenzo | villa elisa
15349,La Nación,La Nación / MOPC solicita despejar franja de dominio ante avance de la obra de duplicación de la ruta PY01,2026-09-20 21:00:00-03:00,15481,adn,MOPC pide retirar objetos de la franja de la PY01 por obras de duplicación - ADN Digital,2026-09-20 21:00:00-03:00,0.9559,2,18,18,15,15,0,6,9,0.7142857142857143,0.7142857142857143,71.65058160023565,0.6743389555531633,alya constructora s.a. | asunción | central | consorcio rutas del mercosur | construpar s.a. | fernando de la mora | ministerio de obras públicas y comunicaciones | mopc | paraguarí | quiindy | san antonio | san lorenzo | tecnoedil s.a. | villa elisa | ñemby,,alya constructora s.a. | consorcio rutas del mercosur | construpar s.a. | ministerio de obras públicas y comunicaciones | mopc | tecnoedil s.a.,asunción | central | fernando de la mora | paraguarí | quiindy | san antonio | san lorenzo | villa elisa | ñemby
15349,La Nación,La Nación / MOPC solicita despejar franja de dominio ante avance de la obra de duplicación de la ruta PY01,2026-09-20 21:00:00-03:00,15307,Ahora CDE,El asfaltado de la ruta D065 entre San Cristóbal y Juan E. O’Leary avanza tras décadas de reclamos,2026-09-20 21:00:00-03:00,0.8128,0,18,11,2,2,0,2,0,0.07407407407407407,0.07407407407407407,9.924723578609736,0.07072047423771809,ministerio de obras públicas y comunicaciones | mopc,,ministerio de obras públicas y comunicaciones | mopc,
15349,La Nación,La Nación / MOPC solicita despejar franja de dominio ante avance de la obra de duplicación de la ruta PY01,2026-09-20 21:00:00-03:00,15455,Primera Plana,"Presentan avances del Proyecto de Duplicación de la Ruta PY07, financiado por Itaipú",2026-09-20 21:00:00-03:00,0.8066,0,18,12,0,0,0,0,0,0.0,0.0,0.0,0.0,,,,
15349,La Nación,La Nación / MOPC solicita despejar franja de dominio ante avance de la obra de duplicación de la ruta PY01,2026-09-20 21:00:00-03:00,15211,adn,"Duplicación de la PY07 tendrá cuatro carriles, tres viaductos y costará hasta US$ 100 millones - ADN Digital",2026-09-20 21:00:00-03:00,0.8059,0,18,10,0,0,0,0,0,0.0,0.0,0.0,0.0,,,,
14580,La Nación,La Nación / Otra victoria y clasificación,2026-09-19 21:00:00-03:00,14605,Resumen de Noticias,Team Paraguay suma 22 medallas en los Juegos Odesur 2026,2026-09-19 21:00:00-03:00,0.934,1,25,21,12,12,7,4,1,0.34285714285714286,0.35294117647058826,58.94831008033986,0.3239511204016144,argentina | carla león | eduardo delmás | gabriela | gabriela narváez | julieta escobar | kevin amarilla | paloma narváez | paraguay | team paraguay | uruguay | venezuela,carla león | eduardo delmás | gabriela | gabriela narváez | julieta escobar | kevin amarilla | paloma narváez,paraguay | team paraguay | uruguay | venezuela,argentina
14580,La Nación,La Nación / Otra victoria y clasificación,2026-09-19 21:00:00-03:00,15365,Resumen de Noticias,Albirroja Sub 20 avanza de manera invicta a semifinales de los Juegos Odesur,2026-09-20 21:00:00-03:00,0.9182,2,25,19,7,7,1,6,0,0.18421052631578946,0.1891891891891892,29.437088502893044,0.14987881707485268,albirroja | albirroja sub-20 | antolín alcaraz | argentina | paraguay | uruguay | venezuela,antolín alcaraz,albirroja | albirroja sub-20 | argentina | paraguay | uruguay | venezuela,
14580,La Nación,La Nación / Otra victoria y clasificación,2026-09-19 21:00:00-03:00,15231,Crónica,[VÍDEO] Paraguay termina puntero de su grupo en los Odesur,2026-09-20 21:00:00-03:00,0.8765,2,25,13,6,6,0,3,3,0.18181818181818182,0.1875,25.941710553237748,0.15453375306978848,albirroja | argentina | estadio marcelo bielsa | paraguay | rosario | uruguay,,albirroja | paraguay | uruguay,argentina | estadio marcelo bielsa | rosario
14580,La Nación,La Nación / Otra victoria y clasificación,2026-09-19 21:00:00-03:00,15456,Amambay News,Paraguay avanza invicto y espera rival - Amambay News,2026-09-20 21:00:00-03:00,0.8648,2,25,13,5,5,1,3,1,0.14285714285714285,0.15151515151515152,21.252831099123814,0.12182626166241382,albirroja | antolín alcaraz | estadio marcelo bielsa | paraguay | uruguay,antolín alcaraz,albirroja | paraguay | uruguay,estadio marcelo bielsa
14580,La Nación,La Nación / Otra victoria y clasificación,2026-09-19 21:00:00-03:00,15482,adn,Paraguay empata con Uruguay y avanza a semifinales del Odesur como líder de grupo - ADN Digital,2026-09-20 21:00:00-03:00,0.8521,2,25,15,7,7,2,5,0,0.20588235294117646,0.21212121212121213,29.149406430441264,0.16477090053485663,albirroja | antolín alcaraz | argentina | eduardo delmás | paraguay | uruguay | venezuela,antolín alcaraz | eduardo delmás,albirroja | argentina | paraguay | uruguay | venezuela,
14768,La Nación,"La Nación / Neruda y Paraguay: un diálogo entre la poesía, el exilio y la memoria",2026-09-19 21:00:00-03:00,14748,Última Hora,"Patria Querida dice que Peña ""avergüenza"" a Paraguay por encuentro con Delcy Rodríguez",2026-09-19 21:00:00-03:00,0.7424,0,15,15,1,1,0,0,1,0.034482758620689655,0.034482758620689655,2.358895386931776,0.01628719753205359,paraguay,,,paraguay
14768,La Nación,"La Nación / Neruda y Paraguay: un diálogo entre la poesía, el exilio y la memoria",2026-09-19 21:00:00-03:00,14712,Amambay News,Patria Querida sostiene que el encuentro entre Santi y Delcy Rodríguez «avergüenza» al país - Amambay News,2026-09-19 21:00:00-03:00,0.7388,0,15,11,0,0,0,0,0,0.0,0.0,0.0,0.0,,,,
14768,La Nación,"La Nación / Neruda y Paraguay: un diálogo entre la poesía, el exilio y la memoria",2026-09-19 21:00:00-03:00,14923,El Independiente,3×3 lunes 21de septiembre del 2026 por Benjamín Fernández Bogado,2026-09-20 21:00:00-03:00,0.7261,0,15,10,0,0,0,0,0,0.0,0.0,0.0,0.0,,,,
14768,La Nación,"La Nación / Neruda y Paraguay: un diálogo entre la poesía, el exilio y la memoria",2026-09-19 21:00:00-03:00,15355,Itapúa en Noticias,"AGUAS DANZANTES, BUS TURÍSTICO Y LA RECUPERACIÓN DE LA ZONA BAJA: LAS PROPUESTAS DE NOVOSAD",2026-09-20 21:00:00-03:00,0.725,0,15,8,0,0,0,0,0,0.0,0.0,0.0,0.0,,,,
14768,La Nación,"La Nación / Neruda y Paraguay: un diálogo entre la poesía, el exilio y la memoria",2026-09-19 21:00:00-03:00,14590,La Nación,La Nación / Fiestas patrias: distinguida cita en la Embajada de Chile,2026-09-19 21:00:00-03:00,0.7236,0,15,11,3,3,0,0,3,0.13043478260869565,0.13043478260869565,9.844174689830268,0.07706634537495943,asunción | chile | paraguay,,,asunción | chile | paraguay
15498,La Nación,La Nación / ¡No es visita! Paraguaya presume que su novio llega a su casa y hace de todo,2026-09-20 21:00:00-03:00,15325,ABC Color,"Orlando Gill y Meli Ávalos, enamorados en París - Gente - ABC Color",2026-09-20 21:00:00-03:00,0.7472,0,7,12,0,0,0,0,0,0.0,0.0,0.0,0.0,,,,
15498,La Nación,La Nación / ¡No es visita! Paraguaya presume que su novio llega a su casa y hace de todo,2026-09-20 21:00:00-03:00,15449,Popular,Popular / ¡Celebraron su boda de plata!,2026-09-20 21:00:00-03:00,0.7415,0,7,5,0,0,0,0,0,0.0,0.0,0.0,0.0,,,,
15498,La Nación,La Nación / ¡No es visita! Paraguaya presume que su novio llega a su casa y hace de todo,2026-09-20 21:00:00-03:00,14985,Diario Paraguayo Noticias,"Lo que tenés que saber: Iglesia critica omisión, venezolanos contra Peña y visitas sorpresas de Fretes | Diario Paraguayo",2026-09-20 21:00:00-03:00,0.7372,0,7,13,0,0,0,0,0,0.0,0.0,0.0,0.0,,,,
15498,La Nación,La Nación / ¡No es visita! Paraguaya presume que su novio llega a su casa y hace de todo,2026-09-20 21:00:00-03:00,14977,Popular,Popular / Oiko ñemenda guasu de 95 parejas,2026-09-20 21:00:00-03:00,0.7335,0,7,9,0,0,0,0,0,0.0,0.0,0.0,0.0,,,,
15498,La Nación,La Nación / ¡No es visita! Paraguaya presume que su novio llega a su casa y hace de todo,2026-09-20 21:00:00-03:00,14748,Última Hora,"Patria Querida dice que Peña ""avergüenza"" a Paraguay por encuentro con Delcy Rodríguez",2026-09-19 21:00:00-03:00,0.7328,0,7,15,0,0,0,0,0,0.0,0.0,0.0,0.0,,,,
14894,La Nación,La Nación / Un paso más hacia la digitalización: BCP pone en marcha el CDA-d desde este lunes,2026-09-20 21:00:00-03:00,14990,Diario Paraguayo Noticias,Un paso más hacia la digitalización: BCP pone en marcha el CDA-d desde este lunes | Diario Paraguayo,2026-09-20 21:00:00-03:00,0.992,2,4,4,4,4,0,4,0,0.8,1.0,17.964231076836416,1.0,banco central del paraguay | bcp | depo | depositaria de valores,,banco central del paraguay | bcp | depo | depositaria de valores,
14894,La Nación,La Nación / Un paso más hacia la digitalización: BCP pone en marcha el CDA-d desde este lunes,2026-09-20 21:00:00-03:00,15150,Diario Paraguayo Noticias,BCP activa sistema CDA-d para certificados digitales | Diario Paraguayo,2026-09-20 21:00:00-03:00,0.9815,2,4,4,4,4,0,4,0,1.0,1.0,17.964231076836416,1.0,banco central del paraguay | bcp | depo | depositaria de valores,,banco central del paraguay | bcp | depo | depositaria de valores,
14894,La Nación,La Nación / Un paso más hacia la digitalización: BCP pone en marcha el CDA-d desde este lunes,2026-09-20 21:00:00-03:00,15472,Más Encarnación,BCP habilita los Certificados de Depósito de Ahorro 100% digitales,2026-09-20 21:00:00-03:00,0.9799,2,4,5,4,4,0,4,0,0.8,0.8,17.964231076836416,0.7729577272964436,banco central del paraguay | bcp | depo | depositaria de valores,,banco central del paraguay | bcp | depo | depositaria de valores,
14894,La Nación,La Nación / Un paso más hacia la digitalización: BCP pone en marcha el CDA-d desde este lunes,2026-09-20 21:00:00-03:00,15335,Última Hora,Adiós al CDA de papel: Paraguay entra en la era del CDA digital,2026-09-20 21:00:00-03:00,0.9643,2,4,5,4,4,0,4,0,0.8,0.8,17.964231076836416,0.8839304872142983,banco central del paraguay | bcp | depo | depositaria de valores,,banco central del paraguay | bcp | depo | depositaria de valores,
14894,La Nación,La Nación / Un paso más hacia la digitalización: BCP pone en marcha el CDA-d desde este lunes,2026-09-20 21:00:00-03:00,15514,Diario Paraguayo Noticias,CDA digitales: Paraguay moderniza inversiones | Diario Paraguayo,2026-09-20 21:00:00-03:00,0.9436,2,4,6,3,3,0,3,0,0.42857142857142855,0.42857142857142855,13.699165869498842,0.4300167010114114,banco central del paraguay | depo | depositaria de valores,,banco central del paraguay | depo | depositaria de valores,
14670,La Nación,La Nación / Vende sopa paraguaya en Argentina para cumplir su sueño: estudiar en la universidad,2026-09-19 21:00:00-03:00,15226,Extra,Joven salteño vende sopa paraguaya con la receta que le dio su abuela,2026-09-20 21:00:00-03:00,0.8752,2,8,13,4,4,1,1,2,0.2222222222222222,0.23529411764705882,20.871098404751454,0.23274207704994782,argentina | barrio miguel ortiz | brandon | informate salta,brandon,informate salta,argentina | barrio miguel ortiz
14670,La Nación,La Nación / Vende sopa paraguaya en Argentina para cumplir su sueño: estudiar en la universidad,2026-09-19 21:00:00-03:00,15157,San Lorenzo Py,"Don Felipe, el “Rey del bollo” que trabaja desde hace 25 años en las calles de San Lorenzo » San Lorenzo PY",2026-09-20 21:00:00-03:00,0.7402,0,8,16,0,0,0,0,0,0.0,0.0,0.0,0.0,,,,
14670,La Nación,La Nación / Vende sopa paraguaya en Argentina para cumplir su sueño: estudiar en la universidad,2026-09-19 21:00:00-03:00,14827,ABC Color,Estudiar en el país de los títulos falsos: el amargo contraste de ser joven hoy en Paraguay - Nacionales - ABC Color,2026-09-20 21:00:00-03:00,0.7394,0,8,12,0,0,0,0,0,0.0,0.0,0.0,0.0,,,,
14670,La Nación,La Nación / Vende sopa paraguaya en Argentina para cumplir su sueño: estudiar en la universidad,2026-09-19 21:00:00-03:00,14832,ABC Color,Día de la Juventud: un emprendedor que incursiona en la relojería - ABC en el Este - ABC Color,2026-09-20 21:00:00-03:00,0.7336,0,8,2,0,0,0,0,0,0.0,0.0,0.0,0.0,,,,
14670,La Nación,La Nación / Vende sopa paraguaya en Argentina para cumplir su sueño: estudiar en la universidad,2026-09-19 21:00:00-03:00,15232,Crónica,Nuestro vori vori sigue mandando en el mundo ??,2026-09-20 21:00:00-03:00,0.731,0,8,3,0,0,0,0,0,0.0,0.0,0.0,0.0,,,,
15186,La Nación,La Nación / Campaña “Todos con Iván” busca alcanzar meta de G. 1.000 millones para su rehabilitación,2026-09-20 21:00:00-03:00,15400,Diario Paraguayo Noticias,Campaña solidaria para rehabilitación de Iván | Diario Paraguayo,2026-09-20 21:00:00-03:00,0.9704,2,9,7,7,7,3,2,2,0.7777777777777778,0.7777777777777778,35.67944551426764,0.7557025988345637,aldo sosa | avenida sacramento | colegio técnico javier | i | ips | iván | molas lópez,aldo sosa | i | iván,colegio técnico javier | ips,avenida sacramento | molas lópez
15186,La Nación,La Nación / Campaña “Todos con Iván” busca alcanzar meta de G. 1.000 millones para su rehabilitación,2026-09-20 21:00:00-03:00,15414,Crónica,La batalla de Iván recién comienza: buscan G. 1.000 millones para su recuperación,2026-09-20 21:00:00-03:00,0.9582,2,9,6,5,5,2,2,1,0.5,0.5,24.83843120378375,0.4670333547822071,aldo sosa | avenida sacramento | colegio técnico javier | ips | iván,aldo sosa | iván,colegio técnico javier | ips,avenida sacramento
15186,La Nación,La Nación / Campaña “Todos con Iván” busca alcanzar meta de G. 1.000 millones para su rehabilitación,2026-09-20 21:00:00-03:00,15577,Megacadena,Adolescente Iván sale de terapia intensiva tras ser atropellado al salir del colegio,2026-09-20 21:00:00-03:00,0.788,1,9,3,2,2,2,0,0,0.2,0.2,10.107045135403691,0.19462578857673823,aldo sosa | iván,aldo sosa | iván,,
15186,La Nación,La Nación / Campaña “Todos con Iván” busca alcanzar meta de G. 1.000 millones para su rehabilitación,2026-09-20 21:00:00-03:00,14936,adn,Trabajadores de salud piden 50% de aumento y cifran reclamo en USD 103 millones - ADN Digital,2026-09-20 21:00:00-03:00,0.7543,0,9,6,0,0,0,0,0,0.0,0.0,0.0,0.0,,,,
15186,La Nación,La Nación / Campaña “Todos con Iván” busca alcanzar meta de G. 1.000 millones para su rehabilitación,2026-09-20 21:00:00-03:00,14695,Diario Paraguayo Noticias,Caacupé: Valenzuela critica a conductores que provocan accidentes y se dan a la fuga | Diario Paraguayo,2026-09-19 21:00:00-03:00,0.7343,0,9,8,0,0,0,0,0,0.0,0.0,0.0,0.0,,,,
15187,La Nación,"La Nación / En violento asalto domiciliario, gavilla roba más de G. 20 millones en Minga Guazú",2026-09-20 21:00:00-03:00,15370,adn,Asaltantes vestidos de policías irrumpen en una casa y roban G. 20 millones - ADN Digital,2026-09-20 21:00:00-03:00,0.966,2,12,7,4,4,1,0,3,0.25,0.26666666666666666,19.630757956254644,0.25823605786270515,alberto fernández | fracción el trébol | hospital distrital | minga guazú,alberto fernández,,fracción el trébol | hospital distrital | minga guazú
15187,La Nación,"La Nación / En violento asalto domiciliario, gavilla roba más de G. 20 millones en Minga Guazú",2026-09-20 21:00:00-03:00,15174,Última Hora,Gavilla con un falso policía asalta a una familia en Minga Guazú y se lleva millonaria suma,2026-09-20 21:00:00-03:00,0.9644,2,12,12,5,5,1,2,2,0.25,0.2631578947368421,24.016451151380835,0.24248161978463414,alberto fernández | comisaría 8.a | hospital distrital | minga guazú | policía nacional,alberto fernández,comisaría 8.a | policía nacional,hospital distrital | minga guazú
15187,La Nación,"La Nación / En violento asalto domiciliario, gavilla roba más de G. 20 millones en Minga Guazú",2026-09-20 21:00:00-03:00,14967,Megacadena,Asalto tipo comando en Minga Guazú: golpearon a un hombre y se llevaron millonario botín,2026-09-20 21:00:00-03:00,0.9496,2,12,11,4,4,1,1,2,0.2,0.21052631578947367,18.452102959913,0.18906749065399267,alberto fernández | hospital distrital | minga guazú | policía nacional,alberto fernández,policía nacional,hospital distrital | minga guazú
15187,La Nación,"La Nación / En violento asalto domiciliario, gavilla roba más de G. 20 millones en Minga Guazú",2026-09-20 21:00:00-03:00,15027,Ahora CDE,Encapuchados armados asaltan una vivienda y exigen dinero vinculado al accidente aéreo de Prosegur,2026-09-20 21:00:00-03:00,0.9489,2,12,15,3,3,1,1,1,0.12,0.125,13.398580392211151,0.1055540409457018,alberto fernández | minga guazú | policía nacional,alberto fernández,policía nacional,minga guazú
15187,La Nación,"La Nación / En violento asalto domiciliario, gavilla roba más de G. 20 millones en Minga Guazú",2026-09-20 21:00:00-03:00,15081,Itapúa en Noticias,MINGA GUAZÚ: FALSOS POLICÍAS SE LLEVAN G. 15 MILLONES Y R$ 5.000 TRAS VIOLENTO ASALTO,2026-09-20 21:00:00-03:00,0.9401,2,12,9,5,5,1,2,2,0.2777777777777778,0.3125,22.504993647306936,0.2796193549602814,alberto fernández | fiscalía | fracción el trébol | minga guazú | policía nacional,alberto fernández,fiscalía | policía nacional,fracción el trébol | minga guazú
14805,Ñanduti,Bonifacio Ríos: “La política es el cáncer de la academia”,2026-09-19 21:00:00-03:00,15192,HOY,"Diario HOY | “Tenemos Honor Colorado para rato”, predice Bachi",2026-09-20 21:00:00-03:00,0.7544,0,6,19,0,0,0,0,0,0.0,0.0,0.0,0.0,,,,
14805,Ñanduti,Bonifacio Ríos: “La política es el cáncer de la academia”,2026-09-19 21:00:00-03:00,15432,Última Hora,"“Mantenerse en primera división es difícil"", advierte Bachi a Cesarito",2026-09-20 21:00:00-03:00,0.7532,0,6,10,0,0,0,0,0,0.0,0.0,0.0,0.0,,,,
14805,Ñanduti,Bonifacio Ríos: “La política es el cáncer de la academia”,2026-09-19 21:00:00-03:00,15515,Diario Paraguayo Noticias,Figueredo respalda liderazgo de Honor Colorado | Diario Paraguayo,2026-09-20 21:00:00-03:00,0.752,0,6,10,0,0,0,0,0,0.0,0.0,0.0,0.0,,,,
14805,Ñanduti,Bonifacio Ríos: “La política es el cáncer de la academia”,2026-09-19 21:00:00-03:00,15281,ABC Color,"Crisis en Honor Colorado: “Lo que se ve no se pregunta”, dice Beto Ovelar - Política - ABC Color",2026-09-20 21:00:00-03:00,0.7478,0,6,16,0,0,0,0,0,0.0,0.0,0.0,0.0,,,,
14805,Ñanduti,Bonifacio Ríos: “La política es el cáncer de la academia”,2026-09-19 21:00:00-03:00,15116,ABC Color,"Crisis en Honor Colorado: “Lo que se ve no se pregunta”, dice Beto Ovelar - Nacionales - ABC Color",2026-09-20 21:00:00-03:00,0.7458,0,6,16,0,0,0,0,0,0.0,0.0,0.0,0.0,,,,
15374,Ñanduti,Banco Continental integra la emisión y custodia en la nueva era del CDA Digital,2026-09-20 21:00:00-03:00,14723,Ñanduti,"Continental, preparado para liderar la nueva era del CDA Digital en Paraguay",2026-09-19 21:00:00-03:00,0.9718,2,5,5,4,4,0,3,0,0.6666666666666666,0.6666666666666666,19.65882679761082,0.7024136444156055,banco central del paraguay | banco continental | bcp | continental,,banco central del paraguay | banco continental | bcp,
15374,Ñanduti,Banco Continental integra la emisión y custodia en la nueva era del CDA Digital,2026-09-20 21:00:00-03:00,14990,Diario Paraguayo Noticias,Un paso más hacia la digitalización: BCP pone en marcha el CDA-d desde este lunes | Diario Paraguayo,2026-09-20 21:00:00-03:00,0.9393,2,5,4,2,2,0,2,0,0.25,0.2857142857142857,8.53013041467515,0.24328190637524336,banco central del paraguay | bcp,,banco central del paraguay | bcp,
15374,Ñanduti,Banco Continental integra la emisión y custodia en la nueva era del CDA Digital,2026-09-20 21:00:00-03:00,15150,Diario Paraguayo Noticias,BCP activa sistema CDA-d para certificados digitales | Diario Paraguayo,2026-09-20 21:00:00-03:00,0.9348,2,5,4,2,2,0,2,0,0.2857142857142857,0.2857142857142857,8.53013041467515,0.24328190637524336,banco central del paraguay | bcp,,banco central del paraguay | bcp,
15374,Ñanduti,Banco Continental integra la emisión y custodia en la nueva era del CDA Digital,2026-09-20 21:00:00-03:00,14894,La Nación,La Nación / Un paso más hacia la digitalización: BCP pone en marcha el CDA-d desde este lunes,2026-09-20 21:00:00-03:00,0.9323,2,5,4,2,2,0,2,0,0.2857142857142857,0.2857142857142857,8.53013041467515,0.24328190637524336,banco central del paraguay | bcp,,banco central del paraguay | bcp,
15374,Ñanduti,Banco Continental integra la emisión y custodia en la nueva era del CDA Digital,2026-09-20 21:00:00-03:00,15472,Más Encarnación,BCP habilita los Certificados de Depósito de Ahorro 100% digitales,2026-09-20 21:00:00-03:00,0.9297,2,5,5,2,2,0,2,0,0.25,0.25,8.53013041467515,0.21145899443678354,banco central del paraguay | bcp,,banco central del paraguay | bcp,
14747,Ñanduti,Paraguay y Venezuela anuncian una “nueva etapa” y apuntan a restablecer plenamente sus relaciones diplomáticas,2026-09-19 21:00:00-03:00,15072,QAP Chaco News,Paraguay y Venezuela reabren el diálogo - QAP CHACO NEWS,2026-09-20 21:00:00-03:00,0.9546,2,12,16,9,9,6,2,3,0.47368421052631576,0.47368421052631576,37.662517839946815,0.41266235634176496,caracas | delcy rodríguez | fél | ix plasencia | paraguay | peña | rubén ramírez lezcano | santiago peña | venezuela,delcy rodríguez | fél | ix plasencia | peña | rubén ramírez lezcano | santiago peña,paraguay | venezuela,caracas | paraguay | venezuela
14747,Ñanduti,Paraguay y Venezuela anuncian una “nueva etapa” y apuntan a restablecer plenamente sus relaciones diplomáticas,2026-09-19 21:00:00-03:00,15064,Oviedo Press,Peña se reúne con Delcy Rodríguez y abre camino para retomar relaciones con Venezuela - OviedoPress,2026-09-20 21:00:00-03:00,0.9537,2,12,10,8,8,4,3,2,0.5714285714285714,0.5714285714285714,30.43994157187545,0.4976186361300941,caracas | delcy rodríguez | estados | paraguay | peña | rodríguez | santiago peña | venezuela,delcy rodríguez | peña | rodríguez | santiago peña,estados | paraguay | venezuela,caracas | venezuela
14747,Ñanduti,Paraguay y Venezuela anuncian una “nueva etapa” y apuntan a restablecer plenamente sus relaciones diplomáticas,2026-09-19 21:00:00-03:00,14686,El Independiente,Paraguay y Venezuela abren una nueva etapa con foco en comercio y cooperación,2026-09-19 21:00:00-03:00,0.9484,2,12,7,6,6,2,3,3,0.46153846153846156,0.46153846153846156,22.30697746249377,0.405406489828417,caracas | delcy rodríguez | estados | paraguay | santiago peña | venezuela,delcy rodríguez | santiago peña,estados | paraguay | venezuela,caracas | paraguay | venezuela
14747,Ñanduti,Paraguay y Venezuela anuncian una “nueva etapa” y apuntan a restablecer plenamente sus relaciones diplomáticas,2026-09-19 21:00:00-03:00,14668,Última Hora,Peña inicia diálogo con Delcy para reanudar relaciones con Venezuela,2026-09-19 21:00:00-03:00,0.9455,2,12,18,8,8,4,3,3,0.36363636363636365,0.36363636363636365,30.999557359810872,0.29787240779886937,caracas | delcy rodríguez | paraguay | peña | presidencia | rodríguez | santiago peña | venezuela,delcy rodríguez | peña | rodríguez | santiago peña,paraguay | presidencia | venezuela,caracas | paraguay | venezuela
14747,Ñanduti,Paraguay y Venezuela anuncian una “nueva etapa” y apuntan a restablecer plenamente sus relaciones diplomáticas,2026-09-19 21:00:00-03:00,14604,Resumen de Noticias,Santiago Peña y Delcy Rodríguez firman documento para afianzar lazos bilaterales,2026-09-19 21:00:00-03:00,0.936,2,12,14,7,7,4,2,2,0.3684210526315789,0.3684210526315789,25.72289124079482,0.2825186780778351,caracas | delcy rodríguez | paraguay | peña | rodríguez | santiago peña | venezuela,delcy rodríguez | peña | rodríguez | santiago peña,paraguay | venezuela,caracas | venezuela
14722,Ñanduti,Cooperativa Universitaria celebró la juventud con su primer Sunset Experience,2026-09-19 21:00:00-03:00,15102,Más Encarnación,"Color, Baile y Alegría marcaron la celebración de la Juventud y la Primavera en Encarnación",2026-09-20 21:00:00-03:00,0.8316,0,5,6,0,0,0,0,0,0.0,0.0,0.0,0.0,,,,
14722,Ñanduti,Cooperativa Universitaria celebró la juventud con su primer Sunset Experience,2026-09-19 21:00:00-03:00,15152,Diario Paraguayo Noticias,Municipalidad de Asunción invita a jornada para jóvenes | Diario Paraguayo,2026-09-20 21:00:00-03:00,0.8203,0,5,13,0,0,0,0,0,0.0,0.0,0.0,0.0,,,,
14722,Ñanduti,Cooperativa Universitaria celebró la juventud con su primer Sunset Experience,2026-09-19 21:00:00-03:00,15173,ABC Color,Comunidades rurales de Lima se unen mediante el deporte y reclaman un polideportivo - Nacionales - ABC Color,2026-09-20 21:00:00-03:00,0.8091,0,5,7,0,0,0,0,0,0.0,0.0,0.0,0.0,,,,
14722,Ñanduti,Cooperativa Universitaria celebró la juventud con su primer Sunset Experience,2026-09-19 21:00:00-03:00,14895,La Nación,La Nación / La Municipalidad de Asunción invita a una jornada para jóvenes,2026-09-20 21:00:00-03:00,0.8076,0,5,12,0,0,0,0,0,0.0,0.0,0.0,0.0,,,,
14722,Ñanduti,Cooperativa Universitaria celebró la juventud con su primer Sunset Experience,2026-09-19 21:00:00-03:00,15264,Oviedo Press,"Juventud ovetense tendrá teatro, formación y actividades comunitarias durante septiembre - OviedoPress",2026-09-20 21:00:00-03:00,0.8054,0,5,12,0,0,0,0,0,0.0,0.0,0.0,0.0,,,,
15111,Ñanduti,Conductor murió en choque frontal en J. Augusto Saldívar: hallaron botellas con olor a cerveza en su vehículo,2026-09-20 21:00:00-03:00,14934,Resumen de Noticias,Choque frontal en J. Augusto Saldívar deja un fallecido,2026-09-20 21:00:00-03:00,0.8973,2,7,11,4,4,2,1,0,0.2857142857142857,0.2857142857142857,19.581967792085212,0.26157151930176115,bomberos de capiatá | j. augusto saldívar | miguel ángel ferreira velázquez | ramón cabrera acosta,miguel ángel ferreira velázquez | ramón cabrera acosta,bomberos de capiatá,
15111,Ñanduti,Conductor murió en choque frontal en J. Augusto Saldívar: hallaron botellas con olor a cerveza en su vehículo,2026-09-20 21:00:00-03:00,14873,Última Hora,Violento choque frontal deja un fallecido en J. Augusto Saldívar,2026-09-20 21:00:00-03:00,0.8949,2,7,6,3,3,2,0,1,0.3,0.3,14.305301673069156,0.2727424643368383,j. augusto saldívar | miguel ángel ferreira velázquez | ramón cabrera acosta,miguel ángel ferreira velázquez | ramón cabrera acosta,,j. augusto saldívar
15111,Ñanduti,Conductor murió en choque frontal en J. Augusto Saldívar: hallaron botellas con olor a cerveza en su vehículo,2026-09-20 21:00:00-03:00,14851,ABC Color,Accidente en J. Augusto Saldívar: conductor de 42 años falleció en un choque frontal - Policiales - ABC Color,2026-09-20 21:00:00-03:00,0.8928,2,7,10,4,4,2,1,1,0.3076923076923077,0.3076923076923077,19.581967792085212,0.29007460723582873,bomberos de capiatá | j. augusto saldívar | miguel ángel ferreira velázquez | ramón cabrera acosta,miguel ángel ferreira velázquez | ramón cabrera acosta,bomberos de capiatá,j. augusto saldívar
15111,Ñanduti,Conductor murió en choque frontal en J. Augusto Saldívar: hallaron botellas con olor a cerveza en su vehículo,2026-09-20 21:00:00-03:00,14987,Diario Paraguayo Noticias,Violento choque frontal deja un fallecido en J. Augusto Saldívar | Diario Paraguayo,2026-09-20 21:00:00-03:00,0.8841,2,7,8,3,3,2,0,1,0.23076923076923078,0.25,14.305301673069156,0.23547088468717273,j. augusto saldívar | miguel ángel ferreira velázquez | ramón cabrera acosta,miguel ángel ferreira velázquez | ramón cabrera acosta,,j. augusto saldívar
15111,Ñanduti,Conductor murió en choque frontal en J. Augusto Saldívar: hallaron botellas con olor a cerveza en su vehículo,2026-09-20 21:00:00-03:00,14903,NPY,Choque frontal en J. Augusto Saldívar deja un fallecido y a una familia que exige esclarecer el caso,2026-09-20 21:00:00-03:00,0.8778,2,7,8,2,2,1,0,1,0.15384615384615385,0.15384615384615385,9.434100662161265,0.13388829467028615,j. augusto saldívar | ramón cabrera acosta,ramón cabrera acosta,,j. augusto saldívar
14808,Ñanduti,Patria Querida afirma que la visita de Santiago Peña a Delcy Rodríguez en Venezuela “avergüenza” al Paraguay,2026-09-19 21:00:00-03:00,14748,Última Hora,"Patria Querida dice que Peña ""avergüenza"" a Paraguay por encuentro con Delcy Rodríguez",2026-09-19 21:00:00-03:00,0.9722,2,12,15,9,9,4,2,3,0.5,0.5,34.484464009598874,0.4129881823896263,caracas | delcy rodríguez | gobierno | paraguay | patria querida | peña | rodríguez | santiago peña | venezuela,delcy rodríguez | peña | rodríguez | santiago peña,gobierno | patria querida,caracas | paraguay | venezuela
14808,Ñanduti,Patria Querida afirma que la visita de Santiago Peña a Delcy Rodríguez en Venezuela “avergüenza” al Paraguay,2026-09-19 21:00:00-03:00,14712,Amambay News,Patria Querida sostiene que el encuentro entre Santi y Delcy Rodríguez «avergüenza» al país - Amambay News,2026-09-19 21:00:00-03:00,0.9362,2,12,11,6,6,2,2,2,0.35294117647058826,0.35294117647058826,26.072046054965252,0.32381299597202046,caracas | delcy rodríguez | patria querida | ppq | santiago peña | venezuela,delcy rodríguez | santiago peña,patria querida | ppq,caracas | venezuela
14808,Ñanduti,Patria Querida afirma que la visita de Santiago Peña a Delcy Rodríguez en Venezuela “avergüenza” al Paraguay,2026-09-19 21:00:00-03:00,14668,Última Hora,Peña inicia diálogo con Delcy para reanudar relaciones con Venezuela,2026-09-19 21:00:00-03:00,0.899,2,12,18,8,8,4,0,3,0.36363636363636365,0.36363636363636365,29.207797890582818,0.2773172628856295,caracas | delcy rodríguez | gobierno | paraguay | peña | rodríguez | santiago peña | venezuela,delcy rodríguez | peña | rodríguez | santiago peña,,caracas | paraguay | venezuela
14808,Ñanduti,Patria Querida afirma que la visita de Santiago Peña a Delcy Rodríguez en Venezuela “avergüenza” al Paraguay,2026-09-19 21:00:00-03:00,14593,UNICANAL,Santiago Peña se reúne con Delcy Rodríguez en Venezuela | Unicanal,2026-09-19 21:00:00-03:00,0.8903,2,12,12,4,4,3,0,1,0.2,0.2,14.537884563921416,0.15720292545222883,delcy rodríguez | peña | santiago peña | venezuela,delcy rodríguez | peña | santiago peña,,venezuela
14808,Ñanduti,Patria Querida afirma que la visita de Santiago Peña a Delcy Rodríguez en Venezuela “avergüenza” al Paraguay,2026-09-19 21:00:00-03:00,15072,QAP Chaco News,Paraguay y Venezuela reabren el diálogo - QAP CHACO NEWS,2026-09-20 21:00:00-03:00,0.8856,2,12,16,6,6,3,0,3,0.2727272727272727,0.2727272727272727,21.25715533799509,0.1984174123279863,caracas | delcy rodríguez | paraguay | peña | santiago peña | venezuela,delcy rodríguez | peña | santiago peña,,caracas | paraguay | venezuela
15110,Ñanduti,"«Paraguay está en su mejor momento demográfico», afirma el director del INE en el Día de la Juventud y la Primavera",2026-09-20 21:00:00-03:00,15213,adn,"Demográficamente, nuestro país pasa por su mejor momento, porque la mayoría de la población es joven - ADN Digital",2026-09-20 21:00:00-03:00,0.9851,2,7,6,6,6,2,2,2,0.8571428571428571,0.8571428571428571,26.236700045021315,0.8250262648549053,américa latina | ine | instituto nacional de estadística | iván ojeda | ojeda | paraguay,iván ojeda | ojeda,ine | instituto nacional de estadística,américa latina | paraguay
15110,Ñanduti,"«Paraguay está en su mejor momento demográfico», afirma el director del INE en el Día de la Juventud y la Primavera",2026-09-20 21:00:00-03:00,15288,Última Hora,Día de la Juventud: ¿Cuándo Paraguay dejará de tener una mayoría de población joven?,2026-09-20 21:00:00-03:00,0.9509,1,7,6,5,5,2,2,1,0.625,0.625,20.96003392600526,0.5609477198085566,ine | instituto nacional de estadística | iván ojeda | ojeda | paraguay,iván ojeda | ojeda,ine | instituto nacional de estadística,paraguay
15110,Ñanduti,"«Paraguay está en su mejor momento demográfico», afirma el director del INE en el Día de la Juventud y la Primavera",2026-09-20 21:00:00-03:00,15513,Diario Paraguayo Noticias,Bono demográfico de Paraguay: oportunidades hasta 2050 | Diario Paraguayo,2026-09-20 21:00:00-03:00,0.9371,2,7,6,5,5,2,2,1,0.625,0.625,20.96003392600526,0.5609477198085566,ine | instituto nacional de estadística | iván ojeda | ojeda | paraguay,iván ojeda | ojeda,ine | instituto nacional de estadística,paraguay
15110,Ñanduti,"«Paraguay está en su mejor momento demográfico», afirma el director del INE en el Día de la Juventud y la Primavera",2026-09-20 21:00:00-03:00,15445,Megacadena,"Paraguay atraviesa su mejor momento demográfico, según el INE",2026-09-20 21:00:00-03:00,0.9359,2,7,5,5,5,2,2,1,0.7142857142857143,0.7142857142857143,20.96003392600526,0.6590988375645839,ine | instituto nacional de estadística | iván ojeda | ojeda | paraguay,iván ojeda | ojeda,ine | instituto nacional de estadística,paraguay
15110,Ñanduti,"«Paraguay está en su mejor momento demográfico», afirma el director del INE en el Día de la Juventud y la Primavera",2026-09-20 21:00:00-03:00,15545,ABC Color,"Paraguay atraviesa su mejor momento demográfico, según el INE - Nacionales - ABC Color",2026-09-20 21:00:00-03:00,0.9283,2,7,9,5,5,2,2,1,0.45454545454545453,0.45454545454545453,20.96003392600526,0.40898038438619694,ine | instituto nacional de estadística | iván ojeda | ojeda | paraguay,iván ojeda | ojeda,ine | instituto nacional de estadística,paraguay
14807,Ñanduti,Hombre es imputado tras agredir a su hijastro y arrojar una PlayStation por el balcón,2026-09-19 21:00:00-03:00,15037,TN Press,Imputan a cobarde que agredió a su pareja con bebé en brazos y golpeó a su hijastro de 13 años,2026-09-20 21:00:00-03:00,0.9576,2,7,5,3,3,0,1,2,0.3333333333333333,0.3333333333333333,12.535899110942378,0.2736543330799774,ciudad del este | lado acaray | ministerio público,,ministerio público,ciudad del este | lado acaray
14807,Ñanduti,Hombre es imputado tras agredir a su hijastro y arrojar una PlayStation por el balcón,2026-09-19 21:00:00-03:00,15268,Concepción al Día,Discusión por una PlayStation terminó en una denuncia por violencia familiar - Concepción al Día,2026-09-20 21:00:00-03:00,0.9518,2,7,4,3,3,0,1,2,0.375,0.375,12.838179982815312,0.3222480488590146,ciudad del este | fiscalía | lado acaray,,fiscalía,ciudad del este | lado acaray
14807,Ñanduti,Hombre es imputado tras agredir a su hijastro y arrojar una PlayStation por el balcón,2026-09-19 21:00:00-03:00,15008,Extra,Agredió a su familia y tiró la Play de su hijastro desde el balcón,2026-09-20 21:00:00-03:00,0.9508,2,7,4,3,3,0,1,2,0.375,0.375,12.535899110942378,0.31149038222775954,ciudad del este | lado acaray | ministerio público,,ministerio público,ciudad del este | lado acaray
14807,Ñanduti,Hombre es imputado tras agredir a su hijastro y arrojar una PlayStation por el balcón,2026-09-19 21:00:00-03:00,15051,Amambay News,Aprehenden a funcionario público denunciado por violencia familiar en PJC - Amambay News,2026-09-20 21:00:00-03:00,0.7868,0,7,8,1,1,0,1,0,0.07142857142857142,0.07142857142857142,3.5274662642067964,0.047054737653901973,ministerio público,,ministerio público,
14807,Ñanduti,Hombre es imputado tras agredir a su hijastro y arrojar una PlayStation por el balcón,2026-09-19 21:00:00-03:00,15193,NPY,Mujer fue brutalmente golpeada y su actual pareja es el principal sospechoso,2026-09-20 21:00:00-03:00,0.7695,0,7,8,2,2,0,2,0,0.15384615384615385,0.15384615384615385,7.357213400286526,0.1085471594951753,fiscalía | ministerio público,,fiscalía | ministerio público,
15115,Ñanduti,Lunes caluroso con tormentas y máxima de 35 grados: el martes la temperatura bajaría hasta 21 grados,2026-09-20 21:00:00-03:00,15058,Amambay Ahora,"La primavera es recibida con calor, lluvias y un posterior descenso",2026-09-20 21:00:00-03:00,0.8779,1,13,3,0,0,0,0,0,0.0,0.0,0.0,0.0,,,,
15115,Ñanduti,Lunes caluroso con tormentas y máxima de 35 grados: el martes la temperatura bajaría hasta 21 grados,2026-09-20 21:00:00-03:00,15105,Red Digital San Pedro,"La primavera es recibida con calor, lluvias y un posterior descenso - Red Digital San Pedro",2026-09-20 21:00:00-03:00,0.8768,1,13,3,0,0,0,0,0,0.0,0.0,0.0,0.0,,,,
15115,Ñanduti,Lunes caluroso con tormentas y máxima de 35 grados: el martes la temperatura bajaría hasta 21 grados,2026-09-20 21:00:00-03:00,14984,Diario Paraguayo Noticias,"La primavera es recibida con calor, lluvias y un posterior descenso | Diario Paraguayo",2026-09-20 21:00:00-03:00,0.8729,1,13,4,0,0,0,0,0,0.0,0.0,0.0,0.0,,,,
15115,Ñanduti,Lunes caluroso con tormentas y máxima de 35 grados: el martes la temperatura bajaría hasta 21 grados,2026-09-20 21:00:00-03:00,14852,ABC Color,Lunes con tormentas en Paraguay: ¿Hasta qué día va a llover y cuándo volverá el fresco? - Clima - ABC Color,2026-09-20 21:00:00-03:00,0.8719,1,13,7,1,1,0,1,0,0.05,0.05263157894736842,4.871201010907891,0.0535598199746949,dirección de meteorología e hidrología,,dirección de meteorología e hidrología,
15115,Ñanduti,Lunes caluroso con tormentas y máxima de 35 grados: el martes la temperatura bajaría hasta 21 grados,2026-09-20 21:00:00-03:00,14606,Resumen de Noticias,Prevén caluroso inicio de semana y luego frente frío,2026-09-19 21:00:00-03:00,0.8653,1,13,8,2,2,0,2,0,0.10526315789473684,0.10526315789473684,10.435549202375727,0.10684145025586458,dirección de meteorología e hidrología | dmh,,dirección de meteorología e hidrología | dmh,
15280,Ñanduti,Mades hace vista gorda a transformadores de la ANDE en evidente estado de contaminación en San Lorenzo,2026-09-20 21:00:00-03:00,15490,ABC Color,Denuncian contaminación por continuas quemazones en vertedero de Campo 9 - Nacionales - ABC Color,2026-09-20 21:00:00-03:00,0.7981,0,9,10,1,1,0,1,0,0.05263157894736842,0.05555555555555555,5.276666119016055,0.05207531494233359,mades,,mades,
15280,Ñanduti,Mades hace vista gorda a transformadores de la ANDE en evidente estado de contaminación en San Lorenzo,2026-09-20 21:00:00-03:00,15437,Telefuturo,Vecinos de Molino de Luque denuncian ola de robos,2026-09-20 21:00:00-03:00,0.7529,0,9,1,0,0,0,0,0,0.0,0.0,0.0,0.0,,,,
15280,Ñanduti,Mades hace vista gorda a transformadores de la ANDE en evidente estado de contaminación en San Lorenzo,2026-09-20 21:00:00-03:00,15222,Megacadena,Incautan tanques de 45.000 litros en depósito vinculado a una maniobra con cheques robados,2026-09-20 21:00:00-03:00,0.7505,0,9,7,0,0,0,0,0,0.0,0.0,0.0,0.0,,,,
15280,Ñanduti,Mades hace vista gorda a transformadores de la ANDE en evidente estado de contaminación en San Lorenzo,2026-09-20 21:00:00-03:00,15417,La Clave,"Tape Porã, contaminación e impunidad ante un Ministerio Público inoperante – Diario La Clave",2026-09-20 21:00:00-03:00,0.7485,0,9,8,0,0,0,0,0,0.0,0.0,0.0,0.0,,,,
15280,Ñanduti,Mades hace vista gorda a transformadores de la ANDE en evidente estado de contaminación en San Lorenzo,2026-09-20 21:00:00-03:00,15024,Ahora CDE,HAMBRE CERO: Padres EXIGEN a gobernador LANDY TORRES garantías sobre la CALIDAD del almuerzo escolar,2026-09-20 21:00:00-03:00,0.727,0,9,8,0,0,0,0,0,0.0,0.0,0.0,0.0,,,,
15114,Ñanduti,"Rusia Unida obtiene su mejor resultado histórico y revalida la mayoría constitucional en la Duma, según datos oficiales",2026-09-20 21:00:00-03:00,15440,adn,El partido de Putin logra un récord de escaños en Rusia - ADN Digital,2026-09-20 21:00:00-03:00,0.9246,2,15,27,4,4,0,3,1,0.10526315789473684,0.10526315789473684,19.204673560943743,0.0915992495477776,duma | kremlin | rusia unida | ucrania,,duma | kremlin | rusia unida,ucrania
15114,Ñanduti,"Rusia Unida obtiene su mejor resultado histórico y revalida la mayoría constitucional en la Duma, según datos oficiales",2026-09-20 21:00:00-03:00,14956,Megacadena,Putin amplía su control del Parlamento ruso tras una elección cuestionada internacionalmente,2026-09-20 21:00:00-03:00,0.918,2,15,14,6,6,0,4,1,0.2608695652173913,0.2608695652173913,29.981149350290064,0.24607035043565137,kremlin | nueva gente | parlamento | partido comunista | rusia unida | ucrania,,kremlin | parlamento | partido comunista | rusia unida,ucrania
15114,Ñanduti,"Rusia Unida obtiene su mejor resultado histórico y revalida la mayoría constitucional en la Duma, según datos oficiales",2026-09-20 21:00:00-03:00,14720,Amambay News,"El partido del Kremlin gana las elecciones con el 57,5 % de votos, según los primeros resultados - Amambay News",2026-09-19 21:00:00-03:00,0.8827,2,15,19,5,5,1,3,0,0.16666666666666666,0.1724137931034483,25.888253328282424,0.16360740888621636,duma | kremlin | nueva gente | rusia justa | vladímir putin,vladímir putin,duma | kremlin | rusia justa,
15114,Ñanduti,"Rusia Unida obtiene su mejor resultado histórico y revalida la mayoría constitucional en la Duma, según datos oficiales",2026-09-20 21:00:00-03:00,14619,adn,Las elecciones en Rusia entran en su última jornada tras denuncias de fraude y una baja participación del electorado - ADN Digital,2026-09-19 21:00:00-03:00,0.8456,2,15,22,8,8,1,6,1,0.27586206896551724,0.27586206896551724,41.10984573322574,0.2636405757551275,kremlin | nikolái ribakov | partido comunista | rusia justa | rusia unida | tribunal supremo | ucrania | yábloko,nikolái ribakov,kremlin | partido comunista | rusia justa | rusia unida | tribunal supremo | yábloko,ucrania
15114,Ñanduti,"Rusia Unida obtiene su mejor resultado histórico y revalida la mayoría constitucional en la Duma, según datos oficiales",2026-09-20 21:00:00-03:00,14809,ABC Color,El partido de Putin se perfila ganador en elecciones rusas marcadas por ataque ucraniano - Mundo - ABC Color,2026-09-19 21:00:00-03:00,0.8408,2,15,14,2,2,0,2,0,0.07142857142857142,0.07407407407407407,9.77057289878248,0.0669726958003048,duma | rusia unida,,duma | rusia unida,
15112,Ñanduti,Alfaro convocó a 28 jugadores para los amistosos de Paraguay ante Bolivia y Colombia: varias caras nuevas en la lista,2026-09-20 21:00:00-03:00,15061,Oviedo Press,Alfaro da a conocer la lista de 28 convocados para el nuevo ciclo de la Albirroja - OviedoPress,2026-09-20 21:00:00-03:00,0.9743,2,42,28,21,21,11,6,4,0.42857142857142855,0.42857142857142855,101.55037370026525,0.3972654429641417,alan benítez | albirroja | alexis cañete | alfaro | atlético tucumán | audi field | bolivia | cléver ferreira | colombia | enso gonzález | estados unidos | gustavo alfaro | hugo quintana | independiente del valle | math | nacional | nueva jersey | robert morales | santiago rojas | sports illustrated stadium | ías villasanti,alan benítez | alexis cañete | alfaro | cléver ferreira | enso gonzález | gustavo alfaro | hugo quintana | math | robert morales | santiago rojas | ías villasanti,albirroja | atlético tucumán | bolivia | colombia | independiente del valle | nacional,audi field | estados unidos | nueva jersey | sports illustrated stadium
15112,Ñanduti,Alfaro convocó a 28 jugadores para los amistosos de Paraguay ante Bolivia y Colombia: varias caras nuevas en la lista,2026-09-20 21:00:00-03:00,14994,Diario Paraguayo Noticias,Convocatoria de Paraguay para amistosos ante Bolivia y Colombia | Diario Paraguayo,2026-09-20 21:00:00-03:00,0.9679,2,42,34,20,20,6,9,5,0.3508771929824561,0.35714285714285715,93.53825840595889,0.3228073258211099,albirroja | atlético tucumán | audi field | bolivia | c | colombia | enso gonzález | erro porteño | estados unidos | gustavo alfaro | hugo adrián benítez | hugo quintana | nacional | nueva jersey | paraguay | robert morales | santiago rojas | sports illustrated stadium | washington d.c. | wolverhampton,enso gonzález | gustavo alfaro | hugo adrián benítez | hugo quintana | robert morales | santiago rojas,albirroja | atlético tucumán | bolivia | c | colombia | erro porteño | nacional | paraguay | wolverhampton,audi field | estados unidos | nueva jersey | sports illustrated stadium | washington d.c.
15112,Ñanduti,Alfaro convocó a 28 jugadores para los amistosos de Paraguay ante Bolivia y Colombia: varias caras nuevas en la lista,2026-09-20 21:00:00-03:00,14897,La Nación,La Nación / Se inicia un nuevo ciclo,2026-09-20 21:00:00-03:00,0.9662,2,42,31,18,18,7,7,3,0.32727272727272727,0.32727272727272727,83.45101589785136,0.2894424684015526,albirroja | alexis cañete | atlético tucumán | audi field | bolivia | c | colombia | enso gonzález | gustavo alfaro | hugo adrián benítez | hugo quintana | nacional | nueva jersey | paraguay | robert morales | santiago rojas | sports illustrated stadium | wolverhampton,alexis cañete | enso gonzález | gustavo alfaro | hugo adrián benítez | hugo quintana | robert morales | santiago rojas,albirroja | atlético tucumán | bolivia | c | colombia | nacional | wolverhampton,audi field | nueva jersey | sports illustrated stadium
15112,Ñanduti,Alfaro convocó a 28 jugadores para los amistosos de Paraguay ante Bolivia y Colombia: varias caras nuevas en la lista,2026-09-20 21:00:00-03:00,14931,Resumen de Noticias,Primera lista de Gustavo Alfaro en la Albirroja tras renovar,2026-09-20 21:00:00-03:00,0.9609,2,42,41,21,21,15,5,1,0.3387096774193548,0.3387096774193548,105.02348971036261,0.3177613579156053,alan benítez | albirroja | alejandro romero gamarra | alexis cañete | atlético tucumán | audi field | bolivia | braian ojeda | colombia | damián bobadilla | enso gonzález | fabián balbuena | gabriel ávalos | gustavo alfaro | gustavo velázquez | hugo adrián benítez | hugo quintana | isidro pitta | nacional | robert morales | santiago rojas,alan benítez | alejandro romero gamarra | alexis cañete | braian ojeda | damián bobadilla | enso gonzález | fabián balbuena | gabriel ávalos | gustavo alfaro | gustavo velázquez | hugo adrián benítez | hugo quintana | isidro pitta | robert morales | santiago rojas,albirroja | atlético tucumán | bolivia | colombia | nacional,audi field
15112,Ñanduti,Alfaro convocó a 28 jugadores para los amistosos de Paraguay ante Bolivia y Colombia: varias caras nuevas en la lista,2026-09-20 21:00:00-03:00,14962,Megacadena,Alfaro abre su segundo ciclo en la Albirroja con 28 convocados,2026-09-19 21:00:00-03:00,0.9605,2,42,33,16,16,8,4,4,0.2711864406779661,0.2711864406779661,73.2957686606298,0.2327469388981527,alan benítez | albirroja | alexis cañete | alfaro | audi field | bolivia | colombia | estados unidos | gustavo alfaro | math | nueva jersey | paraguay | robert morales | santiago rojas | sports illustrated stadium | ías villasanti,alan benítez | alexis cañete | alfaro | gustavo alfaro | math | robert morales | santiago rojas | ías villasanti,albirroja | bolivia | colombia | paraguay,audi field | estados unidos | nueva jersey | sports illustrated stadium
14806,Ñanduti,"94 meses sin pagar: acumula deuda de G. 58,6 millones por asistencia alimentaria",2026-09-19 21:00:00-03:00,14734,Megacadena,Imputan a un hombre por acumular deuda de G. 58 millones en asistencia alimentaria,2026-09-19 21:00:00-03:00,0.9691,2,9,9,6,6,1,4,1,0.5,0.5,31.38806299861269,0.5012103595907005,banco nacional de fomento | bnf | hernandarias | juzgado de la niñez y adolescencia | unidad penal n.o 4 | víctor adolfo santander,víctor adolfo santander,banco nacional de fomento | bnf | juzgado de la niñez y adolescencia | unidad penal n.o 4,hernandarias
14806,Ñanduti,"94 meses sin pagar: acumula deuda de G. 58,6 millones por asistencia alimentaria",2026-09-19 21:00:00-03:00,15247,Ahora CDE,Imputan a hombre por no pagar asistencia alimentaria durante 94 meses,2026-09-20 21:00:00-03:00,0.9616,2,9,6,6,6,1,4,1,0.6666666666666666,0.6666666666666666,29.35118107135165,0.6564043876300784,banco nacional de fomento | bnf | hernandarias | ministerio público | unidad penal n.o 4 | víctor adolfo santander,víctor adolfo santander,banco nacional de fomento | bnf | ministerio público | unidad penal n.o 4,hernandarias
14806,Ñanduti,"94 meses sin pagar: acumula deuda de G. 58,6 millones por asistencia alimentaria",2026-09-19 21:00:00-03:00,15259,Amambay News,Filizzola cuestiona Hambre Cero y denuncia uso político de recursos - Amambay News,2026-09-20 21:00:00-03:00,0.723,0,9,10,0,0,0,0,0,0.0,0.0,0.0,0.0,,,,
14806,Ñanduti,"94 meses sin pagar: acumula deuda de G. 58,6 millones por asistencia alimentaria",2026-09-19 21:00:00-03:00,14870,Última Hora,Filizzola cuestiona Hambre Cero y denuncia uso político de recursos,2026-09-20 21:00:00-03:00,0.7218,0,9,10,0,0,0,0,0,0.0,0.0,0.0,0.0,,,,
14806,Ñanduti,"94 meses sin pagar: acumula deuda de G. 58,6 millones por asistencia alimentaria",2026-09-19 21:00:00-03:00,14776,Popular,"Popular / ""Xuxa"" demandó a su ex paquita por ""malagradecida""",2026-09-19 21:00:00-03:00,0.7162,0,9,13,0,0,0,0,0,0.0,0.0,0.0,0.0,,,,
14723,Ñanduti,"Continental, preparado para liderar la nueva era del CDA Digital en Paraguay",2026-09-19 21:00:00-03:00,15374,Ñanduti,Banco Continental integra la emisión y custodia en la nueva era del CDA Digital,2026-09-20 21:00:00-03:00,0.9718,2,5,5,4,4,0,3,0,0.6666666666666666,0.6666666666666666,19.65882679761082,0.7024136444156055,banco central del paraguay | banco continental | bcp | continental,,banco central del paraguay | banco continental | bcp,
14723,Ñanduti,"Continental, preparado para liderar la nueva era del CDA Digital en Paraguay",2026-09-19 21:00:00-03:00,15150,Diario Paraguayo Noticias,BCP activa sistema CDA-d para certificados digitales | Diario Paraguayo,2026-09-20 21:00:00-03:00,0.9204,2,5,4,2,2,0,2,0,0.2857142857142857,0.2857142857142857,8.53013041467515,0.27121259254991337,banco central del paraguay | bcp,,banco central del paraguay | bcp,
14723,Ñanduti,"Continental, preparado para liderar la nueva era del CDA Digital en Paraguay",2026-09-19 21:00:00-03:00,14990,Diario Paraguayo Noticias,Un paso más hacia la digitalización: BCP pone en marcha el CDA-d desde este lunes | Diario Paraguayo,2026-09-20 21:00:00-03:00,0.9183,2,5,4,2,2,0,2,0,0.25,0.2857142857142857,8.53013041467515,0.27121259254991337,banco central del paraguay | bcp,,banco central del paraguay | bcp,
14723,Ñanduti,"Continental, preparado para liderar la nueva era del CDA Digital en Paraguay",2026-09-19 21:00:00-03:00,14894,La Nación,La Nación / Un paso más hacia la digitalización: BCP pone en marcha el CDA-d desde este lunes,2026-09-20 21:00:00-03:00,0.9164,2,5,4,2,2,0,2,0,0.2857142857142857,0.2857142857142857,8.53013041467515,0.27121259254991337,banco central del paraguay | bcp,,banco central del paraguay | bcp,
14723,Ñanduti,"Continental, preparado para liderar la nueva era del CDA Digital en Paraguay",2026-09-19 21:00:00-03:00,15472,Más Encarnación,BCP habilita los Certificados de Depósito de Ahorro 100% digitales,2026-09-20 21:00:00-03:00,0.9156,2,5,5,2,2,0,2,0,0.25,0.25,8.53013041467515,0.23224833514486923,banco central del paraguay | bcp,,banco central del paraguay | bcp,
15113,Ñanduti,"La Unión Europea busca no quedarse atrás en inteligencia artificial, pero apuesta por una regulación robusta",2026-09-20 21:00:00-03:00,14915,5Días,Europa debate cómo competir en IA frente a EE.UU.,2026-09-20 21:00:00-03:00,0.9143,2,19,2,1,1,0,1,0,0.05,0.05,5.276666119016055,0.047793717738003984,europa,,europa,
15113,Ñanduti,"La Unión Europea busca no quedarse atrás en inteligencia artificial, pero apuesta por una regulación robusta",2026-09-20 21:00:00-03:00,15465,ABC Color,Líderes de 22 países e instituciones reclaman supervisión humana para la IA - Tecnología - ABC Color,2026-09-20 21:00:00-03:00,0.8587,0,19,29,2,2,0,2,0,0.0425531914893617,0.043478260869565216,8.201956980868633,0.031114542454114002,estados | gobierno,,estados | gobierno,
15113,Ñanduti,"La Unión Europea busca no quedarse atrás en inteligencia artificial, pero apuesta por una regulación robusta",2026-09-20 21:00:00-03:00,15357,5Días,La IA acelera más rápido que la economía que debe sostenerla,2026-09-20 21:00:00-03:00,0.7972,0,19,0,0,0,0,0,0,0.0,0.0,0.0,0.0,,,,
15113,Ñanduti,"La Unión Europea busca no quedarse atrás en inteligencia artificial, pero apuesta por una regulación robusta",2026-09-20 21:00:00-03:00,14999,Diario Paraguayo Noticias,EE. UU. y China establecen diálogo sobre IA | Diario Paraguayo,2026-09-20 21:00:00-03:00,0.793,0,19,16,1,1,0,1,0,0.02857142857142857,0.029411764705882353,3.82974713607973,0.02011433624352437,estados unidos,,estados unidos,
15113,Ñanduti,"La Unión Europea busca no quedarse atrás en inteligencia artificial, pero apuesta por una regulación robusta",2026-09-20 21:00:00-03:00,15568,5Días,"El dilema de la IA ya no es cómo frenarla, sino quién la controla",2026-09-20 21:00:00-03:00,0.7929,0,19,0,0,0,0,0,0,0.0,0.0,0.0,0.0,,,,
15429,Ñanduti,Imputan a las máximas autoridades de APA por presunta lesión de confianza por cerca de G 2.000 millones,2026-09-20 21:00:00-03:00,15565,La Nación,La Nación / Fiscalía imputa a cuatro directivos de APA por presunto desvío de casi G. 2.000 millones,2026-09-20 21:00:00-03:00,0.9351,2,14,15,8,8,6,2,0,0.38095238095238093,0.38095238095238093,42.492502403902805,0.3702490298450424,apa | david herminio portillo biancotti | fiscalía | humberto victorio rodas orué | juan josé maría vidal bonin | juan leonardi guerrero | julio césar ortiz gonzález | walter mario cabrera martínez,david herminio portillo biancotti | humberto victorio rodas orué | juan josé maría vidal bonin | juan leonardi guerrero | julio césar ortiz gonzález | walter mario cabrera martínez,apa | fiscalía,
15429,Ñanduti,Imputan a las máximas autoridades de APA por presunta lesión de confianza por cerca de G 2.000 millones,2026-09-20 21:00:00-03:00,15018,El Observador,Estas son las pruebas por las cuales un Tribunal condenó a Hugo Javier y Robles - El Observador,2026-09-19 21:00:00-03:00,0.8021,0,14,13,0,0,0,0,0,0.0,0.0,0.0,0.0,,,,
15429,Ñanduti,Imputan a las máximas autoridades de APA por presunta lesión de confianza por cerca de G 2.000 millones,2026-09-20 21:00:00-03:00,14622,ABC Color,Filizzola acusa a Peña y al cartismo de poner en riesgo los fondos públicos y del IPS - Política - ABC Color,2026-09-19 21:00:00-03:00,0.7911,0,14,23,0,0,0,0,0,0.0,0.0,0.0,0.0,,,,
15429,Ñanduti,Imputan a las máximas autoridades de APA por presunta lesión de confianza por cerca de G 2.000 millones,2026-09-20 21:00:00-03:00,15329,ABC Color,Juicio de Miguel Prieto: Defensas cuestionan a fiscal por su falta de objetividad - Política - ABC Color,2026-09-20 21:00:00-03:00,0.783,0,14,20,1,1,0,1,0,0.029411764705882353,0.030303030303030304,3.82974713607973,0.021005395724558496,fiscalía,,fiscalía,
15429,Ñanduti,Imputan a las máximas autoridades de APA por presunta lesión de confianza por cerca de G 2.000 millones,2026-09-20 21:00:00-03:00,15363,Resumen de Noticias,Prieto atribuye disputa en Honor Colorado a “negocios”,2026-09-20 21:00:00-03:00,0.7797,0,14,16,1,1,0,1,0,0.034482758620689655,0.034482758620689655,3.82974713607973,0.024645574458512384,fiscalía,,fiscalía,
15192,HOY,"Diario HOY | “Tenemos Honor Colorado para rato”, predice Bachi",2026-09-20 21:00:00-03:00,15373,adn,"Larga vida a Honor Colorado, es lo que augura Bachi Núñez - ADN Digital",2026-09-20 21:00:00-03:00,0.9529,2,19,12,11,11,8,3,0,0.55,0.55,46.96911519928963,0.4886238375268904,alliana | anr | basilio núñez | cartes | ce | congreso | césar sosa | honor colorado | horacio cartes | núñez | santiago peña,alliana | basilio núñez | cartes | ce | césar sosa | horacio cartes | núñez | santiago peña,anr | congreso | honor colorado,
15192,HOY,"Diario HOY | “Tenemos Honor Colorado para rato”, predice Bachi",2026-09-20 21:00:00-03:00,15432,Última Hora,"“Mantenerse en primera división es difícil"", advierte Bachi a Cesarito",2026-09-20 21:00:00-03:00,0.9457,2,19,10,5,5,3,2,0,0.20833333333333334,0.20833333333333334,20.733517690212413,0.17335848650822233,bachi | congreso | césar sosa | honor colorado | santiago peña,bachi | césar sosa | santiago peña,congreso | honor colorado,
15192,HOY,"Diario HOY | “Tenemos Honor Colorado para rato”, predice Bachi",2026-09-20 21:00:00-03:00,15351,HOY,Diario HOY | Dos senadores de “Primera División” le presumen su antigüedad a César Sosa,2026-09-20 21:00:00-03:00,0.9287,2,19,18,5,5,2,2,1,0.15625,0.15625,20.134623047898657,0.12637993871827768,anr | asunción | basilio núñez | congreso | césar sosa,basilio núñez | césar sosa,anr | congreso,asunción
15192,HOY,"Diario HOY | “Tenemos Honor Colorado para rato”, predice Bachi",2026-09-20 21:00:00-03:00,15253,Amambay News,"Bachi Núñez minimiza la tensión en Honor Colorado: “Hay disparidad de opiniones, pero terminará en coincidencias” - Amambay News",2026-09-20 21:00:00-03:00,0.9155,2,19,13,6,6,4,2,0,0.2222222222222222,0.23076923076923078,24.305435716990043,0.19582343176258077,congreso | césar sosa | honor colorado | horacio cartes | núñez | santiago peña,césar sosa | horacio cartes | núñez | santiago peña,congreso | honor colorado,
15192,HOY,"Diario HOY | “Tenemos Honor Colorado para rato”, predice Bachi",2026-09-20 21:00:00-03:00,15205,Resumen de Noticias,Alliana asume el gobierno ante fractura interna en HC,2026-09-20 21:00:00-03:00,0.9054,2,19,20,6,6,5,1,0,0.18181818181818182,0.18181818181818182,23.612288536430096,0.15010949533338036,alliana | cartes | césar sosa | honor colorado | horacio cartes | santiago peña,alliana | cartes | césar sosa | horacio cartes | santiago peña,honor colorado,
15351,HOY,Diario HOY | Dos senadores de “Primera División” le presumen su antigüedad a César Sosa,2026-09-20 21:00:00-03:00,15192,HOY,"Diario HOY | “Tenemos Honor Colorado para rato”, predice Bachi",2026-09-20 21:00:00-03:00,0.9287,2,18,19,5,5,2,2,1,0.15625,0.15625,20.134623047898657,0.12637993871827768,anr | asunción | basilio núñez | congreso | césar sosa,basilio núñez | césar sosa,anr | congreso,asunción
15351,HOY,Diario HOY | Dos senadores de “Primera División” le presumen su antigüedad a César Sosa,2026-09-20 21:00:00-03:00,15572,Telefuturo,Conflicto en Honor Colorado por declaraciones de César Sosa,2026-09-20 21:00:00-03:00,0.9114,2,18,6,5,5,5,0,0,0.2631578947368421,0.2631578947368421,25.14631598355305,0.2726697428169768,basil | césar sosa | io núñez | silvio ovelar | sosa,basil | césar sosa | io núñez | silvio ovelar | sosa,,
15351,HOY,Diario HOY | Dos senadores de “Primera División” le presumen su antigüedad a César Sosa,2026-09-20 21:00:00-03:00,15432,Última Hora,"“Mantenerse en primera división es difícil"", advierte Bachi a Cesarito",2026-09-20 21:00:00-03:00,0.8996,2,18,10,3,3,1,1,1,0.12,0.12,13.160169368766153,0.10534205151525958,congreso | césar sosa | guairá,césar sosa,congreso,guairá
15351,HOY,Diario HOY | Dos senadores de “Primera División” le presumen su antigüedad a César Sosa,2026-09-20 21:00:00-03:00,15373,adn,"Larga vida a Honor Colorado, es lo que augura Bachi Núñez - ADN Digital",2026-09-20 21:00:00-03:00,0.8814,2,18,12,4,4,2,2,0,0.15384615384615385,0.15384615384615385,17.232862683456272,0.13940517672167432,anr | basilio núñez | congreso | césar sosa,basilio núñez | césar sosa,anr | congreso,
15351,HOY,Diario HOY | Dos senadores de “Primera División” le presumen su antigüedad a César Sosa,2026-09-20 21:00:00-03:00,15297,Resumen de Noticias,“Lo que se ve no se pregunta”: Ovelar habla de crisis en Honor Colorado,2026-09-20 21:00:00-03:00,0.8747,1,18,13,3,3,2,0,1,0.10714285714285714,0.10714285714285714,13.04962749436633,0.0978611148007332,asunción | ovelar | silvio ovelar,ovelar | silvio ovelar,,asunción
