target_id,target_source,target_title,target_date,candidate_id,candidate_source,candidate_title,candidate_date,similarity,event_label,pair_article_1,pair_article_2,target_entity_count,candidate_entity_count,shared_entities,shared_per,shared_org,shared_loc,entity_jaccard,idf_overlap,idf_jaccard,shared_entity_names,shared_person_names,shared_org_names,shared_location_names,same_event
14546,Última Hora,Iván Duque debatirá sobre infraestructura en Paraguay,2026-09-19 21:00:00-03:00,14603,El Independiente,Paraguay se encuentra en un punto de inflexión histórica,2026-09-19 21:00:00-03:00,0.784,0,14546,14603,10,12,2,0,1,1,0.1,5.816163695287515,0.05144521740261527,estado | paraguay,,estado,paraguay,0
14546,Última Hora,Iván Duque debatirá sobre infraestructura en Paraguay,2026-09-19 21:00:00-03:00,14920,El Independiente,Peña tiene ocho encuentros económicos antes del debate de Naciones Unidas,2026-09-20 21:00:00-03:00,0.7823,0,14546,14920,10,12,1,0,0,1,0.047619047619047616,2.326506442740917,0.021788991820096398,paraguay,,,paraguay,0
14546,Última Hora,Iván Duque debatirá sobre infraestructura en Paraguay,2026-09-19 21:00:00-03:00,15354,Itapúa en Noticias,"CAMBYRETÁ CRECE, PERO ¿ESTÁ PREPARADO PARA EL SALTO?",2026-09-20 21:00:00-03:00,0.7949,0,14546,15354,10,10,0,0,0,0,0.0,0.0,0.0,,,,,0
14546,Última Hora,Iván Duque debatirá sobre infraestructura en Paraguay,2026-09-19 21:00:00-03:00,15444,Megacadena,Santiago Peña se reúne con empresarios para impulsar proyecto en la Costanera Norte,2026-09-20 21:00:00-03:00,0.7819,0,14546,15444,10,10,1,0,0,1,0.05263157894736842,2.326506442740917,0.023507945031131468,paraguay,,,paraguay,0
14546,Última Hora,Iván Duque debatirá sobre infraestructura en Paraguay,2026-09-19 21:00:00-03:00,15543,ABC Color,Peña se reúne en Nueva York con empresarios que pretenden “transformar” la Costanera Norte - Política - ABC Color,2026-09-20 21:00:00-03:00,0.7922,0,14546,15543,10,21,2,0,1,1,0.06896551724137931,5.816163695287515,0.036833959399035714,estado | paraguay,,estado,paraguay,0
14549,Última Hora,Golpe,2026-09-19 21:00:00-03:00,14554,Última Hora,La rebelión de los ahijados traza el futuro del cartismo,2026-09-19 21:00:00-03:00,0.8962,0,14549,14554,15,16,7,5,2,0,0.2916666666666667,30.62363947874397,0.263939306256651,alliana | bcp | cartes | cio cartes | hora | peña | república,alliana | cartes | cio cartes | hora | peña,bcp | república,,0
14549,Última Hora,Golpe,2026-09-19 21:00:00-03:00,14856,Última Hora,Alliana asume mando en ausencia de Peña y en plena crisis en HC,2026-09-20 21:00:00-03:00,0.8625,0,14549,14856,15,20,6,5,1,0,0.20689655172413793,26.206641658136633,0.1896159323253895,alliana | cartes | cio cartes | hora | partido colorado | peña,alliana | cartes | cio cartes | hora | peña,partido colorado,,0
14549,Última Hora,Golpe,2026-09-19 21:00:00-03:00,15205,Resumen de Noticias,Alliana asume el gobierno ante fractura interna en HC,2026-09-20 21:00:00-03:00,0.8713,0,14549,15205,15,20,6,5,1,0,0.20689655172413793,26.206641658136633,0.18470383151901076,alliana | cartes | cio cartes | hora | partido colorado | peña,alliana | cartes | cio cartes | hora | peña,partido colorado,,0
14549,Última Hora,Golpe,2026-09-19 21:00:00-03:00,15493,Última Hora,Cartes no se pronuncia y esta semana se podría dar una reunión con Alliana,2026-09-20 21:00:00-03:00,0.8567,0,14549,15493,15,16,3,3,0,0,0.10714285714285714,12.1363847438204,0.09213126400454186,alliana | cartes | peña,alliana | cartes | peña,,,0
14550,Última Hora,La cuenta de la canilla abierta,2026-09-19 21:00:00-03:00,14763,La Nación,La Nación / Economistas coinciden en un reajuste de presupuesto y replanteamiento tributario a futuro,2026-09-19 21:00:00-03:00,0.8811,0,14550,14763,2,6,0,0,0,0,0.0,0.0,0.0,,,,,0
14550,Última Hora,La cuenta de la canilla abierta,2026-09-19 21:00:00-03:00,14859,Última Hora,"PGN 2027: Advierten de más gasto y deuda, con menor margen fiscal",2026-09-20 21:00:00-03:00,0.8473,0,14550,14859,2,6,2,0,2,0,0.3333333333333333,7.0381550051161295,0.22895129514275192,estado | gobierno,,estado | gobierno,,0
14550,Última Hora,La cuenta de la canilla abierta,2026-09-19 21:00:00-03:00,15071,QAP Chaco News,PGN 2027: más gasto bajo presión fiscal - QAP CHACO NEWS,2026-09-20 21:00:00-03:00,0.8325,0,14550,15071,2,5,0,0,0,0,0.0,0.0,0.0,,,,,0
14560,Última Hora,Baila 2026: Una pareja eliminada y puro rock and roll,2026-09-19 21:00:00-03:00,14643,Diario Paraguayo Noticias,Dionisio Amarilla reivindica la unidad opositora y el cumplimiento de los acuerdos | Diario Paraguayo,2026-09-19 21:00:00-03:00,0.7208,0,14560,14643,31,26,1,0,0,0,0.017857142857142856,5.4355674016019115,0.01665032763678813,en,,,,0
14560,Última Hora,Baila 2026: Una pareja eliminada y puro rock and roll,2026-09-19 21:00:00-03:00,14661,Diario Paraguayo Noticias,Amarilla reivindica unidad opositora y cumplimiento de acuerdos | Diario Paraguayo,2026-09-19 21:00:00-03:00,0.7156,0,14560,14661,31,22,0,0,0,0,0.0,0.0,0.0,,,,,0
14560,Última Hora,Baila 2026: Una pareja eliminada y puro rock and roll,2026-09-19 21:00:00-03:00,15015,Crónica,"“Vamos con todo”, he’í Aliseda",2026-09-20 21:00:00-03:00,0.719,0,14560,15015,31,9,0,0,0,0,0.0,0.0,0.0,,,,,0
14560,Última Hora,Baila 2026: Una pareja eliminada y puro rock and roll,2026-09-19 21:00:00-03:00,15207,Resumen de Noticias,Rock en Py Fest 2026 confirma su quinta edición,2026-09-20 21:00:00-03:00,0.733,0,14560,15207,31,15,0,0,0,0,0.0,0.0,0.0,,,,,0
14560,Última Hora,Baila 2026: Una pareja eliminada y puro rock and roll,2026-09-19 21:00:00-03:00,15238,Crónica,[VIDEO] ¿Ya viste cómo le quedaron los cuadraditos a la maína? ??,2026-09-20 21:00:00-03:00,0.723,0,14560,15238,31,2,0,0,0,0,0.0,0.0,0.0,,,,,0
14561,Última Hora,"Telefuturo: Vive la Vida celebra 23 años, TF Stream 2 y estrena Calle 7: Al Límite",2026-09-19 21:00:00-03:00,14885,Última Hora,2007 Oniria celebra su primer galardón,2026-09-20 21:00:00-03:00,0.7854,0,14561,14885,11,11,0,0,0,0,0.0,0.0,0.0,,,,,0
14886,Última Hora,"Latele cumple 18 años de historia, renovando y estrenando casa",2026-09-20 21:00:00-03:00,14561,Última Hora,"Telefuturo: Vive la Vida celebra 23 años, TF Stream 2 y estrena Calle 7: Al Límite",2026-09-19 21:00:00-03:00,0.8154,0,14561,14886,11,11,1,0,1,0,0.047619047619047616,5.658710952916121,0.044267370824147466,úh,,úh,,0
14561,Última Hora,"Telefuturo: Vive la Vida celebra 23 años, TF Stream 2 y estrena Calle 7: Al Límite",2026-09-19 21:00:00-03:00,15389,Diario Paraguayo Noticias,Latele cumple 18 años con nueva sede y tecnología | Diario Paraguayo,2026-09-20 21:00:00-03:00,0.8085,0,14561,15389,11,17,1,0,1,0,0.037037037037037035,5.658710952916121,0.03438793051548579,úh,,úh,,0
14561,Última Hora,"Telefuturo: Vive la Vida celebra 23 años, TF Stream 2 y estrena Calle 7: Al Límite",2026-09-19 21:00:00-03:00,15402,Extra,¡Sanie y Rubén celebran los 23 años con Vive la Vida!,2026-09-20 21:00:00-03:00,0.8316,0,14561,15402,11,14,1,1,0,0,0.041666666666666664,5.946393025367902,0.03950171683452387,dani willigs,dani willigs,,,0
14561,Última Hora,"Telefuturo: Vive la Vida celebra 23 años, TF Stream 2 y estrena Calle 7: Al Límite",2026-09-19 21:00:00-03:00,15404,Extra,Kiara Coronel festeja los 2 años de TF Stream: “Somos los únicos con conductores preparados”,2026-09-20 21:00:00-03:00,0.8261,0,14561,15404,11,7,1,0,1,0,0.058823529411764705,5.946393025367902,0.056059944752893234,tf stream,,tf stream,,0
15325,ABC Color,"Orlando Gill y Meli Ávalos, enamorados en París - Gente - ABC Color",2026-09-20 21:00:00-03:00,14562,Última Hora,El casamiento de Arlette y Fabrizio,2026-09-19 21:00:00-03:00,0.7714,0,14562,15325,12,8,0,0,0,0,0.0,0.0,0.0,,,,,0
14564,La Nación,"La Nación / En Capiatá, 95 parejas dan el “sí” y suman más de 7.100 bodas comunitarias",2026-09-19 21:00:00-03:00,14563,Última Hora,"Constanza y Carlos dieron el sí, quiero",2026-09-19 21:00:00-03:00,0.8058,0,14563,14564,8,10,0,0,0,0,0.0,0.0,0.0,,,,,0
14564,La Nación,"La Nación / En Capiatá, 95 parejas dan el “sí” y suman más de 7.100 bodas comunitarias",2026-09-19 21:00:00-03:00,14647,Diario Paraguayo Noticias,"En Capiatá, 95 parejas dan el “sí” y suman más de 7.100 bodas comunitarias | Diario Paraguayo",2026-09-19 21:00:00-03:00,0.9895,2,14564,14647,8,9,7,1,3,3,0.7,36.60979054617639,0.721544212742381,capiatá | cooperativa capiatá | dios | fundación santa librada | misiones | posta ybycuá | santa rosa,dios,cooperativa capiatá | fundación santa librada | posta ybycuá,capiatá | misiones | santa rosa,1
14564,La Nación,"La Nación / En Capiatá, 95 parejas dan el “sí” y suman más de 7.100 bodas comunitarias",2026-09-19 21:00:00-03:00,14664,Diario Paraguayo Noticias,95 parejas formalizaron unión en Capiatá | Diario Paraguayo,2026-09-19 21:00:00-03:00,0.9769,2,14564,14664,8,9,7,1,3,3,0.7,36.60979054617639,0.721544212742381,capiatá | dios | fundación santa librada | misiones | parroquia inmaculada concepción | posta ybycuá | santa rosa,dios,fundación santa librada | parroquia inmaculada concepción | posta ybycuá,capiatá | misiones | santa rosa,1
14657,La Nación,La Nación / IPS Ingavi habilita un consultorio especializado en cirugía vascular,2026-09-19 21:00:00-03:00,14565,La Nación,La Nación / Canindeyú registra cerca de 60.000 atenciones médicas en agosto,2026-09-19 21:00:00-03:00,0.742,0,14565,14657,10,8,0,0,0,0,0.0,0.0,0.0,,,,,0
15489,ABC Color,Senado culmina audiencias y avanza hacia las ternas para la Defensoría del Pueblo - Política - ABC Color,2026-09-20 21:00:00-03:00,14566,La Nación,La Nación / Candidata de Lista 1 no objetará mesas del PLRA en Capiatá pese a vencer plazo electoral,2026-09-19 21:00:00-03:00,0.7878,0,14566,15489,24,21,1,0,1,0,0.022727272727272728,4.1546335561398475,0.016693301757384024,anr,,anr,,0
15560,Última Hora,"Biblioteca Nacional: 139 años de memoria, libros y patrimonio",2026-09-20 21:00:00-03:00,14576,La Nación,La Nación / Proyectos financiados por el BID deberán ajustarse a nuevas reglas de acceso a la información,2026-09-19 21:00:00-03:00,0.7164,0,14576,15560,9,7,1,0,0,1,0.06666666666666667,2.326506442740917,0.027874228242408868,paraguay,,,paraguay,0
14577,La Nación,La Nación / Dionisio Amarilla reivindica la unidad opositora y el cumplimiento de los acuerdos,2026-09-19 21:00:00-03:00,14630,ABC Color,ANR busca unidad en Ayolas y minimiza crisis de la cúpula nacional - Política - ABC Color,2026-09-19 21:00:00-03:00,0.8776,0,14577,14630,23,25,1,0,1,0,0.02127659574468085,4.965563772356176,0.019313909265100862,plra,,plra,,0
14577,La Nación,La Nación / Dionisio Amarilla reivindica la unidad opositora y el cumplimiento de los acuerdos,2026-09-19 21:00:00-03:00,14643,Diario Paraguayo Noticias,Dionisio Amarilla reivindica la unidad opositora y el cumplimiento de los acuerdos | Diario Paraguayo,2026-09-19 21:00:00-03:00,0.9896,2,14577,14643,23,26,21,10,4,7,0.75,109.87722990451284,0.7233624512274057,aldo lepretti | amarilla | cambyretá | carlos pereira | carnación | claudio chávez | congreso | coronel bogado | di | dionisio amarilla | directorio del partido liberal radical auténtico | diálogo azul | en | encarnación | gloria arregui | itapúa | luis yd | onisio amarilla | paraguay | plra | san juan del paraná,aldo lepretti | amarilla | carlos pereira | claudio chávez | coronel bogado | di | dionisio amarilla | gloria arregui | luis yd | onisio amarilla,congreso | directorio del partido liberal radical auténtico | diálogo azul | plra,cambyretá | carnación | en | encarnación | itapúa | paraguay | san juan del paraná,1
14577,La Nación,La Nación / Dionisio Amarilla reivindica la unidad opositora y el cumplimiento de los acuerdos,2026-09-19 21:00:00-03:00,14661,Diario Paraguayo Noticias,Amarilla reivindica unidad opositora y cumplimiento de acuerdos | Diario Paraguayo,2026-09-19 21:00:00-03:00,0.9755,2,14577,14661,23,22,18,9,4,5,0.6666666666666666,93.1242405970787,0.6509402228167985,aldo lepretti | amarilla | cambyretá | carlos pereira | claudio chávez | congreso | di | dionisio amarilla | directorio del partido liberal radical auténtico | diálogo azul | encarnación | gloria arregui | itapúa | luis yd | onisio amarilla | paraguay | plra | san juan del paraná,aldo lepretti | amarilla | carlos pereira | claudio chávez | di | dionisio amarilla | gloria arregui | luis yd | onisio amarilla,congreso | directorio del partido liberal radical auténtico | diálogo azul | plra,cambyretá | encarnación | itapúa | paraguay | san juan del paraná,1
14577,La Nación,La Nación / Dionisio Amarilla reivindica la unidad opositora y el cumplimiento de los acuerdos,2026-09-19 21:00:00-03:00,15120,ABC Color,Senador minimiza disputas internas en HC y apunta a los 10 distritos de Misiones - Política - ABC Color,2026-09-20 21:00:00-03:00,0.8675,0,14577,15120,23,19,0,0,0,0,0.0,0.0,0.0,,,,,0
14577,La Nación,La Nación / Dionisio Amarilla reivindica la unidad opositora y el cumplimiento de los acuerdos,2026-09-19 21:00:00-03:00,15205,Resumen de Noticias,Alliana asume el gobierno ante fractura interna en HC,2026-09-20 21:00:00-03:00,0.8624,0,14577,15205,23,20,0,0,0,0,0.0,0.0,0.0,,,,,0
14580,La Nación,La Nación / Otra victoria y clasificación,2026-09-19 21:00:00-03:00,14605,Resumen de Noticias,Team Paraguay suma 22 medallas en los Juegos Odesur 2026,2026-09-19 21:00:00-03:00,0.934,1,14580,14605,25,21,12,7,4,1,0.35294117647058826,62.630061541135795,0.32439357007682534,argentina | carla león | eduardo delmás | gabriela | gabriela narváez | julieta escobar | kevin amarilla | paloma narváez | paraguay | team paraguay | uruguay | venezuela,carla león | eduardo delmás | gabriela | gabriela narváez | julieta escobar | kevin amarilla | paloma narváez,paraguay | team paraguay | uruguay | venezuela,argentina,0
14580,La Nación,La Nación / Otra victoria y clasificación,2026-09-19 21:00:00-03:00,15231,Crónica,[VÍDEO] Paraguay termina puntero de su grupo en los Odesur,2026-09-20 21:00:00-03:00,0.8765,2,14580,15231,25,13,6,0,3,3,0.1875,27.331193010633285,0.15285926360239294,albirroja | argentina | estadio marcelo bielsa | paraguay | rosario | uruguay,,albirroja | paraguay | uruguay,argentina | estadio marcelo bielsa | rosario,1
14580,La Nación,La Nación / Otra victoria y clasificación,2026-09-19 21:00:00-03:00,15365,Resumen de Noticias,Albirroja Sub 20 avanza de manera invicta a semifinales de los Juegos Odesur,2026-09-20 21:00:00-03:00,0.9182,2,14580,15365,25,19,7,1,6,0,0.1891891891891892,31.20861579418865,0.14936235801250883,albirroja | albirroja sub-20 | antolín alcaraz | argentina | paraguay | uruguay | venezuela,antolín alcaraz,albirroja | albirroja sub-20 | argentina | paraguay | uruguay | venezuela,,1
14580,La Nación,La Nación / Otra victoria y clasificación,2026-09-19 21:00:00-03:00,15456,Amambay News,Paraguay avanza invicto y espera rival - Amambay News,2026-09-20 21:00:00-03:00,0.8648,2,14580,15456,25,13,5,1,3,1,0.15151515151515152,22.547950795071067,0.12166380477190905,albirroja | antolín alcaraz | estadio marcelo bielsa | paraguay | uruguay,antolín alcaraz,albirroja | paraguay | uruguay,estadio marcelo bielsa,1
14580,La Nación,La Nación / Otra victoria y clasificación,2026-09-19 21:00:00-03:00,15482,adn,Paraguay empata con Uruguay y avanza a semifinales del Odesur como líder de grupo - ADN Digital,2026-09-20 21:00:00-03:00,0.8521,2,14580,15482,25,15,7,2,5,0,0.21212121212121213,30.920933721736866,0.16413234336763707,albirroja | antolín alcaraz | argentina | eduardo delmás | paraguay | uruguay | venezuela,antolín alcaraz | eduardo delmás,albirroja | argentina | paraguay | uruguay | venezuela,,1
15180,Última Hora,El diseñador paraguayo Simón Villalba es reconocido como Mejor Diseñador en Nueva York,2026-09-20 21:00:00-03:00,14584,La Nación,La Nación / Un paraguayo es elegido Mejor Diseñador de la Temporada en la New York Fashion Week,2026-09-19 21:00:00-03:00,0.9559,2,14584,15180,8,6,5,1,0,4,0.5555555555555556,20.55998065688839,0.45943045850346875,estados unidos | nueva jersey | nueva york | paraguay | villalba,villalba,,estados unidos | nueva jersey | nueva york | paraguay,1
14768,La Nación,"La Nación / Neruda y Paraguay: un diálogo entre la poesía, el exilio y la memoria",2026-09-19 21:00:00-03:00,14590,La Nación,La Nación / Fiestas patrias: distinguida cita en la Embajada de Chile,2026-09-19 21:00:00-03:00,0.7236,0,14590,14768,15,11,3,0,0,3,0.13043478260869565,10.40524989640878,0.07689949691577003,asunción | chile | paraguay,,,asunción | chile | paraguay,0
14808,Ñanduti,Patria Querida afirma que la visita de Santiago Peña a Delcy Rodríguez en Venezuela “avergüenza” al Paraguay,2026-09-19 21:00:00-03:00,14593,UNICANAL,Santiago Peña se reúne con Delcy Rodríguez en Venezuela | Unicanal,2026-09-19 21:00:00-03:00,0.8903,2,14593,14808,12,12,4,3,0,1,0.2,15.25958803365473,0.15812148876433238,delcy rodríguez | peña | santiago peña | venezuela,delcy rodríguez | peña | santiago peña,,venezuela,1
15465,ABC Color,Líderes de 22 países e instituciones reclaman supervisión humana para la IA - Tecnología - ABC Color,2026-09-20 21:00:00-03:00,14598,5Días,Trump acelera la carrera por la IA y prepara un nuevo “zar”,2026-09-19 21:00:00-03:00,0.8245,1,14598,15465,29,4,0,0,0,0,0.0,0.0,0.0,,,,,0
14603,El Independiente,Paraguay se encuentra en un punto de inflexión histórica,2026-09-19 21:00:00-03:00,14601,El Independiente,De pirata a enclave del lujo,2026-09-19 21:00:00-03:00,0.7879,0,14601,14603,12,4,1,0,0,1,0.06666666666666667,2.326506442740917,0.03017262396131876,paraguay,,,paraguay,0
14603,El Independiente,Paraguay se encuentra en un punto de inflexión histórica,2026-09-19 21:00:00-03:00,15359,5Días,Paraguay atrae más capital extranjero y cambia su perfil de inversión,2026-09-20 21:00:00-03:00,0.8071,0,14603,15359,12,2,1,0,0,1,0.07692307692307693,2.326506442740917,0.03305437016613698,paraguay,,,paraguay,0
14603,El Independiente,Paraguay se encuentra en un punto de inflexión histórica,2026-09-19 21:00:00-03:00,15470,Última Hora,Analista sugiere cambios en el BCP para recuperar confianza en el sector financiero,2026-09-20 21:00:00-03:00,0.7894,0,14603,15470,12,15,1,0,0,1,0.038461538461538464,2.326506442740917,0.01688757818070023,paraguay,,,paraguay,0
14747,Ñanduti,Paraguay y Venezuela anuncian una “nueva etapa” y apuntan a restablecer plenamente sus relaciones diplomáticas,2026-09-19 21:00:00-03:00,14604,Resumen de Noticias,Santiago Peña y Delcy Rodríguez firman documento para afianzar lazos bilaterales,2026-09-19 21:00:00-03:00,0.936,2,14604,14747,12,14,7,4,2,2,0.3684210526315789,27.176295434137405,0.28213343293209237,caracas | delcy rodríguez | paraguay | peña | rodríguez | santiago peña | venezuela,delcy rodríguez | peña | rodríguez | santiago peña,paraguay | venezuela,caracas | venezuela,1
15115,Ñanduti,Lunes caluroso con tormentas y máxima de 35 grados: el martes la temperatura bajaría hasta 21 grados,2026-09-20 21:00:00-03:00,14606,Resumen de Noticias,Prevén caluroso inicio de semana y luego frente frío,2026-09-19 21:00:00-03:00,0.8653,1,14606,15115,13,8,2,0,2,0,0.10526315789473684,10.352341009788656,0.10309143596288477,dirección de meteorología e hidrología | dmh,,dirección de meteorología e hidrología | dmh,,0
15550,Última Hora,"Titular del BCP, Baruja y Marco Riquelme integran la comitiva de Peña en EEUU",2026-09-20 21:00:00-03:00,14609,adn,"Es Alliana quien debe elegir a su dupla, según Baruja - ADN Digital",2026-09-19 21:00:00-03:00,0.8915,0,14609,15550,26,11,8,7,0,0,0.27586206896551724,33.12920297131491,0.23303249961969028,alliana | baruja | cartes | honor colorado | horacio cartes | juan carlos baruja | pedro alliana | santiago peña,alliana | baruja | cartes | horacio cartes | juan carlos baruja | pedro alliana | santiago peña,,,0
15119,ABC Color,San Ignacio: trabajadores de salud cierran la ruta PY01 y exigen aumento salarial del 50% - Nacionales - ABC Color,2026-09-20 21:00:00-03:00,14611,adn,Unos 16 sindicatos de Salud marcharán por reajuste salarial y carrera sanitaria - ADN Digital,2026-09-19 21:00:00-03:00,0.8705,1,14611,15119,13,18,1,1,0,0,0.03333333333333333,4.742420221041966,0.028588470860458657,isaías fretes,isaías fretes,,,0
15489,ABC Color,Senado culmina audiencias y avanza hacia las ternas para la Defensoría del Pueblo - Política - ABC Color,2026-09-20 21:00:00-03:00,14612,adn,Rigo Chamorro propone una Junta Municipal con “menos confrontación y más soluciones” - ADN Digital,2026-09-19 21:00:00-03:00,0.7909,0,14612,15489,24,25,1,0,1,0,0.020833333333333332,4.1546335561398475,0.014531560886082465,anr,,anr,,0
14796,Amambay News,Paraguay duplica las pruebas de VIH y agiliza inicio de los tratamientos en todo el país - Amambay News,2026-09-19 21:00:00-03:00,14615,adn,Paraguay supera las 350.000 pruebas de VIH y avanza en el tratamiento temprano - ADN Digital,2026-09-19 21:00:00-03:00,0.9212,2,14615,14796,2,3,0,0,0,0,0.0,0.0,0.0,,,,,1
14809,ABC Color,El partido de Putin se perfila ganador en elecciones rusas marcadas por ataque ucraniano - Mundo - ABC Color,2026-09-19 21:00:00-03:00,14619,adn,Las elecciones en Rusia entran en su última jornada tras denuncias de fraude y una baja participación del electorado - ADN Digital,2026-09-19 21:00:00-03:00,0.9397,1,14619,14809,14,22,5,2,2,1,0.16129032258064516,26.699865209114645,0.1503046592503659,ldpr | moscú | putin | rusia unida | serguéi sobianin,putin | serguéi sobianin,ldpr | rusia unida,moscú,0
15114,Ñanduti,"Rusia Unida obtiene su mejor resultado histórico y revalida la mayoría constitucional en la Duma, según datos oficiales",2026-09-20 21:00:00-03:00,14619,adn,Las elecciones en Rusia entran en su última jornada tras denuncias de fraude y una baja participación del electorado - ADN Digital,2026-09-19 21:00:00-03:00,0.8456,2,14619,15114,15,22,8,1,6,1,0.27586206896551724,44.16620440442627,0.265922987995532,kremlin | nikolái ribakov | partido comunista | rusia justa | rusia unida | tribunal supremo | ucrania | yábloko,nikolái ribakov,kremlin | partido comunista | rusia justa | rusia unida | tribunal supremo | yábloko,ucrania,1
14822,ABC Color,Miguel Prieto: “Honor Colorado está usando al BCP como garrote” - Política - ABC Color,2026-09-20 21:00:00-03:00,14622,ABC Color,Filizzola acusa a Peña y al cartismo de poner en riesgo los fondos públicos y del IPS - Política - ABC Color,2026-09-19 21:00:00-03:00,0.8497,0,14622,14822,15,23,4,0,3,0,0.11764705882352941,15.326321945355737,0.08828337043490195,banco central del paraguay | bcp | estado | honor colorado,,banco central del paraguay | bcp | estado,,0
15429,Ñanduti,Imputan a las máximas autoridades de APA por presunta lesión de confianza por cerca de G 2.000 millones,2026-09-20 21:00:00-03:00,14622,ABC Color,Filizzola acusa a Peña y al cartismo de poner en riesgo los fondos públicos y del IPS - Política - ABC Color,2026-09-19 21:00:00-03:00,0.7911,0,14622,15429,14,23,0,0,0,0,0.0,0.0,0.0,,,,,0
14874,Última Hora,Jóvenes denuncian injusticias y reclaman oportunidades reales,2026-09-20 21:00:00-03:00,14623,ABC Color,"Iglesia llama a jóvenes a no entregar la patria a quienes siembran “muerte, violencia y corrupción” - Nacionales - ABC Color",2026-09-19 21:00:00-03:00,0.8897,0,14623,14874,7,6,1,0,1,0,0.08333333333333333,5.099095164980699,0.07587706750123414,iglesia,,iglesia,,0
14677,ABC Color,Gobernador vaticina victoria de la ANR en los 10 distritos de Misiones - Política - ABC Color,2026-09-19 21:00:00-03:00,14630,ABC Color,ANR busca unidad en Ayolas y minimiza crisis de la cúpula nacional - Política - ABC Color,2026-09-19 21:00:00-03:00,0.9138,2,14630,14677,11,25,8,2,2,4,0.2857142857142857,40.25359847855025,0.26084753284045314,anr | ayolas | josé mutti | misiones | partido colorado | richard ramírez | san patricio | santa rosa,josé mutti | richard ramírez,anr | partido colorado,ayolas | misiones | san patricio | santa rosa,1
14631,ABC Color,Bomberos advierten sobre hundimiento del asfalto sobre ruta PY06 en Trinidad - Economía - ABC Color,2026-09-19 21:00:00-03:00,15492,ABC Color,San Ignacio: OCM reclama asistencia tras la inundación de campo comunal - Economía - ABC Color,2026-09-20 21:00:00-03:00,0.8096,0,14631,15492,7,20,0,0,0,0,0.0,0.0,0.0,,,,,0
14999,Diario Paraguayo Noticias,EE. UU. y China establecen diálogo sobre IA | Diario Paraguayo,2026-09-20 21:00:00-03:00,14638,Diario Paraguayo Noticias,China y EEUU afinan visita de Xi con tregua comercial en juego | Diario Paraguayo,2026-09-19 21:00:00-03:00,0.9221,0,14638,14999,16,18,9,5,3,1,0.36,45.70239991815359,0.3338912910040938,bessent | china | donald trump | he lifeng | nueva york | pekín | scott bessent | washington | xi jinping,bessent | donald trump | he lifeng | scott bessent | xi jinping,china | pekín | washington,nueva york,0
14770,La Nación,"La Nación / IA, desinfodemia y Sun Tzu",2026-09-19 21:00:00-03:00,14640,Diario Paraguayo Noticias,¿Se puede “apagar” una inteligencia artificial? | Diario Paraguayo,2026-09-19 21:00:00-03:00,0.8059,0,14640,14770,9,8,1,0,1,0,0.0625,5.253245844807957,0.05289493552792474,afp,,afp,,0
15560,Última Hora,"Biblioteca Nacional: 139 años de memoria, libros y patrimonio",2026-09-20 21:00:00-03:00,14645,Diario Paraguayo Noticias,Proyectos financiados por el BID deberán ajustarse a nuevas reglas de acceso a la información | Diario Paraguayo,2026-09-19 21:00:00-03:00,0.7134,0,14645,15560,9,7,1,0,0,1,0.06666666666666667,2.326506442740917,0.028444720296083793,paraguay,,,paraguay,0
14657,La Nación,La Nación / IPS Ingavi habilita un consultorio especializado en cirugía vascular,2026-09-19 21:00:00-03:00,14646,Diario Paraguayo Noticias,Canindeyú: 60.000 atenciones médicas en agosto | Diario Paraguayo,2026-09-19 21:00:00-03:00,0.7188,0,14646,14657,10,10,0,0,0,0,0.0,0.0,0.0,,,,,0
14681,La Nación,La Nación / XV Feria de Aves de Sudamérica finaliza hoy con una atractiva agenda para la ciudadanía,2026-09-19 21:00:00-03:00,14652,Última Hora,Más de 150 gua’a embellecen el cielo en el Departamento Central,2026-09-19 21:00:00-03:00,0.8016,0,14652,14681,11,14,1,0,0,1,0.041666666666666664,2.326506442740917,0.018285140286232314,paraguay,,,paraguay,0
14656,La Nación,La Nación / Tragedia en Capiatá: discusión vecinal termina con un fallecido y un herido,2026-09-19 21:00:00-03:00,14853,ABC Color,Capiatá: hombre mató a tiros a joven por cruzar su cancha de vóley - Policiales - ABC Color,2026-09-20 21:00:00-03:00,0.9244,2,14656,14853,15,14,4,1,1,2,0.16,19.754285675216643,0.13860156677748908,capiatá | divino niño jesús | ministerio público | ulises fabián candia báez,ulises fabián candia báez,ministerio público,capiatá | divino niño jesús,1
14657,La Nación,La Nación / IPS Ingavi habilita un consultorio especializado en cirugía vascular,2026-09-19 21:00:00-03:00,14682,El Independiente,Ministro de salud llevará sus visitas sorpresa a hospitales de todo el país,2026-09-19 21:00:00-03:00,0.6997,0,14657,14682,10,6,0,0,0,0,0.0,0.0,0.0,,,,,0
14657,La Nación,La Nación / IPS Ingavi habilita un consultorio especializado en cirugía vascular,2026-09-19 21:00:00-03:00,15217,Megacadena,Maratón de Cirugías del IPS Ciudad del Este concluyó con 213 procedimientos a 181 pacientes,2026-09-20 21:00:00-03:00,0.7291,0,14657,15217,10,4,0,0,0,0,0.0,0.0,0.0,,,,,0
14657,La Nación,La Nación / IPS Ingavi habilita un consultorio especializado en cirugía vascular,2026-09-19 21:00:00-03:00,15573,Resumen de Noticias,“No sirve el hecho de ir a marcar y tomar tereré”: Fretes advierte controles estrictos a médicos,2026-09-20 21:00:00-03:00,0.6851,0,14657,15573,10,8,0,0,0,0,0.0,0.0,0.0,,,,,0
14770,La Nación,"La Nación / IA, desinfodemia y Sun Tzu",2026-09-19 21:00:00-03:00,14660,Diario Paraguayo Noticias,¿Es posible detener una inteligencia artificial? | Diario Paraguayo,2026-09-19 21:00:00-03:00,0.8043,0,14660,14770,9,5,0,0,0,0,0.0,0.0,0.0,,,,,0
15560,Última Hora,"Biblioteca Nacional: 139 años de memoria, libros y patrimonio",2026-09-20 21:00:00-03:00,14663,Diario Paraguayo Noticias,Instituciones paraguayas se adecuan a política de acceso a la información del BID | Diario Paraguayo,2026-09-19 21:00:00-03:00,0.7276,0,14663,15560,9,7,1,0,0,1,0.06666666666666667,2.326506442740917,0.028444720296083793,paraguay,,,paraguay,0
14677,ABC Color,Gobernador vaticina victoria de la ANR en los 10 distritos de Misiones - Política - ABC Color,2026-09-19 21:00:00-03:00,14667,Última Hora,"Dirigentes admiten preferencias, pero relativizan interna por vice",2026-09-19 21:00:00-03:00,0.8656,0,14667,14677,11,12,2,2,0,0,0.09523809523809523,8.484208561776025,0.0796695928536129,césar sosa | pedro alliana,césar sosa | pedro alliana,,,0
14667,Última Hora,"Dirigentes admiten preferencias, pero relativizan interna por vice",2026-09-19 21:00:00-03:00,14896,La Nación,La Nación / Baruja ratifica la potestad de Alliana para la elección de su dupla tras las municipales,2026-09-20 21:00:00-03:00,0.9144,2,14667,14896,12,17,6,5,0,0,0.2608695652173913,25.987952457171804,0.2328853424862017,alliana | césar sosa | honor colorado | juan carlos baruja | pedro alliana | raúl latorre,alliana | césar sosa | juan carlos baruja | pedro alliana | raúl latorre,,,1
14667,Última Hora,"Dirigentes admiten preferencias, pero relativizan interna por vice",2026-09-19 21:00:00-03:00,14988,Diario Paraguayo Noticias,Baruja ratifica la potestad de Alliana para la elección de su dupla tras las municipales | Diario Paraguayo,2026-09-20 21:00:00-03:00,0.9074,2,14667,14988,12,17,6,5,0,0,0.2608695652173913,25.987952457171804,0.23701843378675325,alliana | césar sosa | honor colorado | juan carlos baruja | pedro alliana | raúl latorre,alliana | césar sosa | juan carlos baruja | pedro alliana | raúl latorre,,,1
14667,Última Hora,"Dirigentes admiten preferencias, pero relativizan interna por vice",2026-09-19 21:00:00-03:00,15116,ABC Color,"Crisis en Honor Colorado: “Lo que se ve no se pregunta”, dice Beto Ovelar - Nacionales - ABC Color",2026-09-20 21:00:00-03:00,0.9109,2,14667,15116,12,16,3,2,0,0,0.12,12.40464873041508,0.09856626480989077,honor colorado | juan carlos baruja | pedro alliana,juan carlos baruja | pedro alliana,,,1
14667,Última Hora,"Dirigentes admiten preferencias, pero relativizan interna por vice",2026-09-19 21:00:00-03:00,15205,Resumen de Noticias,Alliana asume el gobierno ante fractura interna en HC,2026-09-20 21:00:00-03:00,0.9099,1,14667,15205,12,20,4,3,0,0,0.14285714285714285,16.482909307770353,0.12024000377600487,alliana | césar sosa | honor colorado | pedro alliana,alliana | césar sosa | pedro alliana,,,0
14667,Última Hora,"Dirigentes admiten preferencias, pero relativizan interna por vice",2026-09-19 21:00:00-03:00,15281,ABC Color,"Crisis en Honor Colorado: “Lo que se ve no se pregunta”, dice Beto Ovelar - Política - ABC Color",2026-09-20 21:00:00-03:00,0.9089,2,14667,15281,12,16,3,2,0,0,0.12,12.40464873041508,0.09760325786996338,honor colorado | juan carlos baruja | pedro alliana,juan carlos baruja | pedro alliana,,,1
14747,Ñanduti,Paraguay y Venezuela anuncian una “nueva etapa” y apuntan a restablecer plenamente sus relaciones diplomáticas,2026-09-19 21:00:00-03:00,14668,Última Hora,Peña inicia diálogo con Delcy para reanudar relaciones con Venezuela,2026-09-19 21:00:00-03:00,0.9455,2,14668,14747,12,18,8,4,3,3,0.36363636363636365,32.611862835739316,0.2979799070587425,caracas | delcy rodríguez | paraguay | peña | presidencia | rodríguez | santiago peña | venezuela,delcy rodríguez | peña | rodríguez | santiago peña,paraguay | presidencia | venezuela,caracas | paraguay | venezuela,1
14808,Ñanduti,Patria Querida afirma que la visita de Santiago Peña a Delcy Rodríguez en Venezuela “avergüenza” al Paraguay,2026-09-19 21:00:00-03:00,14668,Última Hora,Peña inicia diálogo con Delcy para reanudar relaciones con Venezuela,2026-09-19 21:00:00-03:00,0.899,2,14668,14808,12,18,8,4,0,3,0.36363636363636365,30.724793186706936,0.27684082705888935,caracas | delcy rodríguez | gobierno | paraguay | peña | rodríguez | santiago peña | venezuela,delcy rodríguez | peña | rodríguez | santiago peña,,caracas | paraguay | venezuela,1
15491,ABC Color,Elecciones Municipales: La importancia de los observadores - Política - ABC Color,2026-09-20 21:00:00-03:00,14669,Última Hora,Justicia Electoral y el Ministerio Público coordinan aplicación del Voto Asistido,2026-09-19 21:00:00-03:00,0.7933,0,14669,15491,10,7,0,0,0,0,0.0,0.0,0.0,,,,,0
14670,La Nación,La Nación / Vende sopa paraguaya en Argentina para cumplir su sueño: estudiar en la universidad,2026-09-19 21:00:00-03:00,14827,ABC Color,Estudiar en el país de los títulos falsos: el amargo contraste de ser joven hoy en Paraguay - Nacionales - ABC Color,2026-09-20 21:00:00-03:00,0.7394,0,14670,14827,8,12,0,0,0,0,0.0,0.0,0.0,,,,,0
14670,La Nación,La Nación / Vende sopa paraguaya en Argentina para cumplir su sueño: estudiar en la universidad,2026-09-19 21:00:00-03:00,14832,ABC Color,Día de la Juventud: un emprendedor que incursiona en la relojería - ABC en el Este - ABC Color,2026-09-20 21:00:00-03:00,0.7336,0,14670,14832,8,2,0,0,0,0,0.0,0.0,0.0,,,,,0
14670,La Nación,La Nación / Vende sopa paraguaya en Argentina para cumplir su sueño: estudiar en la universidad,2026-09-19 21:00:00-03:00,15157,San Lorenzo Py,"Don Felipe, el “Rey del bollo” que trabaja desde hace 25 años en las calles de San Lorenzo » San Lorenzo PY",2026-09-20 21:00:00-03:00,0.7402,0,14670,15157,8,16,0,0,0,0,0.0,0.0,0.0,,,,,0
14670,La Nación,La Nación / Vende sopa paraguaya en Argentina para cumplir su sueño: estudiar en la universidad,2026-09-19 21:00:00-03:00,15226,Extra,Joven salteño vende sopa paraguaya con la receta que le dio su abuela,2026-09-20 21:00:00-03:00,0.8752,2,14670,15226,8,13,4,1,1,2,0.23529411764705882,22.111595667899937,0.23304885951622278,argentina | barrio miguel ortiz | brandon | informate salta,brandon,informate salta,argentina | barrio miguel ortiz,1
14670,La Nación,La Nación / Vende sopa paraguaya en Argentina para cumplir su sueño: estudiar en la universidad,2026-09-19 21:00:00-03:00,15232,Crónica,Nuestro vori vori sigue mandando en el mundo ??,2026-09-20 21:00:00-03:00,0.731,0,14670,15232,8,3,0,0,0,0,0.0,0.0,0.0,,,,,0
14675,Itapúa en Noticias,TRES PERSONAS ABANDONAN ANIMAL VACUNO TRAS HUIR DE LA POLICÍA EN ALTO VERÁ,2026-09-19 21:00:00-03:00,15073,Concepción al Día,Faenan una vaca preñada en estancia de San Carlos del Apa - Concepción al Día,2026-09-20 21:00:00-03:00,0.8316,0,14675,15073,6,9,1,0,1,0,0.07142857142857142,3.3814436679063653,0.04149972637786351,ministerio público,,ministerio público,,0
14675,Itapúa en Noticias,TRES PERSONAS ABANDONAN ANIMAL VACUNO TRAS HUIR DE LA POLICÍA EN ALTO VERÁ,2026-09-19 21:00:00-03:00,15077,Itapúa en Noticias,“CAZAN” CAMIONETAS EN ITAPÚA Y LAS ESCONDEN EN CAAZAPÁ,2026-09-20 21:00:00-03:00,0.7939,0,14675,15077,6,7,1,0,0,1,0.08333333333333333,4.560098664248011,0.06932173395370217,república del paraguay,,,república del paraguay,0
14676,Ñanduti,"Juventud paraguaya: 1,5 millones enfrentan informalidad, pobreza y el desafío de acceder a más oportunidades",2026-09-19 21:00:00-03:00,15248,Ahora CDE,"En Paraguay el 24,7% de la población tiene entre 15 y 29 años de edad",2026-09-20 21:00:00-03:00,0.8917,0,14676,15248,4,3,3,0,2,1,0.75,11.366661063563402,0.6839184555142168,ine | instituto nacional de estadística | paraguay,,ine | instituto nacional de estadística,paraguay,0
14676,Ñanduti,"Juventud paraguaya: 1,5 millones enfrentan informalidad, pobreza y el desafío de acceder a más oportunidades",2026-09-19 21:00:00-03:00,15300,Megacadena,El acceso al primer empleo formal continúa siendo uno de los principales desafíos para los jóvenes en Paraguay,2026-09-20 21:00:00-03:00,0.8869,0,14676,15300,4,4,1,0,0,1,0.14285714285714285,2.326506442740917,0.06521303588319272,paraguay,,,paraguay,0
14676,Ñanduti,"Juventud paraguaya: 1,5 millones enfrentan informalidad, pobreza y el desafío de acceder a más oportunidades",2026-09-19 21:00:00-03:00,15316,ABC Color,"Día de la Juventud: desempleo golpea con más fuerza a menores de 25 años, revela MTESS - Economía - ABC Color",2026-09-20 21:00:00-03:00,0.8943,0,14676,15316,4,5,2,0,1,1,0.2857142857142857,6.806562399315392,0.2004981205809635,ine | paraguay,,ine,paraguay,0
14676,Ñanduti,"Juventud paraguaya: 1,5 millones enfrentan informalidad, pobreza y el desafío de acceder a más oportunidades",2026-09-19 21:00:00-03:00,15529,Itapúa en Noticias,MERCADO LABORAL JUVENIL REGISTRA AVANCES EN FORMALIZACIÓN,2026-09-20 21:00:00-03:00,0.8816,0,14676,15529,4,6,3,0,2,1,0.42857142857142855,11.366661063563402,0.32602344522891175,ine | instituto nacional de estadística | paraguay,,ine | instituto nacional de estadística,paraguay,0
14677,ABC Color,Gobernador vaticina victoria de la ANR en los 10 distritos de Misiones - Política - ABC Color,2026-09-19 21:00:00-03:00,15120,ABC Color,Senador minimiza disputas internas en HC y apunta a los 10 distritos de Misiones - Política - ABC Color,2026-09-20 21:00:00-03:00,0.9205,2,14677,15120,11,19,7,2,2,3,0.30434782608695654,34.81803107694834,0.2897716889614638,anr | ayolas | josé mutti | misiones | partido colorado | richard ramírez | santa rosa,josé mutti | richard ramírez,anr | partido colorado,ayolas | misiones | santa rosa,1
14677,ABC Color,Gobernador vaticina victoria de la ANR en los 10 distritos de Misiones - Política - ABC Color,2026-09-19 21:00:00-03:00,15192,HOY,"Diario HOY | “Tenemos Honor Colorado para rato”, predice Bachi",2026-09-20 21:00:00-03:00,0.8729,0,14677,15192,11,19,2,1,1,0,0.07142857142857142,8.427050147936079,0.05939354068191637,anr | césar sosa,césar sosa,anr,,0
14677,ABC Color,Gobernador vaticina victoria de la ANR en los 10 distritos de Misiones - Política - ABC Color,2026-09-19 21:00:00-03:00,15205,Resumen de Noticias,Alliana asume el gobierno ante fractura interna en HC,2026-09-20 21:00:00-03:00,0.8708,0,14677,15205,11,20,3,2,1,0,0.10714285714285714,12.9642645183505,0.09546253140097256,césar sosa | partido colorado | pedro alliana,césar sosa | pedro alliana,partido colorado,,0
14678,Última Hora,Trump dice que los hutíes de Yemen aceptaron no luchar contra EEUU,2026-09-19 21:00:00-03:00,14696,Diario Paraguayo Noticias,Trump dice que los hutíes de Yemen aceptaron no luchar contra EEUU | Diario Paraguayo,2026-09-19 21:00:00-03:00,0.9875,2,14678,14696,10,12,8,2,3,3,0.5714285714285714,40.63275195449919,0.5496435798040752,arabia saudita | eeuu | estados unidos | fox news | irlanda | trump | yemen | yingst,trump | yingst,eeuu | estados unidos | fox news,arabia saudita | irlanda | yemen,1
14678,Última Hora,Trump dice que los hutíes de Yemen aceptaron no luchar contra EEUU,2026-09-19 21:00:00-03:00,14736,Diario Paraguayo Noticias,Trump afirma acuerdo con hutíes de Yemen | Diario Paraguayo,2026-09-19 21:00:00-03:00,0.9625,2,14678,14736,10,12,7,2,2,3,0.4666666666666667,35.379506109691235,0.4545440821186735,arabia saudita | estados unidos | fox news | irlanda | trump | yemen | yingst,trump | yingst,estados unidos | fox news,arabia saudita | irlanda | yemen,1
14678,Última Hora,Trump dice que los hutíes de Yemen aceptaron no luchar contra EEUU,2026-09-19 21:00:00-03:00,14836,ABC Color,Los hutíes dicen haber atacado “sitios sensibles” en la capital de Arabia Saudita - Mundo - ABC Color,2026-09-20 21:00:00-03:00,0.8428,1,14678,14836,10,14,4,0,2,2,0.2,19.031981910365243,0.1735588266382065,afp | arabia saudita | estados unidos | yemen,,afp | estados unidos,arabia saudita | yemen,0
14678,Última Hora,Trump dice que los hutíes de Yemen aceptaron no luchar contra EEUU,2026-09-19 21:00:00-03:00,14983,Diario Paraguayo Noticias,Ataques hutíes contra Arabia Saudí propician “escalada peligrosa” | Diario Paraguayo,2026-09-20 21:00:00-03:00,0.822,1,14678,14983,10,11,1,0,0,1,0.05,4.847780736699793,0.04564111157785439,yemen,,,yemen,0
14678,Última Hora,Trump dice que los hutíes de Yemen aceptaron no luchar contra EEUU,2026-09-19 21:00:00-03:00,15376,Megacadena,El Gobierno yemení frena el avance hutí en Taiz y Marib,2026-09-20 21:00:00-03:00,0.8618,1,14678,15376,10,9,1,0,0,0,0.05555555555555555,5.253245844807957,0.052401789022247555,arabia saudita,,,,0
14684,ABC Color,Final feliz: localizan a familiares de una mujer desorientada en Asunción - Policiales - ABC Color,2026-09-19 21:00:00-03:00,14679,Última Hora,"Asalto con toma de rehén, persecución y tiroteo con policías en María Auxiliadora",2026-09-19 21:00:00-03:00,0.7351,0,14679,14684,7,5,0,0,0,0,0.0,0.0,0.0,,,,,0
14681,La Nación,La Nación / XV Feria de Aves de Sudamérica finaliza hoy con una atractiva agenda para la ciudadanía,2026-09-19 21:00:00-03:00,14702,Diario Paraguayo Noticias,Naturaleza y aventura: la propuesta de la Senatur para los más jóvenes | Diario Paraguayo,2026-09-19 21:00:00-03:00,0.7866,0,14681,14702,11,18,2,0,0,2,0.07407407407407407,5.439686124052603,0.03800490339790911,asunción | paraguay,,,asunción | paraguay,0
14681,La Nación,La Nación / XV Feria de Aves de Sudamérica finaliza hoy con una atractiva agenda para la ciudadanía,2026-09-19 21:00:00-03:00,14703,Diario Paraguayo Noticias,XV Feria de Aves de Sudamérica finaliza hoy con una atractiva agenda para la ciudadanía | Diario Paraguayo,2026-09-19 21:00:00-03:00,0.9941,2,14681,14703,11,14,11,0,2,9,0.7857142857142857,56.720305293887044,0.7960287529391088,asunción | centro cultural del puerto de asunción | estación puerto olivares | lagunas saladas del chaco central | mef | mic | paraguay | parque nacional ybycuí | refugio biológico de mbaracayú | reserva natural del bosque mbaracayú | siara,,mef | mic,asunción | centro cultural del puerto de asunción | estación puerto olivares | lagunas saladas del chaco central | paraguay | parque nacional ybycuí | refugio biológico de mbaracayú | reserva natural del bosque mbaracayú | siara,1
14681,La Nación,La Nación / XV Feria de Aves de Sudamérica finaliza hoy con una atractiva agenda para la ciudadanía,2026-09-19 21:00:00-03:00,14739,Diario Paraguayo Noticias,Naturaleza y aventura: propuesta de Senatur para jóvenes | Diario Paraguayo,2026-09-19 21:00:00-03:00,0.7945,0,14681,14739,11,13,1,0,0,1,0.043478260869565216,3.1131796813116863,0.02570222057770619,asunción,,,asunción,0
14681,La Nación,La Nación / XV Feria de Aves de Sudamérica finaliza hoy con una atractiva agenda para la ciudadanía,2026-09-19 21:00:00-03:00,14740,Diario Paraguayo Noticias,XV Feria de Aves de Sudamérica culmina con actividades | Diario Paraguayo,2026-09-19 21:00:00-03:00,0.9872,2,14681,14740,11,11,8,0,0,8,0.5714285714285714,39.39195184154933,0.5345163596639936,asunción | centro cultural del puerto de asunción | estación puerto olivares | lagunas saladas del chaco central | paraguay | parque nacional ybycuí | refugio biológico de mbaracayú | reserva natural del bosque mbaracayú,,,asunción | centro cultural del puerto de asunción | estación puerto olivares | lagunas saladas del chaco central | paraguay | parque nacional ybycuí | refugio biológico de mbaracayú | reserva natural del bosque mbaracayú,1
15330,ABC Color,PGN 2027: Salud tendrá más recursos pese a limitada ejecución 2026 - Economía - ABC Color,2026-09-20 21:00:00-03:00,14682,El Independiente,Ministro de salud llevará sus visitas sorpresa a hospitales de todo el país,2026-09-19 21:00:00-03:00,0.7944,0,14682,15330,12,6,2,1,1,0,0.125,9.707983993398141,0.11065450580194859,isaías fretes | ministerio,isaías fretes,ministerio,,0
14684,ABC Color,Final feliz: localizan a familiares de una mujer desorientada en Asunción - Policiales - ABC Color,2026-09-19 21:00:00-03:00,15051,Amambay News,Aprehenden a funcionario público denunciado por violencia familiar en PJC - Amambay News,2026-09-20 21:00:00-03:00,0.7586,0,14684,15051,7,8,0,0,0,0,0.0,0.0,0.0,,,,,0
14684,ABC Color,Final feliz: localizan a familiares de una mujer desorientada en Asunción - Policiales - ABC Color,2026-09-19 21:00:00-03:00,15117,ABC Color,Alerta Mafe: estas son las personas reportadas como desaparecidas en los últimos días - Nacionales - ABC Color,2026-09-20 21:00:00-03:00,0.7717,0,14684,15117,7,17,0,0,0,0,0.0,0.0,0.0,,,,,0
14684,ABC Color,Final feliz: localizan a familiares de una mujer desorientada en Asunción - Policiales - ABC Color,2026-09-19 21:00:00-03:00,15193,NPY,Mujer fue brutalmente golpeada y su actual pareja es el principal sospechoso,2026-09-20 21:00:00-03:00,0.7713,0,14684,15193,7,8,0,0,0,0,0.0,0.0,0.0,,,,,0
14684,ABC Color,Final feliz: localizan a familiares de una mujer desorientada en Asunción - Policiales - ABC Color,2026-09-19 21:00:00-03:00,15334,Última Hora,Policías rescatan a víctima de una agresión brutal en un auto y detienen a la pareja en Caaguazú,2026-09-20 21:00:00-03:00,0.7825,0,14684,15334,7,5,0,0,0,0,0.0,0.0,0.0,,,,,0
14747,Ñanduti,Paraguay y Venezuela anuncian una “nueva etapa” y apuntan a restablecer plenamente sus relaciones diplomáticas,2026-09-19 21:00:00-03:00,14686,El Independiente,Paraguay y Venezuela abren una nueva etapa con foco en comercio y cooperación,2026-09-19 21:00:00-03:00,0.9484,2,14686,14747,12,7,6,2,3,3,0.46153846153846156,23.714809058557503,0.4082569274985173,caracas | delcy rodríguez | estados | paraguay | santiago peña | venezuela,delcy rodríguez | santiago peña,estados | paraguay | venezuela,caracas | paraguay | venezuela,1
15186,La Nación,La Nación / Campaña “Todos con Iván” busca alcanzar meta de G. 1.000 millones para su rehabilitación,2026-09-20 21:00:00-03:00,14695,Diario Paraguayo Noticias,Caacupé: Valenzuela critica a conductores que provocan accidentes y se dan a la fuga | Diario Paraguayo,2026-09-19 21:00:00-03:00,0.7343,0,14695,15186,9,8,0,0,0,0,0.0,0.0,0.0,,,,,0
14729,La Nación,La Nación / Expo Kambuchi reunirá a artesanos y propuestas culturales en Tobatí,2026-09-19 21:00:00-03:00,14701,Diario Paraguayo Noticias,Expo Kambuchi 2026: artesanía y cultura en Tobatí | Diario Paraguayo,2026-09-19 21:00:00-03:00,0.984,2,14701,14729,9,10,8,2,2,4,0.7272727272727273,46.03069916199607,0.7793833642773886,barrio san rafael | cordillera | daniela gonzález | finca aguayo | gobernación de cordillera | graciela acuña | secretaría de turismo | tobatí,daniela gonzález | graciela acuña,gobernación de cordillera | secretaría de turismo,barrio san rafael | cordillera | finca aguayo | tobatí,1
14768,La Nación,"La Nación / Neruda y Paraguay: un diálogo entre la poesía, el exilio y la memoria",2026-09-19 21:00:00-03:00,14712,Amambay News,Patria Querida sostiene que el encuentro entre Santi y Delcy Rodríguez «avergüenza» al país - Amambay News,2026-09-19 21:00:00-03:00,0.7388,0,14712,14768,15,11,0,0,0,0,0.0,0.0,0.0,,,,,0
14808,Ñanduti,Patria Querida afirma que la visita de Santiago Peña a Delcy Rodríguez en Venezuela “avergüenza” al Paraguay,2026-09-19 21:00:00-03:00,14712,Amambay News,Patria Querida sostiene que el encuentro entre Santi y Delcy Rodríguez «avergüenza» al país - Amambay News,2026-09-19 21:00:00-03:00,0.9362,2,14712,14808,12,11,6,2,2,2,0.35294117647058826,27.894311429119913,0.3322053650624137,caracas | delcy rodríguez | patria querida | ppq | santiago peña | venezuela,delcy rodríguez | santiago peña,patria querida | ppq,caracas | venezuela,1
14809,ABC Color,El partido de Putin se perfila ganador en elecciones rusas marcadas por ataque ucraniano - Mundo - ABC Color,2026-09-19 21:00:00-03:00,14720,Amambay News,"El partido del Kremlin gana las elecciones con el 57,5 % de votos, según los primeros resultados - Amambay News",2026-09-19 21:00:00-03:00,0.9271,1,14720,14809,14,19,4,1,1,1,0.13793103448275862,21.7830916009279,0.12936512249935658,duma | kiev | moscú | serguéi sobianin,serguéi sobianin,duma,moscú,0
15114,Ñanduti,"Rusia Unida obtiene su mejor resultado histórico y revalida la mayoría constitucional en la Duma, según datos oficiales",2026-09-20 21:00:00-03:00,14720,Amambay News,"El partido del Kremlin gana las elecciones con el 57,5 % de votos, según los primeros resultados - Amambay News",2026-09-19 21:00:00-03:00,0.8827,2,14720,15114,15,19,5,1,3,0,0.1724137931034483,27.798477497782756,0.16518820359941497,duma | kremlin | nueva gente | rusia justa | vladímir putin,vladímir putin,duma | kremlin | rusia justa,,1
14722,Ñanduti,Cooperativa Universitaria celebró la juventud con su primer Sunset Experience,2026-09-19 21:00:00-03:00,14895,La Nación,La Nación / La Municipalidad de Asunción invita a una jornada para jóvenes,2026-09-20 21:00:00-03:00,0.8076,0,14722,14895,5,12,0,0,0,0,0.0,0.0,0.0,,,,,0
14722,Ñanduti,Cooperativa Universitaria celebró la juventud con su primer Sunset Experience,2026-09-19 21:00:00-03:00,15102,Más Encarnación,"Color, Baile y Alegría marcaron la celebración de la Juventud y la Primavera en Encarnación",2026-09-20 21:00:00-03:00,0.8316,0,14722,15102,5,6,0,0,0,0,0.0,0.0,0.0,,,,,0
14722,Ñanduti,Cooperativa Universitaria celebró la juventud con su primer Sunset Experience,2026-09-19 21:00:00-03:00,15152,Diario Paraguayo Noticias,Municipalidad de Asunción invita a jornada para jóvenes | Diario Paraguayo,2026-09-20 21:00:00-03:00,0.8203,0,14722,15152,5,13,0,0,0,0,0.0,0.0,0.0,,,,,0
14722,Ñanduti,Cooperativa Universitaria celebró la juventud con su primer Sunset Experience,2026-09-19 21:00:00-03:00,15173,ABC Color,Comunidades rurales de Lima se unen mediante el deporte y reclaman un polideportivo - Nacionales - ABC Color,2026-09-20 21:00:00-03:00,0.8091,0,14722,15173,5,7,0,0,0,0,0.0,0.0,0.0,,,,,0
14722,Ñanduti,Cooperativa Universitaria celebró la juventud con su primer Sunset Experience,2026-09-19 21:00:00-03:00,15264,Oviedo Press,"Juventud ovetense tendrá teatro, formación y actividades comunitarias durante septiembre - OviedoPress",2026-09-20 21:00:00-03:00,0.8054,0,14722,15264,5,12,0,0,0,0,0.0,0.0,0.0,,,,,0
14723,Ñanduti,"Continental, preparado para liderar la nueva era del CDA Digital en Paraguay",2026-09-19 21:00:00-03:00,14894,La Nación,La Nación / Un paso más hacia la digitalización: BCP pone en marcha el CDA-d desde este lunes,2026-09-20 21:00:00-03:00,0.9164,2,14723,14894,5,4,2,0,2,0,0.2857142857142857,8.04975591679461,0.24793472525335264,banco central del paraguay | bcp,,banco central del paraguay | bcp,,1
14723,Ñanduti,"Continental, preparado para liderar la nueva era del CDA Digital en Paraguay",2026-09-19 21:00:00-03:00,14990,Diario Paraguayo Noticias,Un paso más hacia la digitalización: BCP pone en marcha el CDA-d desde este lunes | Diario Paraguayo,2026-09-20 21:00:00-03:00,0.9183,2,14723,14990,5,4,2,0,2,0,0.2857142857142857,8.04975591679461,0.24793472525335264,banco central del paraguay | bcp,,banco central del paraguay | bcp,,1
14723,Ñanduti,"Continental, preparado para liderar la nueva era del CDA Digital en Paraguay",2026-09-19 21:00:00-03:00,15150,Diario Paraguayo Noticias,BCP activa sistema CDA-d para certificados digitales | Diario Paraguayo,2026-09-20 21:00:00-03:00,0.9204,2,14723,15150,5,4,2,0,2,0,0.2857142857142857,8.04975591679461,0.24793472525335264,banco central del paraguay | bcp,,banco central del paraguay | bcp,,1
15374,Ñanduti,Banco Continental integra la emisión y custodia en la nueva era del CDA Digital,2026-09-20 21:00:00-03:00,14723,Ñanduti,"Continental, preparado para liderar la nueva era del CDA Digital en Paraguay",2026-09-19 21:00:00-03:00,0.9718,2,14723,15374,5,5,4,0,3,0,0.6666666666666666,19.942541967530413,0.6967823306731393,banco central del paraguay | banco continental | bcp | continental,,banco central del paraguay | banco continental | bcp,,1
14723,Ñanduti,"Continental, preparado para liderar la nueva era del CDA Digital en Paraguay",2026-09-19 21:00:00-03:00,15472,Más Encarnación,BCP habilita los Certificados de Depósito de Ahorro 100% digitales,2026-09-20 21:00:00-03:00,0.9156,2,14723,15472,5,5,2,0,2,0,0.25,8.04975591679461,0.2163351167817005,banco central del paraguay | bcp,,banco central del paraguay | bcp,,1
14874,Última Hora,Jóvenes denuncian injusticias y reclaman oportunidades reales,2026-09-20 21:00:00-03:00,14724,ABC Color,Jóvenes alzan su voz y reclaman protagonismo en la Iglesia y la sociedad - Nacionales - ABC Color,2026-09-19 21:00:00-03:00,0.9537,2,14724,14874,7,9,5,1,2,2,0.45454545454545453,28.373841642686315,0.4490302533941879,diócesis de san lorenzo | guarambaré | iglesia | joaquín robledo | parroquia natividad de maría,joaquín robledo,diócesis de san lorenzo | iglesia,guarambaré | parroquia natividad de maría,1
14874,Última Hora,Jóvenes denuncian injusticias y reclaman oportunidades reales,2026-09-20 21:00:00-03:00,14726,Última Hora,"Cardenal Martínez insta a los jóvenes a sembrar amor, honestidad y esperanza",2026-09-19 21:00:00-03:00,0.8383,0,14726,14874,7,8,0,0,0,0,0.0,0.0,0.0,,,,,0
14729,La Nación,La Nación / Expo Kambuchi reunirá a artesanos y propuestas culturales en Tobatí,2026-09-19 21:00:00-03:00,14740,Diario Paraguayo Noticias,XV Feria de Aves de Sudamérica culmina con actividades | Diario Paraguayo,2026-09-19 21:00:00-03:00,0.7436,0,14729,14740,9,11,0,0,0,0,0.0,0.0,0.0,,,,,0
14729,La Nación,La Nación / Expo Kambuchi reunirá a artesanos y propuestas culturales en Tobatí,2026-09-19 21:00:00-03:00,15130,Resumen de Noticias,¿Dónde serán las ferias agrícolas esta semana?,2026-09-20 21:00:00-03:00,0.7539,0,14729,15130,9,21,1,0,0,1,0.034482758620689655,5.099095164980699,0.03225763188568626,cordillera,,,cordillera,0
14729,La Nación,La Nación / Expo Kambuchi reunirá a artesanos y propuestas culturales en Tobatí,2026-09-19 21:00:00-03:00,15292,La Nación,La Nación / MAG prevé 8 ferias de la agricultura familiar en la semana de la primavera,2026-09-20 21:00:00-03:00,0.7472,0,14729,15292,9,19,1,0,0,1,0.037037037037037035,5.099095164980699,0.03495239086629968,cordillera,,,cordillera,0
14729,La Nación,La Nación / Expo Kambuchi reunirá a artesanos y propuestas culturales en Tobatí,2026-09-19 21:00:00-03:00,15394,Diario Paraguayo Noticias,MAG realizará 8 ferias de agricultura familiar | Diario Paraguayo,2026-09-20 21:00:00-03:00,0.7633,0,14729,15394,9,21,0,0,0,0,0.0,0.0,0.0,,,,,0
14806,Ñanduti,"94 meses sin pagar: acumula deuda de G. 58,6 millones por asistencia alimentaria",2026-09-19 21:00:00-03:00,14734,Megacadena,Imputan a un hombre por acumular deuda de G. 58 millones en asistencia alimentaria,2026-09-19 21:00:00-03:00,0.9691,2,14734,14806,9,9,6,1,4,1,0.5,33.68033200201309,0.5174949941137935,banco nacional de fomento | bnf | hernandarias | juzgado de la niñez y adolescencia | unidad penal n.o 4 | víctor adolfo santander,víctor adolfo santander,banco nacional de fomento | bnf | juzgado de la niñez y adolescencia | unidad penal n.o 4,hernandarias,1
14747,Ñanduti,Paraguay y Venezuela anuncian una “nueva etapa” y apuntan a restablecer plenamente sus relaciones diplomáticas,2026-09-19 21:00:00-03:00,15064,Oviedo Press,Peña se reúne con Delcy Rodríguez y abre camino para retomar relaciones con Venezuela - OviedoPress,2026-09-20 21:00:00-03:00,0.9537,2,14747,15064,12,10,8,4,3,2,0.5714285714285714,32.275390599118104,0.500629113630433,caracas | delcy rodríguez | estados | paraguay | peña | rodríguez | santiago peña | venezuela,delcy rodríguez | peña | rodríguez | santiago peña,estados | paraguay | venezuela,caracas | venezuela,1
14747,Ñanduti,Paraguay y Venezuela anuncian una “nueva etapa” y apuntan a restablecer plenamente sus relaciones diplomáticas,2026-09-19 21:00:00-03:00,15072,QAP Chaco News,Paraguay y Venezuela reabren el diálogo - QAP CHACO NEWS,2026-09-20 21:00:00-03:00,0.9546,2,14747,15072,12,16,9,6,2,3,0.47368421052631576,39.592329628637756,0.41327671783605824,caracas | delcy rodríguez | fél | ix plasencia | paraguay | peña | rubén ramírez lezcano | santiago peña | venezuela,delcy rodríguez | fél | ix plasencia | peña | rubén ramírez lezcano | santiago peña,paraguay | venezuela,caracas | paraguay | venezuela,1
14768,La Nación,"La Nación / Neruda y Paraguay: un diálogo entre la poesía, el exilio y la memoria",2026-09-19 21:00:00-03:00,14748,Última Hora,"Patria Querida dice que Peña ""avergüenza"" a Paraguay por encuentro con Delcy Rodríguez",2026-09-19 21:00:00-03:00,0.7424,0,14748,14768,15,15,1,0,0,1,0.034482758620689655,2.326506442740917,0.015255367321592685,paraguay,,,paraguay,0
14808,Ñanduti,Patria Querida afirma que la visita de Santiago Peña a Delcy Rodríguez en Venezuela “avergüenza” al Paraguay,2026-09-19 21:00:00-03:00,14748,Última Hora,"Patria Querida dice que Peña ""avergüenza"" a Paraguay por encuentro con Delcy Rodríguez",2026-09-19 21:00:00-03:00,0.9722,2,14748,14808,12,15,9,4,2,3,0.5,36.38350413962306,0.4145347853716314,caracas | delcy rodríguez | gobierno | paraguay | patria querida | peña | rodríguez | santiago peña | venezuela,delcy rodríguez | peña | rodríguez | santiago peña,gobierno | patria querida,caracas | paraguay | venezuela,1
15498,La Nación,La Nación / ¡No es visita! Paraguaya presume que su novio llega a su casa y hace de todo,2026-09-20 21:00:00-03:00,14748,Última Hora,"Patria Querida dice que Peña ""avergüenza"" a Paraguay por encuentro con Delcy Rodríguez",2026-09-19 21:00:00-03:00,0.7328,0,14748,15498,7,15,0,0,0,0,0.0,0.0,0.0,,,,,0
14862,Última Hora,El gran negocio de la marihuana se expande en las áreas protegidas,2026-09-20 21:00:00-03:00,14749,Última Hora,Caen dos sujetos que transportaban más de dos toneladas de marihuana en Amambay,2026-09-19 21:00:00-03:00,0.786,0,14749,14862,8,19,0,0,0,0,0.0,0.0,0.0,,,,,0
15178,Última Hora,Maluma anunció el nacimiento de su segundo bebé,2026-09-20 21:00:00-03:00,14751,Última Hora,Millie Bobby Brown es madre por segunda vez a través de la adopción,2026-09-19 21:00:00-03:00,0.808,0,14751,15178,11,12,0,0,0,0,0.0,0.0,0.0,,,,,0
14837,ABC Color,"Francia considera ""real y documentada"" la amenaza de guerra híbrida rusa - Mundo - ABC Color",2026-09-20 21:00:00-03:00,14757,Pedro Juan Digital,Rusia asegura que el intento de Kiev de atacar Moscú durante los comicios legislativos no tuvo éxito,2026-09-19 21:00:00-03:00,0.8234,0,14757,14837,9,9,1,0,1,1,0.058823529411764705,5.099095164980699,0.050388834373730096,rusia,,rusia,rusia,0
15294,La Nación,"La Nación / Senabico subastará inmuebles, vehículos y maquinaria pesada el 24 de septiembre",2026-09-20 21:00:00-03:00,14758,Amambay News,Juez de Capitán Bado enfrenta doble presión: imputación por subasta de bienes de “Cabeza Branca” y polémica por su matrimonio en Brasil - Amambay News,2026-09-19 21:00:00-03:00,0.7411,0,14758,15294,16,23,1,0,1,0,0.02631578947368421,5.658710952916121,0.02580007888589592,secretaría nacional de administración de bienes incautados y comisados,,secretaría nacional de administración de bienes incautados y comisados,,0
15215,Megacadena,Blanca Ovelar cuestiona a las supervisiones pedagógicas tras los resultados de pruebas PISA,2026-09-20 21:00:00-03:00,14764,La Nación,La Nación / PISA 2025: Nancy Ovelar urge acompañar al docente y enfocar en la lectura,2026-09-19 21:00:00-03:00,0.8849,0,14764,15215,4,9,1,1,0,0,0.08333333333333333,4.965563772356176,0.07281837167993913,ovelar,ovelar,,,0
15215,Megacadena,Blanca Ovelar cuestiona a las supervisiones pedagógicas tras los resultados de pruebas PISA,2026-09-20 21:00:00-03:00,14765,La Nación,La Nación / PISA 2025: especialista urge cambios metodológicos ante rezago en Paraguay,2026-09-19 21:00:00-03:00,0.805,0,14765,15215,4,9,0,0,0,0,0.0,0.0,0.0,,,,,0
14768,La Nación,"La Nación / Neruda y Paraguay: un diálogo entre la poesía, el exilio y la memoria",2026-09-19 21:00:00-03:00,14923,El Independiente,3×3 lunes 21de septiembre del 2026 por Benjamín Fernández Bogado,2026-09-20 21:00:00-03:00,0.7261,0,14768,14923,15,10,0,0,0,0,0.0,0.0,0.0,,,,,0
14768,La Nación,"La Nación / Neruda y Paraguay: un diálogo entre la poesía, el exilio y la memoria",2026-09-19 21:00:00-03:00,15355,Itapúa en Noticias,"AGUAS DANZANTES, BUS TURÍSTICO Y LA RECUPERACIÓN DE LA ZONA BAJA: LAS PROPUESTAS DE NOVOSAD",2026-09-20 21:00:00-03:00,0.725,0,14768,15355,15,8,0,0,0,0,0.0,0.0,0.0,,,,,0
15175,Última Hora,Orquesta de Cateura participa en dos actividades con proyectos independientes,2026-09-20 21:00:00-03:00,14769,La Nación,"La Nación / Parque Caballero, el revivir de un pulmón histórico de Asunción",2026-09-19 21:00:00-03:00,0.7157,0,14769,15175,12,8,0,0,0,0,0.0,0.0,0.0,,,,,0
14770,La Nación,"La Nación / IA, desinfodemia y Sun Tzu",2026-09-19 21:00:00-03:00,15357,5Días,La IA acelera más rápido que la economía que debe sostenerla,2026-09-20 21:00:00-03:00,0.811,0,14770,15357,9,0,0,0,0,0,0.0,0.0,0.0,,,,,0
15465,ABC Color,Líderes de 22 países e instituciones reclaman supervisión humana para la IA - Tecnología - ABC Color,2026-09-20 21:00:00-03:00,14770,La Nación,"La Nación / IA, desinfodemia y Sun Tzu",2026-09-19 21:00:00-03:00,0.8289,1,14770,15465,29,9,0,0,0,0,0.0,0.0,0.0,,,,,0
14770,La Nación,"La Nación / IA, desinfodemia y Sun Tzu",2026-09-19 21:00:00-03:00,15568,5Días,"El dilema de la IA ya no es cómo frenarla, sino quién la controla",2026-09-20 21:00:00-03:00,0.8852,0,14770,15568,9,0,0,0,0,0,0.0,0.0,0.0,,,,,0
14784,Diario Paraguayo Noticias,Primavera 2026: llega el 22 de septiembre en Paraguay | Diario Paraguayo,2026-09-19 21:00:00-03:00,14772,La Nación,"La Nación / ¿No es mañana?: todos celebran la primavera el 21, pero este año llegará un día después",2026-09-19 21:00:00-03:00,0.9751,2,14772,14784,3,4,3,0,1,2,0.75,14.219292493476722,0.7604164675287278,nasa | paraguay | tierra,,nasa,paraguay | tierra,1
14806,Ñanduti,"94 meses sin pagar: acumula deuda de G. 58,6 millones por asistencia alimentaria",2026-09-19 21:00:00-03:00,14776,Popular,"Popular / ""Xuxa"" demandó a su ex paquita por ""malagradecida""",2026-09-19 21:00:00-03:00,0.7162,0,14776,14806,9,13,0,0,0,0,0.0,0.0,0.0,,,,,0
15180,Última Hora,El diseñador paraguayo Simón Villalba es reconocido como Mejor Diseñador en Nueva York,2026-09-20 21:00:00-03:00,14781,Diario Paraguayo Noticias,Simón Villalba: Primer Mejor Diseñador Paraguayo | Diario Paraguayo,2026-09-19 21:00:00-03:00,0.9559,2,14781,15180,8,6,6,3,0,3,0.75,28.180350115827963,0.7262111212573944,estados unidos | món villalba | nueva jersey | paraguay | si | villalba,món villalba | si | villalba,,estados unidos | nueva jersey | paraguay,1
15491,ABC Color,Elecciones Municipales: La importancia de los observadores - Política - ABC Color,2026-09-20 21:00:00-03:00,14783,Diario Paraguayo Noticias,Distribución de máquinas de votación inicia el 27 | Diario Paraguayo,2026-09-19 21:00:00-03:00,0.7854,0,14783,15491,10,26,2,0,2,0,0.058823529411764705,10.10102658150775,0.055510548519326186,tribunal superior de justicia electoral | tsje,,tribunal superior de justicia electoral | tsje,,0
14784,Diario Paraguayo Noticias,Primavera 2026: llega el 22 de septiembre en Paraguay | Diario Paraguayo,2026-09-19 21:00:00-03:00,14932,Resumen de Noticias,Primavera y juventud: una tradición que une a Paraguay,2026-09-20 21:00:00-03:00,0.7867,0,14784,14932,3,5,1,0,0,1,0.14285714285714285,2.326506442740917,0.06465646287405945,paraguay,,,paraguay,0
14796,Amambay News,Paraguay duplica las pruebas de VIH y agiliza inicio de los tratamientos en todo el país - Amambay News,2026-09-19 21:00:00-03:00,14946,La Tribuna,Sistema de salud realiza 371.000 pruebas de VIH al año en Paraguay,2026-09-20 21:00:00-03:00,0.8795,2,14796,14946,2,9,1,0,0,0,0.1,5.099095164980699,0.10439156646532713,amambay,,,,1
14805,Ñanduti,Bonifacio Ríos: “La política es el cáncer de la academia”,2026-09-19 21:00:00-03:00,15116,ABC Color,"Crisis en Honor Colorado: “Lo que se ve no se pregunta”, dice Beto Ovelar - Nacionales - ABC Color",2026-09-20 21:00:00-03:00,0.7458,0,14805,15116,6,16,0,0,0,0,0.0,0.0,0.0,,,,,0
14805,Ñanduti,Bonifacio Ríos: “La política es el cáncer de la academia”,2026-09-19 21:00:00-03:00,15192,HOY,"Diario HOY | “Tenemos Honor Colorado para rato”, predice Bachi",2026-09-20 21:00:00-03:00,0.7544,0,14805,15192,6,19,0,0,0,0,0.0,0.0,0.0,,,,,0
14805,Ñanduti,Bonifacio Ríos: “La política es el cáncer de la academia”,2026-09-19 21:00:00-03:00,15281,ABC Color,"Crisis en Honor Colorado: “Lo que se ve no se pregunta”, dice Beto Ovelar - Política - ABC Color",2026-09-20 21:00:00-03:00,0.7478,0,14805,15281,6,16,0,0,0,0,0.0,0.0,0.0,,,,,0
14805,Ñanduti,Bonifacio Ríos: “La política es el cáncer de la academia”,2026-09-19 21:00:00-03:00,15432,Última Hora,"“Mantenerse en primera división es difícil"", advierte Bachi a Cesarito",2026-09-20 21:00:00-03:00,0.7532,0,14805,15432,6,10,0,0,0,0,0.0,0.0,0.0,,,,,0
14805,Ñanduti,Bonifacio Ríos: “La política es el cáncer de la academia”,2026-09-19 21:00:00-03:00,15515,Diario Paraguayo Noticias,Figueredo respalda liderazgo de Honor Colorado | Diario Paraguayo,2026-09-20 21:00:00-03:00,0.752,0,14805,15515,6,10,0,0,0,0,0.0,0.0,0.0,,,,,0
14806,Ñanduti,"94 meses sin pagar: acumula deuda de G. 58,6 millones por asistencia alimentaria",2026-09-19 21:00:00-03:00,14870,Última Hora,Filizzola cuestiona Hambre Cero y denuncia uso político de recursos,2026-09-20 21:00:00-03:00,0.7218,0,14806,14870,9,10,0,0,0,0,0.0,0.0,0.0,,,,,0
14806,Ñanduti,"94 meses sin pagar: acumula deuda de G. 58,6 millones por asistencia alimentaria",2026-09-19 21:00:00-03:00,15247,Ahora CDE,Imputan a hombre por no pagar asistencia alimentaria durante 94 meses,2026-09-20 21:00:00-03:00,0.9616,2,14806,15247,9,6,6,1,4,1,0.6666666666666666,31.11538264455155,0.676012487168781,banco nacional de fomento | bnf | hernandarias | ministerio público | unidad penal n.o 4 | víctor adolfo santander,víctor adolfo santander,banco nacional de fomento | bnf | ministerio público | unidad penal n.o 4,hernandarias,1
14806,Ñanduti,"94 meses sin pagar: acumula deuda de G. 58,6 millones por asistencia alimentaria",2026-09-19 21:00:00-03:00,15259,Amambay News,Filizzola cuestiona Hambre Cero y denuncia uso político de recursos - Amambay News,2026-09-20 21:00:00-03:00,0.723,0,14806,15259,9,10,0,0,0,0,0.0,0.0,0.0,,,,,0
14807,Ñanduti,Hombre es imputado tras agredir a su hijastro y arrojar una PlayStation por el balcón,2026-09-19 21:00:00-03:00,15008,Extra,Agredió a su familia y tiró la Play de su hijastro desde el balcón,2026-09-20 21:00:00-03:00,0.9508,2,14807,15008,7,4,3,0,1,2,0.375,12.971644625648125,0.30817452803895434,ciudad del este | lado acaray | ministerio público,,ministerio público,ciudad del este | lado acaray,1
14807,Ñanduti,Hombre es imputado tras agredir a su hijastro y arrojar una PlayStation por el balcón,2026-09-19 21:00:00-03:00,15037,TN Press,Imputan a cobarde que agredió a su pareja con bebé en brazos y golpeó a su hijastro de 13 años,2026-09-20 21:00:00-03:00,0.9576,2,14807,15037,7,5,3,0,1,2,0.3333333333333333,12.971644625648125,0.27002730028892036,ciudad del este | lado acaray | ministerio público,,ministerio público,ciudad del este | lado acaray,1
14807,Ñanduti,Hombre es imputado tras agredir a su hijastro y arrojar una PlayStation por el balcón,2026-09-19 21:00:00-03:00,15051,Amambay News,Aprehenden a funcionario público denunciado por violencia familiar en PJC - Amambay News,2026-09-20 21:00:00-03:00,0.7868,0,14807,15051,7,8,1,0,1,0,0.07142857142857142,3.3814436679063653,0.042966820968807926,ministerio público,,ministerio público,,0
14807,Ñanduti,Hombre es imputado tras agredir a su hijastro y arrojar una PlayStation por el balcón,2026-09-19 21:00:00-03:00,15193,NPY,Mujer fue brutalmente golpeada y su actual pareja es el principal sospechoso,2026-09-20 21:00:00-03:00,0.7695,0,14807,15193,7,8,2,0,2,0,0.15384615384615385,7.094244471767173,0.09917004729960074,fiscalía | ministerio público,,fiscalía | ministerio público,,0
14807,Ñanduti,Hombre es imputado tras agredir a su hijastro y arrojar una PlayStation por el balcón,2026-09-19 21:00:00-03:00,15268,Concepción al Día,Discusión por una PlayStation terminó en una denuncia por violencia familiar - Concepción al Día,2026-09-20 21:00:00-03:00,0.9518,2,14807,15268,7,4,3,0,1,2,0.375,13.303001761602566,0.31912080820620714,ciudad del este | fiscalía | lado acaray,,fiscalía,ciudad del este | lado acaray,1
14808,Ñanduti,Patria Querida afirma que la visita de Santiago Peña a Delcy Rodríguez en Venezuela “avergüenza” al Paraguay,2026-09-19 21:00:00-03:00,15072,QAP Chaco News,Paraguay y Venezuela reabren el diálogo - QAP CHACO NEWS,2026-09-20 21:00:00-03:00,0.8856,2,14808,15072,12,16,6,3,0,3,0.2727272727272727,22.328514697437612,0.1980914649365917,caracas | delcy rodríguez | paraguay | peña | santiago peña | venezuela,delcy rodríguez | peña | santiago peña,,caracas | paraguay | venezuela,1
14837,ABC Color,"Francia considera ""real y documentada"" la amenaza de guerra híbrida rusa - Mundo - ABC Color",2026-09-20 21:00:00-03:00,14809,ABC Color,El partido de Putin se perfila ganador en elecciones rusas marcadas por ataque ucraniano - Mundo - ABC Color,2026-09-19 21:00:00-03:00,0.7948,0,14809,14837,9,14,0,0,0,0,0.0,0.0,0.0,,,,,0
14809,ABC Color,El partido de Putin se perfila ganador en elecciones rusas marcadas por ataque ucraniano - Mundo - ABC Color,2026-09-19 21:00:00-03:00,14956,Megacadena,Putin amplía su control del Parlamento ruso tras una elección cuestionada internacionalmente,2026-09-20 21:00:00-03:00,0.88,1,14809,14956,14,14,4,1,2,0,0.16666666666666666,21.22347581299248,0.15705546707778967,kiev | ldpr | putin | rusia unida,putin,ldpr | rusia unida,,0
15114,Ñanduti,"Rusia Unida obtiene su mejor resultado histórico y revalida la mayoría constitucional en la Duma, según datos oficiales",2026-09-20 21:00:00-03:00,14809,ABC Color,El partido de Putin se perfila ganador en elecciones rusas marcadas por ataque ucraniano - Mundo - ABC Color,2026-09-19 21:00:00-03:00,0.8408,2,14809,15114,15,14,2,0,2,0,0.07407407407407407,10.534662566582611,0.06779359665674767,duma | rusia unida,,duma | rusia unida,,1
14809,ABC Color,El partido de Putin se perfila ganador en elecciones rusas marcadas por ataque ucraniano - Mundo - ABC Color,2026-09-19 21:00:00-03:00,15134,La Tribuna,Drones ucranianos golpean Moscú ante el cierre electoral de Putin,2026-09-20 21:00:00-03:00,0.9531,2,14809,15134,14,18,6,2,2,2,0.23076923076923078,33.44476593070032,0.2241984168586039,andréi vorobiov | comisión electoral | jersón | moscú | putin | rusia unida,andréi vorobiov | putin,comisión electoral | rusia unida,jersón | moscú,1
14809,ABC Color,El partido de Putin se perfila ganador en elecciones rusas marcadas por ataque ucraniano - Mundo - ABC Color,2026-09-19 21:00:00-03:00,15440,adn,El partido de Putin logra un récord de escaños en Rusia - ADN Digital,2026-09-20 21:00:00-03:00,0.9056,1,14809,15440,14,27,4,1,3,0,0.10810810810810811,21.22347581299248,0.09785984813477654,duma | ldpr | putin | rusia unida,putin,duma | ldpr | rusia unida,,0
14819,ABC Color,Reunión Asoban-Peña: Dionisio Borda advierte sobre riesgo de concentración y pide preservar la institucionalidad del BCP - Economía - ABC Color,2026-09-20 21:00:00-03:00,14818,ABC Color,Advierten diferencias contables en los registros de fondos públicos en banco - Política - ABC Color,2026-09-20 21:00:00-03:00,0.8903,2,14818,14819,19,10,5,0,4,0,0.20833333333333334,22.228226415751074,0.1750563238266145,asoban | banco central del paraguay | bcp | estado | ueno bank,,banco central del paraguay | bcp | estado | ueno bank,,1
14819,ABC Color,Reunión Asoban-Peña: Dionisio Borda advierte sobre riesgo de concentración y pide preservar la institucionalidad del BCP - Economía - ABC Color,2026-09-20 21:00:00-03:00,15165,ABC Color,Senador denuncia “favoritismo fuerte y grosero” hacia Ueno Bank y exige transparencia al BCP - Política - ABC Color,2026-09-20 21:00:00-03:00,0.8813,2,14819,15165,19,7,3,0,3,0,0.13043478260869565,13.48532331839652,0.11052456114477019,banco central del paraguay | bcp | ueno bank,,banco central del paraguay | bcp | ueno bank,,1
14819,ABC Color,Reunión Asoban-Peña: Dionisio Borda advierte sobre riesgo de concentración y pide preservar la institucionalidad del BCP - Economía - ABC Color,2026-09-20 21:00:00-03:00,15470,Última Hora,Analista sugiere cambios en el BCP para recuperar confianza en el sector financiero,2026-09-20 21:00:00-03:00,0.9045,2,14819,15470,19,15,5,0,4,0,0.1724137931034483,23.29866782745249,0.15142356905956586,asoban | banco central del paraguay | bcp | senado | superintendencia de bancos,,banco central del paraguay | bcp | senado | superintendencia de bancos,,1
14819,ABC Color,Reunión Asoban-Peña: Dionisio Borda advierte sobre riesgo de concentración y pide preservar la institucionalidad del BCP - Economía - ABC Color,2026-09-20 21:00:00-03:00,15511,Diario Paraguayo Noticias,Análisis de preocupaciones del sistema bancario paraguayo | Diario Paraguayo,2026-09-20 21:00:00-03:00,0.9004,2,14819,15511,19,11,4,0,3,0,0.15384615384615385,18.961712714518686,0.1399369980723242,asoban | banco central del paraguay | bcp | superintendencia de bancos,,banco central del paraguay | bcp | superintendencia de bancos,,1
15478,Ñanduti,Ministerio de la Mujer repudia denuncias de acoso sexual y violencia digital que afectan a estudiantes de la UNA,2026-09-20 21:00:00-03:00,14820,ABC Color,Día de la Juventud: cómo protegerse del ciberacoso y el grooming - Policiales - ABC Color,2026-09-20 21:00:00-03:00,0.7826,0,14820,15478,6,2,0,0,0,0,0.0,0.0,0.0,,,,,0
15317,ABC Color,Día de la Juventud: jóvenes encabezan estadísticas de muertes y lesiones por siniestros viales - Nacionales - ABC Color,2026-09-20 21:00:00-03:00,14821,ABC Color,"Así es la juventud en Paraguay: cuántos son, a qué se dedican y cuál es su realidad, según el INE - Nacionales - ABC Color",2026-09-20 21:00:00-03:00,0.7448,0,14821,15317,6,3,1,0,0,1,0.125,2.326506442740917,0.06235804723855489,paraguay,,,paraguay,0
14822,ABC Color,Miguel Prieto: “Honor Colorado está usando al BCP como garrote” - Política - ABC Color,2026-09-20 21:00:00-03:00,15165,ABC Color,Senador denuncia “favoritismo fuerte y grosero” hacia Ueno Bank y exige transparencia al BCP - Política - ABC Color,2026-09-20 21:00:00-03:00,0.8503,0,14822,15165,15,7,2,0,2,0,0.1,8.04975591679461,0.07884001603904679,banco central del paraguay | bcp,,banco central del paraguay | bcp,,0
14822,ABC Color,Miguel Prieto: “Honor Colorado está usando al BCP como garrote” - Política - ABC Color,2026-09-20 21:00:00-03:00,15329,ABC Color,Juicio de Miguel Prieto: Defensas cuestionan a fiscal por su falta de objetividad - Política - ABC Color,2026-09-20 21:00:00-03:00,0.862,0,14822,15329,15,20,3,1,2,0,0.09375,14.583935607064632,0.08485552421176944,fiscalía | miguel prieto | yo creo,miguel prieto,fiscalía | yo creo,,0
14822,ABC Color,Miguel Prieto: “Honor Colorado está usando al BCP como garrote” - Política - ABC Color,2026-09-20 21:00:00-03:00,15421,Amambay News,Caso Tía Chela: tensión en pleno juicio entre fiscal y defensa de Miguel Prieto - Amambay News,2026-09-20 21:00:00-03:00,0.8405,0,14822,15421,15,7,1,1,0,0,0.047619047619047616,5.4355674016019115,0.05144481790682773,miguel prieto,miguel prieto,,,0
15189,La Nación,La Nación / Hurto y violencia familiar: los delitos que acorralan a la juventud paraguaya,2026-09-20 21:00:00-03:00,14825,ABC Color,Día de la Juventud: hurto y violencia familiar encabezan los delitos cometidos por jóvenes en Paraguay - Nacionales - ABC Color,2026-09-20 21:00:00-03:00,0.9766,2,14825,15189,2,4,2,0,1,1,0.5,7.985217395657038,0.4318268992246138,observatorio del ministerio público | paraguay,,observatorio del ministerio público,paraguay,1
15317,ABC Color,Día de la Juventud: jóvenes encabezan estadísticas de muertes y lesiones por siniestros viales - Nacionales - ABC Color,2026-09-20 21:00:00-03:00,14825,ABC Color,Día de la Juventud: hurto y violencia familiar encabezan los delitos cometidos por jóvenes en Paraguay - Nacionales - ABC Color,2026-09-20 21:00:00-03:00,0.7578,0,14825,15317,6,4,1,0,0,1,0.1111111111111111,2.326506442740917,0.05235883053286621,paraguay,,,paraguay,0
15235,Crónica,Se hicieron pasar por polis y pelaron una vivienda,2026-09-20 21:00:00-03:00,14828,ABC Color,"Vestidos de policías, asaltan vivienda en busca de dinero del accidente aéreo de Prosegur - ABC en el Este - ABC Color",2026-09-20 21:00:00-03:00,0.9275,2,14828,15235,6,11,3,0,1,1,0.21428571428571427,13.659676705541298,0.17980290091419404,hospital distrital | minga guazú | policía nacional,,policía nacional,minga guazú,1
15554,Última Hora,Advierten que venta de inmuebles no puede financiar fondo de salud de IPS,2026-09-20 21:00:00-03:00,14830,ABC Color,Jubilados advierten que la ley de emergencia del IPS podría volver a beneficiar a los “amigos” de Peña - Política - ABC Color,2026-09-20 21:00:00-03:00,0.8256,0,14830,15554,10,10,3,1,2,0,0.17647058823529413,15.200121746488449,0.15851845597591724,gustavo canatta | instituto de previsión social | ips,gustavo canatta,instituto de previsión social | ips,,0
15328,ABC Color,"El río Paraná alcanza 3,67 m y proyectan descenso en Ayolas - Nacionales - ABC Color",2026-09-20 21:00:00-03:00,14831,ABC Color,Río Paraguay sigue descendiendo en zona de Concepción - Clima - ABC Color,2026-09-20 21:00:00-03:00,0.8929,0,14831,15328,14,9,0,0,0,0,0.0,0.0,0.0,,,,,0
14834,ABC Color,Pargos Tech consolida su expansión con la inauguración de su nuevo Centro de distribución y logística - Negocios - ABC Color,2026-09-20 21:00:00-03:00,14992,Diario Paraguayo Noticias,Tecnología para no perder margen: así se prepara la agroindustria de Alto Paraná para una nueva campaña | Diario Paraguayo,2026-09-20 21:00:00-03:00,0.7328,0,14834,14992,4,10,0,0,0,0,0.0,0.0,0.0,,,,,0
14834,ABC Color,Pargos Tech consolida su expansión con la inauguración de su nuevo Centro de distribución y logística - Negocios - ABC Color,2026-09-20 21:00:00-03:00,15001,Diario Paraguayo Noticias,Disponibilidad tecnológica: estrategia empresarial clave | Diario Paraguayo,2026-09-20 21:00:00-03:00,0.7253,0,14834,15001,4,3,0,0,0,0,0.0,0.0,0.0,,,,,0
14834,ABC Color,Pargos Tech consolida su expansión con la inauguración de su nuevo Centro de distribución y logística - Negocios - ABC Color,2026-09-20 21:00:00-03:00,15169,ABC Color,"Munich, tradición que se transforma - Negocios - ABC Color",2026-09-20 21:00:00-03:00,0.7042,0,14834,15169,4,9,0,0,0,0,0.0,0.0,0.0,,,,,0
14834,ABC Color,Pargos Tech consolida su expansión con la inauguración de su nuevo Centro de distribución y logística - Negocios - ABC Color,2026-09-20 21:00:00-03:00,15196,5Días,Grupo Luminotecnia celebra 35 años de trayectoria e impacto en la industria paraguaya,2026-09-20 21:00:00-03:00,0.7061,0,14834,15196,4,1,0,0,0,0,0.0,0.0,0.0,,,,,0
14834,ABC Color,Pargos Tech consolida su expansión con la inauguración de su nuevo Centro de distribución y logística - Negocios - ABC Color,2026-09-20 21:00:00-03:00,15348,La Nación,La Nación / MAG entrega implementos agrícolas por más de G. 700 millones a productores de Eugenio A. Garay,2026-09-20 21:00:00-03:00,0.71,0,14834,15348,4,9,0,0,0,0,0.0,0.0,0.0,,,,,0
14836,ABC Color,Los hutíes dicen haber atacado “sitios sensibles” en la capital de Arabia Saudita - Mundo - ABC Color,2026-09-20 21:00:00-03:00,14868,Última Hora,Ataques hutíes contra Arabia Saudí propician “escalada peligrosa”,2026-09-20 21:00:00-03:00,0.9015,2,14836,14868,14,13,6,0,1,5,0.2857142857142857,30.50787415716926,0.26699573059906734,arabia saudí | aramco | irán | riad | yanbu | yemen,,aramco,arabia saudí | irán | riad | yanbu | yemen,1
14836,ABC Color,Los hutíes dicen haber atacado “sitios sensibles” en la capital de Arabia Saudita - Mundo - ABC Color,2026-09-20 21:00:00-03:00,14983,Diario Paraguayo Noticias,Ataques hutíes contra Arabia Saudí propician “escalada peligrosa” | Diario Paraguayo,2026-09-20 21:00:00-03:00,0.9053,2,14836,14983,14,11,6,0,1,5,0.3157894736842105,30.50787415716926,0.29119281252932866,arabia saudí | aramco | irán | riad | yanbu | yemen,,aramco,arabia saudí | irán | riad | yanbu | yemen,1
14836,ABC Color,Los hutíes dicen haber atacado “sitios sensibles” en la capital de Arabia Saudita - Mundo - ABC Color,2026-09-20 21:00:00-03:00,15144,Diario Paraguayo Noticias,Liga Árabe advierte sobre escalada de tensiones | Diario Paraguayo,2026-09-20 21:00:00-03:00,0.8667,1,14836,15144,14,11,6,0,1,4,0.3157894736842105,30.50787415716926,0.290395421641276,arabia saudí | aramco | irán | riad | yanbu | yemen,,aramco,arabia saudí | riad | yanbu | yemen,0
14836,ABC Color,Los hutíes dicen haber atacado “sitios sensibles” en la capital de Arabia Saudita - Mundo - ABC Color,2026-09-20 21:00:00-03:00,15278,Red Digital San Pedro,Ataques hutíes contra Arabia Saudí propician “escalada peligrosa” - Red Digital San Pedro,2026-09-20 21:00:00-03:00,0.8945,2,14836,15278,14,10,6,0,1,5,0.3333333333333333,30.50787415716926,0.30998651265381205,arabia saudí | aramco | irán | riad | yanbu | yemen,,aramco,arabia saudí | irán | riad | yanbu | yemen,1
14836,ABC Color,Los hutíes dicen haber atacado “sitios sensibles” en la capital de Arabia Saudita - Mundo - ABC Color,2026-09-20 21:00:00-03:00,15376,Megacadena,El Gobierno yemení frena el avance hutí en Taiz y Marib,2026-09-20 21:00:00-03:00,0.9024,2,14836,15376,14,9,1,0,1,0,0.045454545454545456,5.253245844807957,0.042207333125863104,arabia saudita,,arabia saudita,,1
14837,ABC Color,"Francia considera ""real y documentada"" la amenaza de guerra híbrida rusa - Mundo - ABC Color",2026-09-20 21:00:00-03:00,15134,La Tribuna,Drones ucranianos golpean Moscú ante el cierre electoral de Putin,2026-09-20 21:00:00-03:00,0.8266,0,14837,15134,9,18,1,0,0,1,0.038461538461538464,5.099095164980699,0.033586813873222855,rusia,,,rusia,0
14999,Diario Paraguayo Noticias,EE. UU. y China establecen diálogo sobre IA | Diario Paraguayo,2026-09-20 21:00:00-03:00,14840,ABC Color,China confirma que Xi Jinping visitará EE.UU. esta semana - Mundo - ABC Color,2026-09-20 21:00:00-03:00,0.862,0,14840,14999,16,20,9,4,1,2,0.3333333333333333,44.46333579401638,0.3120252216510791,bessent | casa blanca | estados unidos | he lifeng | nueva york | pekín | scott bessent | washington | xi jinping,bessent | he lifeng | scott bessent | xi jinping,washington,casa blanca | nueva york,0
14884,Última Hora,"Muere a los 27 años el modelo Presley Gerber, hijo de Cindy Crawford",2026-09-20 21:00:00-03:00,14847,ABC Color,"Murió Presley Gerber, hijo de la modelo estadounidense Cindy Crawford - Gente - ABC Color",2026-09-20 21:00:00-03:00,0.9163,2,14847,14884,16,27,8,4,2,2,0.22857142857142856,44.587834449387785,0.2163189075967305,california | cindy crawford | cnn | kaia gerber | los ángeles | presley gerber | rande gerber | tmz,cindy crawford | kaia gerber | presley gerber | rande gerber,cnn | tmz,california | los ángeles,1
15325,ABC Color,"Orlando Gill y Meli Ávalos, enamorados en París - Gente - ABC Color",2026-09-20 21:00:00-03:00,14849,ABC Color,¡Fátima Fernández Mercado ya pasó al club de las casadas! - Gente - ABC Color,2026-09-20 21:00:00-03:00,0.773,0,14849,15325,12,12,0,0,0,0,0.0,0.0,0.0,,,,,0
15111,Ñanduti,Conductor murió en choque frontal en J. Augusto Saldívar: hallaron botellas con olor a cerveza en su vehículo,2026-09-20 21:00:00-03:00,14851,ABC Color,Accidente en J. Augusto Saldívar: conductor de 42 años falleció en un choque frontal - Policiales - ABC Color,2026-09-20 21:00:00-03:00,0.8928,2,14851,15111,7,10,4,2,1,1,0.3076923076923077,20.976615735060953,0.29305202251699447,bomberos de capiatá | j. augusto saldívar | miguel ángel ferreira velázquez | ramón cabrera acosta,miguel ángel ferreira velázquez | ramón cabrera acosta,bomberos de capiatá,j. augusto saldívar,1
15115,Ñanduti,Lunes caluroso con tormentas y máxima de 35 grados: el martes la temperatura bajaría hasta 21 grados,2026-09-20 21:00:00-03:00,14852,ABC Color,Lunes con tormentas en Paraguay: ¿Hasta qué día va a llover y cuándo volverá el fresco? - Clima - ABC Color,2026-09-20 21:00:00-03:00,0.8719,1,14852,15115,13,7,1,0,1,0,0.05263157894736842,5.099095164980699,0.055032542044387865,dirección de meteorología e hidrología,,dirección de meteorología e hidrología,,0
14856,Última Hora,Alliana asume mando en ausencia de Peña y en plena crisis en HC,2026-09-20 21:00:00-03:00,14896,La Nación,La Nación / Baruja ratifica la potestad de Alliana para la elección de su dupla tras las municipales,2026-09-20 21:00:00-03:00,0.9132,2,14856,14896,20,17,10,8,2,0,0.37037037037037035,42.34471047961526,0.3378085687128192,alliana | cartes | cio cartes | césar sosa | honor colorado | hora | juan carlos baruja | partido colorado | pedro alliana | santiago peña,alliana | cartes | cio cartes | césar sosa | hora | juan carlos baruja | pedro alliana | santiago peña,honor colorado | partido colorado,,1
14856,Última Hora,Alliana asume mando en ausencia de Peña y en plena crisis en HC,2026-09-20 21:00:00-03:00,15116,ABC Color,"Crisis en Honor Colorado: “Lo que se ve no se pregunta”, dice Beto Ovelar - Nacionales - ABC Color",2026-09-20 21:00:00-03:00,0.9114,2,14856,15116,20,16,7,6,1,0,0.2413793103448276,29.380445961264755,0.21138254030710263,cartes | cio cartes | honor colorado | hora | juan carlos baruja | pedro alliana | santiago peña,cartes | cio cartes | hora | juan carlos baruja | pedro alliana | santiago peña,honor colorado,,1
14856,Última Hora,Alliana asume mando en ausencia de Peña y en plena crisis en HC,2026-09-20 21:00:00-03:00,15162,ABC Color,Bachi Núñez niega crisis en Honor Colorado: “Es una disparidad de opiniones” - Política - ABC Color,2026-09-20 21:00:00-03:00,0.9096,1,14856,15162,20,24,9,6,2,1,0.2571428571428571,39.15985634030055,0.2257330180682475,alliana | cartes | césar sosa | guairá | honor colorado | horacio cartes | juan carlos baruja | partido colorado | pedro alliana,alliana | cartes | césar sosa | horacio cartes | juan carlos baruja | pedro alliana,honor colorado | partido colorado,guairá,0
14856,Última Hora,Alliana asume mando en ausencia de Peña y en plena crisis en HC,2026-09-20 21:00:00-03:00,15205,Resumen de Noticias,Alliana asume el gobierno ante fractura interna en HC,2026-09-20 21:00:00-03:00,0.9717,2,14856,15205,20,20,15,10,4,1,0.6,64.81042317644935,0.5452088066465945,alliana | cartes | cio cartes | consejo de gobernadores | césar sosa | delcy rodríguez | ejecutivo | honor colorado | hora | horacio cartes | partido colorado | pedro alliana | peña | santiago peña | venezuela,alliana | cartes | cio cartes | césar sosa | delcy rodríguez | hora | horacio cartes | pedro alliana | peña | santiago peña,consejo de gobernadores | ejecutivo | honor colorado | partido colorado,venezuela,1
14856,Última Hora,Alliana asume mando en ausencia de Peña y en plena crisis en HC,2026-09-20 21:00:00-03:00,15493,Última Hora,Cartes no se pronuncia y esta semana se podría dar una reunión con Alliana,2026-09-20 21:00:00-03:00,0.9225,2,14856,15493,20,16,11,7,1,2,0.44,44.4867482014703,0.38693990409058504,alliana | cartes | delcy rodríguez | ejecutivo | estados unidos | honor colorado | horacio cartes | pedro alliana | peña | santiago peña | venezuela,alliana | cartes | delcy rodríguez | horacio cartes | pedro alliana | peña | santiago peña,ejecutivo,estados unidos | venezuela,1
14857,Última Hora,"La primavera es recibida con calor, lluvias y un posterior descenso",2026-09-20 21:00:00-03:00,14900,La Nación,La Nación / La primavera arranca con ambiente cálido a caluroso y lluvias,2026-09-20 21:00:00-03:00,0.9253,2,14857,14900,10,5,0,0,0,0,0.0,0.0,0.0,,,,,1
14857,Última Hora,"La primavera es recibida con calor, lluvias y un posterior descenso",2026-09-20 21:00:00-03:00,14984,Diario Paraguayo Noticias,"La primavera es recibida con calor, lluvias y un posterior descenso | Diario Paraguayo",2026-09-20 21:00:00-03:00,0.9538,2,14857,14984,10,4,2,1,1,0,0.16666666666666666,10.506491689615913,0.18464989544794885,aracely fernández | dirección de meteorología,aracely fernández,dirección de meteorología,,1
14857,Última Hora,"La primavera es recibida con calor, lluvias y un posterior descenso",2026-09-20 21:00:00-03:00,14998,Diario Paraguayo Noticias,Primavera inicia con clima cálido y lluvias | Diario Paraguayo,2026-09-20 21:00:00-03:00,0.9325,2,14857,14998,10,4,0,0,0,0,0.0,0.0,0.0,,,,,1
14857,Última Hora,"La primavera es recibida con calor, lluvias y un posterior descenso",2026-09-20 21:00:00-03:00,15058,Amambay Ahora,"La primavera es recibida con calor, lluvias y un posterior descenso",2026-09-20 21:00:00-03:00,0.9289,2,14857,15058,10,3,3,2,1,0,0.3,16.452884714983817,0.3410094228196139,aracely fernández | dirección de meteorología | rodrigo villamayor,aracely fernández | rodrigo villamayor,dirección de meteorología,,1
14857,Última Hora,"La primavera es recibida con calor, lluvias y un posterior descenso",2026-09-20 21:00:00-03:00,15145,Diario Paraguayo Noticias,"Primavera con calor, lluvia y descenso de temperaturas | Diario Paraguayo",2026-09-20 21:00:00-03:00,0.9618,2,14857,15145,10,4,2,1,1,0,0.16666666666666666,10.506491689615913,0.18464989544794885,aracely fernández | dirección de meteorología,aracely fernández,dirección de meteorología,,1
15330,ABC Color,PGN 2027: Salud tendrá más recursos pese a limitada ejecución 2026 - Economía - ABC Color,2026-09-20 21:00:00-03:00,14859,Última Hora,"PGN 2027: Advierten de más gasto y deuda, con menor margen fiscal",2026-09-20 21:00:00-03:00,0.8449,0,14859,15330,12,6,0,0,0,0,0.0,0.0,0.0,,,,,0
14862,Última Hora,El gran negocio de la marihuana se expande en las áreas protegidas,2026-09-20 21:00:00-03:00,15067,Oviedo Press,Operativos en Brasil dejan cuatro paraguayos detenidos y más de 3.400 kilos de marihuana - OviedoPress,2026-09-20 21:00:00-03:00,0.7896,0,14862,15067,8,10,1,0,0,1,0.058823529411764705,4.3369551129338015,0.04233335554054923,brasil,,,brasil,0
14862,Última Hora,El gran negocio de la marihuana se expande en las áreas protegidas,2026-09-20 21:00:00-03:00,15460,Amambay Ahora,Incineran más de cuatro toneladas de marihuana en Pedro Juan halladas en Capitán Bado,2026-09-20 21:00:00-03:00,0.8023,0,14862,15460,8,13,2,0,2,0,0.10526315789473684,11.892786050735804,0.10444133802941528,secretaría nacional antidrogas | senad,,secretaría nacional antidrogas | senad,,0
15491,ABC Color,Elecciones Municipales: La importancia de los observadores - Política - ABC Color,2026-09-20 21:00:00-03:00,14863,Última Hora,No hay observadores nacionales para municipales y sugieren ley,2026-09-20 21:00:00-03:00,0.8885,1,14863,15491,10,16,4,0,4,0,0.18181818181818182,21.482987008477565,0.16525460776622244,oea | tribunal superior de justicia electoral | tsje | unión europea,,oea | tribunal superior de justicia electoral | tsje | unión europea,,0
14866,Última Hora,"El Papa se verá con Milei, visitará una cárcel y oficiará misa multitudinaria en Argentina",2026-09-20 21:00:00-03:00,15161,Digital Misiones,"El Papa se verá con Milei, visitará una cárcel y oficiará misa multitudinaria en Argentina",2026-09-20 21:00:00-03:00,0.9874,2,14866,15161,28,22,19,3,2,14,0.6129032258064516,106.90151928957226,0.5921828704718697,argentina | buenos aires | c | casa rosada | catedral de nuestra señora de la asunción | catedral metropolitana | córdoba | ejércitos de la independencia | episcopado argentino | escuela de aviación militar | laypole | león xiv | luján | milei | monumento al general san martín | monumento de los españoles | palacio de san martín | papa | plaza san martín,león xiv | milei | papa,ejércitos de la independencia | episcopado argentino,argentina | buenos aires | c | casa rosada | catedral de nuestra señora de la asunción | catedral metropolitana | córdoba | escuela de aviación militar | laypole | luján | monumento al general san martín | monumento de los españoles | palacio de san martín | plaza san martín,1
14866,Última Hora,"El Papa se verá con Milei, visitará una cárcel y oficiará misa multitudinaria en Argentina",2026-09-20 21:00:00-03:00,15163,ABC Color,"El papa León XIV en América del Sur: 11 días, 14 ciudades, 35 discursos y 9 misas - Mundo - ABC Color",2026-09-20 21:00:00-03:00,0.9007,2,14866,15163,28,28,6,2,0,4,0.12,30.56681669280271,0.1038421839212234,argentina | buenos aires | c | francisco | león xiv | perú,francisco | león xiv,,argentina | buenos aires | c | perú,1
14866,Última Hora,"El Papa se verá con Milei, visitará una cárcel y oficiará misa multitudinaria en Argentina",2026-09-20 21:00:00-03:00,15575,adn,"El Vaticano publicó el itinerario del papa León XIV durante su gira por Uruguay, Argentina y Perú - ADN Digital",2026-09-20 21:00:00-03:00,0.8898,1,14866,15575,28,24,10,2,0,8,0.23809523809523808,54.01259072068353,0.2200941706230308,argentina | buenos aires | casa rosada | córdoba | león xiv | luján | palacio libertad | papa | perú | plaza san martín,león xiv | papa,,argentina | buenos aires | casa rosada | córdoba | luján | palacio libertad | perú | plaza san martín,0
14868,Última Hora,Ataques hutíes contra Arabia Saudí propician “escalada peligrosa”,2026-09-20 21:00:00-03:00,14983,Diario Paraguayo Noticias,Ataques hutíes contra Arabia Saudí propician “escalada peligrosa” | Diario Paraguayo,2026-09-20 21:00:00-03:00,0.9837,2,14868,14983,13,11,10,0,4,8,0.7142857142857143,52.47328731489112,0.7027180409012626,arabia saudí | aramco | irán | liga árabe | mar rojo | oriente medio | ormuz | riad | yanbu | yemen,,aramco | irán | liga árabe | riad,arabia saudí | irán | mar rojo | oriente medio | ormuz | riad | yanbu | yemen,1
14868,Última Hora,Ataques hutíes contra Arabia Saudí propician “escalada peligrosa”,2026-09-20 21:00:00-03:00,15144,Diario Paraguayo Noticias,Liga Árabe advierte sobre escalada de tensiones | Diario Paraguayo,2026-09-20 21:00:00-03:00,0.9585,2,14868,15144,13,11,10,0,5,6,0.7142857142857143,52.7609693873429,0.7065706560641468,arabia | arabia saudí | aramco | irán | liga árabe | mar rojo | oriente medio | riad | yanbu | yemen,,arabia | aramco | irán | liga árabe | riad,arabia saudí | mar rojo | oriente medio | riad | yanbu | yemen,1
14868,Última Hora,Ataques hutíes contra Arabia Saudí propician “escalada peligrosa”,2026-09-20 21:00:00-03:00,15278,Red Digital San Pedro,Ataques hutíes contra Arabia Saudí propician “escalada peligrosa” - Red Digital San Pedro,2026-09-20 21:00:00-03:00,0.9891,2,14868,15278,13,10,10,0,4,8,0.7692307692307693,52.47328731489112,0.7680512220613814,arabia saudí | aramco | irán | liga árabe | mar rojo | oriente medio | ormuz | riad | yanbu | yemen,,aramco | irán | liga árabe | riad,arabia saudí | irán | mar rojo | oriente medio | ormuz | riad | yanbu | yemen,1
14868,Última Hora,Ataques hutíes contra Arabia Saudí propician “escalada peligrosa”,2026-09-20 21:00:00-03:00,15376,Megacadena,El Gobierno yemení frena el avance hutí en Taiz y Marib,2026-09-20 21:00:00-03:00,0.8472,1,14868,15376,13,9,1,0,1,0,0.047619047619047616,3.5484977525695314,0.03006276953018947,gobierno,,gobierno,,0
15111,Ñanduti,Conductor murió en choque frontal en J. Augusto Saldívar: hallaron botellas con olor a cerveza en su vehículo,2026-09-20 21:00:00-03:00,14873,Última Hora,Violento choque frontal deja un fallecido en J. Augusto Saldívar,2026-09-20 21:00:00-03:00,0.8949,2,14873,15111,7,6,3,2,0,1,0.3,15.317904782144831,0.27314570933208665,j. augusto saldívar | miguel ángel ferreira velázquez | ramón cabrera acosta,miguel ángel ferreira velázquez | ramón cabrera acosta,,j. augusto saldívar,1
14874,Última Hora,Jóvenes denuncian injusticias y reclaman oportunidades reales,2026-09-20 21:00:00-03:00,15041,TN Press,El compromiso de la juventud hará florecer al Paraguay,2026-09-20 21:00:00-03:00,0.8006,0,14874,15041,7,2,0,0,0,0,0.0,0.0,0.0,,,,,0
15345,La Nación,La Nación / Fiscalía solicitó 12 años de prisión para Rivas,2026-09-20 21:00:00-03:00,14875,Última Hora,Parlamentarios están expectantes ante la sentencia en el caso Rivas,2026-09-20 21:00:00-03:00,0.8926,1,14875,15345,12,14,2,2,0,0,0.08333333333333333,9.389530262279607,0.07296156806601958,hernán rivas | rivas,hernán rivas | rivas,,,0
15489,ABC Color,Senado culmina audiencias y avanza hacia las ternas para la Defensoría del Pueblo - Política - ABC Color,2026-09-20 21:00:00-03:00,14875,Última Hora,Parlamentarios están expectantes ante la sentencia en el caso Rivas,2026-09-20 21:00:00-03:00,0.787,0,14875,15489,24,14,0,0,0,0,0.0,0.0,0.0,,,,,0
15147,Diario Paraguayo Noticias,Dinelco amplía opciones de pago para comercios | Diario Paraguayo,2026-09-20 21:00:00-03:00,14883,Última Hora,Dinelco amplía las opciones de pago para comercios con su nueva campaña,2026-09-20 21:00:00-03:00,0.9738,2,14883,15147,7,4,4,0,3,1,0.5714285714285714,17.644411224885747,0.5620055814612551,banco central del paraguay | bepsa del paraguay s.a.e.c.a. | dinelco | paraguay,,banco central del paraguay | bepsa del paraguay s.a.e.c.a. | dinelco,paraguay,1
14884,Última Hora,"Muere a los 27 años el modelo Presley Gerber, hijo de Cindy Crawford",2026-09-20 21:00:00-03:00,15476,La Nación,La Nación / Presley Gerber y el llamado Club de los 27: cuando la fama no alcanza para ocultar el dolor,2026-09-20 21:00:00-03:00,0.8642,1,14884,15476,16,16,3,2,0,1,0.10344827586206896,15.654377018766045,0.09652659431114957,kaia gerber | los ángeles | presley gerber,kaia gerber | presley gerber,,los ángeles,0
14884,Última Hora,"Muere a los 27 años el modelo Presley Gerber, hijo de Cindy Crawford",2026-09-20 21:00:00-03:00,15499,La Nación,La Nación / Más allá del Club de los 27: la historia de Presley Gerber,2026-09-20 21:00:00-03:00,0.8637,1,14884,15499,16,15,3,2,0,1,0.10714285714285714,15.654377018766045,0.10072337382271628,cindy crawford | kaia gerber | los ángeles,cindy crawford | kaia gerber,,los ángeles,0
14884,Última Hora,"Muere a los 27 años el modelo Presley Gerber, hijo de Cindy Crawford",2026-09-20 21:00:00-03:00,15518,Diario Paraguayo Noticias,Más allá del Club de los 27: la historia de Presley Gerber | Diario Paraguayo,2026-09-20 21:00:00-03:00,0.8569,1,14884,15518,16,16,4,3,0,1,0.14285714285714285,21.089944420367956,0.13569689507327803,cindy crawford | kaia gerber | los ángeles | presley gerber,cindy crawford | kaia gerber | presley gerber,,los ángeles,0
14884,Última Hora,"Muere a los 27 años el modelo Presley Gerber, hijo de Cindy Crawford",2026-09-20 21:00:00-03:00,15561,Última Hora,"Lady Gaga recurrió a la gestación subrogada, según todos los indicios",2026-09-20 21:00:00-03:00,0.7148,0,14884,15561,16,12,2,0,1,1,0.07692307692307693,10.624274725272297,0.07152648850308783,los ángeles | tmz,,tmz,los ángeles,0
14886,Última Hora,"Latele cumple 18 años de historia, renovando y estrenando casa",2026-09-20 21:00:00-03:00,14885,Última Hora,2007 Oniria celebra su primer galardón,2026-09-20 21:00:00-03:00,0.7608,0,14885,14886,11,11,0,0,0,0,0.0,0.0,0.0,,,,,0
14886,Última Hora,"Latele cumple 18 años de historia, renovando y estrenando casa",2026-09-20 21:00:00-03:00,15389,Diario Paraguayo Noticias,Latele cumple 18 años con nueva sede y tecnología | Diario Paraguayo,2026-09-20 21:00:00-03:00,0.9737,2,14886,15389,11,17,9,7,2,0,0.47368421052631576,53.22985515585934,0.46468172851942224,césar trinidad | dani vuyk | latele | lorena azucas | maría liz | mathías benítez | pelusa rubin | rossana barrios | úh,césar trinidad | dani vuyk | lorena azucas | maría liz | mathías benítez | pelusa rubin | rossana barrios,latele | úh,,1
14886,Última Hora,"Latele cumple 18 años de historia, renovando y estrenando casa",2026-09-20 21:00:00-03:00,15402,Extra,¡Sanie y Rubén celebran los 23 años con Vive la Vida!,2026-09-20 21:00:00-03:00,0.7843,0,14886,15402,11,14,0,0,0,0,0.0,0.0,0.0,,,,,0
14886,Última Hora,"Latele cumple 18 años de historia, renovando y estrenando casa",2026-09-20 21:00:00-03:00,15404,Extra,Kiara Coronel festeja los 2 años de TF Stream: “Somos los únicos con conductores preparados”,2026-09-20 21:00:00-03:00,0.7317,0,14886,15404,11,7,0,0,0,0,0.0,0.0,0.0,,,,,0
15538,Ñanduti,Peña viaja con comitiva de 13 personas a EE.UU.: el decreto no revela cuánto costará la numerosa misión oficial,2026-09-20 21:00:00-03:00,14888,La Nación,La Nación / Santiago Peña inicia intensa agenda en Nueva York antes del debate en la ONU,2026-09-20 21:00:00-03:00,0.836,0,14888,15538,27,12,9,2,6,1,0.3,41.11848016628762,0.2532587615288417,bank of america | emerging variant | estado | estados unidos | modirum gespi | onu | peña | santiago peña | scorpio tankers,peña | santiago peña,bank of america | emerging variant | estado | modirum gespi | onu | scorpio tankers,estados unidos,0
14894,La Nación,La Nación / Un paso más hacia la digitalización: BCP pone en marcha el CDA-d desde este lunes,2026-09-20 21:00:00-03:00,14990,Diario Paraguayo Noticias,Un paso más hacia la digitalización: BCP pone en marcha el CDA-d desde este lunes | Diario Paraguayo,2026-09-20 21:00:00-03:00,0.992,2,14894,14990,4,4,4,0,4,0,1.0,18.24794624675601,1.0,banco central del paraguay | bcp | depo | depositaria de valores,,banco central del paraguay | bcp | depo | depositaria de valores,,1
14894,La Nación,La Nación / Un paso más hacia la digitalización: BCP pone en marcha el CDA-d desde este lunes,2026-09-20 21:00:00-03:00,15150,Diario Paraguayo Noticias,BCP activa sistema CDA-d para certificados digitales | Diario Paraguayo,2026-09-20 21:00:00-03:00,0.9815,2,14894,15150,4,4,4,0,4,0,1.0,18.24794624675601,1.0,banco central del paraguay | bcp | depo | depositaria de valores,,banco central del paraguay | bcp | depo | depositaria de valores,,1
14894,La Nación,La Nación / Un paso más hacia la digitalización: BCP pone en marcha el CDA-d desde este lunes,2026-09-20 21:00:00-03:00,15335,Última Hora,Adiós al CDA de papel: Paraguay entra en la era del CDA digital,2026-09-20 21:00:00-03:00,0.9643,2,14894,15335,4,5,4,0,4,0,0.8,18.24794624675601,0.886922559843909,banco central del paraguay | bcp | depo | depositaria de valores,,banco central del paraguay | bcp | depo | depositaria de valores,,1
15374,Ñanduti,Banco Continental integra la emisión y custodia en la nueva era del CDA Digital,2026-09-20 21:00:00-03:00,14894,La Nación,La Nación / Un paso más hacia la digitalización: BCP pone en marcha el CDA-d desde este lunes,2026-09-20 21:00:00-03:00,0.9323,2,14894,15374,5,4,2,0,2,0,0.2857142857142857,8.04975591679461,0.2205860373771528,banco central del paraguay | bcp,,banco central del paraguay | bcp,,1
14894,La Nación,La Nación / Un paso más hacia la digitalización: BCP pone en marcha el CDA-d desde este lunes,2026-09-20 21:00:00-03:00,15472,Más Encarnación,BCP habilita los Certificados de Depósito de Ahorro 100% digitales,2026-09-20 21:00:00-03:00,0.9799,2,14894,15472,4,5,4,0,4,0,0.8,18.24794624675601,0.7937214168515081,banco central del paraguay | bcp | depo | depositaria de valores,,banco central del paraguay | bcp | depo | depositaria de valores,,1
14894,La Nación,La Nación / Un paso más hacia la digitalización: BCP pone en marcha el CDA-d desde este lunes,2026-09-20 21:00:00-03:00,15514,Diario Paraguayo Noticias,CDA digitales: Paraguay moderniza inversiones | Diario Paraguayo,2026-09-20 21:00:00-03:00,0.9436,2,14894,15514,4,6,3,0,3,0,0.42857142857142855,14.198673206273986,0.4433565404796054,banco central del paraguay | depo | depositaria de valores,,banco central del paraguay | depo | depositaria de valores,,1
15112,Ñanduti,Alfaro convocó a 28 jugadores para los amistosos de Paraguay ante Bolivia y Colombia: varias caras nuevas en la lista,2026-09-20 21:00:00-03:00,14897,La Nación,La Nación / Se inicia un nuevo ciclo,2026-09-20 21:00:00-03:00,0.9662,2,14897,15112,42,31,18,7,7,3,0.32727272727272727,88.92013735695134,0.28993115696957855,albirroja | alexis cañete | atlético tucumán | audi field | bolivia | c | colombia | enso gonzález | gustavo alfaro | hugo adrián benítez | hugo quintana | nacional | nueva jersey | paraguay | robert morales | santiago rojas | sports illustrated stadium | wolverhampton,alexis cañete | enso gonzález | gustavo alfaro | hugo adrián benítez | hugo quintana | robert morales | santiago rojas,albirroja | atlético tucumán | bolivia | c | colombia | nacional | wolverhampton,audi field | nueva jersey | sports illustrated stadium,1
15111,Ñanduti,Conductor murió en choque frontal en J. Augusto Saldívar: hallaron botellas con olor a cerveza en su vehículo,2026-09-20 21:00:00-03:00,14903,NPY,Choque frontal en J. Augusto Saldívar deja un fallecido y a una familia que exige esclarecer el caso,2026-09-20 21:00:00-03:00,0.8778,2,14903,15111,7,8,2,1,0,1,0.15384615384615385,10.064658937336874,0.13587245889767355,j. augusto saldívar | ramón cabrera acosta,ramón cabrera acosta,,j. augusto saldívar,1
15294,La Nación,"La Nación / Senabico subastará inmuebles, vehículos y maquinaria pesada el 24 de septiembre",2026-09-20 21:00:00-03:00,14904,5Días,Principales Empresas Adjudicadas en Licitaciones Públicas – Semana del 14 al 20 de septiembre de 2026,2026-09-20 21:00:00-03:00,0.7653,0,14904,15294,16,2,0,0,0,0,0.0,0.0,0.0,,,,,0
15294,La Nación,"La Nación / Senabico subastará inmuebles, vehículos y maquinaria pesada el 24 de septiembre",2026-09-20 21:00:00-03:00,14905,5Días,Municipalidades con Mayor Monto Adjudicado en Paraguay – Semana del 14 al 20 de septiembre de 2026,2026-09-20 21:00:00-03:00,0.7255,0,14905,15294,16,1,0,0,0,0,0.0,0.0,0.0,,,,,0
15294,La Nación,"La Nación / Senabico subastará inmuebles, vehículos y maquinaria pesada el 24 de septiembre",2026-09-20 21:00:00-03:00,14906,5Días,Gobernaciones con Adjudicaciones – Semana del 14 al 20 de septiembre de 2026,2026-09-20 21:00:00-03:00,0.7647,0,14906,15294,16,1,0,0,0,0,0.0,0.0,0.0,,,,,0
15554,Última Hora,Advierten que venta de inmuebles no puede financiar fondo de salud de IPS,2026-09-20 21:00:00-03:00,14907,5Días,Top Convocantes con Mayor Monto Adjudicado – Semana del 14 al 20 de septiembre de 2026,2026-09-20 21:00:00-03:00,0.7416,0,14907,15554,10,3,2,0,2,0,0.18181818181818182,9.253728721120545,0.14747607705659035,instituto de previsión social | ips,,instituto de previsión social | ips,,0
15113,Ñanduti,"La Unión Europea busca no quedarse atrás en inteligencia artificial, pero apuesta por una regulación robusta",2026-09-20 21:00:00-03:00,14915,5Días,Europa debate cómo competir en IA frente a EE.UU.,2026-09-20 21:00:00-03:00,0.9143,2,14915,15113,19,2,1,0,1,0,0.05,5.4355674016019115,0.04680873292395966,europa,,europa,,1
15538,Ñanduti,Peña viaja con comitiva de 13 personas a EE.UU.: el decreto no revela cuánto costará la numerosa misión oficial,2026-09-20 21:00:00-03:00,14920,El Independiente,Peña tiene ocho encuentros económicos antes del debate de Naciones Unidas,2026-09-20 21:00:00-03:00,0.8224,0,14920,15538,27,12,7,2,4,1,0.21875,32.52972774876032,0.19178129005308553,bank of america | emerging variant | estados unidos | modirum gespi | peña | santiago peña | scorpio tankers,peña | santiago peña,bank of america | emerging variant | modirum gespi | scorpio tankers,estados unidos,0
15160,Más Encarnación,Transferencia por error: alertan sobre maniobra delictiva,2026-09-20 21:00:00-03:00,14927,Resumen de Noticias,Transferencia por error: alertan sobre maniobra delictiva,2026-09-20 21:00:00-03:00,0.9876,2,14927,15160,4,3,3,2,1,0,0.75,15.893268927048393,0.7701835791861193,luis samaniego correa | policía nacional | samaniego correa,luis samaniego correa | samaniego correa,policía nacional,,1
15112,Ñanduti,Alfaro convocó a 28 jugadores para los amistosos de Paraguay ante Bolivia y Colombia: varias caras nuevas en la lista,2026-09-20 21:00:00-03:00,14931,Resumen de Noticias,Primera lista de Gustavo Alfaro en la Albirroja tras renovar,2026-09-20 21:00:00-03:00,0.9609,2,14931,15112,42,41,21,15,5,1,0.3387096774193548,113.04643122226399,0.3218176889644491,alan benítez | albirroja | alejandro romero gamarra | alexis cañete | atlético tucumán | audi field | bolivia | braian ojeda | colombia | damián bobadilla | enso gonzález | fabián balbuena | gabriel ávalos | gustavo alfaro | gustavo velázquez | hugo adrián benítez | hugo quintana | isidro pitta | nacional | robert morales | santiago rojas,alan benítez | alejandro romero gamarra | alexis cañete | braian ojeda | damián bobadilla | enso gonzález | fabián balbuena | gabriel ávalos | gustavo alfaro | gustavo velázquez | hugo adrián benítez | hugo quintana | isidro pitta | robert morales | santiago rojas,albirroja | atlético tucumán | bolivia | colombia | nacional,audi field,1
15291,La Nación,La Nación / Rigo Chamorro agasajará a la juventud esteña con un festival estelar y gratuito,2026-09-20 21:00:00-03:00,14932,Resumen de Noticias,Primavera y juventud: una tradición que une a Paraguay,2026-09-20 21:00:00-03:00,0.8283,0,14932,15291,14,5,0,0,0,0,0.0,0.0,0.0,,,,,0
15111,Ñanduti,Conductor murió en choque frontal en J. Augusto Saldívar: hallaron botellas con olor a cerveza en su vehículo,2026-09-20 21:00:00-03:00,14934,Resumen de Noticias,Choque frontal en J. Augusto Saldívar deja un fallecido,2026-09-20 21:00:00-03:00,0.8973,2,14934,15111,7,11,4,2,1,0,0.2857142857142857,20.976615735060953,0.2637203566767455,bomberos de capiatá | j. augusto saldívar | miguel ángel ferreira velázquez | ramón cabrera acosta,miguel ángel ferreira velázquez | ramón cabrera acosta,bomberos de capiatá,,1
15119,ABC Color,San Ignacio: trabajadores de salud cierran la ruta PY01 y exigen aumento salarial del 50% - Nacionales - ABC Color,2026-09-20 21:00:00-03:00,14936,adn,Trabajadores de salud piden 50% de aumento y cifran reclamo en USD 103 millones - ADN Digital,2026-09-20 21:00:00-03:00,0.8916,1,14936,15119,13,6,0,0,0,0,0.0,0.0,0.0,,,,,0
15186,La Nación,La Nación / Campaña “Todos con Iván” busca alcanzar meta de G. 1.000 millones para su rehabilitación,2026-09-20 21:00:00-03:00,14936,adn,Trabajadores de salud piden 50% de aumento y cifran reclamo en USD 103 millones - ADN Digital,2026-09-20 21:00:00-03:00,0.7543,0,14936,15186,9,6,0,0,0,0,0.0,0.0,0.0,,,,,0
15188,La Nación,La Nación / Funcionarios de municipio fernandino denuncian cuatro meses de atraso salarial,2026-09-20 21:00:00-03:00,14936,adn,Trabajadores de salud piden 50% de aumento y cifran reclamo en USD 103 millones - ADN Digital,2026-09-20 21:00:00-03:00,0.8069,0,14936,15188,9,6,0,0,0,0,0.0,0.0,0.0,,,,,0
15294,La Nación,"La Nación / Senabico subastará inmuebles, vehículos y maquinaria pesada el 24 de septiembre",2026-09-20 21:00:00-03:00,14939,adn,Subasta pública de bienes incautados se realizará el próximo jueves - ADN Digital,2026-09-20 21:00:00-03:00,0.974,2,14939,15294,16,15,10,0,2,8,0.47619047619047616,57.62005478331195,0.4745282151914586,avenida madame lynch | calle punta brava | centro militar naval aeronáutico | lu | mariano roque alonso | pedro juan caballero | que | san pedro del paraná | secretaría nacional de administración de bienes incautados y comisados | senabico,,secretaría nacional de administración de bienes incautados y comisados | senabico,avenida madame lynch | calle punta brava | centro militar naval aeronáutico | lu | mariano roque alonso | pedro juan caballero | que | san pedro del paraná,1
15489,ABC Color,Senado culmina audiencias y avanza hacia las ternas para la Defensoría del Pueblo - Política - ABC Color,2026-09-20 21:00:00-03:00,14941,adn,Juicio a Hernán Rivas se reanuda hoy con los alegatos finales de la Fiscalía - ADN Digital,2026-09-20 21:00:00-03:00,0.8049,0,14941,15489,24,19,2,0,2,0,0.04878048780487805,9.294220082475283,0.041078683818906156,jem | jurado de enjuiciamiento de magistrados,,jem | jurado de enjuiciamiento de magistrados,,0
15538,Ñanduti,Peña viaja con comitiva de 13 personas a EE.UU.: el decreto no revela cuánto costará la numerosa misión oficial,2026-09-20 21:00:00-03:00,14942,adn,Peña cumple agenda empresarial en Nueva York antes de la Asamblea de la ONU - ADN Digital,2026-09-20 21:00:00-03:00,0.8443,0,14942,15538,27,13,6,2,3,1,0.17647058823529413,26.871016795844202,0.14786656924445243,bank of america | emerging variant | estados unidos | peña | santiago peña | scorpio tankers,peña | santiago peña,bank of america | emerging variant | scorpio tankers,estados unidos,0
14999,Diario Paraguayo Noticias,EE. UU. y China establecen diálogo sobre IA | Diario Paraguayo,2026-09-20 21:00:00-03:00,14952,La Tribuna,China busca con EE.UU. salvar la tregua antes de la cumbre Xi-Trump en Washington,2026-09-20 21:00:00-03:00,0.9092,0,14952,14999,16,21,12,6,5,1,0.48,60.76206982917294,0.45193222396254046,bessent | casa blanca | china | donald trump | estados unidos | he lifeng | jamieson greer | nueva york | pekín | scott bessent | washington | xi jinping,bessent | donald trump | he lifeng | jamieson greer | scott bessent | xi jinping,casa blanca | china | estados unidos | pekín | washington,nueva york,0
15465,ABC Color,Líderes de 22 países e instituciones reclaman supervisión humana para la IA - Tecnología - ABC Color,2026-09-20 21:00:00-03:00,14955,Megacadena,Líderes mundiales se reúnen en Nueva York para la asamblea de la ONU con las guerras e inteligencia artificial en la agenda,2026-09-20 21:00:00-03:00,0.8339,1,14955,15465,29,26,2,0,2,0,0.03773584905660377,8.64759291755023,0.027802145875469465,gobierno | onu,,gobierno | onu,,0
15114,Ñanduti,"Rusia Unida obtiene su mejor resultado histórico y revalida la mayoría constitucional en la Duma, según datos oficiales",2026-09-20 21:00:00-03:00,14956,Megacadena,Putin amplía su control del Parlamento ruso tras una elección cuestionada internacionalmente,2026-09-20 21:00:00-03:00,0.918,2,14956,15114,15,14,6,0,4,1,0.2608695652173913,32.27341835369046,0.2482605590740778,kremlin | nueva gente | parlamento | partido comunista | rusia unida | ucrania,,kremlin | parlamento | partido comunista | rusia unida,ucrania,1
15112,Ñanduti,Alfaro convocó a 28 jugadores para los amistosos de Paraguay ante Bolivia y Colombia: varias caras nuevas en la lista,2026-09-20 21:00:00-03:00,14962,Megacadena,Alfaro abre su segundo ciclo en la Albirroja con 28 convocados,2026-09-19 21:00:00-03:00,0.9605,2,14962,15112,42,33,16,8,4,4,0.2711864406779661,78.0545046309015,0.23360608721814044,alan benítez | albirroja | alexis cañete | alfaro | audi field | bolivia | colombia | estados unidos | gustavo alfaro | math | nueva jersey | paraguay | robert morales | santiago rojas | sports illustrated stadium | ías villasanti,alan benítez | alexis cañete | alfaro | gustavo alfaro | math | robert morales | santiago rojas | ías villasanti,albirroja | bolivia | colombia | paraguay,audi field | estados unidos | nueva jersey | sports illustrated stadium,1
15096,Más Encarnación,Conductor en presunto estado de ebriedad es aprehendido por escándalo y resistencia en barrio San Roque,2026-09-20 21:00:00-03:00,14963,Megacadena,Sin licencia y alcoholizado: Chofer con antecedentes queda preso tras chocar 4 veces en Luque,2026-09-20 21:00:00-03:00,0.8131,0,14963,15096,14,14,1,0,1,0,0.037037037037037035,4.480055956574475,0.027540454775385824,policía,,policía,,0
15345,La Nación,La Nación / Fiscalía solicitó 12 años de prisión para Rivas,2026-09-20 21:00:00-03:00,14965,Megacadena,Fiscalía inicia alegatos finales y asegura que acusación contra Hernán Rivas quedó acreditada,2026-09-20 21:00:00-03:00,0.9031,1,14965,15345,12,13,5,2,3,0,0.25,23.60882275575633,0.23548715334507256,corte | fiscalía | herná | jem | n rivas,herná | n rivas,corte | fiscalía | jem,,0
15187,La Nación,"La Nación / En violento asalto domiciliario, gavilla roba más de G. 20 millones en Minga Guazú",2026-09-20 21:00:00-03:00,14967,Megacadena,Asalto tipo comando en Minga Guazú: golpearon a un hombre y se llevaron millonario botín,2026-09-20 21:00:00-03:00,0.9496,2,14967,15187,12,11,4,1,1,2,0.21052631578947367,18.625240477897474,0.18659291135661357,alberto fernández | hospital distrital | minga guazú | policía nacional,alberto fernández,policía nacional,hospital distrital | minga guazú,1
15235,Crónica,Se hicieron pasar por polis y pelaron una vivienda,2026-09-20 21:00:00-03:00,14967,Megacadena,Asalto tipo comando en Minga Guazú: golpearon a un hombre y se llevaron millonario botín,2026-09-20 21:00:00-03:00,0.9255,2,14967,15235,6,11,4,0,2,1,0.3076923076923077,18.139732662115772,0.2689003612470898,hospital distrital | minga guazú | policía | policía nacional,,policía | policía nacional,minga guazú,1
15183,La Nación,La Nación / Peña anuncia nuevas oportunidades de formación y experiencia laboral para jóvenes,2026-09-20 21:00:00-03:00,14968,Megacadena,Ministra admite el primer empleo sigue siendo un desafío y apuntan a más oportunidades para jóvenes,2026-09-20 21:00:00-03:00,0.8812,0,14968,15183,17,11,2,0,1,1,0.07692307692307693,5.875004195310448,0.044166049173161484,gobierno | paraguay,,gobierno,paraguay,0
15007,Extra,¡Descontrol! Aspirantes a policía salieron de farra y volvieron apintonadas,2026-09-20 21:00:00-03:00,14974,Popular,Popular / Poli de la Caminera ligó sapatu plantilla râicha,2026-09-20 21:00:00-03:00,0.7842,0,14974,15007,15,7,0,0,0,0,0.0,0.0,0.0,,,,,0
15498,La Nación,La Nación / ¡No es visita! Paraguaya presume que su novio llega a su casa y hace de todo,2026-09-20 21:00:00-03:00,14977,Popular,Popular / Oiko ñemenda guasu de 95 parejas,2026-09-20 21:00:00-03:00,0.7335,0,14977,15498,7,9,0,0,0,0,0.0,0.0,0.0,,,,,0
15510,Popular,Popular / (VIDEO) ¡Venden guiso a lo paraguayoité en salones chuchis de yanquilandia!,2026-09-20 21:00:00-03:00,14977,Popular,Popular / Oiko ñemenda guasu de 95 parejas,2026-09-20 21:00:00-03:00,0.8947,0,14977,15510,3,9,0,0,0,0,0.0,0.0,0.0,,,,,0
15115,Ñanduti,Lunes caluroso con tormentas y máxima de 35 grados: el martes la temperatura bajaría hasta 21 grados,2026-09-20 21:00:00-03:00,14984,Diario Paraguayo Noticias,"La primavera es recibida con calor, lluvias y un posterior descenso | Diario Paraguayo",2026-09-20 21:00:00-03:00,0.8729,1,14984,15115,13,4,0,0,0,0,0.0,0.0,0.0,,,,,0
15498,La Nación,La Nación / ¡No es visita! Paraguaya presume que su novio llega a su casa y hace de todo,2026-09-20 21:00:00-03:00,14985,Diario Paraguayo Noticias,"Lo que tenés que saber: Iglesia critica omisión, venezolanos contra Peña y visitas sorpresas de Fretes | Diario Paraguayo",2026-09-20 21:00:00-03:00,0.7372,0,14985,15498,7,13,0,0,0,0,0.0,0.0,0.0,,,,,0
15147,Diario Paraguayo Noticias,Dinelco amplía opciones de pago para comercios | Diario Paraguayo,2026-09-20 21:00:00-03:00,14986,Diario Paraguayo Noticias,Dinelco amplía las opciones de pago para comercios con su nueva campaña | Diario Paraguayo,2026-09-20 21:00:00-03:00,0.9937,2,14986,15147,7,6,6,0,5,1,0.8571428571428571,26.296342544034577,0.8375848359802774,banco central del paraguay | bepsa del paraguay s.a.e.c.a. | diario ultimahora | dinelco | grupo diario paraguayo | paraguay,,banco central del paraguay | bepsa del paraguay s.a.e.c.a. | diario ultimahora | dinelco | grupo diario paraguayo,paraguay,1
15111,Ñanduti,Conductor murió en choque frontal en J. Augusto Saldívar: hallaron botellas con olor a cerveza en su vehículo,2026-09-20 21:00:00-03:00,14987,Diario Paraguayo Noticias,Violento choque frontal deja un fallecido en J. Augusto Saldívar | Diario Paraguayo,2026-09-20 21:00:00-03:00,0.8841,2,14987,15111,7,8,3,2,0,1,0.25,15.317904782144831,0.23663741865172655,j. augusto saldívar | miguel ángel ferreira velázquez | ramón cabrera acosta,miguel ángel ferreira velázquez | ramón cabrera acosta,,j. augusto saldívar,1
15550,Última Hora,"Titular del BCP, Baruja y Marco Riquelme integran la comitiva de Peña en EEUU",2026-09-20 21:00:00-03:00,14988,Diario Paraguayo Noticias,Baruja ratifica la potestad de Alliana para la elección de su dupla tras las municipales | Diario Paraguayo,2026-09-20 21:00:00-03:00,0.8887,0,14988,15550,26,17,9,8,0,0,0.2647058823529412,38.02065877151736,0.23263003495368517,alliana | baruja | cartes | césar sosa | honor colorado | juan carlos baruja | pedro alliana | raúl latorre | santiago peña,alliana | baruja | cartes | césar sosa | juan carlos baruja | pedro alliana | raúl latorre | santiago peña,,,0
15374,Ñanduti,Banco Continental integra la emisión y custodia en la nueva era del CDA Digital,2026-09-20 21:00:00-03:00,14990,Diario Paraguayo Noticias,Un paso más hacia la digitalización: BCP pone en marcha el CDA-d desde este lunes | Diario Paraguayo,2026-09-20 21:00:00-03:00,0.9393,2,14990,15374,5,4,2,0,2,0,0.2857142857142857,8.04975591679461,0.2205860373771528,banco central del paraguay | bcp,,banco central del paraguay | bcp,,1
15112,Ñanduti,Alfaro convocó a 28 jugadores para los amistosos de Paraguay ante Bolivia y Colombia: varias caras nuevas en la lista,2026-09-20 21:00:00-03:00,14994,Diario Paraguayo Noticias,Convocatoria de Paraguay para amistosos ante Bolivia y Colombia | Diario Paraguayo,2026-09-20 21:00:00-03:00,0.9679,2,14994,15112,42,34,20,6,9,5,0.35714285714285715,99.23738704692873,0.32278845086553165,albirroja | atlético tucumán | audi field | bolivia | c | colombia | enso gonzález | erro porteño | estados unidos | gustavo alfaro | hugo adrián benítez | hugo quintana | nacional | nueva jersey | paraguay | robert morales | santiago rojas | sports illustrated stadium | washington d.c. | wolverhampton,enso gonzález | gustavo alfaro | hugo adrián benítez | hugo quintana | robert morales | santiago rojas,albirroja | atlético tucumán | bolivia | c | colombia | erro porteño | nacional | paraguay | wolverhampton,audi field | estados unidos | nueva jersey | sports illustrated stadium | washington d.c.,1
15113,Ñanduti,"La Unión Europea busca no quedarse atrás en inteligencia artificial, pero apuesta por una regulación robusta",2026-09-20 21:00:00-03:00,14999,Diario Paraguayo Noticias,EE. UU. y China establecen diálogo sobre IA | Diario Paraguayo,2026-09-20 21:00:00-03:00,0.793,0,14999,15113,19,16,1,0,1,0,0.029411764705882353,3.677709484049538,0.019044618673602423,estados unidos,,estados unidos,,0
14999,Diario Paraguayo Noticias,EE. UU. y China establecen diálogo sobre IA | Diario Paraguayo,2026-09-20 21:00:00-03:00,15337,Última Hora,"Xi Jinping hará una visita de Estado a EEUU del 23 al 25 de septiembre, confirma China",2026-09-20 21:00:00-03:00,0.8739,0,14999,15337,16,23,10,4,3,2,0.3448275862068966,49.562430958997076,0.3204525007460642,bessent | casa blanca | china | estados unidos | he lifeng | nueva york | pekín | scott bessent | washington | xi jinping,bessent | he lifeng | scott bessent | xi jinping,china | estados unidos | washington,casa blanca | nueva york,0
15007,Extra,¡Descontrol! Aspirantes a policía salieron de farra y volvieron apintonadas,2026-09-20 21:00:00-03:00,15063,Oviedo Press,Ocho hinchas de Olimpia dieron positivo al alcotest durante operativo en el Defensores - OviedoPress,2026-09-20 21:00:00-03:00,0.8011,0,15007,15063,15,10,1,0,0,1,0.041666666666666664,3.1131796813116863,0.021521066114499186,asunción,,,asunción,0
15429,Ñanduti,Imputan a las máximas autoridades de APA por presunta lesión de confianza por cerca de G 2.000 millones,2026-09-20 21:00:00-03:00,15018,El Observador,Estas son las pruebas por las cuales un Tribunal condenó a Hugo Javier y Robles - El Observador,2026-09-19 21:00:00-03:00,0.8021,0,15018,15429,14,13,0,0,0,0,0.0,0.0,0.0,,,,,0
15280,Ñanduti,Mades hace vista gorda a transformadores de la ANDE en evidente estado de contaminación en San Lorenzo,2026-09-20 21:00:00-03:00,15024,Ahora CDE,HAMBRE CERO: Padres EXIGEN a gobernador LANDY TORRES garantías sobre la CALIDAD del almuerzo escolar,2026-09-20 21:00:00-03:00,0.727,0,15024,15280,9,8,0,0,0,0,0.0,0.0,0.0,,,,,0
15096,Más Encarnación,Conductor en presunto estado de ebriedad es aprehendido por escándalo y resistencia en barrio San Roque,2026-09-20 21:00:00-03:00,15025,Ahora CDE,Detienen a conductor tras embestir una patrullera durante operativo por polución sonora,2026-09-20 21:00:00-03:00,0.8842,0,15025,15096,14,7,1,0,1,0,0.05,4.480055956574475,0.03870484584092902,policía,,policía,,0
15187,La Nación,"La Nación / En violento asalto domiciliario, gavilla roba más de G. 20 millones en Minga Guazú",2026-09-20 21:00:00-03:00,15027,Ahora CDE,Encapuchados armados asaltan una vivienda y exigen dinero vinculado al accidente aéreo de Prosegur,2026-09-20 21:00:00-03:00,0.9489,2,15027,15187,12,15,3,1,1,1,0.125,13.526145312916775,0.10341734102470324,alberto fernández | minga guazú | policía nacional,alberto fernández,policía nacional,minga guazú,1
15235,Crónica,Se hicieron pasar por polis y pelaron una vivienda,2026-09-20 21:00:00-03:00,15027,Ahora CDE,Encapuchados armados asaltan una vivienda y exigen dinero vinculado al accidente aéreo de Prosegur,2026-09-20 21:00:00-03:00,0.9195,2,15027,15235,6,15,3,0,2,1,0.16666666666666666,13.040637497135075,0.13248200575071462,minga guazú | policía | policía nacional,,policía | policía nacional,minga guazú,1
15096,Más Encarnación,Conductor en presunto estado de ebriedad es aprehendido por escándalo y resistencia en barrio San Roque,2026-09-20 21:00:00-03:00,15038,TN Press,Persecución policial termina con un chofer borracho detenido en el centro de Minga G.,2026-09-20 21:00:00-03:00,0.8345,0,15038,15096,14,12,0,0,0,0,0.0,0.0,0.0,,,,,0
15115,Ñanduti,Lunes caluroso con tormentas y máxima de 35 grados: el martes la temperatura bajaría hasta 21 grados,2026-09-20 21:00:00-03:00,15058,Amambay Ahora,"La primavera es recibida con calor, lluvias y un posterior descenso",2026-09-20 21:00:00-03:00,0.8779,1,15058,15115,13,3,0,0,0,0,0.0,0.0,0.0,,,,,0
15112,Ñanduti,Alfaro convocó a 28 jugadores para los amistosos de Paraguay ante Bolivia y Colombia: varias caras nuevas en la lista,2026-09-20 21:00:00-03:00,15061,Oviedo Press,Alfaro da a conocer la lista de 28 convocados para el nuevo ciclo de la Albirroja - OviedoPress,2026-09-20 21:00:00-03:00,0.9743,2,15061,15112,42,28,21,11,6,4,0.42857142857142855,108.63376761812822,0.3998169521050175,alan benítez | albirroja | alexis cañete | alfaro | atlético tucumán | audi field | bolivia | cléver ferreira | colombia | enso gonzález | estados unidos | gustavo alfaro | hugo quintana | independiente del valle | math | nacional | nueva jersey | robert morales | santiago rojas | sports illustrated stadium | ías villasanti,alan benítez | alexis cañete | alfaro | cléver ferreira | enso gonzález | gustavo alfaro | hugo quintana | math | robert morales | santiago rojas | ías villasanti,albirroja | atlético tucumán | bolivia | colombia | independiente del valle | nacional,audi field | estados unidos | nueva jersey | sports illustrated stadium,1
15175,Última Hora,Orquesta de Cateura participa en dos actividades con proyectos independientes,2026-09-20 21:00:00-03:00,15070,Caazapa Ahora,Pilar reunió a jóvenes artistas en la XXXII edición del Festival del País,2026-09-20 21:00:00-03:00,0.7232,0,15070,15175,12,24,1,0,0,1,0.02857142857142857,4.3369551129338015,0.02122860678824844,central,,,central,0
15177,Última Hora,Ñande Impro reúne en Asunción a figuras internacionales del teatro sin guion,2026-09-20 21:00:00-03:00,15070,Caazapa Ahora,Pilar reunió a jóvenes artistas en la XXXII edición del Festival del País,2026-09-20 21:00:00-03:00,0.775,0,15070,15177,25,24,1,0,0,1,0.020833333333333332,2.326506442740917,0.008283492610027228,paraguay,,,paraguay,0
15330,ABC Color,PGN 2027: Salud tendrá más recursos pese a limitada ejecución 2026 - Economía - ABC Color,2026-09-20 21:00:00-03:00,15071,QAP Chaco News,PGN 2027: más gasto bajo presión fiscal - QAP CHACO NEWS,2026-09-20 21:00:00-03:00,0.8707,0,15071,15330,12,5,0,0,0,0,0.0,0.0,0.0,,,,,0
15355,Itapúa en Noticias,"AGUAS DANZANTES, BUS TURÍSTICO Y LA RECUPERACIÓN DE LA ZONA BAJA: LAS PROPUESTAS DE NOVOSAD",2026-09-20 21:00:00-03:00,15080,Itapúa en Noticias,"EMPLEO, INDUSTRIAS Y ADULTOS MAYORES MARCAN LA VISIÓN DE FUTURO PARA CAMBYRETÁ",2026-09-20 21:00:00-03:00,0.8247,0,15080,15355,8,5,1,0,0,1,0.08333333333333333,4.560098664248011,0.06387943940934436,república del paraguay,,,república del paraguay,0
15187,La Nación,"La Nación / En violento asalto domiciliario, gavilla roba más de G. 20 millones en Minga Guazú",2026-09-20 21:00:00-03:00,15081,Itapúa en Noticias,MINGA GUAZÚ: FALSOS POLICÍAS SE LLEVAN G. 15 MILLONES Y R$ 5.000 TRAS VIOLENTO ASALTO,2026-09-20 21:00:00-03:00,0.9401,2,15081,15187,12,9,5,1,2,2,0.3125,22.897657069693704,0.2783263404720246,alberto fernández | fiscalía | fracción el trébol | minga guazú | policía nacional,alberto fernández,fiscalía | policía nacional,fracción el trébol | minga guazú,1
15235,Crónica,Se hicieron pasar por polis y pelaron una vivienda,2026-09-20 21:00:00-03:00,15081,Itapúa en Noticias,MINGA GUAZÚ: FALSOS POLICÍAS SE LLEVAN G. 15 MILLONES Y R$ 5.000 TRAS VIOLENTO ASALTO,2026-09-20 21:00:00-03:00,0.9098,2,15081,15235,6,9,2,0,1,1,0.15384615384615385,8.5605815405606,0.13425817060992906,minga guazú | policía nacional,,policía nacional,minga guazú,1
15099,Más Encarnación,Mujer es aprehendida tras dañar a pedradas una bodega en Encarnación,2026-09-20 21:00:00-03:00,15083,Itapúa en Noticias,APREHENDEN A MUJER TRAS PRESUNTAMENTE CAUSAR DAÑOS EN UNA BODEGA DE ENCARNACIÓN,2026-09-20 21:00:00-03:00,0.9294,2,15083,15099,11,9,5,2,1,2,0.3333333333333333,26.591651624474412,0.32672996051374703,avenida ucrania | bodega kaña rape | mariola belén vargas valdez | ministerio público | vargas valdez,mariola belén vargas valdez | vargas valdez,ministerio público,avenida ucrania | bodega kaña rape,1
15088,Más Encarnación,Alertan sobre infartos a edades cada vez más tempranas,2026-09-20 21:00:00-03:00,15255,Amambay News,Alertan sobre infartos a edades cada vez más tempranas - Amambay News,2026-09-20 21:00:00-03:00,0.9737,2,15088,15255,3,2,1,1,0,0,0.25,5.658710952916121,0.24491444781827978,gonzález,gonzález,,,1
15099,Más Encarnación,Mujer es aprehendida tras dañar a pedradas una bodega en Encarnación,2026-09-20 21:00:00-03:00,15093,Más Encarnación,Hombre con dos órdenes de captura por hurto agravado es detenido tras agredir a su pareja en Tomás Romero Pereira,2026-09-20 21:00:00-03:00,0.7904,0,15093,15099,11,12,1,0,1,0,0.045454545454545456,4.742420221041966,0.037804840748738716,edicion prensa,,edicion prensa,,0
15096,Más Encarnación,Conductor en presunto estado de ebriedad es aprehendido por escándalo y resistencia en barrio San Roque,2026-09-20 21:00:00-03:00,15237,Crónica,Tatácho al volante ojapo sarambi en Luque,2026-09-20 21:00:00-03:00,0.8374,0,15096,15237,14,7,0,0,0,0,0.0,0.0,0.0,,,,,0
15099,Más Encarnación,Mujer es aprehendida tras dañar a pedradas una bodega en Encarnación,2026-09-20 21:00:00-03:00,15193,NPY,Mujer fue brutalmente golpeada y su actual pareja es el principal sospechoso,2026-09-20 21:00:00-03:00,0.7867,0,15099,15193,11,8,1,0,1,0,0.05555555555555555,3.3814436679063653,0.03437155592447204,ministerio público,,ministerio público,,0
15099,Más Encarnación,Mujer es aprehendida tras dañar a pedradas una bodega en Encarnación,2026-09-20 21:00:00-03:00,15227,Extra,Joven armó un sarambi y atacó a piedrazos el negocio de su novio de 56 años,2026-09-20 21:00:00-03:00,0.9159,2,15099,15227,11,10,3,0,1,2,0.16666666666666666,17.263814931200145,0.17156562088075228,avenida ucrania | bodega kaña rape | comisaría 107.a,,comisaría 107.a,avenida ucrania | bodega kaña rape,1
15291,La Nación,La Nación / Rigo Chamorro agasajará a la juventud esteña con un festival estelar y gratuito,2026-09-20 21:00:00-03:00,15102,Más Encarnación,"Color, Baile y Alegría marcaron la celebración de la Juventud y la Primavera en Encarnación",2026-09-20 21:00:00-03:00,0.8393,0,15102,15291,14,6,0,0,0,0,0.0,0.0,0.0,,,,,0
15115,Ñanduti,Lunes caluroso con tormentas y máxima de 35 grados: el martes la temperatura bajaría hasta 21 grados,2026-09-20 21:00:00-03:00,15105,Red Digital San Pedro,"La primavera es recibida con calor, lluvias y un posterior descenso - Red Digital San Pedro",2026-09-20 21:00:00-03:00,0.8768,1,15105,15115,13,3,0,0,0,0,0.0,0.0,0.0,,,,,0
15560,Última Hora,"Biblioteca Nacional: 139 años de memoria, libros y patrimonio",2026-09-20 21:00:00-03:00,15106,The Asuncion Times,Historic Adoption Records Open Path To Finding Family Origins In Paraguay,2026-09-20 21:00:00-03:00,0.6959,0,15106,15560,9,19,1,0,0,1,0.037037037037037035,2.326506442740917,0.01423590921800106,paraguay,,,paraguay,0
15177,Última Hora,Ñande Impro reúne en Asunción a figuras internacionales del teatro sin guion,2026-09-20 21:00:00-03:00,15109,The Asuncion Times,"Jorge Báez And ""Barrunto"" Take Top Honours At Premios Edda 2026 Theatre Awards",2026-09-20 21:00:00-03:00,0.7795,0,15109,15177,25,15,2,0,0,2,0.05263157894736842,5.439686124052603,0.023597145223871456,asunción | paraguay,,,asunción | paraguay,0
15110,Ñanduti,"«Paraguay está en su mejor momento demográfico», afirma el director del INE en el Día de la Juventud y la Primavera",2026-09-20 21:00:00-03:00,15213,adn,"Demográficamente, nuestro país pasa por su mejor momento, porque la mayoría de la población es joven - ADN Digital",2026-09-20 21:00:00-03:00,0.9851,2,15110,15213,7,6,6,2,2,2,0.8571428571428571,26.6639465585055,0.8176531400394085,américa latina | ine | instituto nacional de estadística | iván ojeda | ojeda | paraguay,iván ojeda | ojeda,ine | instituto nacional de estadística,américa latina | paraguay,1
15288,Última Hora,Día de la Juventud: ¿Cuándo Paraguay dejará de tener una mayoría de población joven?,2026-09-20 21:00:00-03:00,15110,Ñanduti,"«Paraguay está en su mejor momento demográfico», afirma el director del INE en el Día de la Juventud y la Primavera",2026-09-20 21:00:00-03:00,0.9509,2,15110,15288,5,7,5,2,2,1,0.7142857142857143,21.5648513935248,0.6612887712518376,ine | instituto nacional de estadística | iván ojeda | ojeda | paraguay,iván ojeda | ojeda,ine | instituto nacional de estadística,paraguay,1
15110,Ñanduti,"«Paraguay está en su mejor momento demográfico», afirma el director del INE en el Día de la Juventud y la Primavera",2026-09-20 21:00:00-03:00,15445,Megacadena,"Paraguay atraviesa su mejor momento demográfico, según el INE",2026-09-20 21:00:00-03:00,0.9359,2,15110,15445,7,5,5,2,2,1,0.7142857142857143,21.5648513935248,0.6612887712518376,ine | instituto nacional de estadística | iván ojeda | ojeda | paraguay,iván ojeda | ojeda,ine | instituto nacional de estadística,paraguay,1
15110,Ñanduti,"«Paraguay está en su mejor momento demográfico», afirma el director del INE en el Día de la Juventud y la Primavera",2026-09-20 21:00:00-03:00,15513,Diario Paraguayo Noticias,Bono demográfico de Paraguay: oportunidades hasta 2050 | Diario Paraguayo,2026-09-20 21:00:00-03:00,0.9371,2,15110,15513,7,5,5,2,2,1,0.7142857142857143,21.5648513935248,0.6612887712518376,ine | instituto nacional de estadística | iván ojeda | ojeda | paraguay,iván ojeda | ojeda,ine | instituto nacional de estadística,paraguay,1
15110,Ñanduti,"«Paraguay está en su mejor momento demográfico», afirma el director del INE en el Día de la Juventud y la Primavera",2026-09-20 21:00:00-03:00,15545,ABC Color,"Paraguay atraviesa su mejor momento demográfico, según el INE - Nacionales - ABC Color",2026-09-20 21:00:00-03:00,0.9283,2,15110,15545,7,9,5,2,2,1,0.45454545454545453,21.5648513935248,0.41221959060352925,ine | instituto nacional de estadística | iván ojeda | ojeda | paraguay,iván ojeda | ojeda,ine | instituto nacional de estadística,paraguay,1
15113,Ñanduti,"La Unión Europea busca no quedarse atrás en inteligencia artificial, pero apuesta por una regulación robusta",2026-09-20 21:00:00-03:00,15357,5Días,La IA acelera más rápido que la economía que debe sostenerla,2026-09-20 21:00:00-03:00,0.7972,0,15113,15357,19,0,0,0,0,0,0.0,0.0,0.0,,,,,0
15465,ABC Color,Líderes de 22 países e instituciones reclaman supervisión humana para la IA - Tecnología - ABC Color,2026-09-20 21:00:00-03:00,15113,Ñanduti,"La Unión Europea busca no quedarse atrás en inteligencia artificial, pero apuesta por una regulación robusta",2026-09-20 21:00:00-03:00,0.8587,0,15113,15465,29,19,2,0,2,0,0.043478260869565216,8.64759291755023,0.030934636982069656,estados | gobierno,,estados | gobierno,,0
15113,Ñanduti,"La Unión Europea busca no quedarse atrás en inteligencia artificial, pero apuesta por una regulación robusta",2026-09-20 21:00:00-03:00,15568,5Días,"El dilema de la IA ya no es cómo frenarla, sino quién la controla",2026-09-20 21:00:00-03:00,0.7929,0,15113,15568,19,0,0,0,0,0,0.0,0.0,0.0,,,,,0
15114,Ñanduti,"Rusia Unida obtiene su mejor resultado histórico y revalida la mayoría constitucional en la Duma, según datos oficiales",2026-09-20 21:00:00-03:00,15440,adn,El partido de Putin logra un récord de escaños en Rusia - ADN Digital,2026-09-20 21:00:00-03:00,0.9246,2,15114,15440,15,27,4,0,3,1,0.10526315789473684,20.732852896544006,0.0928552862640873,duma | kremlin | rusia unida | ucrania,,duma | kremlin | rusia unida,ucrania,1
15188,La Nación,La Nación / Funcionarios de municipio fernandino denuncian cuatro meses de atraso salarial,2026-09-20 21:00:00-03:00,15119,ABC Color,San Ignacio: trabajadores de salud cierran la ruta PY01 y exigen aumento salarial del 50% - Nacionales - ABC Color,2026-09-20 21:00:00-03:00,0.819,0,15119,15188,9,13,0,0,0,0,0.0,0.0,0.0,,,,,0
15119,ABC Color,San Ignacio: trabajadores de salud cierran la ruta PY01 y exigen aumento salarial del 50% - Nacionales - ABC Color,2026-09-20 21:00:00-03:00,15339,Última Hora,Personal de blanco se moviliza en Misiones para exigir aumento salarial del 50%,2026-09-20 21:00:00-03:00,0.939,2,15119,15339,13,8,2,0,1,1,0.10526315789473684,10.593503066605543,0.10112595888539176,asociación salud unida paraguay | misiones,,asociación salud unida paraguay,misiones,1
15119,ABC Color,San Ignacio: trabajadores de salud cierran la ruta PY01 y exigen aumento salarial del 50% - Nacionales - ABC Color,2026-09-20 21:00:00-03:00,15426,ABC Color,Gremios de salud se movilizan mañana por reajuste y carrera sanitaria - Nacionales - ABC Color,2026-09-20 21:00:00-03:00,0.8819,1,15119,15426,13,29,1,1,0,0,0.024390243902439025,4.742420221041966,0.019188638816497613,isaías fretes,isaías fretes,,,0
15119,ABC Color,San Ignacio: trabajadores de salud cierran la ruta PY01 y exigen aumento salarial del 50% - Nacionales - ABC Color,2026-09-20 21:00:00-03:00,15504,Resumen de Noticias,Gremios de salud marcharán por reajuste salarial del 50%,2026-09-20 21:00:00-03:00,0.8968,1,15119,15504,13,16,0,0,0,0,0.0,0.0,0.0,,,,,0
15292,La Nación,La Nación / MAG prevé 8 ferias de la agricultura familiar en la semana de la primavera,2026-09-20 21:00:00-03:00,15130,Resumen de Noticias,¿Dónde serán las ferias agrícolas esta semana?,2026-09-20 21:00:00-03:00,0.9633,2,15130,15292,19,21,13,0,2,11,0.48148148148148145,65.78725810786426,0.4487077991668905,asunción | caacupé | central | cordillera | fernando de la mora | itauguá | lambaré | mag | ministerio de agricultura y ganadería | paseo 1811 | san lorenzo | shopping century plaza | shopping multiplaza,,mag | ministerio de agricultura y ganadería,asunción | caacupé | central | cordillera | fernando de la mora | itauguá | lambaré | paseo 1811 | san lorenzo | shopping century plaza | shopping multiplaza,1
15183,La Nación,La Nación / Peña anuncia nuevas oportunidades de formación y experiencia laboral para jóvenes,2026-09-20 21:00:00-03:00,15133,adn,Gobierno prepara planes de trabajo para los jóvenes - ADN Digital,2026-09-20 21:00:00-03:00,0.8723,0,15133,15183,17,11,1,0,1,0,0.037037037037037035,3.5484977525695314,0.026203368010477786,gobierno,,gobierno,,0
15188,La Nación,La Nación / Funcionarios de municipio fernandino denuncian cuatro meses de atraso salarial,2026-09-20 21:00:00-03:00,15135,Megacadena,Ortega cuestiona contrato colectivo firmado por Bello a días de las elecciones,2026-09-20 21:00:00-03:00,0.8131,0,15135,15188,9,8,0,0,0,0,0.0,0.0,0.0,,,,,0
15282,ABC Color,Taste Atlas 2026: el vori vori se vuelve a posicionar como el mejor plato del mundo y la mejor sopa - Gastronomía - ABC Color,2026-09-20 21:00:00-03:00,15136,Megacadena,El vorí vorí vuelve a ser elegido como la mejor sopa del mundo,2026-09-20 21:00:00-03:00,0.9473,2,15136,15282,3,4,1,0,1,0,0.16666666666666666,5.253245844807957,0.16903617691768227,tasteatlas,,tasteatlas,,1
15510,Popular,Popular / (VIDEO) ¡Venden guiso a lo paraguayoité en salones chuchis de yanquilandia!,2026-09-20 21:00:00-03:00,15136,Megacadena,El vorí vorí vuelve a ser elegido como la mejor sopa del mundo,2026-09-20 21:00:00-03:00,0.804,0,15136,15510,3,4,1,0,0,1,0.16666666666666666,2.326506442740917,0.07486109850426349,paraguay,,,paraguay,0
15548,ABC Color,Acceso al país por el Puente de la Amistad se encuentra en deplorable estado por los baches - ABC en el Este - ABC Color,2026-09-20 21:00:00-03:00,15138,Megacadena,"Puente de Integración sigue lejos de una apertura total, según Director de Migraciones",2026-09-20 21:00:00-03:00,0.8391,0,15138,15548,18,10,3,0,0,1,0.12,12.60985458104262,0.09466346836647725,brasil | paraguay | puente de la amistad,,,puente de la amistad,0
15550,Última Hora,"Titular del BCP, Baruja y Marco Riquelme integran la comitiva de Peña en EEUU",2026-09-20 21:00:00-03:00,15148,Diario Paraguayo Noticias,Baruja ratifica potestad de Alliana para elegir dupla | Diario Paraguayo,2026-09-20 21:00:00-03:00,0.8923,0,15148,15550,26,16,9,8,0,0,0.2727272727272727,38.02065877151736,0.2401215633144278,alliana | baruja | cartes | césar sosa | honor colorado | juan carlos baruja | pedro alliana | raúl latorre | santiago peña,alliana | baruja | cartes | césar sosa | juan carlos baruja | pedro alliana | raúl latorre | santiago peña,,,0
15491,ABC Color,Elecciones Municipales: La importancia de los observadores - Política - ABC Color,2026-09-20 21:00:00-03:00,15149,Diario Paraguayo Noticias,TSJE responde sobre verificación de máquinas electorales | Diario Paraguayo,2026-09-20 21:00:00-03:00,0.7804,0,15149,15491,10,8,2,0,2,0,0.125,10.10102658150775,0.11748099497628625,tribunal superior de justicia electoral | tsje,,tribunal superior de justicia electoral | tsje,,0
15374,Ñanduti,Banco Continental integra la emisión y custodia en la nueva era del CDA Digital,2026-09-20 21:00:00-03:00,15150,Diario Paraguayo Noticias,BCP activa sistema CDA-d para certificados digitales | Diario Paraguayo,2026-09-20 21:00:00-03:00,0.9348,2,15150,15374,5,4,2,0,2,0,0.2857142857142857,8.04975591679461,0.2205860373771528,banco central del paraguay | bcp,,banco central del paraguay | bcp,,1
15291,La Nación,La Nación / Rigo Chamorro agasajará a la juventud esteña con un festival estelar y gratuito,2026-09-20 21:00:00-03:00,15152,Diario Paraguayo Noticias,Municipalidad de Asunción invita a jornada para jóvenes | Diario Paraguayo,2026-09-20 21:00:00-03:00,0.8174,0,15152,15291,14,13,0,0,0,0,0.0,0.0,0.0,,,,,0
15202,Resumen de Noticias,El Vorí vorí vuelve a ser número uno entre las sopas del mundo,2026-09-20 21:00:00-03:00,15158,Itapúa en Noticias,VORÍ VORÍ VUELVE A CONQUISTAR EL PRIMER LUGAR ENTRE LAS MEJORES SOPAS DEL MUNDO,2026-09-20 21:00:00-03:00,0.9765,2,15158,15202,6,3,2,0,1,1,0.2857142857142857,7.579752287548874,0.21690772343426634,paraguay | tasteatlas,,tasteatlas,paraguay,1
15282,ABC Color,Taste Atlas 2026: el vori vori se vuelve a posicionar como el mejor plato del mundo y la mejor sopa - Gastronomía - ABC Color,2026-09-20 21:00:00-03:00,15158,Itapúa en Noticias,VORÍ VORÍ VUELVE A CONQUISTAR EL PRIMER LUGAR ENTRE LAS MEJORES SOPAS DEL MUNDO,2026-09-20 21:00:00-03:00,0.9379,2,15158,15282,3,3,1,0,1,0,0.2,5.253245844807957,0.21145296078267783,tasteatlas,,tasteatlas,,1
15164,ABC Color,Batalla de Boquerón: ¿se traslada al lunes el feriado del 29 de setiembre? - Viajes - ABC Color,2026-09-20 21:00:00-03:00,15296,Resumen de Noticias,Feriado por Batalla de Boquerón pasa al lunes 28 de septiembre,2026-09-20 21:00:00-03:00,0.9729,2,15164,15296,4,6,3,1,2,0,0.42857142857142855,11.369412096935294,0.3549160450401093,ejecutivo | gobierno | santiago peña,santiago peña,ejecutivo | gobierno,,1
15275,Más Encarnación,Aspirantes a Suboficiales de la Policía celebran la primavera y la juventud con competencias deportivas en Itapúa,2026-09-20 21:00:00-03:00,15173,ABC Color,Comunidades rurales de Lima se unen mediante el deporte y reclaman un polideportivo - Nacionales - ABC Color,2026-09-20 21:00:00-03:00,0.8304,0,15173,15275,6,7,0,0,0,0,0.0,0.0,0.0,,,,,0
15187,La Nación,"La Nación / En violento asalto domiciliario, gavilla roba más de G. 20 millones en Minga Guazú",2026-09-20 21:00:00-03:00,15174,Última Hora,Gavilla con un falso policía asalta a una familia en Minga Guazú y se lleva millonaria suma,2026-09-20 21:00:00-03:00,0.9644,2,15174,15187,12,12,5,1,2,2,0.2631578947368421,24.571633503265375,0.23981097602246004,alberto fernández | comisaría 8.a | hospital distrital | minga guazú | policía nacional,alberto fernández,comisaría 8.a | policía nacional,hospital distrital | minga guazú,1
15175,Última Hora,Orquesta de Cateura participa en dos actividades con proyectos independientes,2026-09-20 21:00:00-03:00,15176,Última Hora,Concierto de primavera en el Teatro Municipal,2026-09-20 21:00:00-03:00,0.7246,0,15175,15176,12,33,0,0,0,0,0.0,0.0,0.0,,,,,0
15175,Última Hora,Orquesta de Cateura participa en dos actividades con proyectos independientes,2026-09-20 21:00:00-03:00,15264,Oviedo Press,"Juventud ovetense tendrá teatro, formación y actividades comunitarias durante septiembre - OviedoPress",2026-09-20 21:00:00-03:00,0.7351,0,15175,15264,12,12,0,0,0,0,0.0,0.0,0.0,,,,,0
15175,Última Hora,Orquesta de Cateura participa en dos actividades con proyectos independientes,2026-09-20 21:00:00-03:00,15392,Diario Paraguayo Noticias,Festival de la Juventud en Ciudad del Este - 27 de sept | Diario Paraguayo,2026-09-20 21:00:00-03:00,0.7198,0,15175,15392,12,11,0,0,0,0,0.0,0.0,0.0,,,,,0
15560,Última Hora,"Biblioteca Nacional: 139 años de memoria, libros y patrimonio",2026-09-20 21:00:00-03:00,15175,Última Hora,Orquesta de Cateura participa en dos actividades con proyectos independientes,2026-09-20 21:00:00-03:00,0.7028,0,15175,15560,9,12,0,0,0,0,0.0,0.0,0.0,,,,,0
15177,Última Hora,Ñande Impro reúne en Asunción a figuras internacionales del teatro sin guion,2026-09-20 21:00:00-03:00,15290,Última Hora,Sobre una cama de rosas: Teatro total para una nueva generación,2026-09-20 21:00:00-03:00,0.792,0,15177,15290,25,16,1,0,0,1,0.025,3.1131796813116863,0.013034141787896789,asunción,,,asunción,0
15177,Última Hora,Ñande Impro reúne en Asunción a figuras internacionales del teatro sin guion,2026-09-20 21:00:00-03:00,15392,Diario Paraguayo Noticias,Festival de la Juventud en Ciudad del Este - 27 de sept | Diario Paraguayo,2026-09-20 21:00:00-03:00,0.7553,0,15177,15392,25,11,0,0,0,0,0.0,0.0,0.0,,,,,0
15177,Última Hora,Ñande Impro reúne en Asunción a figuras internacionales del teatro sin guion,2026-09-20 21:00:00-03:00,15512,Diario Paraguayo Noticias,Sobre una cama de rosas: estreno teatral integrador | Diario Paraguayo,2026-09-20 21:00:00-03:00,0.7639,0,15177,15512,25,11,1,0,0,1,0.02857142857142857,3.1131796813116863,0.01530250669166992,asunción,,,asunción,0
15178,Última Hora,Maluma anunció el nacimiento de su segundo bebé,2026-09-20 21:00:00-03:00,15179,Última Hora,Hay dudas de si Lady Gaga estuvo embarazada,2026-09-20 21:00:00-03:00,0.7266,0,15178,15179,11,19,0,0,0,0,0.0,0.0,0.0,,,,,0
15178,Última Hora,Maluma anunció el nacimiento de su segundo bebé,2026-09-20 21:00:00-03:00,15191,La Nación,La Nación / ¡Marc Anthony hizo esto por su hijo paraguayo y sorprendió en Las Vegas!,2026-09-20 21:00:00-03:00,0.7508,0,15178,15191,11,10,0,0,0,0,0.0,0.0,0.0,,,,,0
15178,Última Hora,Maluma anunció el nacimiento de su segundo bebé,2026-09-20 21:00:00-03:00,15411,Crónica,Mirá la emotiva carta que el “Kaku” recibió de sus hijos,2026-09-20 21:00:00-03:00,0.7469,0,15178,15411,11,6,0,0,0,0,0.0,0.0,0.0,,,,,0
15178,Última Hora,Maluma anunció el nacimiento de su segundo bebé,2026-09-20 21:00:00-03:00,15448,Popular,"Popular / (VIDEO) ¡Fio Migliore contó cómo se llamará su segunda ""bendi""!",2026-09-20 21:00:00-03:00,0.7936,0,15178,15448,11,5,0,0,0,0,0.0,0.0,0.0,,,,,0
15180,Última Hora,El diseñador paraguayo Simón Villalba es reconocido como Mejor Diseñador en Nueva York,2026-09-20 21:00:00-03:00,15234,Crónica,"¡Oita paraguayito! Compatriota ligó premiazo en el NY Fashion Week, apenami",2026-09-20 21:00:00-03:00,0.9226,2,15180,15234,8,2,0,0,0,0,0.0,0.0,0.0,,,,,1
15183,La Nación,La Nación / Peña anuncia nuevas oportunidades de formación y experiencia laboral para jóvenes,2026-09-20 21:00:00-03:00,15200,Resumen de Noticias,ANDE habilita concurso para incorporar 230 aprendices,2026-09-20 21:00:00-03:00,0.9172,2,15183,15200,17,8,5,0,4,1,0.25,24.559799045618373,0.2486687346943249,administración nacional de electricidad | ande | asunción | servicio nacional de promoción profesional | snpp,,administración nacional de electricidad | ande | servicio nacional de promoción profesional | snpp,asunción,1
15183,La Nación,La Nación / Peña anuncia nuevas oportunidades de formación y experiencia laboral para jóvenes,2026-09-20 21:00:00-03:00,15410,Crónica,ANDE habilita 230 plazas para aprendices,2026-09-20 21:00:00-03:00,0.9137,2,15183,15410,17,5,2,0,2,0,0.1,10.352341009788656,0.10555860174009214,ande | snpp,,ande | snpp,,1
15548,ABC Color,Acceso al país por el Puente de la Amistad se encuentra en deplorable estado por los baches - ABC en el Este - ABC Color,2026-09-20 21:00:00-03:00,15184,La Nación,La Nación / La habilitación del Puente de la Integración avanza por etapas acordadas con Brasil,2026-09-20 21:00:00-03:00,0.8172,0,15184,15548,18,10,2,0,0,2,0.07692307692307693,9.184735849633594,0.06666848105842368,brasil | y,,,brasil | y,0
15186,La Nación,La Nación / Campaña “Todos con Iván” busca alcanzar meta de G. 1.000 millones para su rehabilitación,2026-09-20 21:00:00-03:00,15400,Diario Paraguayo Noticias,Campaña solidaria para rehabilitación de Iván | Diario Paraguayo,2026-09-20 21:00:00-03:00,0.9704,2,15186,15400,9,7,7,3,2,2,0.7777777777777778,37.97646512042663,0.7553790042189693,aldo sosa | avenida sacramento | colegio técnico javier | i | ips | iván | molas lópez,aldo sosa | i | iván,colegio técnico javier | ips,avenida sacramento | molas lópez,1
15186,La Nación,La Nación / Campaña “Todos con Iván” busca alcanzar meta de G. 1.000 millones para su rehabilitación,2026-09-20 21:00:00-03:00,15414,Crónica,La batalla de Iván recién comienza: buscan G. 1.000 millones para su recuperación,2026-09-20 21:00:00-03:00,0.9582,2,15186,15414,9,6,5,2,2,1,0.5,26.59450469345682,0.46964706887638225,aldo sosa | avenida sacramento | colegio técnico javier | ips | iván,aldo sosa | iván,colegio técnico javier | ips,avenida sacramento,1
15186,La Nación,La Nación / Campaña “Todos con Iván” busca alcanzar meta de G. 1.000 millones para su rehabilitación,2026-09-20 21:00:00-03:00,15577,Megacadena,Adolescente Iván sale de terapia intensiva tras ser atropellado al salir del colegio,2026-09-20 21:00:00-03:00,0.788,1,15186,15577,9,3,2,2,0,0,0.2,10.871134803203823,0.19679724275553664,aldo sosa | iván,aldo sosa | iván,,,0
15187,La Nación,"La Nación / En violento asalto domiciliario, gavilla roba más de G. 20 millones en Minga Guazú",2026-09-20 21:00:00-03:00,15370,adn,Asaltantes vestidos de policías irrumpen en una casa y roban G. 20 millones - ADN Digital,2026-09-20 21:00:00-03:00,0.966,2,15187,15370,12,7,4,1,0,3,0.26666666666666666,20.283468554501006,0.25966341337019677,alberto fernández | fracción el trébol | hospital distrital | minga guazú,alberto fernández,,fracción el trébol | hospital distrital | minga guazú,1
15188,La Nación,La Nación / Funcionarios de municipio fernandino denuncian cuatro meses de atraso salarial,2026-09-20 21:00:00-03:00,15339,Última Hora,Personal de blanco se moviliza en Misiones para exigir aumento salarial del 50%,2026-09-20 21:00:00-03:00,0.8257,0,15188,15339,9,8,0,0,0,0,0.0,0.0,0.0,,,,,0
15188,La Nación,La Nación / Funcionarios de municipio fernandino denuncian cuatro meses de atraso salarial,2026-09-20 21:00:00-03:00,15553,Última Hora,Denuncian agresión a candidato a concejal y piden circuito cerrado,2026-09-20 21:00:00-03:00,0.8129,0,15188,15553,9,10,0,0,0,0,0.0,0.0,0.0,,,,,0
15189,La Nación,La Nación / Hurto y violencia familiar: los delitos que acorralan a la juventud paraguaya,2026-09-20 21:00:00-03:00,15203,Resumen de Noticias,¿Cuáles son los delitos que más involucran a jóvenes?,2026-09-20 21:00:00-03:00,0.9533,2,15189,15203,2,4,0,0,0,0,0.0,0.0,0.0,,,,,1
15189,La Nación,La Nación / Hurto y violencia familiar: los delitos que acorralan a la juventud paraguaya,2026-09-20 21:00:00-03:00,15262,Oviedo Press,Hurto y violencia familiar concentran la mayor presencia de jóvenes entre investigados - OviedoPress,2026-09-20 21:00:00-03:00,0.9351,2,15189,15262,2,3,1,0,1,0,0.25,5.658710952916121,0.2888523799534656,observatorio del ministerio público,,observatorio del ministerio público,,1
15464,ABC Color,Diputados define mañana la prohibición de celulares en todas las instituciones educativas - Política - ABC Color,2026-09-20 21:00:00-03:00,15190,La Nación,La Nación / Senado lanza app para dar mayor participación ciudadana en la toma de decisiones,2026-09-20 21:00:00-03:00,0.7378,0,15190,15464,4,9,1,0,1,0,0.08333333333333333,4.3369551129338015,0.06590782435977335,senado,,senado,,0
15192,HOY,"Diario HOY | “Tenemos Honor Colorado para rato”, predice Bachi",2026-09-20 21:00:00-03:00,15205,Resumen de Noticias,Alliana asume el gobierno ante fractura interna en HC,2026-09-20 21:00:00-03:00,0.9054,2,15192,15205,19,20,6,5,1,0,0.18181818181818182,24.136769567472946,0.14649216547347074,alliana | cartes | césar sosa | honor colorado | horacio cartes | santiago peña,alliana | cartes | césar sosa | horacio cartes | santiago peña,honor colorado,,1
15192,HOY,"Diario HOY | “Tenemos Honor Colorado para rato”, predice Bachi",2026-09-20 21:00:00-03:00,15253,Amambay News,"Bachi Núñez minimiza la tensión en Honor Colorado: “Hay disparidad de opiniones, pero terminará en coincidencias” - Amambay News",2026-09-20 21:00:00-03:00,0.9155,2,15192,15253,19,13,6,4,2,0,0.23076923076923078,25.372379456742067,0.19560357346225865,congreso | césar sosa | honor colorado | horacio cartes | núñez | santiago peña,césar sosa | horacio cartes | núñez | santiago peña,congreso | honor colorado,,1
15192,HOY,"Diario HOY | “Tenemos Honor Colorado para rato”, predice Bachi",2026-09-20 21:00:00-03:00,15351,HOY,Diario HOY | Dos senadores de “Primera División” le presumen su antigüedad a César Sosa,2026-09-20 21:00:00-03:00,0.9287,2,15192,15351,19,18,5,2,2,1,0.15625,21.353574338303734,0.12805481325145282,anr | asunción | basilio núñez | congreso | césar sosa,basilio núñez | césar sosa,anr | congreso,asunción,1
15192,HOY,"Diario HOY | “Tenemos Honor Colorado para rato”, predice Bachi",2026-09-20 21:00:00-03:00,15373,adn,"Larga vida a Honor Colorado, es lo que augura Bachi Núñez - ADN Digital",2026-09-20 21:00:00-03:00,0.9529,2,15192,15373,19,12,11,8,3,0,0.55,48.86255375056558,0.4843580716788253,alliana | anr | basilio núñez | cartes | ce | congreso | césar sosa | honor colorado | horacio cartes | núñez | santiago peña,alliana | basilio núñez | cartes | ce | césar sosa | horacio cartes | núñez | santiago peña,anr | congreso | honor colorado,,1
15192,HOY,"Diario HOY | “Tenemos Honor Colorado para rato”, predice Bachi",2026-09-20 21:00:00-03:00,15432,Última Hora,"“Mantenerse en primera división es difícil"", advierte Bachi a Cesarito",2026-09-20 21:00:00-03:00,0.9457,2,15192,15432,19,10,5,3,2,0,0.20833333333333334,21.739621360554793,0.17290874312838142,bachi | congreso | césar sosa | honor colorado | santiago peña,bachi | césar sosa | santiago peña,congreso | honor colorado,,1
15202,Resumen de Noticias,El Vorí vorí vuelve a ser número uno entre las sopas del mundo,2026-09-20 21:00:00-03:00,15226,Extra,Joven salteño vende sopa paraguaya con la receta que le dio su abuela,2026-09-20 21:00:00-03:00,0.814,0,15202,15226,6,13,2,0,1,1,0.11764705882352941,7.985217395657038,0.08551719302087389,paraguay | taste atlas,,taste atlas,paraguay,0
15202,Resumen de Noticias,El Vorí vorí vuelve a ser número uno entre las sopas del mundo,2026-09-20 21:00:00-03:00,15232,Crónica,Nuestro vori vori sigue mandando en el mundo ??,2026-09-20 21:00:00-03:00,0.9298,2,15202,15232,6,3,2,0,1,1,0.2857142857142857,7.985217395657038,0.2173655435279687,paraguay | taste atlas,,taste atlas,paraguay,1
15282,ABC Color,Taste Atlas 2026: el vori vori se vuelve a posicionar como el mejor plato del mundo y la mejor sopa - Gastronomía - ABC Color,2026-09-20 21:00:00-03:00,15202,Resumen de Noticias,El Vorí vorí vuelve a ser número uno entre las sopas del mundo,2026-09-20 21:00:00-03:00,0.9282,2,15202,15282,3,6,1,0,1,0,0.125,5.253245844807957,0.1219184011997994,tasteatlas,,tasteatlas,,1
15202,Resumen de Noticias,El Vorí vorí vuelve a ser número uno entre las sopas del mundo,2026-09-20 21:00:00-03:00,15353,Concepción al Día,El vori vori vuelve a ser reconocido como el mejor plato del mundo - Concepción al Día,2026-09-20 21:00:00-03:00,0.9457,2,15202,15353,6,2,2,0,1,1,0.3333333333333333,7.579752287548874,0.24946118912359636,paraguay | tasteatlas,,tasteatlas,paraguay,1
15550,Última Hora,"Titular del BCP, Baruja y Marco Riquelme integran la comitiva de Peña en EEUU",2026-09-20 21:00:00-03:00,15205,Resumen de Noticias,Alliana asume el gobierno ante fractura interna en HC,2026-09-20 21:00:00-03:00,0.8913,0,15205,15550,26,20,9,7,1,0,0.24324324324324326,36.70847238255119,0.20094018980687098,alliana | cartes | césar sosa | ejecutivo | honor colorado | horacio cartes | pedro alliana | peña | santiago peña,alliana | cartes | césar sosa | horacio cartes | pedro alliana | peña | santiago peña,ejecutivo,,0
15548,ABC Color,Acceso al país por el Puente de la Amistad se encuentra en deplorable estado por los baches - ABC en el Este - ABC Color,2026-09-20 21:00:00-03:00,15208,adn,No hay fecha fija para habilitación total del Puente de la Integración - ADN Digital,2026-09-20 21:00:00-03:00,0.834,0,15208,15548,18,8,2,0,0,0,0.08333333333333333,6.6634615556747185,0.05252803707534341,brasil | paraguay,,,,0
15491,ABC Color,Elecciones Municipales: La importancia de los observadores - Política - ABC Color,2026-09-20 21:00:00-03:00,15210,adn,Advierten que dudas de opositores afectarían negativamente en la participación en las municipales - ADN Digital,2026-09-20 21:00:00-03:00,0.8256,1,15210,15491,10,5,1,0,1,0,0.07142857142857142,4.847780736699793,0.06231227783336878,tsje,,tsje,,0
15349,La Nación,La Nación / MOPC solicita despejar franja de dominio ante avance de la obra de duplicación de la ruta PY01,2026-09-20 21:00:00-03:00,15211,adn,"Duplicación de la PY07 tendrá cuatro carriles, tres viaductos y costará hasta US$ 100 millones - ADN Digital",2026-09-20 21:00:00-03:00,0.8059,0,15211,15349,18,10,0,0,0,0,0.0,0.0,0.0,,,,,0
15288,Última Hora,Día de la Juventud: ¿Cuándo Paraguay dejará de tener una mayoría de población joven?,2026-09-20 21:00:00-03:00,15213,adn,"Demográficamente, nuestro país pasa por su mejor momento, porque la mayoría de la población es joven - ADN Digital",2026-09-20 21:00:00-03:00,0.9427,2,15213,15288,5,6,5,2,2,1,0.8333333333333334,21.5648513935248,0.8087644245088638,ine | instituto nacional de estadística | iván ojeda | ojeda | paraguay,iván ojeda | ojeda,ine | instituto nacional de estadística,paraguay,1
15215,Megacadena,Blanca Ovelar cuestiona a las supervisiones pedagógicas tras los resultados de pruebas PISA,2026-09-20 21:00:00-03:00,15420,Amambay News,Blanca Ovelar cuestiona las supervisiones pedagógicas y pide asumir la “complejidad” de la crisis educativa - Amambay News,2026-09-20 21:00:00-03:00,0.9352,2,15215,15420,4,2,2,2,0,0,0.5,10.911956797724077,0.5398090442134615,blanca ovelar | ovelar,blanca ovelar | ovelar,,,1
15215,Megacadena,Blanca Ovelar cuestiona a las supervisiones pedagógicas tras los resultados de pruebas PISA,2026-09-20 21:00:00-03:00,15557,Última Hora,Banco Mundial pide recuperar aprendizajes básicos y evitar abandono escolar,2026-09-20 21:00:00-03:00,0.7987,0,15215,15557,4,5,0,0,0,0,0.0,0.0,0.0,,,,,0
15464,ABC Color,Diputados define mañana la prohibición de celulares en todas las instituciones educativas - Política - ABC Color,2026-09-20 21:00:00-03:00,15218,Megacadena,El Senado lanza “Mi Senado App” para seguir las sesiones en tiempo real y proyectos de ley en estudio,2026-09-20 21:00:00-03:00,0.7541,0,15218,15464,4,6,1,0,1,0,0.1111111111111111,4.3369551129338015,0.087643603935391,senado,,senado,,0
15280,Ñanduti,Mades hace vista gorda a transformadores de la ANDE en evidente estado de contaminación en San Lorenzo,2026-09-20 21:00:00-03:00,15222,Megacadena,Incautan tanques de 45.000 litros en depósito vinculado a una maniobra con cheques robados,2026-09-20 21:00:00-03:00,0.7505,0,15222,15280,9,7,0,0,0,0,0.0,0.0,0.0,,,,,0
15510,Popular,Popular / (VIDEO) ¡Venden guiso a lo paraguayoité en salones chuchis de yanquilandia!,2026-09-20 21:00:00-03:00,15226,Extra,Joven salteño vende sopa paraguaya con la receta que le dio su abuela,2026-09-20 21:00:00-03:00,0.8346,0,15226,15510,3,13,1,0,0,1,0.06666666666666667,2.326506442740917,0.02780241349217954,paraguay,,,paraguay,0
15282,ABC Color,Taste Atlas 2026: el vori vori se vuelve a posicionar como el mejor plato del mundo y la mejor sopa - Gastronomía - ABC Color,2026-09-20 21:00:00-03:00,15232,Crónica,Nuestro vori vori sigue mandando en el mundo ??,2026-09-20 21:00:00-03:00,0.9269,2,15232,15282,3,3,0,0,0,0,0.0,0.0,0.0,,,,,1
15510,Popular,Popular / (VIDEO) ¡Venden guiso a lo paraguayoité en salones chuchis de yanquilandia!,2026-09-20 21:00:00-03:00,15232,Crónica,Nuestro vori vori sigue mandando en el mundo ??,2026-09-20 21:00:00-03:00,0.8207,0,15232,15510,3,3,1,0,0,1,0.2,2.326506442740917,0.0860369200830033,paraguay,,,paraguay,0
15317,ABC Color,Día de la Juventud: jóvenes encabezan estadísticas de muertes y lesiones por siniestros viales - Nacionales - ABC Color,2026-09-20 21:00:00-03:00,15245,La Clave,Cuatro personas mueren en accidentes durante el fin de semana en Alto Paraná – Diario La Clave,2026-09-20 21:00:00-03:00,0.755,0,15245,15317,6,11,0,0,0,0,0.0,0.0,0.0,,,,,0
15486,ABC Color,Suba de combustible: ¿llegará el aumento a los precios de los supermercados? - Negocios - ABC Color,2026-09-20 21:00:00-03:00,15251,Amambay News,Petropar anticipó nueva suba y transportistas expresaron preocupación - Amambay News,2026-09-20 21:00:00-03:00,0.8426,0,15251,15486,5,6,0,0,0,0,0.0,0.0,0.0,,,,,0
15330,ABC Color,PGN 2027: Salud tendrá más recursos pese a limitada ejecución 2026 - Economía - ABC Color,2026-09-20 21:00:00-03:00,15257,Amambay News,Fretes anuncia visitas sorpresa a hospitales públicos de todo el país - Amambay News,2026-09-20 21:00:00-03:00,0.7932,0,15257,15330,12,9,1,1,0,0,0.05,4.742420221041966,0.04483620635673455,isaías fretes,isaías fretes,,,0
15464,ABC Color,Diputados define mañana la prohibición de celulares en todas las instituciones educativas - Política - ABC Color,2026-09-20 21:00:00-03:00,15269,Itapúa en Noticias,«MI SENADO»: AHORA VAS A PODER VER QUÉ HACEN LOS SENADORES EN TIEMPO REAL,2026-09-20 21:00:00-03:00,0.7429,0,15269,15464,4,3,1,0,1,0,0.16666666666666666,4.3369551129338015,0.13814820797073246,senado,,senado,,0
15355,Itapúa en Noticias,"AGUAS DANZANTES, BUS TURÍSTICO Y LA RECUPERACIÓN DE LA ZONA BAJA: LAS PROPUESTAS DE NOVOSAD",2026-09-20 21:00:00-03:00,15271,Itapúa en Noticias,CARLOS PEREIRA PRESENTÓ UNA AGENDA LEGISLATIVA Y ASUMIÓ COMPROMISOS DE CAMPAÑA,2026-09-20 21:00:00-03:00,0.8597,0,15271,15355,8,10,2,0,0,1,0.125,8.966046648668765,0.09684509345492297,encarnación | república del paraguay,,,república del paraguay,0
15280,Ñanduti,Mades hace vista gorda a transformadores de la ANDE en evidente estado de contaminación en San Lorenzo,2026-09-20 21:00:00-03:00,15417,La Clave,"Tape Porã, contaminación e impunidad ante un Ministerio Público inoperante – Diario La Clave",2026-09-20 21:00:00-03:00,0.7485,0,15280,15417,9,8,0,0,0,0,0.0,0.0,0.0,,,,,0
15280,Ñanduti,Mades hace vista gorda a transformadores de la ANDE en evidente estado de contaminación en San Lorenzo,2026-09-20 21:00:00-03:00,15437,Telefuturo,Vecinos de Molino de Luque denuncian ola de robos,2026-09-20 21:00:00-03:00,0.7529,0,15280,15437,9,1,0,0,0,0,0.0,0.0,0.0,,,,,0
15280,Ñanduti,Mades hace vista gorda a transformadores de la ANDE en evidente estado de contaminación en San Lorenzo,2026-09-20 21:00:00-03:00,15490,ABC Color,Denuncian contaminación por continuas quemazones en vertedero de Campo 9 - Nacionales - ABC Color,2026-09-20 21:00:00-03:00,0.7981,0,15280,15490,9,10,1,0,1,0,0.05555555555555555,5.658710952916121,0.05304809536110633,mades,,mades,,0
15282,ABC Color,Taste Atlas 2026: el vori vori se vuelve a posicionar como el mejor plato del mundo y la mejor sopa - Gastronomía - ABC Color,2026-09-20 21:00:00-03:00,15353,Concepción al Día,El vori vori vuelve a ser reconocido como el mejor plato del mundo - Concepción al Día,2026-09-20 21:00:00-03:00,0.9751,2,15282,15353,3,2,1,0,1,0,0.25,5.253245844807957,0.25899149500454816,tasteatlas,,tasteatlas,,1
15288,Última Hora,Día de la Juventud: ¿Cuándo Paraguay dejará de tener una mayoría de población joven?,2026-09-20 21:00:00-03:00,15445,Megacadena,"Paraguay atraviesa su mejor momento demográfico, según el INE",2026-09-20 21:00:00-03:00,0.9205,2,15288,15445,5,5,5,2,2,1,1.0,21.5648513935248,1.0,ine | instituto nacional de estadística | iván ojeda | ojeda | paraguay,iván ojeda | ojeda,ine | instituto nacional de estadística,paraguay,1
15288,Última Hora,Día de la Juventud: ¿Cuándo Paraguay dejará de tener una mayoría de población joven?,2026-09-20 21:00:00-03:00,15513,Diario Paraguayo Noticias,Bono demográfico de Paraguay: oportunidades hasta 2050 | Diario Paraguayo,2026-09-20 21:00:00-03:00,0.9628,2,15288,15513,5,5,5,2,2,1,1.0,21.5648513935248,1.0,ine | instituto nacional de estadística | iván ojeda | ojeda | paraguay,iván ojeda | ojeda,ine | instituto nacional de estadística,paraguay,1
15288,Última Hora,Día de la Juventud: ¿Cuándo Paraguay dejará de tener una mayoría de población joven?,2026-09-20 21:00:00-03:00,15545,ABC Color,"Paraguay atraviesa su mejor momento demográfico, según el INE - Nacionales - ABC Color",2026-09-20 21:00:00-03:00,0.9247,2,15288,15545,5,9,5,2,2,1,0.5555555555555556,21.5648513935248,0.5225499020894504,ine | instituto nacional de estadística | iván ojeda | ojeda | paraguay,iván ojeda | ojeda,ine | instituto nacional de estadística,paraguay,1
15291,La Nación,La Nación / Rigo Chamorro agasajará a la juventud esteña con un festival estelar y gratuito,2026-09-20 21:00:00-03:00,15392,Diario Paraguayo Noticias,Festival de la Juventud en Ciudad del Este - 27 de sept | Diario Paraguayo,2026-09-20 21:00:00-03:00,0.9476,2,15291,15392,14,11,7,1,1,4,0.3888888888888889,37.98716501784893,0.3705165312904039,alto paraná | ciudad del este | club 3 de febrero | cumbia juan | integral | richard duarte | talento de barrio,richard duarte,talento de barrio,alto paraná | ciudad del este | club 3 de febrero | integral,1
15292,La Nación,La Nación / MAG prevé 8 ferias de la agricultura familiar en la semana de la primavera,2026-09-20 21:00:00-03:00,15394,Diario Paraguayo Noticias,MAG realizará 8 ferias de agricultura familiar | Diario Paraguayo,2026-09-20 21:00:00-03:00,0.9853,2,15292,15394,19,21,17,0,2,15,0.7391304347826086,89.06200458556988,0.7167266600506392,asunción | bajo chaco | central | centro de exposición y venta | dirección de educación agraria | fernando de la mora | itauguá | lambaré | mag | ministerio de agricultura y ganadería | paseo 1811 | plaza flores | san lorenzo | shopping century plaza | shopping multiplaza | universidad nacional de asunción | ñeembucú,,mag | ministerio de agricultura y ganadería,asunción | bajo chaco | central | centro de exposición y venta | dirección de educación agraria | fernando de la mora | itauguá | lambaré | paseo 1811 | plaza flores | san lorenzo | shopping century plaza | shopping multiplaza | universidad nacional de asunción | ñeembucú,1
15554,Última Hora,Advierten que venta de inmuebles no puede financiar fondo de salud de IPS,2026-09-20 21:00:00-03:00,15294,La Nación,"La Nación / Senabico subastará inmuebles, vehículos y maquinaria pesada el 24 de septiembre",2026-09-20 21:00:00-03:00,0.7117,0,15294,15554,10,16,0,0,0,0,0.0,0.0,0.0,,,,,0
15351,HOY,Diario HOY | Dos senadores de “Primera División” le presumen su antigüedad a César Sosa,2026-09-20 21:00:00-03:00,15297,Resumen de Noticias,“Lo que se ve no se pregunta”: Ovelar habla de crisis en Honor Colorado,2026-09-20 21:00:00-03:00,0.8747,1,15297,15351,18,13,3,2,0,1,0.10714285714285714,13.737454406583984,0.09896976950980026,asunción | ovelar | silvio ovelar,ovelar | silvio ovelar,,asunción,0
15349,La Nación,La Nación / MOPC solicita despejar franja de dominio ante avance de la obra de duplicación de la ruta PY01,2026-09-20 21:00:00-03:00,15307,Ahora CDE,El asfaltado de la ruta D065 entre San Cristóbal y Juan E. O’Leary avanza tras décadas de reclamos,2026-09-20 21:00:00-03:00,0.8128,0,15307,15349,18,11,2,0,2,0,0.07407407407407407,10.352341009788656,0.06926782223984013,ministerio de obras públicas y comunicaciones | mopc,,ministerio de obras públicas y comunicaciones | mopc,,0
15453,El Observador,Defensa de Rivas considera excesiva la pena solicitada de 12 años - El Observador,2026-09-20 21:00:00-03:00,15312,ABC Color,Fiscalía pide 12 años de cárcel para Hernán Rivas por su título falso de abogado - Nacionales - ABC Color,2026-09-20 21:00:00-03:00,0.8897,1,15312,15453,9,16,3,1,2,0,0.13636363636363635,11.836664692809139,0.09814714992584656,fiscalía | herná | ministerio público,herná,fiscalía | ministerio público,,0
15328,ABC Color,"El río Paraná alcanza 3,67 m y proyectan descenso en Ayolas - Nacionales - ABC Color",2026-09-20 21:00:00-03:00,15315,ABC Color,"Río Paraguay sigue en descenso, pero riesgo de inundaciones por El Niño se mantiene - Nacionales - ABC Color",2026-09-20 21:00:00-03:00,0.8921,0,15315,15328,14,8,0,0,0,0,0.0,0.0,0.0,,,,,0
15317,ABC Color,Día de la Juventud: jóvenes encabezan estadísticas de muertes y lesiones por siniestros viales - Nacionales - ABC Color,2026-09-20 21:00:00-03:00,15364,Resumen de Noticias,"Jóvenes, los más afectados por siniestros viales",2026-09-20 21:00:00-03:00,0.9712,2,15317,15364,6,7,6,0,5,1,0.8571428571428571,28.268685950158044,0.8165292227028075,agencia nacional de tránsito y seguridad vial | antsv | hospital de trauma | ministerio de salud pública y bienestar social | paraguay | policía nacional,,agencia nacional de tránsito y seguridad vial | antsv | hospital de trauma | ministerio de salud pública y bienestar social | policía nacional,paraguay,1
15317,ABC Color,Día de la Juventud: jóvenes encabezan estadísticas de muertes y lesiones por siniestros viales - Nacionales - ABC Color,2026-09-20 21:00:00-03:00,15473,Más Encarnación,"Jóvenes, los más afectados por siniestros viales",2026-09-20 21:00:00-03:00,0.9578,2,15317,15473,6,7,6,0,5,1,0.8571428571428571,28.268685950158044,0.8563386456531586,agencia nacional de tránsito y seguridad vial | antsv | hospital de trauma | ministerio de salud pública y bienestar social | paraguay | policía nacional,,agencia nacional de tránsito y seguridad vial | antsv | hospital de trauma | ministerio de salud pública y bienestar social | policía nacional,paraguay,1
15325,ABC Color,"Orlando Gill y Meli Ávalos, enamorados en París - Gente - ABC Color",2026-09-20 21:00:00-03:00,15412,Crónica,[VIDEO] Te mostramos el álbum de bodas de la actriz Fátima Fernández,2026-09-20 21:00:00-03:00,0.7572,0,15325,15412,12,6,0,0,0,0,0.0,0.0,0.0,,,,,0
15325,ABC Color,"Orlando Gill y Meli Ávalos, enamorados en París - Gente - ABC Color",2026-09-20 21:00:00-03:00,15449,Popular,Popular / ¡Celebraron su boda de plata!,2026-09-20 21:00:00-03:00,0.7657,0,15325,15449,12,5,0,0,0,0,0.0,0.0,0.0,,,,,0
15325,ABC Color,"Orlando Gill y Meli Ávalos, enamorados en París - Gente - ABC Color",2026-09-20 21:00:00-03:00,15498,La Nación,La Nación / ¡No es visita! Paraguaya presume que su novio llega a su casa y hace de todo,2026-09-20 21:00:00-03:00,0.7472,0,15325,15498,12,7,0,0,0,0,0.0,0.0,0.0,,,,,0
15328,ABC Color,"El río Paraná alcanza 3,67 m y proyectan descenso en Ayolas - Nacionales - ABC Color",2026-09-20 21:00:00-03:00,15439,Resumen de Noticias,"RÃo Paraguay baja, pero persiste riesgo de inundaciones",2026-09-20 21:00:00-03:00,0.8805,0,15328,15439,14,7,0,0,0,0,0.0,0.0,0.0,,,,,0
15328,ABC Color,"El río Paraná alcanza 3,67 m y proyectan descenso en Ayolas - Nacionales - ABC Color",2026-09-20 21:00:00-03:00,15468,ABC Color,Crecida del Paraná pone en riesgo a pequeños ganaderos en Cerrito - Economía - ABC Color,2026-09-20 21:00:00-03:00,0.8366,0,15328,15468,14,9,2,0,0,2,0.09523809523809523,11.094278354518032,0.09044771210457923,paraná | río paraná,,,paraná | río paraná,0
15429,Ñanduti,Imputan a las máximas autoridades de APA por presunta lesión de confianza por cerca de G 2.000 millones,2026-09-20 21:00:00-03:00,15329,ABC Color,Juicio de Miguel Prieto: Defensas cuestionan a fiscal por su falta de objetividad - Política - ABC Color,2026-09-20 21:00:00-03:00,0.783,0,15329,15429,14,20,1,0,1,0,0.030303030303030304,3.712800803860808,0.01952658974684097,fiscalía,,fiscalía,,0
15330,ABC Color,PGN 2027: Salud tendrá más recursos pese a limitada ejecución 2026 - Economía - ABC Color,2026-09-20 21:00:00-03:00,15474,La Nación,La Nación / Ministro de Salud anuncia controles estrictos al desempeño de los médicos,2026-09-20 21:00:00-03:00,0.8017,0,15330,15474,12,7,1,0,1,0,0.05555555555555555,5.658710952916121,0.05842353133482713,comisión bicameral de presupuesto,,comisión bicameral de presupuesto,,0
15554,Última Hora,Advierten que venta de inmuebles no puede financiar fondo de salud de IPS,2026-09-20 21:00:00-03:00,15330,ABC Color,PGN 2027: Salud tendrá más recursos pese a limitada ejecución 2026 - Economía - ABC Color,2026-09-20 21:00:00-03:00,0.7093,0,15330,15554,10,12,0,0,0,0,0.0,0.0,0.0,,,,,0
15486,ABC Color,Suba de combustible: ¿llegará el aumento a los precios de los supermercados? - Negocios - ABC Color,2026-09-20 21:00:00-03:00,15340,Última Hora,Transportistas preocupados por costo del combustible: “Es difícil llevar el pan a nuestros hogares”,2026-09-20 21:00:00-03:00,0.876,0,15340,15486,5,9,0,0,0,0,0.0,0.0,0.0,,,,,0
15345,La Nación,La Nación / Fiscalía solicitó 12 años de prisión para Rivas,2026-09-20 21:00:00-03:00,15453,El Observador,Defensa de Rivas considera excesiva la pena solicitada de 12 años - El Observador,2026-09-20 21:00:00-03:00,0.8962,1,15345,15453,12,9,4,2,2,0,0.23529411764705882,16.48377473404678,0.18517778951759184,fiscalía | herná | ministerio público | rivas,herná | rivas,fiscalía | ministerio público,,0
15345,La Nación,La Nación / Fiscalía solicitó 12 años de prisión para Rivas,2026-09-20 21:00:00-03:00,15459,Amambay News,Fiscalía pide 12 años de cárcel para Hernán Rivas por ser “abogado falso” - Amambay News,2026-09-20 21:00:00-03:00,0.9126,2,15345,15459,12,21,8,5,3,0,0.32,36.83453284305725,0.2825233967533942,christian benítez | fiscalía | herná | hernán rivas | jem | jurado de enjuiciamiento de magistrados | n rivas | rivas,christian benítez | herná | hernán rivas | n rivas | rivas,fiscalía | jem | jurado de enjuiciamiento de magistrados,,1
15349,La Nación,La Nación / MOPC solicita despejar franja de dominio ante avance de la obra de duplicación de la ruta PY01,2026-09-20 21:00:00-03:00,15455,Primera Plana,"Presentan avances del Proyecto de Duplicación de la Ruta PY07, financiado por Itaipú",2026-09-20 21:00:00-03:00,0.8066,0,15349,15455,18,12,0,0,0,0,0.0,0.0,0.0,,,,,0
15349,La Nación,La Nación / MOPC solicita despejar franja de dominio ante avance de la obra de duplicación de la ruta PY01,2026-09-20 21:00:00-03:00,15481,adn,MOPC pide retirar objetos de la franja de la PY01 por obras de duplicación - ADN Digital,2026-09-20 21:00:00-03:00,0.9559,2,15349,15481,18,18,15,0,6,9,0.7142857142857143,76.29374979748017,0.6740415112017575,alya constructora s.a. | asunción | central | consorcio rutas del mercosur | construpar s.a. | fernando de la mora | ministerio de obras públicas y comunicaciones | mopc | paraguarí | quiindy | san antonio | san lorenzo | tecnoedil s.a. | villa elisa | ñemby,,alya constructora s.a. | consorcio rutas del mercosur | construpar s.a. | ministerio de obras públicas y comunicaciones | mopc | tecnoedil s.a.,asunción | central | fernando de la mora | paraguarí | quiindy | san antonio | san lorenzo | villa elisa | ñemby,1
15349,La Nación,La Nación / MOPC solicita despejar franja de dominio ante avance de la obra de duplicación de la ruta PY01,2026-09-20 21:00:00-03:00,15517,Diario Paraguayo Noticias,MOPC solicita despejar franja de ruta PY01 | Diario Paraguayo,2026-09-20 21:00:00-03:00,0.9812,2,15349,15517,18,19,16,0,6,10,0.7619047619047619,82.24014282284807,0.7329279707505238,alya constructora s.a. | asunción | atro mojones | central | consorcio rutas del mercosur | construpar s.a. | cu | fernando de la mora | ministerio de obras públicas y comunicaciones | mopc | paraguarí | quiindy | san antonio | san lorenzo | tecnoedil s.a. | villa elisa,,alya constructora s.a. | consorcio rutas del mercosur | construpar s.a. | ministerio de obras públicas y comunicaciones | mopc | tecnoedil s.a.,asunción | atro mojones | central | cu | fernando de la mora | paraguarí | quiindy | san antonio | san lorenzo | villa elisa,1
15351,HOY,Diario HOY | Dos senadores de “Primera División” le presumen su antigüedad a César Sosa,2026-09-20 21:00:00-03:00,15373,adn,"Larga vida a Honor Colorado, es lo que augura Bachi Núñez - ADN Digital",2026-09-20 21:00:00-03:00,0.8814,2,15351,15373,18,12,4,2,2,0,0.15384615384615385,18.240394656992045,0.141217244748227,anr | basilio núñez | congreso | césar sosa,basilio núñez | césar sosa,anr | congreso,,1
15351,HOY,Diario HOY | Dos senadores de “Primera División” le presumen su antigüedad a César Sosa,2026-09-20 21:00:00-03:00,15432,Última Hora,"“Mantenerse en primera división es difícil"", advierte Bachi a Cesarito",2026-09-20 21:00:00-03:00,0.8996,2,15351,15432,18,10,3,1,1,1,0.12,13.93161042102494,0.10618673578766137,congreso | césar sosa | guairá,césar sosa,congreso,guairá,1
15351,HOY,Diario HOY | Dos senadores de “Primera División” le presumen su antigüedad a César Sosa,2026-09-20 21:00:00-03:00,15572,Telefuturo,Conflicto en Honor Colorado por declaraciones de César Sosa,2026-09-20 21:00:00-03:00,0.9114,2,15351,15572,18,6,5,5,0,0,0.2631578947368421,26.78947736780433,0.27711858533951894,basil | césar sosa | io núñez | silvio ovelar | sosa,basil | césar sosa | io núñez | silvio ovelar | sosa,,,1
15453,El Observador,Defensa de Rivas considera excesiva la pena solicitada de 12 años - El Observador,2026-09-20 21:00:00-03:00,15352,NPY,Fiscalía solicita 12 años de prisión para el exsenador colorado Hernán Rivas,2026-09-20 21:00:00-03:00,0.8982,1,15352,15453,9,26,4,2,2,0,0.12903225806451613,16.48377473404678,0.09722309908217003,fiscalía | herná | ministerio público | rivas,herná | rivas,fiscalía | ministerio público,,0
15355,Itapúa en Noticias,"AGUAS DANZANTES, BUS TURÍSTICO Y LA RECUPERACIÓN DE LA ZONA BAJA: LAS PROPUESTAS DE NOVOSAD",2026-09-20 21:00:00-03:00,15444,Megacadena,Santiago Peña se reúne con empresarios para impulsar proyecto en la Costanera Norte,2026-09-20 21:00:00-03:00,0.8147,0,15355,15444,8,10,0,0,0,0,0.0,0.0,0.0,,,,,0
15355,Itapúa en Noticias,"AGUAS DANZANTES, BUS TURÍSTICO Y LA RECUPERACIÓN DE LA ZONA BAJA: LAS PROPUESTAS DE NOVOSAD",2026-09-20 21:00:00-03:00,15462,Itapúa en Noticias,CARLOS PEREIRA QUIERE MÁS OPORTUNIDADES PARA LOS JÓVENES EN ENCARNACIÓN,2026-09-20 21:00:00-03:00,0.8333,0,15355,15462,8,6,2,0,0,2,0.16666666666666666,8.966046648668765,0.1283027756104368,encarnación | república del paraguay,,,encarnación | república del paraguay,0
15429,Ñanduti,Imputan a las máximas autoridades de APA por presunta lesión de confianza por cerca de G 2.000 millones,2026-09-20 21:00:00-03:00,15363,Resumen de Noticias,Prieto atribuye disputa en Honor Colorado a “negocios”,2026-09-20 21:00:00-03:00,0.7797,0,15363,15429,14,16,1,0,1,0,0.034482758620689655,3.712800803860808,0.023042889186056424,fiscalía,,fiscalía,,0
15489,ABC Color,Senado culmina audiencias y avanza hacia las ternas para la Defensoría del Pueblo - Política - ABC Color,2026-09-20 21:00:00-03:00,15372,adn,Comisión investigará deudas y pagos selectivos en IPS y Salud - ADN Digital,2026-09-20 21:00:00-03:00,0.7937,0,15372,15489,24,23,3,0,3,0,0.06818181818181818,11.981245921620246,0.04711500935189492,anr | estado | senado,,anr | estado | senado,,0
15554,Última Hora,Advierten que venta de inmuebles no puede financiar fondo de salud de IPS,2026-09-20 21:00:00-03:00,15372,adn,Comisión investigará deudas y pagos selectivos en IPS y Salud - ADN Digital,2026-09-20 21:00:00-03:00,0.7669,0,15372,15554,10,23,3,1,2,0,0.1,15.200121746488449,0.08854179661249581,derlis león | instituto de previsión social | ips,derlis león,instituto de previsión social | ips,,0
15374,Ñanduti,Banco Continental integra la emisión y custodia en la nueva era del CDA Digital,2026-09-20 21:00:00-03:00,15472,Más Encarnación,BCP habilita los Certificados de Depósito de Ahorro 100% digitales,2026-09-20 21:00:00-03:00,0.9297,2,15374,15472,5,5,2,0,2,0,0.25,8.04975591679461,0.19521653540308362,banco central del paraguay | bcp,,banco central del paraguay | bcp,,1
15453,El Observador,Defensa de Rivas considera excesiva la pena solicitada de 12 años - El Observador,2026-09-20 21:00:00-03:00,15378,Megacadena,"Fiscalía pide 12 años de prisión para Hernán Rivas por su título ""trucho"" de abogado",2026-09-20 21:00:00-03:00,0.885,1,15378,15453,9,21,2,1,1,0,0.07142857142857142,8.35991084509845,0.05387058509594119,fiscalía | rivas,rivas,fiscalía,,0
15464,ABC Color,Diputados define mañana la prohibición de celulares en todas las instituciones educativas - Política - ABC Color,2026-09-20 21:00:00-03:00,15420,Amambay News,Blanca Ovelar cuestiona las supervisiones pedagógicas y pide asumir la “complejidad” de la crisis educativa - Amambay News,2026-09-20 21:00:00-03:00,0.7837,0,15420,15464,4,2,0,0,0,0,0.0,0.0,0.0,,,,,0
15429,Ñanduti,Imputan a las máximas autoridades de APA por presunta lesión de confianza por cerca de G 2.000 millones,2026-09-20 21:00:00-03:00,15565,La Nación,La Nación / Fiscalía imputa a cuatro directivos de APA por presunto desvío de casi G. 2.000 millones,2026-09-20 21:00:00-03:00,0.9351,2,15429,15565,14,15,8,6,2,0,0.38095238095238093,45.04986990898434,0.37436697112657796,apa | david herminio portillo biancotti | fiscalía | humberto victorio rodas orué | juan josé maría vidal bonin | juan leonardi guerrero | julio césar ortiz gonzález | walter mario cabrera martínez,david herminio portillo biancotti | humberto victorio rodas orué | juan josé maría vidal bonin | juan leonardi guerrero | julio césar ortiz gonzález | walter mario cabrera martínez,apa | fiscalía,,1
15486,ABC Color,Suba de combustible: ¿llegará el aumento a los precios de los supermercados? - Negocios - ABC Color,2026-09-20 21:00:00-03:00,15434,La Nación,La Nación / Transportistas manifiestan complicado panorama a causa del alto costo del combustible,2026-09-20 21:00:00-03:00,0.8726,0,15434,15486,5,11,1,0,0,0,0.06666666666666667,2.326506442740917,0.02728182026419001,paraguay,,,,0
15498,La Nación,La Nación / ¡No es visita! Paraguaya presume que su novio llega a su casa y hace de todo,2026-09-20 21:00:00-03:00,15449,Popular,Popular / ¡Celebraron su boda de plata!,2026-09-20 21:00:00-03:00,0.7415,0,15449,15498,7,5,0,0,0,0,0.0,0.0,0.0,,,,,0
15453,El Observador,Defensa de Rivas considera excesiva la pena solicitada de 12 años - El Observador,2026-09-20 21:00:00-03:00,15450,Crónica,Fiscalía pide 12 años para Hernán Rivas por el caso del supuesto título falso,2026-09-20 21:00:00-03:00,0.8958,1,15450,15453,9,11,4,2,2,0,0.25,16.48377473404678,0.1983359624611923,fiscalía | herná | ministerio público | rivas,herná | rivas,fiscalía | ministerio público,,0
15464,ABC Color,Diputados define mañana la prohibición de celulares en todas las instituciones educativas - Política - ABC Color,2026-09-20 21:00:00-03:00,15480,Resumen de Noticias,Celulares en escuelas: Diputados define proyecto mañana,2026-09-20 21:00:00-03:00,0.9626,2,15464,15480,4,5,3,0,3,0,0.5,15.382443303282402,0.45744203416376894,"comisión de educación, cultura y culto | cámara de diputados | senado",,"comisión de educación, cultura y culto | cámara de diputados | senado",,1
15465,ABC Color,Líderes de 22 países e instituciones reclaman supervisión humana para la IA - Tecnología - ABC Color,2026-09-20 21:00:00-03:00,15568,5Días,"El dilema de la IA ya no es cómo frenarla, sino quién la controla",2026-09-20 21:00:00-03:00,0.8415,1,15465,15568,29,0,0,0,0,0,0.0,0.0,0.0,,,,,0
15478,Ñanduti,Ministerio de la Mujer repudia denuncias de acoso sexual y violencia digital que afectan a estudiantes de la UNA,2026-09-20 21:00:00-03:00,15549,Última Hora,UNA: Investigan denuncias de acoso a estudiantes de varias facultades y unidades académicas,2026-09-20 21:00:00-03:00,0.9296,1,15478,15549,6,18,3,0,3,0,0.14285714285714285,13.66479180620807,0.1164342425240395,ministerio de la mujer | ministerio público | una,,ministerio de la mujer | ministerio público | una,,0
15478,Ñanduti,Ministerio de la Mujer repudia denuncias de acoso sexual y violencia digital que afectan a estudiantes de la UNA,2026-09-20 21:00:00-03:00,15556,Última Hora,Denuncia de acoso en la UNA: Piden no difundir imágenes,2026-09-20 21:00:00-03:00,0.9632,1,15478,15556,6,2,2,0,2,0,0.3333333333333333,9.81334450905597,0.357599830761105,ministerio | una,,ministerio | una,,0
15486,ABC Color,Suba de combustible: ¿llegará el aumento a los precios de los supermercados? - Negocios - ABC Color,2026-09-20 21:00:00-03:00,15502,Telefuturo,Preocupación ante escalada del precio del combustible,2026-09-20 21:00:00-03:00,0.8217,0,15486,15502,5,2,0,0,0,0,0.0,0.0,0.0,,,,,0
15548,ABC Color,Acceso al país por el Puente de la Amistad se encuentra en deplorable estado por los baches - ABC en el Este - ABC Color,2026-09-20 21:00:00-03:00,15516,Diario Paraguayo Noticias,Puente de la Integración avanza con apertura gradual | Diario Paraguayo,2026-09-20 21:00:00-03:00,0.8318,0,15516,15548,18,12,3,0,0,2,0.1111111111111111,11.511242292374511,0.07987309513191386,brasil | paraguay | y,,,brasil | y,0
15538,Ñanduti,Peña viaja con comitiva de 13 personas a EE.UU.: el decreto no revela cuánto costará la numerosa misión oficial,2026-09-20 21:00:00-03:00,15543,ABC Color,Peña se reúne en Nueva York con empresarios que pretenden “transformar” la Costanera Norte - Política - ABC Color,2026-09-20 21:00:00-03:00,0.8473,0,15538,15543,27,21,4,2,2,0,0.09090909090909091,15.475357524516225,0.06413573308345773,estado | onu | peña | santiago peña,peña | santiago peña,estado | onu,,0
