target_id,target_source,target_title,target_date,candidate_id,candidate_source,candidate_title,candidate_date,similarity,event_label,target_entity_count,candidate_entity_count,shared_entities_raw,shared_entities,shared_per,shared_org,shared_loc,entity_jaccard_raw,entity_jaccard,idf_overlap,idf_jaccard,shared_entity_names,shared_person_names,shared_org_names,shared_location_names,same_event,prob_jina_only,prob_jina_plus_basic_ner,prob_jina_plus_idf_ner,prob_ner_only,same_event_probability,same_event_prediction,cv_fold,prediction_correct
15489,ABC Color,Senado culmina audiencias y avanza hacia las ternas para la Defensoría del Pueblo - Política - ABC Color,2026-09-20 21:00:00-03:00,14941,adn,Juicio a Hernán Rivas se reanuda hoy con los alegatos finales de la Fiscalía - ADN Digital,2026-09-20 21:00:00-03:00,0.8049,0,24,19,2,2,0,2,0,0.048780487804878,0.048780487804878,9.924723578609736,0.0441815886235683,jem | jurado de enjuiciamiento de magistrados,,jem | jurado de enjuiciamiento de magistrados,,0,0.05909598799721096,0.06260927534601732,0.06466611171949037,0.2186033200805969,0.06260927534601732,0,2,True
15489,ABC Color,Senado culmina audiencias y avanza hacia las ternas para la Defensoría del Pueblo - Política - ABC Color,2026-09-20 21:00:00-03:00,15372,adn,Comisión investigará deudas y pagos selectivos en IPS y Salud - ADN Digital,2026-09-20 21:00:00-03:00,0.7937,0,24,23,3,3,0,3,0,0.0681818181818181,0.0681818181818181,11.822665171815697,0.0490052566094965,anr | estado | senado,,anr | estado | senado,,0,0.03865267703194716,0.0633587121672056,0.06204845146388704,0.3427565151080621,0.0633587121672056,0,2,True
15489,ABC Color,Senado culmina audiencias y avanza hacia las ternas para la Defensoría del Pueblo - Política - ABC Color,2026-09-20 21:00:00-03:00,14612,adn,Rigo Chamorro propone una Junta Municipal con “menos confrontación y más soluciones” - ADN Digital,2026-09-19 21:00:00-03:00,0.7909,0,24,25,1,1,0,1,0,0.0208333333333333,0.0208333333333333,3.890371757896165,0.0143124738019708,anr,,anr,,0,0.03471571677281406,0.02766688051626799,0.02797664218664126,0.11926496128239802,0.02766688051626799,0,2,True
15489,ABC Color,Senado culmina audiencias y avanza hacia las ternas para la Defensoría del Pueblo - Política - ABC Color,2026-09-20 21:00:00-03:00,14566,La Nación,La Nación / Candidata de Lista 1 no objetará mesas del PLRA en Capiatá pese a vencer plazo electoral,2026-09-19 21:00:00-03:00,0.7878,0,24,21,1,1,0,1,0,0.0227272727272727,0.0227272727272727,3.890371757896165,0.0164757833572126,anr,,anr,,0,0.03080800749440901,0.025376046098463036,0.02569317516842824,0.12167879455366004,0.025376046098463036,0,2,True
15489,ABC Color,Senado culmina audiencias y avanza hacia las ternas para la Defensoría del Pueblo - Política - ABC Color,2026-09-20 21:00:00-03:00,14875,Última Hora,Parlamentarios están expectantes ante la sentencia en el caso Rivas,2026-09-20 21:00:00-03:00,0.787,0,24,14,0,0,0,0,0,0.0,0.0,0.0,0.0,,,,,0,0.02987078956637595,0.016997779569439795,0.017492213020973552,0.06664383517868164,0.016997779569439795,0,2,True
15119,ABC Color,San Ignacio: trabajadores de salud cierran la ruta PY01 y exigen aumento salarial del 50% - Nacionales - ABC Color,2026-09-20 21:00:00-03:00,15339,Última Hora,Personal de blanco se moviliza en Misiones para exigir aumento salarial del 50%,2026-09-20 21:00:00-03:00,0.939,2,13,8,2,2,0,1,1,0.1,0.1052631578947368,10.281398522548468,0.1030269814166164,asociación salud unida paraguay | misiones,,asociación salud unida paraguay,misiones,1,0.9430309899539061,0.8913023916886706,0.8959532387228013,0.2948407776512167,0.8913023916886706,1,1,True
15119,ABC Color,San Ignacio: trabajadores de salud cierran la ruta PY01 y exigen aumento salarial del 50% - Nacionales - ABC Color,2026-09-20 21:00:00-03:00,15504,Resumen de Noticias,Gremios de salud marcharán por reajuste salarial del 50%,2026-09-20 21:00:00-03:00,0.8968,1,13,16,0,0,0,0,0,0.0,0.0,0.0,0.0,,,,,0,0.7327735404500614,0.4594922232466689,0.46494853398244795,0.07383678341026408,0.4594922232466689,0,1,True
15119,ABC Color,San Ignacio: trabajadores de salud cierran la ruta PY01 y exigen aumento salarial del 50% - Nacionales - ABC Color,2026-09-20 21:00:00-03:00,14936,adn,Trabajadores de salud piden 50% de aumento y cifran reclamo en USD 103 millones - ADN Digital,2026-09-20 21:00:00-03:00,0.8916,1,13,6,0,0,0,0,0,0.0,0.0,0.0,0.0,,,,,0,0.6872306694889555,0.41459981701174237,0.4199560528112421,0.07383678341026408,0.41459981701174237,0,1,True
15119,ABC Color,San Ignacio: trabajadores de salud cierran la ruta PY01 y exigen aumento salarial del 50% - Nacionales - ABC Color,2026-09-20 21:00:00-03:00,15426,ABC Color,Gremios de salud se movilizan mañana por reajuste y carrera sanitaria - Nacionales - ABC Color,2026-09-20 21:00:00-03:00,0.8819,1,13,29,1,1,1,0,0,0.0232558139534883,0.024390243902439,4.3603753871419,0.0186830838655492,isaías fretes,isaías fretes,,,0,0.5924140154276588,0.3641948708720191,0.365787525336633,0.1264779999527164,0.3641948708720191,0,1,True
15119,ABC Color,San Ignacio: trabajadores de salud cierran la ruta PY01 y exigen aumento salarial del 50% - Nacionales - ABC Color,2026-09-20 21:00:00-03:00,14611,adn,Unos 16 sindicatos de Salud marcharán por reajuste salarial y carrera sanitaria - ADN Digital,2026-09-19 21:00:00-03:00,0.8705,1,13,18,1,1,1,0,0,0.032258064516129,0.0333333333333333,4.3603753871419,0.0276985322492109,isaías fretes,isaías fretes,,,0,0.47209859320548797,0.2854379836144497,0.2869508488379866,0.1388776129673685,0.2854379836144497,0,1,True
15317,ABC Color,Día de la Juventud: jóvenes encabezan estadísticas de muertes y lesiones por siniestros viales - Nacionales - ABC Color,2026-09-20 21:00:00-03:00,15364,Resumen de Noticias,"Jóvenes, los más afectados por siniestros viales",2026-09-20 21:00:00-03:00,0.9712,2,6,7,6,6,0,5,1,0.75,0.8571428571428571,27.00395519773498,0.8189526532260684,agencia nacional de tránsito y seguridad vial | antsv | hospital de trauma | ministerio de salud pública y bienestar social | paraguay | policía nacional,,agencia nacional de tránsito y seguridad vial | antsv | hospital de trauma | ministerio de salud pública y bienestar social | policía nacional,paraguay,1,0.980929549608031,0.9996648697807488,0.9995990076089752,0.9999288524824108,0.9996648697807488,1,5,True
15317,ABC Color,Día de la Juventud: jóvenes encabezan estadísticas de muertes y lesiones por siniestros viales - Nacionales - ABC Color,2026-09-20 21:00:00-03:00,15473,Más Encarnación,"Jóvenes, los más afectados por siniestros viales",2026-09-20 21:00:00-03:00,0.9578,2,6,7,6,6,0,5,1,0.75,0.8571428571428571,27.00395519773498,0.8365376531250998,agencia nacional de tránsito y seguridad vial | antsv | hospital de trauma | ministerio de salud pública y bienestar social | paraguay | policía nacional,,agencia nacional de tránsito y seguridad vial | antsv | hospital de trauma | ministerio de salud pública y bienestar social | policía nacional,paraguay,1,0.967573160632445,0.9994820021842109,0.9994319004212405,0.9999288524824108,0.9994820021842109,1,5,True
15317,ABC Color,Día de la Juventud: jóvenes encabezan estadísticas de muertes y lesiones por siniestros viales - Nacionales - ABC Color,2026-09-20 21:00:00-03:00,14825,ABC Color,Día de la Juventud: hurto y violencia familiar encabezan los delitos cometidos por jóvenes en Paraguay - Nacionales - ABC Color,2026-09-20 21:00:00-03:00,0.7578,0,6,4,2,1,0,0,1,0.2,0.1111111111111111,2.358895386931776,0.0541937171803497,paraguay,,,paraguay,0,0.008732807490374922,0.014750519692340164,0.011587306369687954,0.30021154713774406,0.014750519692340164,0,5,True
15317,ABC Color,Día de la Juventud: jóvenes encabezan estadísticas de muertes y lesiones por siniestros viales - Nacionales - ABC Color,2026-09-20 21:00:00-03:00,15245,La Clave,Cuatro personas mueren en accidentes durante el fin de semana en Alto Paraná – Diario La Clave,2026-09-20 21:00:00-03:00,0.755,0,6,11,0,0,0,0,0,0.0,0.0,0.0,0.0,,,,,0,0.007800897277279254,0.005940258274753236,0.006032884920026983,0.08419775827923137,0.005940258274753236,0,5,True
15317,ABC Color,Día de la Juventud: jóvenes encabezan estadísticas de muertes y lesiones por siniestros viales - Nacionales - ABC Color,2026-09-20 21:00:00-03:00,14821,ABC Color,"Así es la juventud en Paraguay: cuántos son, a qué se dedican y cuál es su realidad, según el INE - Nacionales - ABC Color",2026-09-20 21:00:00-03:00,0.7448,0,6,3,2,1,0,0,1,0.2222222222222222,0.125,2.358895386931776,0.0652151126197627,paraguay,,,paraguay,0,0.0051674359685427995,0.010424723538513935,0.00804758012215711,0.33461696698298005,0.010424723538513935,0,5,True
14809,ABC Color,El partido de Putin se perfila ganador en elecciones rusas marcadas por ataque ucraniano - Mundo - ABC Color,2026-09-19 21:00:00-03:00,15134,La Tribuna,Drones ucranianos golpean Moscú ante el cierre electoral de Putin,2026-09-20 21:00:00-03:00,0.9531,2,14,18,6,6,2,2,2,0.2222222222222222,0.2307692307692307,31.33481848409388,0.22255703324823,andréi vorobiov | comisión electoral | jersón | moscú | putin | rusia unida,andréi vorobiov | putin,comisión electoral | rusia unida,jersón | moscú,1,0.9762873813757211,0.9839526265562246,0.9864901761252721,0.9029135360234153,0.9839526265562246,1,3,True
14809,ABC Color,El partido de Putin se perfila ganador en elecciones rusas marcadas por ataque ucraniano - Mundo - ABC Color,2026-09-19 21:00:00-03:00,14619,adn,Las elecciones en Rusia entran en su última jornada tras denuncias de fraude y una baja participación del electorado - ADN Digital,2026-09-19 21:00:00-03:00,0.9397,1,14,22,5,5,2,2,1,0.15625,0.1612903225806451,24.971962596408268,0.1492219489732068,ldpr | moscú | putin | rusia unida | serguéi sobianin,putin | serguéi sobianin,ldpr | rusia unida,moscú,0,0.9574650067752328,0.9464356252062285,0.9516081675630995,0.7325444127251024,0.9464356252062285,1,3,False
14809,ABC Color,El partido de Putin se perfila ganador en elecciones rusas marcadas por ataque ucraniano - Mundo - ABC Color,2026-09-19 21:00:00-03:00,14720,Amambay News,"El partido del Kremlin gana las elecciones con el 57,5 % de votos, según los primeros resultados - Amambay News",2026-09-19 21:00:00-03:00,0.9271,1,14,19,4,4,1,1,1,0.1290322580645161,0.1379310344827586,20.6603773734358,0.130152010663141,duma | kiev | moscú | serguéi sobianin,serguéi sobianin,duma,moscú,0,0.927319261203939,0.87537868809847,0.8833338776997202,0.4764317768181846,0.87537868809847,1,3,False
14809,ABC Color,El partido de Putin se perfila ganador en elecciones rusas marcadas por ataque ucraniano - Mundo - ABC Color,2026-09-19 21:00:00-03:00,15440,adn,El partido de Putin logra un récord de escaños en Rusia - ADN Digital,2026-09-20 21:00:00-03:00,0.9056,1,14,27,4,4,1,3,0,0.1052631578947368,0.1081081081081081,19.695296477392212,0.0963342031524249,duma | ldpr | putin | rusia unida,putin,duma | ldpr | rusia unida,,0,0.8288441841045593,0.8189755694420539,0.8278481792009498,0.6213888298844762,0.8189755694420539,1,3,False
14809,ABC Color,El partido de Putin se perfila ganador en elecciones rusas marcadas por ataque ucraniano - Mundo - ABC Color,2026-09-19 21:00:00-03:00,14956,Megacadena,Putin amplía su control del Parlamento ruso tras una elección cuestionada internacionalmente,2026-09-20 21:00:00-03:00,0.88,1,14,14,4,4,1,2,0,0.16,0.1666666666666666,19.918440028706424,0.1566149624016295,kiev | ldpr | putin | rusia unida,putin,ldpr | rusia unida,,0,0.6044288260240434,0.6723471448804567,0.677473715485583,0.664187930036747,0.6723471448804567,1,3,False
14834,ABC Color,Pargos Tech consolida su expansión con la inauguración de su nuevo Centro de distribución y logística - Negocios - ABC Color,2026-09-20 21:00:00-03:00,14992,Diario Paraguayo Noticias,Tecnología para no perder margen: así se prepara la agroindustria de Alto Paraná para una nueva campaña | Diario Paraguayo,2026-09-20 21:00:00-03:00,0.7328,0,4,10,0,0,0,0,0,0.0,0.0,0.0,0.0,,,,,0,0.003543568608661597,0.003097084364872518,0.0031927408309957135,0.06664383517868164,0.003097084364872518,0,2,True
14834,ABC Color,Pargos Tech consolida su expansión con la inauguración de su nuevo Centro de distribución y logística - Negocios - ABC Color,2026-09-20 21:00:00-03:00,15001,Diario Paraguayo Noticias,Disponibilidad tecnológica: estrategia empresarial clave | Diario Paraguayo,2026-09-20 21:00:00-03:00,0.7253,0,4,3,0,0,0,0,0,0.0,0.0,0.0,0.0,,,,,0,0.002630992386913665,0.0024438398249256796,0.0025198366348291837,0.06664383517868164,0.0024438398249256796,0,2,True
14834,ABC Color,Pargos Tech consolida su expansión con la inauguración de su nuevo Centro de distribución y logística - Negocios - ABC Color,2026-09-20 21:00:00-03:00,15348,La Nación,La Nación / MAG entrega implementos agrícolas por más de G. 700 millones a productores de Eugenio A. Garay,2026-09-20 21:00:00-03:00,0.71,0,4,9,0,0,0,0,0,0.0,0.0,0.0,0.0,,,,,0,0.0014322370188641648,0.0015066916345018472,0.0015541772062634496,0.06664383517868164,0.0015066916345018472,0,2,True
14834,ABC Color,Pargos Tech consolida su expansión con la inauguración de su nuevo Centro de distribución y logística - Negocios - ABC Color,2026-09-20 21:00:00-03:00,15196,5Días,Grupo Luminotecnia celebra 35 años de trayectoria e impacto en la industria paraguaya,2026-09-20 21:00:00-03:00,0.7061,0,4,1,0,0,0,0,0,0.0,0.0,0.0,0.0,,,,,0,0.0012264521374708412,0.0013318482040088442,0.0013739630415101432,0.06664383517868164,0.0013318482040088442,0,2,True
14834,ABC Color,Pargos Tech consolida su expansión con la inauguración de su nuevo Centro de distribución y logística - Negocios - ABC Color,2026-09-20 21:00:00-03:00,15169,ABC Color,"Munich, tradición que se transforma - Negocios - ABC Color",2026-09-20 21:00:00-03:00,0.7042,0,4,9,1,0,0,0,0,0.0714285714285714,0.0,0.0,0.0,,,,,0,0.0011371750556130012,0.0012541614075805834,0.0012938834910927806,0.06664383517868164,0.0012541614075805834,0,2,True
14684,ABC Color,Final feliz: localizan a familiares de una mujer desorientada en Asunción - Policiales - ABC Color,2026-09-19 21:00:00-03:00,15334,Última Hora,Policías rescatan a víctima de una agresión brutal en un auto y detienen a la pareja en Caaguazú,2026-09-20 21:00:00-03:00,0.7825,0,7,5,0,0,0,0,0,0.0,0.0,0.0,0.0,,,,,0,0.01764285449356014,0.013207650739107336,0.013628031539118525,0.0624997814482512,0.013207650739107336,0,4,True
14684,ABC Color,Final feliz: localizan a familiares de una mujer desorientada en Asunción - Policiales - ABC Color,2026-09-19 21:00:00-03:00,15117,ABC Color,Alerta Mafe: estas son las personas reportadas como desaparecidas en los últimos días - Nacionales - ABC Color,2026-09-20 21:00:00-03:00,0.7717,0,7,17,1,0,0,0,0,0.04,0.0,0.0,0.0,,,,,0,0.011241559751737061,0.009407928146473264,0.009712198493448536,0.0624997814482512,0.009407928146473264,0,4,True
14684,ABC Color,Final feliz: localizan a familiares de una mujer desorientada en Asunción - Policiales - ABC Color,2026-09-19 21:00:00-03:00,15193,NPY,Mujer fue brutalmente golpeada y su actual pareja es el principal sospechoso,2026-09-20 21:00:00-03:00,0.7713,0,7,8,0,0,0,0,0,0.0,0.0,0.0,0.0,,,,,0,0.011054888573280117,0.009290242311113289,0.009590876475701926,0.0624997814482512,0.009290242311113289,0,4,True
14684,ABC Color,Final feliz: localizan a familiares de una mujer desorientada en Asunción - Policiales - ABC Color,2026-09-19 21:00:00-03:00,15051,Amambay News,Aprehenden a funcionario público denunciado por violencia familiar en PJC - Amambay News,2026-09-20 21:00:00-03:00,0.7586,0,7,8,0,0,0,0,0,0.0,0.0,0.0,0.0,,,,,0,0.006487242943932733,0.006225221865530574,0.006430157585819344,0.0624997814482512,0.006225221865530574,0,4,True
14684,ABC Color,Final feliz: localizan a familiares de una mujer desorientada en Asunción - Policiales - ABC Color,2026-09-19 21:00:00-03:00,14679,Última Hora,"Asalto con toma de rehén, persecución y tiroteo con policías en María Auxiliadora",2026-09-19 21:00:00-03:00,0.7351,0,7,5,0,0,0,0,0,0.0,0.0,0.0,0.0,,,,,0,0.0024086895603366277,0.0029604984188810936,0.0030608013905267114,0.0624997814482512,0.0029604984188810936,0,4,True
15491,ABC Color,Elecciones Municipales: La importancia de los observadores - Política - ABC Color,2026-09-20 21:00:00-03:00,14863,Última Hora,No hay observadores nacionales para municipales y sugieren ley,2026-09-20 21:00:00-03:00,0.8885,1,10,16,4,4,0,4,0,0.1739130434782608,0.1818181818181818,19.9548076728773,0.1635522407500899,oea | tribunal superior de justicia electoral | tsje | unión europea,,oea | tribunal superior de justicia electoral | tsje | unión europea,,0,0.6409652156802882,0.7867923058195068,0.7811056562343069,0.765397899450021,0.7867923058195068,1,5,False
15491,ABC Color,Elecciones Municipales: La importancia de los observadores - Política - ABC Color,2026-09-20 21:00:00-03:00,15210,adn,Advierten que dudas de opositores afectarían negativamente en la participación en las municipales - ADN Digital,2026-09-20 21:00:00-03:00,0.8256,1,10,5,1,1,0,1,0,0.0625,0.0714285714285714,4.465735902799727,0.061288672146817,tsje,,tsje,,0,0.1216810734329246,0.10244400688906354,0.0999167182098238,0.23198127651660594,0.10244400688906354,0,5,True
15491,ABC Color,Elecciones Municipales: La importancia de los observadores - Política - ABC Color,2026-09-20 21:00:00-03:00,14669,Última Hora,Justicia Electoral y el Ministerio Público coordinan aplicación del Voto Asistido,2026-09-19 21:00:00-03:00,0.7933,0,10,7,0,0,0,0,0,0.0,0.0,0.0,0.0,,,,,0,0.03594251251601226,0.020334157971207575,0.020660221430288755,0.08419775827923137,0.020334157971207575,0,5,True
15491,ABC Color,Elecciones Municipales: La importancia de los observadores - Política - ABC Color,2026-09-20 21:00:00-03:00,14783,Diario Paraguayo Noticias,Distribución de máquinas de votación inicia el 27 | Diario Paraguayo,2026-09-19 21:00:00-03:00,0.7854,0,10,26,2,2,0,2,0,0.0571428571428571,0.0588235294117647,9.336936913707618,0.0536790559630681,tribunal superior de justicia electoral | tsje,,tribunal superior de justicia electoral | tsje,,0,0.02633228441289961,0.037208980386020545,0.037755916597820995,0.27504373730302467,0.037208980386020545,0,5,True
15491,ABC Color,Elecciones Municipales: La importancia de los observadores - Política - ABC Color,2026-09-20 21:00:00-03:00,15149,Diario Paraguayo Noticias,TSJE responde sobre verificación de máquinas electorales | Diario Paraguayo,2026-09-20 21:00:00-03:00,0.7804,0,10,8,2,2,0,2,0,0.1111111111111111,0.125,9.336936913707618,0.1158337012655546,tribunal superior de justicia electoral | tsje,,tribunal superior de justicia electoral | tsje,,0,0.0215948939997133,0.04407362675812508,0.043437409533902065,0.44719732608038254,0.04407362675812508,0,5,True
14677,ABC Color,Gobernador vaticina victoria de la ANR en los 10 distritos de Misiones - Política - ABC Color,2026-09-19 21:00:00-03:00,15120,ABC Color,Senador minimiza disputas internas en HC y apunta a los 10 distritos de Misiones - Política - ABC Color,2026-09-20 21:00:00-03:00,0.9205,2,11,19,7,7,2,2,3,0.28,0.3043478260869565,33.97915177237859,0.2935645232772832,anr | ayolas | josé mutti | misiones | partido colorado | richard ramírez | santa rosa,josé mutti | richard ramírez,anr | partido colorado,ayolas | misiones | santa rosa,1,0.8608637933840961,0.947148556431081,0.952950160424867,0.9405052217863622,0.947148556431081,1,4,True
14677,ABC Color,Gobernador vaticina victoria de la ANR en los 10 distritos de Misiones - Política - ABC Color,2026-09-19 21:00:00-03:00,14630,ABC Color,ANR busca unidad en Ayolas y minimiza crisis de la cúpula nacional - Política - ABC Color,2026-09-19 21:00:00-03:00,0.9138,2,11,25,8,8,2,2,4,0.2758620689655172,0.2857142857142857,39.25581789139465,0.2635753527966528,anr | ayolas | josé mutti | misiones | partido colorado | richard ramírez | san patricio | santa rosa,josé mutti | richard ramírez,anr | partido colorado,ayolas | misiones | san patricio | santa rosa,1,0.8232966736400797,0.9413525281058811,0.9455428451879195,0.9422033471181694,0.9413525281058811,1,4,True
14677,ABC Color,Gobernador vaticina victoria de la ANR en los 10 distritos de Misiones - Política - ABC Color,2026-09-19 21:00:00-03:00,15192,HOY,"Diario HOY | “Tenemos Honor Colorado para rato”, predice Bachi",2026-09-20 21:00:00-03:00,0.8729,0,11,19,2,2,1,1,0,0.0689655172413793,0.0714285714285714,7.914274908416852,0.0580728210110384,anr | césar sosa,césar sosa,anr,,0,0.4519931800914167,0.3102030233877136,0.3058249781008628,0.22984027740086824,0.3102030233877136,0,4,True
14677,ABC Color,Gobernador vaticina victoria de la ANR en los 10 distritos de Misiones - Política - ABC Color,2026-09-19 21:00:00-03:00,15205,Resumen de Noticias,Alliana asume el gobierno ante fractura interna en HC,2026-09-20 21:00:00-03:00,0.8708,0,11,20,3,3,2,1,0,0.1034482758620689,0.1071428571428571,12.386979480532672,0.0945393070416789,césar sosa | partido colorado | pedro alliana,césar sosa | pedro alliana,partido colorado,,0,0.4300806111021175,0.3610783404930219,0.36254085961187427,0.3849584266032091,0.3610783404930219,0,4,True
14677,ABC Color,Gobernador vaticina victoria de la ANR en los 10 distritos de Misiones - Política - ABC Color,2026-09-19 21:00:00-03:00,14667,Última Hora,"Dirigentes admiten preferencias, pero relativizan interna por vice",2026-09-19 21:00:00-03:00,0.8656,0,11,12,2,2,2,0,0,0.0909090909090909,0.0952380952380952,8.121914273195095,0.0790357604908707,césar sosa | pedro alliana,césar sosa | pedro alliana,,,0,0.37715072778105063,0.2789783386777271,0.27575295500452046,0.27563433401665777,0.2789783386777271,0,4,True
15325,ABC Color,"Orlando Gill y Meli Ávalos, enamorados en París - Gente - ABC Color",2026-09-20 21:00:00-03:00,14849,ABC Color,¡Fátima Fernández Mercado ya pasó al club de las casadas! - Gente - ABC Color,2026-09-20 21:00:00-03:00,0.773,0,12,12,1,0,0,0,0,0.04,0.0,0.0,0.0,,,,,0,0.01607646362156346,0.010614494055627472,0.010782599263084053,0.08419775827923137,0.010614494055627472,0,5,True
15325,ABC Color,"Orlando Gill y Meli Ávalos, enamorados en París - Gente - ABC Color",2026-09-20 21:00:00-03:00,14562,Última Hora,El casamiento de Arlette y Fabrizio,2026-09-19 21:00:00-03:00,0.7714,0,12,8,0,0,0,0,0,0.0,0.0,0.0,0.0,,,,,0,0.015079666876434835,0.010081907598886681,0.010241379518473719,0.08419775827923137,0.010081907598886681,0,5,True
15325,ABC Color,"Orlando Gill y Meli Ávalos, enamorados en París - Gente - ABC Color",2026-09-20 21:00:00-03:00,15449,Popular,Popular / ¡Celebraron su boda de plata!,2026-09-20 21:00:00-03:00,0.7657,0,12,5,0,0,0,0,0,0.0,0.0,0.0,0.0,,,,,0,0.011999087844983616,0.008390851218674554,0.008522955962154632,0.08419775827923137,0.008390851218674554,0,5,True
15325,ABC Color,"Orlando Gill y Meli Ávalos, enamorados en París - Gente - ABC Color",2026-09-20 21:00:00-03:00,15412,Crónica,[VIDEO] Te mostramos el álbum de bodas de la actriz Fátima Fernández,2026-09-20 21:00:00-03:00,0.7572,0,12,6,0,0,0,0,0,0.0,0.0,0.0,0.0,,,,,0,0.00852424267941274,0.006377871489051443,0.0064775269245332025,0.08419775827923137,0.006377871489051443,0,5,True
15325,ABC Color,"Orlando Gill y Meli Ávalos, enamorados en París - Gente - ABC Color",2026-09-20 21:00:00-03:00,15498,La Nación,La Nación / ¡No es visita! Paraguaya presume que su novio llega a su casa y hace de todo,2026-09-20 21:00:00-03:00,0.7472,0,12,7,0,0,0,0,0,0.0,0.0,0.0,0.0,,,,,0,0.005693810989554276,0.00461589387695178,0.004687325635650511,0.08419775827923137,0.00461589387695178,0,5,True
15330,ABC Color,PGN 2027: Salud tendrá más recursos pese a limitada ejecución 2026 - Economía - ABC Color,2026-09-20 21:00:00-03:00,15071,QAP Chaco News,PGN 2027: más gasto bajo presión fiscal - QAP CHACO NEWS,2026-09-20 21:00:00-03:00,0.8707,0,12,5,0,0,0,0,0,0.0,0.0,0.0,0.0,,,,,0,0.42904326294792133,0.18067385991350302,0.1849564827117276,0.0624997814482512,0.18067385991350302,0,4,True
15330,ABC Color,PGN 2027: Salud tendrá más recursos pese a limitada ejecución 2026 - Economía - ABC Color,2026-09-20 21:00:00-03:00,14859,Última Hora,"PGN 2027: Advierten de más gasto y deuda, con menor margen fiscal",2026-09-20 21:00:00-03:00,0.8449,0,12,6,0,0,0,0,0,0.0,0.0,0.0,0.0,,,,,0,0.20133431001806826,0.08855683513780965,0.09097293754700822,0.0624997814482512,0.08855683513780965,0,4,True
15330,ABC Color,PGN 2027: Salud tendrá más recursos pese a limitada ejecución 2026 - Economía - ABC Color,2026-09-20 21:00:00-03:00,15474,La Nación,La Nación / Ministro de Salud anuncia controles estrictos al desempeño de los médicos,2026-09-20 21:00:00-03:00,0.8017,0,12,7,1,1,0,1,0,0.0526315789473684,0.0555555555555555,5.276666119016055,0.0565259824212516,comisión bicameral de presupuesto,,comisión bicameral de presupuesto,,0,0.03891028353464768,0.03752028185700496,0.03920900942953779,0.15023282595141246,0.03752028185700496,0,4,True
15330,ABC Color,PGN 2027: Salud tendrá más recursos pese a limitada ejecución 2026 - Economía - ABC Color,2026-09-20 21:00:00-03:00,14682,El Independiente,Ministro de salud llevará sus visitas sorpresa a hospitales de todo el país,2026-09-19 21:00:00-03:00,0.7944,0,12,6,2,2,1,1,0,0.1176470588235294,0.125,9.413897954843746,0.1126740500033271,isaías fretes | ministerio,isaías fretes,ministerio,,0,0.028864650153388113,0.04780324292170453,0.04767318342096885,0.349087133509701,0.04780324292170453,0,4,True
15330,ABC Color,PGN 2027: Salud tendrá más recursos pese a limitada ejecución 2026 - Economía - ABC Color,2026-09-20 21:00:00-03:00,15257,Amambay News,Fretes anuncia visitas sorpresa a hospitales públicos de todo el país - Amambay News,2026-09-20 21:00:00-03:00,0.7932,0,12,9,1,1,1,0,0,0.0476190476190476,0.05,4.3603753871419,0.0431791450835874,isaías fretes,isaías fretes,,,0,0.027474202917329795,0.026642798056841853,0.027080007876594953,0.1405069167732753,0.026642798056841853,0,4,True
14836,ABC Color,Los hutíes dicen haber atacado “sitios sensibles” en la capital de Arabia Saudita - Mundo - ABC Color,2026-09-20 21:00:00-03:00,14983,Diario Paraguayo Noticias,Ataques hutíes contra Arabia Saudí propician “escalada peligrosa” | Diario Paraguayo,2026-09-20 21:00:00-03:00,0.9053,2,14,11,6,6,0,1,5,0.2857142857142857,0.3157894736842105,28.416275849231017,0.2880514422038819,arabia saudí | aramco | irán | riad | yanbu | yemen,,aramco,arabia saudí | irán | riad | yanbu | yemen,1,0.7739527130231816,0.9610516436566566,0.9632776434393037,0.9525059965535899,0.9610516436566566,1,2,True
14836,ABC Color,Los hutíes dicen haber atacado “sitios sensibles” en la capital de Arabia Saudita - Mundo - ABC Color,2026-09-20 21:00:00-03:00,15376,Megacadena,El Gobierno yemení frena el avance hutí en Taiz y Marib,2026-09-20 21:00:00-03:00,0.9024,2,14,9,1,1,0,1,0,0.0434782608695652,0.0454545454545454,4.871201010907891,0.0414511891923395,arabia saudita,,arabia saudita,,1,0.7531109735803726,0.5235513877083747,0.528457364478429,0.15404151522449297,0.5235513877083747,1,2,True
14836,ABC Color,Los hutíes dicen haber atacado “sitios sensibles” en la capital de Arabia Saudita - Mundo - ABC Color,2026-09-20 21:00:00-03:00,14868,Última Hora,Ataques hutíes contra Arabia Saudí propician “escalada peligrosa”,2026-09-20 21:00:00-03:00,0.9015,2,14,13,6,6,0,1,5,0.2727272727272727,0.2857142857142857,28.416275849231017,0.2638483887905371,arabia saudí | aramco | irán | riad | yanbu | yemen,,aramco,arabia saudí | irán | riad | yanbu | yemen,1,0.7463862923341973,0.9496041023682482,0.9538187224993275,0.9331882267245307,0.9496041023682482,1,2,True
14836,ABC Color,Los hutíes dicen haber atacado “sitios sensibles” en la capital de Arabia Saudita - Mundo - ABC Color,2026-09-20 21:00:00-03:00,15278,Red Digital San Pedro,Ataques hutíes contra Arabia Saudí propician “escalada peligrosa” - Red Digital San Pedro,2026-09-20 21:00:00-03:00,0.8945,2,14,10,6,6,0,1,5,0.3,0.3333333333333333,28.416275849231017,0.3066057127826894,arabia saudí | aramco | irán | riad | yanbu | yemen,,aramco,arabia saudí | irán | riad | yanbu | yemen,1,0.6901145721982375,0.9503021001342834,0.9533017777922893,0.9611910655315604,0.9503021001342834,1,2,True
14836,ABC Color,Los hutíes dicen haber atacado “sitios sensibles” en la capital de Arabia Saudita - Mundo - ABC Color,2026-09-20 21:00:00-03:00,15144,Diario Paraguayo Noticias,Liga Árabe advierte sobre escalada de tensiones | Diario Paraguayo,2026-09-20 21:00:00-03:00,0.8667,1,14,11,6,6,0,1,4,0.3,0.3157894736842105,28.416275849231017,0.287213872220414,arabia saudí | aramco | irán | riad | yanbu | yemen,,aramco,arabia saudí | riad | yanbu | yemen,0,0.42397316885325254,0.8385786203882785,0.8417169442302953,0.9375263576433109,0.8385786203882785,1,2,False
15282,ABC Color,Taste Atlas 2026: el vori vori se vuelve a posicionar como el mejor plato del mundo y la mejor sopa - Gastronomía - ABC Color,2026-09-20 21:00:00-03:00,15353,Concepción al Día,El vori vori vuelve a ser reconocido como el mejor plato del mundo - Concepción al Día,2026-09-20 21:00:00-03:00,0.9751,2,3,2,1,1,0,1,0,0.2,0.25,4.871201010907891,0.2541090975426372,tasteatlas,,tasteatlas,,1,0.9842327171110333,0.9663381300213431,0.9691585775377325,0.5974290566157995,0.9663381300213431,1,4,True
15282,ABC Color,Taste Atlas 2026: el vori vori se vuelve a posicionar como el mejor plato del mundo y la mejor sopa - Gastronomía - ABC Color,2026-09-20 21:00:00-03:00,15136,Megacadena,El vorí vorí vuelve a ser elegido como la mejor sopa del mundo,2026-09-20 21:00:00-03:00,0.9473,2,3,4,1,1,0,1,0,0.1428571428571428,0.1666666666666666,4.871201010907891,0.1661528450947196,tasteatlas,,tasteatlas,,1,0.9505950274536334,0.8813677581098356,0.8865653020662178,0.37354492203333195,0.8813677581098356,1,4,True
15282,ABC Color,Taste Atlas 2026: el vori vori se vuelve a posicionar como el mejor plato del mundo y la mejor sopa - Gastronomía - ABC Color,2026-09-20 21:00:00-03:00,15158,Itapúa en Noticias,VORÍ VORÍ VUELVE A CONQUISTAR EL PRIMER LUGAR ENTRE LAS MEJORES SOPAS DEL MUNDO,2026-09-20 21:00:00-03:00,0.9379,2,3,3,1,1,0,1,0,0.1428571428571428,0.2,4.871201010907891,0.2026212057950548,tasteatlas,,tasteatlas,,1,0.9281822492527986,0.8692407752501845,0.877504103591559,0.46199405260323245,0.8692407752501845,1,4,True
15282,ABC Color,Taste Atlas 2026: el vori vori se vuelve a posicionar como el mejor plato del mundo y la mejor sopa - Gastronomía - ABC Color,2026-09-20 21:00:00-03:00,15202,Resumen de Noticias,El Vorí vorí vuelve a ser número uno entre las sopas del mundo,2026-09-20 21:00:00-03:00,0.9282,2,3,6,1,1,0,1,0,0.1111111111111111,0.125,4.871201010907891,0.1200865954892181,tasteatlas,,tasteatlas,,1,0.8955243681648379,0.7621324005666421,0.7655420799387813,0.2742948262320796,0.7621324005666421,1,4,True
15282,ABC Color,Taste Atlas 2026: el vori vori se vuelve a posicionar como el mejor plato del mundo y la mejor sopa - Gastronomía - ABC Color,2026-09-20 21:00:00-03:00,15232,Crónica,Nuestro vori vori sigue mandando en el mundo ??,2026-09-20 21:00:00-03:00,0.9269,2,3,3,0,0,0,0,0,0.0,0.0,0.0,0.0,,,,,1,0.8902621114296055,0.5679599979662437,0.5744990065419602,0.0624997814482512,0.5679599979662437,1,4,True
15464,ABC Color,Diputados define mañana la prohibición de celulares en todas las instituciones educativas - Política - ABC Color,2026-09-20 21:00:00-03:00,15480,Resumen de Noticias,Celulares en escuelas: Diputados define proyecto mañana,2026-09-20 21:00:00-03:00,0.9626,2,4,5,3,3,0,3,0,0.4285714285714285,0.5,14.882935966507258,0.4595355227954893,"comisión de educación, cultura y culto | cámara de diputados | senado",,"comisión de educación, cultura y culto | cámara de diputados | senado",,1,0.9731655950750842,0.9936703659687529,0.9922109484558246,0.9884663606435471,0.9936703659687529,1,5,True
15464,ABC Color,Diputados define mañana la prohibición de celulares en todas las instituciones educativas - Política - ABC Color,2026-09-20 21:00:00-03:00,15420,Amambay News,Blanca Ovelar cuestiona las supervisiones pedagógicas y pide asumir la “complejidad” de la crisis educativa - Amambay News,2026-09-20 21:00:00-03:00,0.7837,0,4,2,0,0,0,0,0,0.0,0.0,0.0,0.0,,,,,0,0.02461779543790984,0.014964366932043954,0.015203127398299278,0.08419775827923137,0.014964366932043954,0,5,True
15464,ABC Color,Diputados define mañana la prohibición de celulares en todas las instituciones educativas - Política - ABC Color,2026-09-20 21:00:00-03:00,15218,Megacadena,El Senado lanza “Mi Senado App” para seguir las sesiones en tiempo real y proyectos de ley en estudio,2026-09-20 21:00:00-03:00,0.7541,0,4,6,1,1,0,1,0,0.1,0.1111111111111111,4.265065207337575,0.0883375585494691,senado,,senado,,0,0.0075228443489927755,0.013499147438212256,0.012254637522607024,0.3223230241944782,0.013499147438212256,0,5,True
15464,ABC Color,Diputados define mañana la prohibición de celulares en todas las instituciones educativas - Política - ABC Color,2026-09-20 21:00:00-03:00,15269,Itapúa en Noticias,«MI SENADO»: AHORA VAS A PODER VER QUÉ HACEN LOS SENADORES EN TIEMPO REAL,2026-09-20 21:00:00-03:00,0.7429,0,4,3,1,1,0,1,0,0.125,0.1666666666666666,4.265065207337575,0.1363150256201081,senado,,senado,,0,0.0047852942020129964,0.01248032168734901,0.010819643925060811,0.47316102046856207,0.01248032168734901,0,5,True
15464,ABC Color,Diputados define mañana la prohibición de celulares en todas las instituciones educativas - Política - ABC Color,2026-09-20 21:00:00-03:00,15190,La Nación,La Nación / Senado lanza app para dar mayor participación ciudadana en la toma de decisiones,2026-09-20 21:00:00-03:00,0.7378,0,4,9,1,1,0,1,0,0.0769230769230769,0.0833333333333333,4.265065207337575,0.0683229794714816,senado,,senado,,0,0.0038930280207436067,0.006938168087049049,0.006566803275603935,0.2571288732452174,0.006938168087049049,0,5,True
15465,ABC Color,Líderes de 22 países e instituciones reclaman supervisión humana para la IA - Tecnología - ABC Color,2026-09-20 21:00:00-03:00,15113,Ñanduti,"La Unión Europea busca no quedarse atrás en inteligencia artificial, pero apuesta por una regulación robusta",2026-09-20 21:00:00-03:00,0.8587,1,29,19,2,2,0,2,0,0.0425531914893617,0.0434782608695652,8.201956980868633,0.031114542454114,estados | gobierno,,estados | gobierno,,0,0.3510473936219801,0.25558723403614825,0.25827671188808715,0.18601417706484275,0.25558723403614825,0,1,True
15465,ABC Color,Líderes de 22 países e instituciones reclaman supervisión humana para la IA - Tecnología - ABC Color,2026-09-20 21:00:00-03:00,15568,5Días,"El dilema de la IA ya no es cómo frenarla, sino quién la controla",2026-09-20 21:00:00-03:00,0.8415,1,29,0,0,0,0,0,0,0.0,0.0,0.0,0.0,,,,,0,0.20632654413081872,0.10868794036208536,0.11091383650943086,0.07383678341026408,0.10868794036208536,0,1,True
15465,ABC Color,Líderes de 22 países e instituciones reclaman supervisión humana para la IA - Tecnología - ABC Color,2026-09-20 21:00:00-03:00,14955,Megacadena,Líderes mundiales se reúnen en Nueva York para la asamblea de la ONU con las guerras e inteligencia artificial en la agenda,2026-09-20 21:00:00-03:00,0.8339,1,29,26,2,2,0,2,0,0.037037037037037,0.0377358490566037,8.761572768804056,0.0295145186230761,gobierno | onu,,gobierno | onu,,0,0.15829147015839204,0.12287682322678892,0.12646833290473822,0.17575848134527325,0.12287682322678892,0,1,True
15465,ABC Color,Líderes de 22 países e instituciones reclaman supervisión humana para la IA - Tecnología - ABC Color,2026-09-20 21:00:00-03:00,14770,La Nación,"La Nación / IA, desinfodemia y Sun Tzu",2026-09-19 21:00:00-03:00,0.8289,1,29,9,0,0,0,0,0,0.0,0.0,0.0,0.0,,,,,0,0.13192880807704763,0.0726515071705379,0.07421370144976903,0.07383678341026408,0.0726515071705379,0,1,True
15465,ABC Color,Líderes de 22 países e instituciones reclaman supervisión humana para la IA - Tecnología - ABC Color,2026-09-20 21:00:00-03:00,14598,5Días,Trump acelera la carrera por la IA y prepara un nuevo “zar”,2026-09-19 21:00:00-03:00,0.8245,1,29,4,0,0,0,0,0,0.0,0.0,0.0,0.0,,,,,0,0.11190136560075996,0.06290501903103227,0.064276099620287,0.07383678341026408,0.06290501903103227,0,1,True
15178,Última Hora,Maluma anunció el nacimiento de su segundo bebé,2026-09-20 21:00:00-03:00,14751,Última Hora,Millie Bobby Brown es madre por segunda vez a través de la adopción,2026-09-19 21:00:00-03:00,0.808,0,11,12,0,0,0,0,0,0.0,0.0,0.0,0.0,,,,,0,0.05020629922293815,0.029210042397279777,0.030098110151243678,0.0624997814482512,0.029210042397279777,0,4,True
15178,Última Hora,Maluma anunció el nacimiento de su segundo bebé,2026-09-20 21:00:00-03:00,15448,Popular,"Popular / (VIDEO) ¡Fio Migliore contó cómo se llamará su segunda ""bendi""!",2026-09-20 21:00:00-03:00,0.7936,0,11,5,0,0,0,0,0,0.0,0.0,0.0,0.0,,,,,0,0.02793029780525871,0.018687309694350358,0.0192713396087642,0.0624997814482512,0.018687309694350358,0,4,True
15178,Última Hora,Maluma anunció el nacimiento de su segundo bebé,2026-09-20 21:00:00-03:00,15191,La Nación,La Nación / ¡Marc Anthony hizo esto por su hijo paraguayo y sorprendió en Las Vegas!,2026-09-20 21:00:00-03:00,0.7508,0,11,10,0,0,0,0,0,0.0,0.0,0.0,0.0,,,,,0,0.004671394394999437,0.004865606844295703,0.005027377207215805,0.0624997814482512,0.004865606844295703,0,4,True
15178,Última Hora,Maluma anunció el nacimiento de su segundo bebé,2026-09-20 21:00:00-03:00,15411,Crónica,Mirá la emotiva carta que el “Kaku” recibió de sus hijos,2026-09-20 21:00:00-03:00,0.7469,0,11,6,0,0,0,0,0,0.0,0.0,0.0,0.0,,,,,0,0.003963255556636147,0.004301079997085643,0.004444769682543511,0.0624997814482512,0.004301079997085643,0,4,True
15178,Última Hora,Maluma anunció el nacimiento de su segundo bebé,2026-09-20 21:00:00-03:00,15179,Última Hora,Hay dudas de si Lady Gaga estuvo embarazada,2026-09-20 21:00:00-03:00,0.7266,0,11,19,0,0,0,0,0,0.0,0.0,0.0,0.0,,,,,0,0.0016819790797026877,0.002261518551286051,0.0023388902832407505,0.0624997814482512,0.002261518551286051,0,4,True
14546,Última Hora,Iván Duque debatirá sobre infraestructura en Paraguay,2026-09-19 21:00:00-03:00,15354,Itapúa en Noticias,"CAMBYRETÁ CRECE, PERO ¿ESTÁ PREPARADO PARA EL SALTO?",2026-09-20 21:00:00-03:00,0.7949,0,10,10,0,0,0,0,0,0.0,0.0,0.0,0.0,,,,,0,0.03826480787852257,0.0213966232957196,0.02173994533539623,0.08419775827923137,0.0213966232957196,0,5,True
14546,Última Hora,Iván Duque debatirá sobre infraestructura en Paraguay,2026-09-19 21:00:00-03:00,15543,ABC Color,Peña se reúne en Nueva York con empresarios que pretenden “transformar” la Costanera Norte - Política - ABC Color,2026-09-20 21:00:00-03:00,0.7922,0,10,21,2,2,0,1,1,0.0666666666666666,0.0689655172413793,6.026123593513731,0.0398847681172354,estado | paraguay,,estado,paraguay,0,0.03442527372253354,0.046948069555000416,0.04340199216392631,0.2776171086552319,0.046948069555000416,0,5,True
14546,Última Hora,Iván Duque debatirá sobre infraestructura en Paraguay,2026-09-19 21:00:00-03:00,14603,El Independiente,Paraguay se encuentra en un punto de inflexión histórica,2026-09-19 21:00:00-03:00,0.784,0,10,12,2,2,0,1,1,0.1,0.1,6.026123593513731,0.0558337308475086,estado | paraguay,,estado,paraguay,0,0.024912238913541496,0.04236182510433663,0.0362503667825968,0.35406436648983347,0.04236182510433663,0,5,True
14546,Última Hora,Iván Duque debatirá sobre infraestructura en Paraguay,2026-09-19 21:00:00-03:00,14920,El Independiente,Peña tiene ocho encuentros económicos antes del debate de Naciones Unidas,2026-09-20 21:00:00-03:00,0.7823,0,10,12,1,1,0,0,1,0.0476190476190476,0.0476190476190476,2.358895386931776,0.0223593081737339,paraguay,,,paraguay,0,0.023287997361378508,0.023421852959345076,0.02172362024878083,0.171823829798652,0.023421852959345076,0,5,True
14546,Última Hora,Iván Duque debatirá sobre infraestructura en Paraguay,2026-09-19 21:00:00-03:00,15444,Megacadena,Santiago Peña se reúne con empresarios para impulsar proyecto en la Costanera Norte,2026-09-20 21:00:00-03:00,0.7819,0,10,10,1,1,0,0,1,0.0526315789473684,0.0526315789473684,2.358895386931776,0.0250466456210827,paraguay,,,paraguay,0,0.022921108525900173,0.023713525192195977,0.021730797451085,0.1801393524675697,0.023713525192195977,0,5,True
15288,Última Hora,Día de la Juventud: ¿Cuándo Paraguay dejará de tener una mayoría de población joven?,2026-09-20 21:00:00-03:00,15513,Diario Paraguayo Noticias,Bono demográfico de Paraguay: oportunidades hasta 2050 | Diario Paraguayo,2026-09-20 21:00:00-03:00,0.9628,2,6,6,6,6,2,3,1,1.0,1.0,26.524382117473092,1.0,ine | instituto nacional de estadística | iván ojeda | monumental 1080 am | ojeda | paraguay,iván ojeda | ojeda,ine | instituto nacional de estadística | monumental 1080 am,paraguay,1,0.9733770301873319,0.9996433473495953,0.9996460146993764,0.9999805582449808,0.9996433473495953,1,5,True
15288,Última Hora,Día de la Juventud: ¿Cuándo Paraguay dejará de tener una mayoría de población joven?,2026-09-20 21:00:00-03:00,15110,Ñanduti,"«Paraguay está en su mejor momento demográfico», afirma el director del INE en el Día de la Juventud y la Primavera",2026-09-20 21:00:00-03:00,0.9509,2,6,7,5,5,2,2,1,0.625,0.625,20.96003392600526,0.5609477198085566,ine | instituto nacional de estadística | iván ojeda | ojeda | paraguay,iván ojeda | ojeda,ine | instituto nacional de estadística,paraguay,1,0.9575234833645502,0.9952359051877883,0.9937722449449988,0.9979445033942722,0.9952359051877883,1,5,True
15288,Última Hora,Día de la Juventud: ¿Cuándo Paraguay dejará de tener una mayoría de población joven?,2026-09-20 21:00:00-03:00,15213,adn,"Demográficamente, nuestro país pasa por su mejor momento, porque la mayoría de la población es joven - ADN Digital",2026-09-20 21:00:00-03:00,0.9427,2,6,6,5,5,2,2,1,0.7142857142857143,0.7142857142857143,20.96003392600526,0.6590988375645839,ine | instituto nacional de estadística | iván ojeda | ojeda | paraguay,iván ojeda | ojeda,ine | instituto nacional de estadística,paraguay,1,0.9417043063124441,0.9960602635575103,0.9950000191015859,0.9992590026919739,0.9960602635575103,1,5,True
15288,Última Hora,Día de la Juventud: ¿Cuándo Paraguay dejará de tener una mayoría de población joven?,2026-09-20 21:00:00-03:00,15545,ABC Color,"Paraguay atraviesa su mejor momento demográfico, según el INE - Nacionales - ABC Color",2026-09-20 21:00:00-03:00,0.9247,2,6,9,5,5,2,2,1,0.5,0.5,20.96003392600526,0.4559223167551663,ine | instituto nacional de estadística | iván ojeda | ojeda | paraguay,iván ojeda | ojeda,ine | instituto nacional de estadística,paraguay,1,0.8860152947424772,0.9791584080813078,0.9758394459970104,0.9914645172722467,0.9791584080813078,1,5,True
15288,Última Hora,Día de la Juventud: ¿Cuándo Paraguay dejará de tener una mayoría de población joven?,2026-09-20 21:00:00-03:00,15445,Megacadena,"Paraguay atraviesa su mejor momento demográfico, según el INE",2026-09-20 21:00:00-03:00,0.9205,2,6,5,5,5,2,2,1,0.8333333333333334,0.8333333333333334,20.96003392600526,0.7902176131069124,ine | instituto nacional de estadística | iván ojeda | ojeda | paraguay,iván ojeda | ojeda,ine | instituto nacional de estadística,paraguay,1,0.8676097711387254,0.9955960636100778,0.9946350937162638,0.9998101136839602,0.9955960636100778,1,5,True
14884,Última Hora,"Muere a los 27 años el modelo Presley Gerber, hijo de Cindy Crawford",2026-09-20 21:00:00-03:00,14847,ABC Color,"Murió Presley Gerber, hijo de la modelo estadounidense Cindy Crawford - Gente - ABC Color",2026-09-20 21:00:00-03:00,0.9163,2,16,27,8,8,4,2,2,0.2222222222222222,0.2285714285714285,41.53147577818726,0.2144137880602779,california | cindy crawford | cnn | kaia gerber | los ángeles | presley gerber | rande gerber | tmz,cindy crawford | kaia gerber | presley gerber | rande gerber,cnn | tmz,california | los ángeles,1,0.8414215249260241,0.9235866355226003,0.9316127309539785,0.9162657757724966,0.9235866355226003,1,2,True
14884,Última Hora,"Muere a los 27 años el modelo Presley Gerber, hijo de Cindy Crawford",2026-09-20 21:00:00-03:00,15476,La Nación,La Nación / Presley Gerber y el llamado Club de los 27: cuando la fama no alcanza para ocultar el dolor,2026-09-20 21:00:00-03:00,0.8642,1,16,16,3,3,2,0,1,0.1,0.1034482758620689,14.508242517065844,0.095420058249984,kaia gerber | los ángeles | presley gerber,kaia gerber | presley gerber,,los ángeles,0,0.39986036986755324,0.3295682594386792,0.34171825654270105,0.3445324988206392,0.3295682594386792,0,2,True
14884,Última Hora,"Muere a los 27 años el modelo Presley Gerber, hijo de Cindy Crawford",2026-09-20 21:00:00-03:00,15499,La Nación,La Nación / Más allá del Club de los 27: la historia de Presley Gerber,2026-09-20 21:00:00-03:00,0.8637,1,16,15,3,3,2,0,1,0.1034482758620689,0.1071428571428571,14.508242517065844,0.0995961153218132,cindy crawford | kaia gerber | los ángeles,cindy crawford | kaia gerber,,los ángeles,0,0.3950915755447602,0.3301218315666374,0.3427702115904693,0.35463675204355005,0.3301218315666374,0,2,True
14884,Última Hora,"Muere a los 27 años el modelo Presley Gerber, hijo de Cindy Crawford",2026-09-20 21:00:00-03:00,15518,Diario Paraguayo Noticias,Más allá del Club de los 27: la historia de Presley Gerber | Diario Paraguayo,2026-09-20 21:00:00-03:00,0.8569,1,16,16,4,4,3,0,1,0.1379310344827586,0.1428571428571428,19.561765084767693,0.1342875133903374,cindy crawford | kaia gerber | los ángeles | presley gerber,cindy crawford | kaia gerber | presley gerber,,los ángeles,0,0.3325286380922323,0.3275856791515372,0.3428934497922031,0.5154547344399595,0.3275856791515372,0,2,True
14884,Última Hora,"Muere a los 27 años el modelo Presley Gerber, hijo de Cindy Crawford",2026-09-20 21:00:00-03:00,15561,Última Hora,"Lady Gaga recurrió a la gestación subrogada, según todos los indicios",2026-09-20 21:00:00-03:00,0.7148,0,16,12,2,2,0,1,1,0.0769230769230769,0.0769230769230769,9.860185057472163,0.0706562063698502,los ángeles | tmz,,tmz,los ángeles,0,0.0017334204765389937,0.004698581407584582,0.004919047628287162,0.2621681450002664,0.004698581407584582,0,2,True
14857,Última Hora,"La primavera es recibida con calor, lluvias y un posterior descenso",2026-09-20 21:00:00-03:00,15145,Diario Paraguayo Noticias,"Primavera con calor, lluvia y descenso de temperaturas | Diario Paraguayo",2026-09-20 21:00:00-03:00,0.9618,2,10,4,2,2,1,1,0,0.1538461538461538,0.1666666666666666,9.74240202181578,0.1771855759859382,aracely fernández | dirección de meteorología,aracely fernández,dirección de meteorología,,1,0.9838532982637996,0.958096341567692,0.9639540001332761,0.5130691032732482,0.958096341567692,1,3,True
14857,Última Hora,"La primavera es recibida con calor, lluvias y un posterior descenso",2026-09-20 21:00:00-03:00,14984,Diario Paraguayo Noticias,"La primavera es recibida con calor, lluvias y un posterior descenso | Diario Paraguayo",2026-09-20 21:00:00-03:00,0.9538,2,10,4,2,2,1,1,0,0.1666666666666666,0.1666666666666666,9.74240202181578,0.1771855759859382,aracely fernández | dirección de meteorología,aracely fernández,dirección de meteorología,,1,0.9770067034893535,0.9456479590692819,0.9531258716947695,0.5130691032732482,0.9456479590692819,1,3,True
14857,Última Hora,"La primavera es recibida con calor, lluvias y un posterior descenso",2026-09-20 21:00:00-03:00,14998,Diario Paraguayo Noticias,Primavera inicia con clima cálido y lluvias | Diario Paraguayo,2026-09-20 21:00:00-03:00,0.9325,2,10,4,0,0,0,0,0,0.0,0.0,0.0,0.0,,,,,1,0.9421079004117462,0.6215191296760934,0.6324624305246744,0.04533448416467148,0.6215191296760934,1,3,True
14857,Última Hora,"La primavera es recibida con calor, lluvias y un posterior descenso",2026-09-20 21:00:00-03:00,15058,Amambay Ahora,"La primavera es recibida con calor, lluvias y un posterior descenso",2026-09-20 21:00:00-03:00,0.9289,2,10,3,3,3,2,1,0,0.3,0.3,15.306750213283618,0.3278931360948089,aracely fernández | dirección de meteorología | rodrigo villamayor,aracely fernández | rodrigo villamayor,dirección de meteorología,,1,0.9325997441133365,0.9521738587753277,0.9637433133842923,0.886701899917403,0.9521738587753277,1,3,True
14857,Última Hora,"La primavera es recibida con calor, lluvias y un posterior descenso",2026-09-20 21:00:00-03:00,14900,La Nación,La Nación / La primavera arranca con ambiente cálido a caluroso y lluvias,2026-09-20 21:00:00-03:00,0.9253,2,10,5,0,0,0,0,0,0.0,0.0,0.0,0.0,,,,,1,0.9216598297005244,0.562209201270295,0.5735195124949792,0.04533448416467148,0.562209201270295,1,3,True
15175,Última Hora,Orquesta de Cateura participa en dos actividades con proyectos independientes,2026-09-20 21:00:00-03:00,15264,Oviedo Press,"Juventud ovetense tendrá teatro, formación y actividades comunitarias durante septiembre - OviedoPress",2026-09-20 21:00:00-03:00,0.7351,0,12,12,0,0,0,0,0,0.0,0.0,0.0,0.0,,,,,0,0.0027864862772056164,0.0028992875531271894,0.002970556438107604,0.07383678341026408,0.0028992875531271894,0,1,True
15175,Última Hora,Orquesta de Cateura participa en dos actividades con proyectos independientes,2026-09-20 21:00:00-03:00,15176,Última Hora,Concierto de primavera en el Teatro Municipal,2026-09-20 21:00:00-03:00,0.7246,0,12,33,0,0,0,0,0,0.0,0.0,0.0,0.0,,,,,0,0.0017832796996032506,0.0020070343831823075,0.002056736071557218,0.07383678341026408,0.0020070343831823075,0,1,True
15175,Última Hora,Orquesta de Cateura participa en dos actividades con proyectos independientes,2026-09-20 21:00:00-03:00,15070,Caazapa Ahora,Pilar reunió a jóvenes artistas en la XXXII edición del Festival del País,2026-09-20 21:00:00-03:00,0.7232,0,12,24,1,1,0,0,1,0.0285714285714285,0.0285714285714285,4.178053830347945,0.021579358083384,central,,,central,0,0.001680200436040765,0.0026405501073572426,0.002659843277046192,0.11294012012855328,0.0026405501073572426,0,1,True
15175,Última Hora,Orquesta de Cateura participa en dos actividades con proyectos independientes,2026-09-20 21:00:00-03:00,15392,Diario Paraguayo Noticias,Festival de la Juventud en Ciudad del Este - 27 de sept | Diario Paraguayo,2026-09-20 21:00:00-03:00,0.7198,0,12,11,0,0,0,0,0,0.0,0.0,0.0,0.0,,,,,0,0.0014539574281691263,0.001696250800506787,0.0017383936117355905,0.07383678341026408,0.001696250800506787,0,1,True
15175,Última Hora,Orquesta de Cateura participa en dos actividades con proyectos independientes,2026-09-20 21:00:00-03:00,14769,La Nación,"La Nación / Parque Caballero, el revivir de un pulmón histórico de Asunción",2026-09-19 21:00:00-03:00,0.7157,0,12,8,0,0,0,0,0,0.0,0.0,0.0,0.0,,,,,0,0.0012212188009285338,0.00146914235811659,0.0015057429197054392,0.07383678341026408,0.00146914235811659,0,1,True
14560,Última Hora,Baila 2026: Una pareja eliminada y puro rock and roll,2026-09-19 21:00:00-03:00,15207,Resumen de Noticias,Rock en Py Fest 2026 confirma su quinta edición,2026-09-20 21:00:00-03:00,0.733,0,31,15,0,0,0,0,0,0.0,0.0,0.0,0.0,,,,,0,0.003571804724696545,0.0031167039363039425,0.0032129486024672395,0.06664383517868164,0.0031167039363039425,0,2,True
14560,Última Hora,Baila 2026: Una pareja eliminada y puro rock and roll,2026-09-19 21:00:00-03:00,15238,Crónica,[VIDEO] ¿Ya viste cómo le quedaron los cuadraditos a la maína? ??,2026-09-20 21:00:00-03:00,0.723,0,31,2,0,0,0,0,0,0.0,0.0,0.0,0.0,,,,,0,0.0024012599640183805,0.0022725325385685247,0.0023433474406186526,0.06664383517868164,0.0022725325385685247,0,2,True
14560,Última Hora,Baila 2026: Una pareja eliminada y puro rock and roll,2026-09-19 21:00:00-03:00,14643,Diario Paraguayo Noticias,Dionisio Amarilla reivindica la unidad opositora y el cumplimiento de los acuerdos | Diario Paraguayo,2026-09-19 21:00:00-03:00,0.7208,0,31,26,1,1,0,0,0,0.0175438596491228,0.0178571428571428,5.276666119016055,0.0170683693105311,en,,,,0,0.0022002692026231317,0.002315945383258302,0.0023766614604571884,0.08131400202281572,0.002315945383258302,0,2,True
14560,Última Hora,Baila 2026: Una pareja eliminada y puro rock and roll,2026-09-19 21:00:00-03:00,15015,Crónica,"“Vamos con todo”, he’í Aliseda",2026-09-20 21:00:00-03:00,0.719,0,31,9,0,0,0,0,0,0.0,0.0,0.0,0.0,,,,,0,0.0020483747477857282,0.002002655961250927,0.0020652821449140568,0.06664383517868164,0.002002655961250927,0,2,True
14560,Última Hora,Baila 2026: Una pareja eliminada y puro rock and roll,2026-09-19 21:00:00-03:00,14661,Diario Paraguayo Noticias,Amarilla reivindica unidad opositora y cumplimiento de acuerdos | Diario Paraguayo,2026-09-19 21:00:00-03:00,0.7156,0,31,22,0,0,0,0,0,0.0,0.0,0.0,0.0,,,,,0,0.0017894362261329905,0.0017985690416107303,0.0018549804112642334,0.06664383517868164,0.0017985690416107303,0,2,True
14678,Última Hora,Trump dice que los hutíes de Yemen aceptaron no luchar contra EEUU,2026-09-19 21:00:00-03:00,14696,Diario Paraguayo Noticias,Trump dice que los hutíes de Yemen aceptaron no luchar contra EEUU | Diario Paraguayo,2026-09-19 21:00:00-03:00,0.9875,2,10,12,8,8,2,3,3,0.5333333333333333,0.5714285714285714,39.20908805789704,0.5519376257328471,arabia saudita | eeuu | estados unidos | fox news | irlanda | trump | yemen | yingst,trump | yingst,eeuu | estados unidos | fox news,arabia saudita | irlanda | yemen,1,0.9948713528148257,0.9998193524539077,0.9998348252311074,0.9996151954208081,0.9998193524539077,1,3,True
14678,Última Hora,Trump dice que los hutíes de Yemen aceptaron no luchar contra EEUU,2026-09-19 21:00:00-03:00,14736,Diario Paraguayo Noticias,Trump afirma acuerdo con hutíes de Yemen | Diario Paraguayo,2026-09-19 21:00:00-03:00,0.9625,2,10,12,7,7,2,2,3,0.4375,0.4666666666666667,33.64473986642919,0.4500516667459938,arabia saudita | estados unidos | fox news | irlanda | trump | yemen | yingst,trump | yingst,estados unidos | fox news,arabia saudita | irlanda | yemen,1,0.9843467882032008,0.9985697754373303,0.9987106493254037,0.9968971013627201,0.9985697754373303,1,3,True
14678,Última Hora,Trump dice que los hutíes de Yemen aceptaron no luchar contra EEUU,2026-09-19 21:00:00-03:00,15376,Megacadena,El Gobierno yemení frena el avance hutí en Taiz y Marib,2026-09-20 21:00:00-03:00,0.8618,1,10,9,1,1,0,0,0,0.0555555555555555,0.0555555555555555,4.871201010907891,0.0508852333327496,arabia saudita,,,,0,0.4022457455116414,0.1860297398874039,0.18441905879200554,0.09339552454340498,0.1860297398874039,0,3,True
14678,Última Hora,Trump dice que los hutíes de Yemen aceptaron no luchar contra EEUU,2026-09-19 21:00:00-03:00,14836,ABC Color,Los hutíes dicen haber atacado “sitios sensibles” en la capital de Arabia Saudita - Mundo - ABC Color,2026-09-20 21:00:00-03:00,0.8428,1,10,14,4,4,0,2,2,0.1904761904761904,0.2,18.4433501688034,0.1769058500906082,afp | arabia saudita | estados unidos | yemen,,afp | estados unidos,arabia saudita | yemen,0,0.22231379337257653,0.5639619363460225,0.5599378104675,0.8187614075487346,0.5639619363460225,1,3,False
14678,Última Hora,Trump dice que los hutíes de Yemen aceptaron no luchar contra EEUU,2026-09-19 21:00:00-03:00,14983,Diario Paraguayo Noticias,Ataques hutíes contra Arabia Saudí propician “escalada peligrosa” | Diario Paraguayo,2026-09-20 21:00:00-03:00,0.822,1,10,11,1,1,0,0,1,0.0476190476190476,0.05,4.465735902799727,0.0442971547014063,yemen,,,yemen,0,0.10070136916458494,0.06624598394404292,0.06837832441309406,0.10945017296373491,0.06624598394404292,0,3,True
15554,Última Hora,Advierten que venta de inmuebles no puede financiar fondo de salud de IPS,2026-09-20 21:00:00-03:00,14830,ABC Color,Jubilados advierten que la ley de emergencia del IPS podría volver a beneficiar a los “amigos” de Peña - Política - ABC Color,2026-09-20 21:00:00-03:00,0.8256,0,10,10,3,3,1,2,0,0.1666666666666666,0.1764705882352941,14.32592096027189,0.157804945710299,gustavo canatta | instituto de previsión social | ips,gustavo canatta,instituto de previsión social | ips,,0,0.11637200299612853,0.2571559235195341,0.24756774840319085,0.6939555596783318,0.2571559235195341,0,3,True
15554,Última Hora,Advierten que venta de inmuebles no puede financiar fondo de salud de IPS,2026-09-20 21:00:00-03:00,15372,adn,Comisión investigará deudas y pagos selectivos en IPS y Salud - ADN Digital,2026-09-20 21:00:00-03:00,0.7669,0,10,23,3,3,1,2,0,0.1,0.1,14.32592096027189,0.0881156517644851,derlis león | instituto de previsión social | ips,derlis león,instituto de previsión social | ips,,0,0.009265082236009978,0.024744718843249,0.025128640247562995,0.438487484115009,0.024744718843249,0,3,True
15554,Última Hora,Advierten que venta de inmuebles no puede financiar fondo de salud de IPS,2026-09-20 21:00:00-03:00,14907,5Días,Top Convocantes con Mayor Monto Adjudicado – Semana del 14 al 20 de septiembre de 2026,2026-09-20 21:00:00-03:00,0.7416,0,10,3,2,2,0,2,0,0.1818181818181818,0.1818181818181818,8.761572768804054,0.1475599083086109,instituto de previsión social | ips,,instituto de previsión social | ips,,0,0.0029819801514990685,0.0216613775281602,0.01750356994193337,0.6784496323195663,0.0216613775281602,0,3,True
15554,Última Hora,Advierten que venta de inmuebles no puede financiar fondo de salud de IPS,2026-09-20 21:00:00-03:00,15294,La Nación,"La Nación / Senabico subastará inmuebles, vehículos y maquinaria pesada el 24 de septiembre",2026-09-20 21:00:00-03:00,0.7117,0,10,16,0,0,0,0,0,0.0,0.0,0.0,0.0,,,,,0,0.0007768868453402314,0.0008719029835997402,0.0008942034113473372,0.04533448416467148,0.0008719029835997402,0,3,True
15554,Última Hora,Advierten que venta de inmuebles no puede financiar fondo de salud de IPS,2026-09-20 21:00:00-03:00,15330,ABC Color,PGN 2027: Salud tendrá más recursos pese a limitada ejecución 2026 - Economía - ABC Color,2026-09-20 21:00:00-03:00,0.7093,0,10,12,0,0,0,0,0,0.0,0.0,0.0,0.0,,,,,0,0.0006973122365866515,0.0008033501489356114,0.000823706155475057,0.04533448416467148,0.0008033501489356114,0,3,True
14667,Última Hora,"Dirigentes admiten preferencias, pero relativizan interna por vice",2026-09-19 21:00:00-03:00,14896,La Nación,La Nación / Baruja ratifica la potestad de Alliana para la elección de su dupla tras las municipales,2026-09-20 21:00:00-03:00,0.9144,2,12,17,6,6,5,0,0,0.25,0.2608695652173913,25.524675993446767,0.2358957879002835,alliana | césar sosa | honor colorado | juan carlos baruja | pedro alliana | raúl latorre,alliana | césar sosa | juan carlos baruja | pedro alliana | raúl latorre,,,1,0.8780374328956899,0.8281848657226064,0.8236895167899015,0.7895126022011592,0.8281848657226064,1,3,True
14667,Última Hora,"Dirigentes admiten preferencias, pero relativizan interna por vice",2026-09-19 21:00:00-03:00,15116,ABC Color,"Crisis en Honor Colorado: “Lo que se ve no se pregunta”, dice Beto Ovelar - Nacionales - ABC Color",2026-09-20 21:00:00-03:00,0.9109,2,12,16,3,3,2,0,0,0.1153846153846153,0.12,12.18218506788666,0.1005914065347119,honor colorado | juan carlos baruja | pedro alliana,juan carlos baruja | pedro alliana,,,1,0.8601178753999245,0.6366751431483916,0.6221081379958449,0.2532425830496551,0.6366751431483916,1,3,True
14667,Última Hora,"Dirigentes admiten preferencias, pero relativizan interna por vice",2026-09-19 21:00:00-03:00,15205,Resumen de Noticias,Alliana asume el gobierno ante fractura interna en HC,2026-09-20 21:00:00-03:00,0.9099,1,12,20,4,4,3,0,0,0.1428571428571428,0.1428571428571428,16.005417522945194,0.1216258187031525,alliana | césar sosa | honor colorado | pedro alliana,alliana | césar sosa | pedro alliana,,,0,0.8546081524618565,0.6530349421390332,0.6426141222598314,0.3506452424108034,0.6530349421390332,1,3,False
14667,Última Hora,"Dirigentes admiten preferencias, pero relativizan interna por vice",2026-09-19 21:00:00-03:00,15281,ABC Color,"Crisis en Honor Colorado: “Lo que se ve no se pregunta”, dice Beto Ovelar - Política - ABC Color",2026-09-20 21:00:00-03:00,0.9089,2,12,16,3,3,2,0,0,0.1153846153846153,0.12,12.18218506788666,0.1000571647827488,honor colorado | juan carlos baruja | pedro alliana,juan carlos baruja | pedro alliana,,,1,0.8489195302923845,0.6207341403191707,0.6048946391355207,0.2532425830496551,0.6207341403191707,1,3,True
14667,Última Hora,"Dirigentes admiten preferencias, pero relativizan interna por vice",2026-09-19 21:00:00-03:00,14988,Diario Paraguayo Noticias,Baruja ratifica la potestad de Alliana para la elección de su dupla tras las municipales | Diario Paraguayo,2026-09-20 21:00:00-03:00,0.9074,2,12,17,6,6,5,0,0,0.25,0.2608695652173913,25.524675993446767,0.2390486547914565,alliana | césar sosa | honor colorado | juan carlos baruja | pedro alliana | raúl latorre,alliana | césar sosa | juan carlos baruja | pedro alliana | raúl latorre,,,1,0.8400450933059765,0.7914649845135515,0.7901941121899555,0.7895126022011592,0.7914649845135515,1,3,True
14886,Última Hora,"Latele cumple 18 años de historia, renovando y estrenando casa",2026-09-20 21:00:00-03:00,15389,Diario Paraguayo Noticias,Latele cumple 18 años con nueva sede y tecnología | Diario Paraguayo,2026-09-20 21:00:00-03:00,0.9737,2,11,17,9,9,7,2,0,0.4736842105263157,0.4736842105263157,49.791451650758745,0.4623255072123576,césar trinidad | dani vuyk | latele | lorena azucas | maría liz | mathías benítez | pelusa rubin | rossana barrios | úh,césar trinidad | dani vuyk | lorena azucas | maría liz | mathías benítez | pelusa rubin | rossana barrios,latele | úh,,1,0.9811979174218722,0.9928652754684598,0.9935757931479009,0.9957388473348975,0.9928652754684598,1,2,True
14886,Última Hora,"Latele cumple 18 años de historia, renovando y estrenando casa",2026-09-20 21:00:00-03:00,14561,Última Hora,"Telefuturo: Vive la Vida celebra 23 años, TF Stream 2 y estrena Calle 7: Al Límite",2026-09-19 21:00:00-03:00,0.8154,0,11,11,1,1,0,1,0,0.0454545454545454,0.0476190476190476,5.276666119016055,0.0438943724807886,úh,,úh,,0,0.08710440544212054,0.06595759833746286,0.0673933278550003,0.1574649991604461,0.06595759833746286,0,2,True
14886,Última Hora,"Latele cumple 18 años de historia, renovando y estrenando casa",2026-09-20 21:00:00-03:00,15402,Extra,¡Sanie y Rubén celebran los 23 años con Vive la Vida!,2026-09-20 21:00:00-03:00,0.7843,0,11,14,0,0,0,0,0,0.0,0.0,0.0,0.0,,,,,0,0.026907447324347012,0.01562637845348124,0.016082628002997024,0.06664383517868164,0.01562637845348124,0,2,True
14886,Última Hora,"Latele cumple 18 años de historia, renovando y estrenando casa",2026-09-20 21:00:00-03:00,14885,Última Hora,2007 Oniria celebra su primer galardón,2026-09-20 21:00:00-03:00,0.7608,0,11,11,0,0,0,0,0,0.0,0.0,0.0,0.0,,,,,0,0.010729540514283459,0.0074848970333012506,0.0077097353194638995,0.06664383517868164,0.0074848970333012506,0,2,True
14886,Última Hora,"Latele cumple 18 años de historia, renovando y estrenando casa",2026-09-20 21:00:00-03:00,15404,Extra,Kiara Coronel festeja los 2 años de TF Stream: “Somos los únicos con conductores preparados”,2026-09-20 21:00:00-03:00,0.7317,0,11,7,0,0,0,0,0,0.0,0.0,0.0,0.0,,,,,0,0.0033921995173889024,0.002991357074853391,0.003083841656704694,0.06664383517868164,0.002991357074853391,0,2,True
15560,Última Hora,"Biblioteca Nacional: 139 años de memoria, libros y patrimonio",2026-09-20 21:00:00-03:00,14663,Diario Paraguayo Noticias,Instituciones paraguayas se adecuan a política de acceso a la información del BID | Diario Paraguayo,2026-09-19 21:00:00-03:00,0.7276,0,9,7,1,1,0,0,1,0.0625,0.0666666666666666,2.358895386931776,0.0302176694183084,paraguay,,,paraguay,0,0.002575378208149983,0.004446834592302338,0.0038815879909328286,0.20508404154189785,0.004446834592302338,0,5,True
15560,Última Hora,"Biblioteca Nacional: 139 años de memoria, libros y patrimonio",2026-09-20 21:00:00-03:00,14576,La Nación,La Nación / Proyectos financiados por el BID deberán ajustarse a nuevas reglas de acceso a la información,2026-09-19 21:00:00-03:00,0.7164,0,9,7,1,1,0,0,1,0.0666666666666666,0.0666666666666666,2.358895386931776,0.0296329158498198,paraguay,,,paraguay,0,0.0016352361456154084,0.0030939168723638534,0.002691835544993668,0.20508404154189785,0.0030939168723638534,0,5,True
15560,Última Hora,"Biblioteca Nacional: 139 años de memoria, libros y patrimonio",2026-09-20 21:00:00-03:00,14645,Diario Paraguayo Noticias,Proyectos financiados por el BID deberán ajustarse a nuevas reglas de acceso a la información | Diario Paraguayo,2026-09-19 21:00:00-03:00,0.7134,0,9,7,1,1,0,0,1,0.0625,0.0666666666666666,2.358895386931776,0.0302176694183084,paraguay,,,paraguay,0,0.001447820617692126,0.0028072216254089893,0.0024492652753877833,0.20508404154189785,0.0028072216254089893,0,5,True
15560,Última Hora,"Biblioteca Nacional: 139 años de memoria, libros y patrimonio",2026-09-20 21:00:00-03:00,15175,Última Hora,Orquesta de Cateura participa en dos actividades con proyectos independientes,2026-09-20 21:00:00-03:00,0.7028,0,9,12,0,0,0,0,0,0.0,0.0,0.0,0.0,,,,,0,0.0009415743730998151,0.0010937270108085748,0.0011098455574256655,0.08419775827923137,0.0010937270108085748,0,5,True
15560,Última Hora,"Biblioteca Nacional: 139 años de memoria, libros y patrimonio",2026-09-20 21:00:00-03:00,15106,The Asuncion Times,Historic Adoption Records Open Path To Finding Family Origins In Paraguay,2026-09-20 21:00:00-03:00,0.6959,0,9,19,1,1,0,0,1,0.037037037037037,0.037037037037037,2.358895386931776,0.0153478935318457,paraguay,,,paraguay,0,0.000711501759400046,0.001367414320420226,0.0012889833432050172,0.1552723266830563,0.001367414320420226,0,5,True
14868,Última Hora,Ataques hutíes contra Arabia Saudí propician “escalada peligrosa”,2026-09-20 21:00:00-03:00,15278,Red Digital San Pedro,Ataques hutíes contra Arabia Saudí propician “escalada peligrosa” - Red Digital San Pedro,2026-09-20 21:00:00-03:00,0.9891,2,13,10,10,10,0,4,8,0.7142857142857143,0.7692307692307693,48.85350967135261,0.7648589010295624,arabia saudí | aramco | irán | liga árabe | mar rojo | oriente medio | ormuz | riad | yanbu | yemen,,aramco | irán | liga árabe | riad,arabia saudí | irán | mar rojo | oriente medio | ormuz | riad | yanbu | yemen,1,0.9906944015992801,0.9999356409188486,0.999950594062178,0.999957065654429,0.9999356409188486,1,5,True
14868,Última Hora,Ataques hutíes contra Arabia Saudí propician “escalada peligrosa”,2026-09-20 21:00:00-03:00,14983,Diario Paraguayo Noticias,Ataques hutíes contra Arabia Saudí propician “escalada peligrosa” | Diario Paraguayo,2026-09-20 21:00:00-03:00,0.9837,2,13,11,10,10,0,4,8,0.6666666666666666,0.7142857142857143,48.85350967135261,0.6994822040553876,arabia saudí | aramco | irán | liga árabe | mar rojo | oriente medio | ormuz | riad | yanbu | yemen,,aramco | irán | liga árabe | riad,arabia saudí | irán | mar rojo | oriente medio | ormuz | riad | yanbu | yemen,1,0.9884373132098389,0.9998983561970717,0.9999185139338997,0.999919496022517,0.9998983561970717,1,5,True
14868,Última Hora,Ataques hutíes contra Arabia Saudí propician “escalada peligrosa”,2026-09-20 21:00:00-03:00,15144,Diario Paraguayo Noticias,Liga Árabe advierte sobre escalada de tensiones | Diario Paraguayo,2026-09-20 21:00:00-03:00,0.9585,2,13,11,10,10,0,5,6,0.7142857142857143,0.7142857142857143,49.14119174380439,0.7036012221455821,arabia | arabia saudí | aramco | irán | liga árabe | mar rojo | oriente medio | riad | yanbu | yemen,,arabia | aramco | irán | liga árabe | riad,arabia saudí | mar rojo | oriente medio | riad | yanbu | yemen,1,0.9684539191498817,0.9997104407731071,0.9997577174780158,0.9999049745522525,0.9997104407731071,1,5,True
14868,Última Hora,Ataques hutíes contra Arabia Saudí propician “escalada peligrosa”,2026-09-20 21:00:00-03:00,14836,ABC Color,Los hutíes dicen haber atacado “sitios sensibles” en la capital de Arabia Saudita - Mundo - ABC Color,2026-09-20 21:00:00-03:00,0.9015,2,13,14,6,6,0,1,5,0.2727272727272727,0.2857142857142857,28.416275849231017,0.2638483887905371,arabia saudí | aramco | irán | riad | yanbu | yemen,,aramco,arabia saudí | irán | riad | yanbu | yemen,1,0.7517292864890478,0.93618672842424,0.9408635864946021,0.9308485646006053,0.93618672842424,1,5,True
14868,Última Hora,Ataques hutíes contra Arabia Saudí propician “escalada peligrosa”,2026-09-20 21:00:00-03:00,15376,Megacadena,El Gobierno yemení frena el avance hutí en Taiz y Marib,2026-09-20 21:00:00-03:00,0.8472,1,13,9,1,1,0,1,0,0.0476190476190476,0.0476190476190476,3.4849066497880004,0.0315283517074181,gobierno,,gobierno,,0,0.24996208607447404,0.16936753673205318,0.16200567491859194,0.18700615479928548,0.16936753673205318,0,5,True
15177,Última Hora,Ñande Impro reúne en Asunción a figuras internacionales del teatro sin guion,2026-09-20 21:00:00-03:00,15290,Última Hora,Sobre una cama de rosas: Teatro total para una nueva generación,2026-09-20 21:00:00-03:00,0.792,0,25,16,1,1,0,0,1,0.025,0.025,2.9017603644423837,0.0128967907272355,asunción,,,asunción,0,0.026148931805606762,0.0249920909482538,0.02475808235492186,0.09976216257408745,0.0249920909482538,0,4,True
15177,Última Hora,Ñande Impro reúne en Asunción a figuras internacionales del teatro sin guion,2026-09-20 21:00:00-03:00,15109,The Asuncion Times,"Jorge Báez And ""Barrunto"" Take Top Honours At Premios Edda 2026 Theatre Awards",2026-09-20 21:00:00-03:00,0.7795,0,25,15,2,2,0,0,2,0.0526315789473684,0.0526315789473684,5.260655751374159,0.0242884974243114,asunción | paraguay,,,asunción | paraguay,0,0.015571385732241925,0.024169620129286872,0.022488928263556408,0.15937411983517863,0.024169620129286872,0,4,True
15177,Última Hora,Ñande Impro reúne en Asunción a figuras internacionales del teatro sin guion,2026-09-20 21:00:00-03:00,15070,Caazapa Ahora,Pilar reunió a jóvenes artistas en la XXXII edición del Festival del País,2026-09-20 21:00:00-03:00,0.775,0,25,24,1,1,0,0,1,0.0208333333333333,0.0208333333333333,2.358895386931776,0.0088887333432526,paraguay,,,paraguay,0,0.012905274637021636,0.014381048143057636,0.014256416072216227,0.09574178189799105,0.014381048143057636,0,4,True
15177,Última Hora,Ñande Impro reúne en Asunción a figuras internacionales del teatro sin guion,2026-09-20 21:00:00-03:00,15512,Diario Paraguayo Noticias,Sobre una cama de rosas: estreno teatral integrador | Diario Paraguayo,2026-09-20 21:00:00-03:00,0.7639,0,25,11,1,1,0,0,1,0.0277777777777777,0.0285714285714285,2.9017603644423837,0.0151198358387296,asunción,,,asunción,0,0.00810578466159442,0.010597686493718162,0.010432545233982122,0.10332698042570869,0.010597686493718162,0,4,True
15177,Última Hora,Ñande Impro reúne en Asunción a figuras internacionales del teatro sin guion,2026-09-20 21:00:00-03:00,15392,Diario Paraguayo Noticias,Festival de la Juventud en Ciudad del Este - 27 de sept | Diario Paraguayo,2026-09-20 21:00:00-03:00,0.7553,0,25,11,0,0,0,0,0,0.0,0.0,0.0,0.0,,,,,0,0.005646191518636613,0.005609136520166435,0.005794575013154962,0.0624997814482512,0.005609136520166435,0,4,True
14856,Última Hora,Alliana asume mando en ausencia de Peña y en plena crisis en HC,2026-09-20 21:00:00-03:00,15205,Resumen de Noticias,Alliana asume el gobierno ante fractura interna en HC,2026-09-20 21:00:00-03:00,0.9717,2,20,20,15,15,10,4,1,0.6,0.6,62.6999227313504,0.5477064211097294,alliana | cartes | cio cartes | consejo de gobernadores | césar sosa | delcy rodríguez | ejecutivo | honor colorado | hora | horacio cartes | partido colorado | pedro alliana | peña | santiago peña | venezuela,alliana | cartes | cio cartes | césar sosa | delcy rodríguez | hora | horacio cartes | pedro alliana | peña | santiago peña,consejo de gobernadores | ejecutivo | honor colorado | partido colorado,venezuela,1,0.985221798649176,0.9975529412466794,0.9975473297718911,0.9998653608769597,0.9975529412466794,1,1,True
14856,Última Hora,Alliana asume mando en ausencia de Peña y en plena crisis en HC,2026-09-20 21:00:00-03:00,15493,Última Hora,Cartes no se pronuncia y esta semana se podría dar una reunión con Alliana,2026-09-20 21:00:00-03:00,0.9225,2,20,16,11,11,7,1,2,0.4230769230769231,0.44,43.37578404856728,0.3915193028130697,alliana | cartes | delcy rodríguez | ejecutivo | estados unidos | honor colorado | horacio cartes | pedro alliana | peña | santiago peña | venezuela,alliana | cartes | delcy rodríguez | horacio cartes | pedro alliana | peña | santiago peña,ejecutivo,estados unidos | venezuela,1,0.8912564941400424,0.966145527692921,0.9637302021739305,0.9955309108113998,0.966145527692921,1,1,True
14856,Última Hora,Alliana asume mando en ausencia de Peña y en plena crisis en HC,2026-09-20 21:00:00-03:00,14896,La Nación,La Nación / Baruja ratifica la potestad de Alliana para la elección de su dupla tras las municipales,2026-09-20 21:00:00-03:00,0.9132,2,20,17,10,10,8,2,0,0.3571428571428571,0.3703703703703703,41.76428690389275,0.3436265128276242,alliana | cartes | cio cartes | césar sosa | honor colorado | hora | juan carlos baruja | partido colorado | pedro alliana | santiago peña,alliana | cartes | cio cartes | césar sosa | hora | juan carlos baruja | pedro alliana | santiago peña,honor colorado | partido colorado,,1,0.8465028195644756,0.9212283833480628,0.923451637160453,0.992507858563721,0.9212283833480628,1,1,True
14856,Última Hora,Alliana asume mando en ausencia de Peña y en plena crisis en HC,2026-09-20 21:00:00-03:00,15116,ABC Color,"Crisis en Honor Colorado: “Lo que se ve no se pregunta”, dice Beto Ovelar - Nacionales - ABC Color",2026-09-20 21:00:00-03:00,0.9114,2,20,16,7,7,6,1,0,0.2333333333333333,0.2413793103448276,29.21025333869692,0.2185516950767519,cartes | cio cartes | honor colorado | hora | juan carlos baruja | pedro alliana | santiago peña,cartes | cio cartes | hora | juan carlos baruja | pedro alliana | santiago peña,honor colorado,,1,0.8362717702259692,0.8406320858428947,0.8412437389425181,0.9213934511574272,0.8406320858428947,1,1,True
14856,Última Hora,Alliana asume mando en ausencia de Peña y en plena crisis en HC,2026-09-20 21:00:00-03:00,15162,ABC Color,Bachi Núñez niega crisis en Honor Colorado: “Es una disparidad de opiniones” - Política - ABC Color,2026-09-20 21:00:00-03:00,0.9096,1,20,24,9,9,6,2,1,0.25,0.2571428571428571,38.05053868167591,0.2284440802480786,alliana | cartes | césar sosa | guairá | honor colorado | horacio cartes | juan carlos baruja | partido colorado | pedro alliana,alliana | cartes | césar sosa | horacio cartes | juan carlos baruja | pedro alliana,honor colorado | partido colorado,guairá,0,0.8254993657881103,0.8792637634890907,0.8809074667070099,0.9543311970807735,0.8792637634890907,1,1,False
14729,La Nación,La Nación / Expo Kambuchi reunirá a artesanos y propuestas culturales en Tobatí,2026-09-19 21:00:00-03:00,14701,Diario Paraguayo Noticias,Expo Kambuchi 2026: artesanía y cultura en Tobatí | Diario Paraguayo,2026-09-19 21:00:00-03:00,0.984,2,9,10,8,8,2,2,4,0.6666666666666666,0.7272727272727273,43.3798055989037,0.7787312123177862,barrio san rafael | cordillera | daniela gonzález | finca aguayo | gobernación de cordillera | graciela acuña | secretaría de turismo | tobatí,daniela gonzález | graciela acuña,gobernación de cordillera | secretaría de turismo,barrio san rafael | cordillera | finca aguayo | tobatí,1,0.9911962248421498,0.9992577885073952,0.9994900757674475,0.9996173450172364,0.9992577885073952,1,1,True
14729,La Nación,La Nación / Expo Kambuchi reunirá a artesanos y propuestas culturales en Tobatí,2026-09-19 21:00:00-03:00,15394,Diario Paraguayo Noticias,MAG realizará 8 ferias de agricultura familiar | Diario Paraguayo,2026-09-20 21:00:00-03:00,0.7633,0,9,21,0,0,0,0,0,0.0,0.0,0.0,0.0,,,,,0,0.00920486491022765,0.007766333583399858,0.007952977433866,0.07383678341026408,0.007766333583399858,0,1,True
14729,La Nación,La Nación / Expo Kambuchi reunirá a artesanos y propuestas culturales en Tobatí,2026-09-19 21:00:00-03:00,15130,Resumen de Noticias,¿Dónde serán las ferias agrícolas esta semana?,2026-09-20 21:00:00-03:00,0.7539,0,9,21,1,1,0,0,1,0.0344827586206896,0.0344827586206896,4.717050331080633,0.0316845974050571,cordillera,,,cordillera,0,0.006186101190906308,0.007925105927356724,0.008128802290751675,0.1202795648118315,0.007925105927356724,0,1,True
14729,La Nación,La Nación / Expo Kambuchi reunirá a artesanos y propuestas culturales en Tobatí,2026-09-19 21:00:00-03:00,15292,La Nación,La Nación / MAG prevé 8 ferias de la agricultura familiar en la semana de la primavera,2026-09-20 21:00:00-03:00,0.7472,0,9,19,1,1,0,0,1,0.037037037037037,0.037037037037037,4.717050331080633,0.0344045407516608,cordillera,,,cordillera,0,0.0046571396755801875,0.00634549663452452,0.006514362599496492,0.12357638811141473,0.00634549663452452,0,1,True
14729,La Nación,La Nación / Expo Kambuchi reunirá a artesanos y propuestas culturales en Tobatí,2026-09-19 21:00:00-03:00,14740,Diario Paraguayo Noticias,XV Feria de Aves de Sudamérica culmina con actividades | Diario Paraguayo,2026-09-19 21:00:00-03:00,0.7436,0,9,11,0,0,0,0,0,0.0,0.0,0.0,0.0,,,,,0,0.003997593893102423,0.003903718818348407,0.003999075537841174,0.07383678341026408,0.003903718818348407,0,1,True
14657,La Nación,La Nación / IPS Ingavi habilita un consultorio especializado en cirugía vascular,2026-09-19 21:00:00-03:00,14565,La Nación,La Nación / Canindeyú registra cerca de 60.000 atenciones médicas en agosto,2026-09-19 21:00:00-03:00,0.742,0,10,8,0,0,0,0,0,0.0,0.0,0.0,0.0,,,,,0,0.003036048513191878,0.002449877574938928,0.0025198466475104247,0.04533448416467148,0.002449877574938928,0,3,True
14657,La Nación,La Nación / IPS Ingavi habilita un consultorio especializado en cirugía vascular,2026-09-19 21:00:00-03:00,15217,Megacadena,Maratón de Cirugías del IPS Ciudad del Este concluyó con 213 procedimientos a 181 pacientes,2026-09-20 21:00:00-03:00,0.7291,0,10,4,0,0,0,0,0,0.0,0.0,0.0,0.0,,,,,0,0.0017000163070645326,0.001578377264229752,0.0016214603043065011,0.04533448416467148,0.001578377264229752,0,3,True
14657,La Nación,La Nación / IPS Ingavi habilita un consultorio especializado en cirugía vascular,2026-09-19 21:00:00-03:00,14646,Diario Paraguayo Noticias,Canindeyú: 60.000 atenciones médicas en agosto | Diario Paraguayo,2026-09-19 21:00:00-03:00,0.7188,0,10,10,0,0,0,0,0,0.0,0.0,0.0,0.0,,,,,0,0.0010694707283223997,0.0011108629538316237,0.0011400558447959518,0.04533448416467148,0.0011108629538316237,0,3,True
14657,La Nación,La Nación / IPS Ingavi habilita un consultorio especializado en cirugía vascular,2026-09-19 21:00:00-03:00,14682,El Independiente,Ministro de salud llevará sus visitas sorpresa a hospitales de todo el país,2026-09-19 21:00:00-03:00,0.6997,0,10,6,0,0,0,0,0,0.0,0.0,0.0,0.0,,,,,0,0.00045255709746629824,0.0005789353635264773,0.0005930535888400283,0.04533448416467148,0.0005789353635264773,0,3,True
14657,La Nación,La Nación / IPS Ingavi habilita un consultorio especializado en cirugía vascular,2026-09-19 21:00:00-03:00,15573,Resumen de Noticias,“No sirve el hecho de ir a marcar y tomar tereré”: Fretes advierte controles estrictos a médicos,2026-09-20 21:00:00-03:00,0.6851,0,10,8,0,0,0,0,0,0.0,0.0,0.0,0.0,,,,,0,0.00023445742041800543,0.00035172579204380695,0.00035979308572437683,0.04533448416467148,0.00035172579204380695,0,3,True
14577,La Nación,La Nación / Dionisio Amarilla reivindica la unidad opositora y el cumplimiento de los acuerdos,2026-09-19 21:00:00-03:00,14643,Diario Paraguayo Noticias,Dionisio Amarilla reivindica la unidad opositora y el cumplimiento de los acuerdos | Diario Paraguayo,2026-09-19 21:00:00-03:00,0.9896,2,23,26,21,21,10,4,7,0.7,0.75,105.05932939844485,0.7265678061469389,aldo lepretti | amarilla | cambyretá | carlos pereira | carnación | claudio chávez | congreso | coronel bogado | di | dionisio amarilla | directorio del partido liberal radical auténtico | diálogo azul | en | encarnación | gloria arregui | itapúa | luis yd | onisio amarilla | paraguay | plra | san juan del paraná,aldo lepretti | amarilla | carlos pereira | claudio chávez | coronel bogado | di | dionisio amarilla | gloria arregui | luis yd | onisio amarilla,congreso | directorio del partido liberal radical auténtico | diálogo azul | plra,cambyretá | carnación | en | encarnación | itapúa | paraguay | san juan del paraná,1,0.9899295299204831,0.9999435248544611,0.9999606262590865,0.9999953532286271,0.9999435248544611,1,2,True
14577,La Nación,La Nación / Dionisio Amarilla reivindica la unidad opositora y el cumplimiento de los acuerdos,2026-09-19 21:00:00-03:00,14661,Diario Paraguayo Noticias,Amarilla reivindica unidad opositora y cumplimiento de acuerdos | Diario Paraguayo,2026-09-19 21:00:00-03:00,0.9755,2,23,22,18,18,9,4,5,0.6206896551724138,0.6666666666666666,88.65396689649313,0.6486195023093475,aldo lepretti | amarilla | cambyretá | carlos pereira | claudio chávez | congreso | di | dionisio amarilla | directorio del partido liberal radical auténtico | diálogo azul | encarnación | gloria arregui | itapúa | luis yd | onisio amarilla | paraguay | plra | san juan del paraná,aldo lepretti | amarilla | carlos pereira | claudio chávez | di | dionisio amarilla | gloria arregui | luis yd | onisio amarilla,congreso | directorio del partido liberal radical auténtico | diálogo azul | plra,cambyretá | encarnación | itapúa | paraguay | san juan del paraná,1,0.982475780784737,0.9997318582777676,0.9998021343227073,0.9999715118707119,0.9997318582777676,1,2,True
14577,La Nación,La Nación / Dionisio Amarilla reivindica la unidad opositora y el cumplimiento de los acuerdos,2026-09-19 21:00:00-03:00,14630,ABC Color,ANR busca unidad en Ayolas y minimiza crisis de la cúpula nacional - Política - ABC Color,2026-09-19 21:00:00-03:00,0.8776,0,23,25,1,1,0,1,0,0.0208333333333333,0.0212765957446808,4.58351893845611,0.0185372773475843,plra,,plra,,0,0.5318592833277117,0.30762766966750194,0.3135905477414646,0.11982616319191947,0.30762766966750194,0,2,True
14577,La Nación,La Nación / Dionisio Amarilla reivindica la unidad opositora y el cumplimiento de los acuerdos,2026-09-19 21:00:00-03:00,15120,ABC Color,Senador minimiza disputas internas en HC y apunta a los 10 distritos de Misiones - Política - ABC Color,2026-09-20 21:00:00-03:00,0.8675,0,23,19,0,0,0,0,0,0.0,0.0,0.0,0.0,,,,,0,0.4317722755301649,0.18125445401595197,0.18532426837553814,0.06664383517868164,0.18125445401595197,0,2,True
14577,La Nación,La Nación / Dionisio Amarilla reivindica la unidad opositora y el cumplimiento de los acuerdos,2026-09-19 21:00:00-03:00,15205,Resumen de Noticias,Alliana asume el gobierno ante fractura interna en HC,2026-09-20 21:00:00-03:00,0.8624,0,23,20,0,0,0,0,0,0.0,0.0,0.0,0.0,,,,,0,0.38278777669982383,0.15850384997021028,0.1621811200635852,0.06664383517868164,0.15850384997021028,0,2,True
14681,La Nación,La Nación / XV Feria de Aves de Sudamérica finaliza hoy con una atractiva agenda para la ciudadanía,2026-09-19 21:00:00-03:00,14703,Diario Paraguayo Noticias,XV Feria de Aves de Sudamérica finaliza hoy con una atractiva agenda para la ciudadanía | Diario Paraguayo,2026-09-19 21:00:00-03:00,0.9941,2,11,14,11,11,0,2,9,0.7333333333333333,0.7857142857142857,53.32601496742222,0.7954565139437799,asunción | centro cultural del puerto de asunción | estación puerto olivares | lagunas saladas del chaco central | mef | mic | paraguay | parque nacional ybycuí | refugio biológico de mbaracayú | reserva natural del bosque mbaracayú | siara,,mef | mic,asunción | centro cultural del puerto de asunción | estación puerto olivares | lagunas saladas del chaco central | paraguay | parque nacional ybycuí | refugio biológico de mbaracayú | reserva natural del bosque mbaracayú | siara,1,0.9923924876838804,0.9999308417582895,0.9999506813630096,0.9999428070050334,0.9999308417582895,1,5,True
14681,La Nación,La Nación / XV Feria de Aves de Sudamérica finaliza hoy con una atractiva agenda para la ciudadanía,2026-09-19 21:00:00-03:00,14740,Diario Paraguayo Noticias,XV Feria de Aves de Sudamérica culmina con actividades | Diario Paraguayo,2026-09-19 21:00:00-03:00,0.9872,2,11,11,8,8,0,0,8,0.5333333333333333,0.5714285714285714,36.92065246547049,0.5328459382467488,asunción | centro cultural del puerto de asunción | estación puerto olivares | lagunas saladas del chaco central | paraguay | parque nacional ybycuí | refugio biológico de mbaracayú | reserva natural del bosque mbaracayú,,,asunción | centro cultural del puerto de asunción | estación puerto olivares | lagunas saladas del chaco central | paraguay | parque nacional ybycuí | refugio biológico de mbaracayú | reserva natural del bosque mbaracayú,1,0.9899549230232432,0.9994022050914979,0.9994357059376244,0.9981739493025659,0.9994022050914979,1,5,True
14681,La Nación,La Nación / XV Feria de Aves de Sudamérica finaliza hoy con una atractiva agenda para la ciudadanía,2026-09-19 21:00:00-03:00,14652,Última Hora,Más de 150 gua’a embellecen el cielo en el Departamento Central,2026-09-19 21:00:00-03:00,0.8016,0,11,14,1,1,0,0,1,0.04,0.0416666666666666,2.358895386931776,0.0196993041613114,paraguay,,,paraguay,0,0.0496453492915276,0.041748979574002615,0.03943678744574028,0.16234775916559663,0.041748979574002615,0,5,True
14681,La Nación,La Nación / XV Feria de Aves de Sudamérica finaliza hoy con una atractiva agenda para la ciudadanía,2026-09-19 21:00:00-03:00,14739,Diario Paraguayo Noticias,Naturaleza y aventura: propuesta de Senatur para jóvenes | Diario Paraguayo,2026-09-19 21:00:00-03:00,0.7945,0,11,13,1,1,0,0,1,0.0434782608695652,0.0434782608695652,2.9017603644423837,0.0254527382853894,asunción,,,asunción,0,0.03767106857078198,0.03373261171286768,0.03244617809010378,0.1651863389854022,0.03373261171286768,0,5,True
14681,La Nación,La Nación / XV Feria de Aves de Sudamérica finaliza hoy con una atractiva agenda para la ciudadanía,2026-09-19 21:00:00-03:00,14702,Diario Paraguayo Noticias,Naturaleza y aventura: la propuesta de la Senatur para los más jóvenes | Diario Paraguayo,2026-09-19 21:00:00-03:00,0.7866,0,11,18,2,2,0,0,2,0.0714285714285714,0.074074074074074,5.260655751374159,0.038630071184431,asunción | paraguay,,,asunción | paraguay,0,0.02761190042196216,0.03928334011868133,0.0359613871602171,0.26873789878235094,0.03928334011868133,0,5,True
15294,La Nación,"La Nación / Senabico subastará inmuebles, vehículos y maquinaria pesada el 24 de septiembre",2026-09-20 21:00:00-03:00,14939,adn,Subasta pública de bienes incautados se realizará el próximo jueves - ADN Digital,2026-09-20 21:00:00-03:00,0.974,2,16,15,10,10,0,2,8,0.4761904761904761,0.4761904761904761,54.78043569732302,0.4739260628662473,avenida madame lynch | calle punta brava | centro militar naval aeronáutico | lu | mariano roque alonso | pedro juan caballero | que | san pedro del paraná | secretaría nacional de administración de bienes incautados y comisados | senabico,,secretaría nacional de administración de bienes incautados y comisados | senabico,avenida madame lynch | calle punta brava | centro militar naval aeronáutico | lu | mariano roque alonso | pedro juan caballero | que | san pedro del paraná,1,0.9865826802679312,0.9984724713695443,0.9987111031763104,0.9912524049822917,0.9984724713695443,1,1,True
15294,La Nación,"La Nación / Senabico subastará inmuebles, vehículos y maquinaria pesada el 24 de septiembre",2026-09-20 21:00:00-03:00,14904,5Días,Principales Empresas Adjudicadas en Licitaciones Públicas – Semana del 14 al 20 de septiembre de 2026,2026-09-20 21:00:00-03:00,0.7653,0,16,2,0,0,0,0,0,0.0,0.0,0.0,0.0,,,,,0,0.010015360944468393,0.008326657631938317,0.008526400246077776,0.07383678341026408,0.008326657631938317,0,1,True
15294,La Nación,"La Nación / Senabico subastará inmuebles, vehículos y maquinaria pesada el 24 de septiembre",2026-09-20 21:00:00-03:00,14906,5Días,Gobernaciones con Adjudicaciones – Semana del 14 al 20 de septiembre de 2026,2026-09-20 21:00:00-03:00,0.7647,0,16,1,0,0,0,0,0,0.0,0.0,0.0,0.0,,,,,0,0.009765062245088907,0.008154476967925477,0.008350197926080858,0.07383678341026408,0.008154476967925477,0,1,True
15294,La Nación,"La Nación / Senabico subastará inmuebles, vehículos y maquinaria pesada el 24 de septiembre",2026-09-20 21:00:00-03:00,14758,Amambay News,Juez de Capitán Bado enfrenta doble presión: imputación por subasta de bienes de “Cabeza Branca” y polémica por su matrimonio en Brasil - Amambay News,2026-09-19 21:00:00-03:00,0.7411,0,16,23,1,1,0,1,0,0.0263157894736842,0.0263157894736842,5.276666119016055,0.0249768588913128,secretaría nacional de administración de bienes incautados y comisados,,secretaría nacional de administración de bienes incautados y comisados,,0,0.0035951612044866476,0.004524589315658815,0.004716258990609039,0.12482853234769983,0.004524589315658815,0,1,True
15294,La Nación,"La Nación / Senabico subastará inmuebles, vehículos y maquinaria pesada el 24 de septiembre",2026-09-20 21:00:00-03:00,14905,5Días,Municipalidades con Mayor Monto Adjudicado en Paraguay – Semana del 14 al 20 de septiembre de 2026,2026-09-20 21:00:00-03:00,0.7255,0,16,1,0,0,0,0,0,0.0,0.0,0.0,0.0,,,,,0,0.0018528542709271827,0.0020713420472945852,0.0021226044950075195,0.07383678341026408,0.0020713420472945852,0,1,True
15188,La Nación,La Nación / Funcionarios de municipio fernandino denuncian cuatro meses de atraso salarial,2026-09-20 21:00:00-03:00,15339,Última Hora,Personal de blanco se moviliza en Misiones para exigir aumento salarial del 50%,2026-09-20 21:00:00-03:00,0.8257,0,9,8,0,0,0,0,0,0.0,0.0,0.0,0.0,,,,,0,0.1168361419139987,0.04105010919007641,0.042506630012860286,0.04533448416467148,0.04105010919007641,0,3,True
15188,La Nación,La Nación / Funcionarios de municipio fernandino denuncian cuatro meses de atraso salarial,2026-09-20 21:00:00-03:00,15119,ABC Color,San Ignacio: trabajadores de salud cierran la ruta PY01 y exigen aumento salarial del 50% - Nacionales - ABC Color,2026-09-20 21:00:00-03:00,0.819,0,9,13,0,0,0,0,0,0.0,0.0,0.0,0.0,,,,,0,0.08910338428384082,0.03293150774314605,0.03408870997982877,0.04533448416467148,0.03293150774314605,0,3,True
15188,La Nación,La Nación / Funcionarios de municipio fernandino denuncian cuatro meses de atraso salarial,2026-09-20 21:00:00-03:00,15135,Megacadena,Ortega cuestiona contrato colectivo firmado por Bello a días de las elecciones,2026-09-20 21:00:00-03:00,0.8131,0,9,8,0,0,0,0,0,0.0,0.0,0.0,0.0,,,,,0,0.0697537039604021,0.02708504730539121,0.02802709750235813,0.04533448416467148,0.02708504730539121,0,3,True
15188,La Nación,La Nación / Funcionarios de municipio fernandino denuncian cuatro meses de atraso salarial,2026-09-20 21:00:00-03:00,15553,Última Hora,Denuncian agresión a candidato a concejal y piden circuito cerrado,2026-09-20 21:00:00-03:00,0.8129,0,9,10,0,0,0,0,0,0.0,0.0,0.0,0.0,,,,,0,0.06917121050525399,0.026905655587924505,0.027841117366114883,0.04533448416467148,0.026905655587924505,0,3,True
15188,La Nación,La Nación / Funcionarios de municipio fernandino denuncian cuatro meses de atraso salarial,2026-09-20 21:00:00-03:00,14936,adn,Trabajadores de salud piden 50% de aumento y cifran reclamo en USD 103 millones - ADN Digital,2026-09-20 21:00:00-03:00,0.8069,0,9,6,0,0,0,0,0,0.0,0.0,0.0,0.0,,,,,0,0.05366461101135374,0.02203084136624745,0.022787762007449495,0.04533448416467148,0.02203084136624745,0,3,True
14656,La Nación,La Nación / Tragedia en Capiatá: discusión vecinal termina con un fallecido y un herido,2026-09-19 21:00:00-03:00,14853,ABC Color,Capiatá: hombre mató a tiros a joven por cruzar su cancha de vóley - Policiales - ABC Color,2026-09-20 21:00:00-03:00,0.9244,2,15,14,4,4,1,1,2,0.1481481481481481,0.16,19.121898549942195,0.1402709697522493,capiatá | divino niño jesús | ministerio público | ulises fabián candia báez,ulises fabián candia báez,ministerio público,capiatá | divino niño jesús,1,0.9186812654640237,0.9060538114423815,0.9087386687298014,0.614727720170409,0.9060538114423815,1,3,True
15349,La Nación,La Nación / MOPC solicita despejar franja de dominio ante avance de la obra de duplicación de la ruta PY01,2026-09-20 21:00:00-03:00,15517,Diario Paraguayo Noticias,MOPC solicita despejar franja de ruta PY01 | Diario Paraguayo,2026-09-20 21:00:00-03:00,0.9812,2,18,19,16,16,0,6,10,0.7619047619047619,0.7619047619047619,77.2149297917035,0.730218401495906,alya constructora s.a. | asunción | atro mojones | central | consorcio rutas del mercosur | construpar s.a. | cu | fernando de la mora | ministerio de obras públicas y comunicaciones | mopc | paraguarí | quiindy | san antonio | san lorenzo | tecnoedil s.a. | villa elisa,,alya constructora s.a. | consorcio rutas del mercosur | construpar s.a. | ministerio de obras públicas y comunicaciones | mopc | tecnoedil s.a.,asunción | atro mojones | central | cu | fernando de la mora | paraguarí | quiindy | san antonio | san lorenzo | villa elisa,1,0.9900918804922784,0.999860499056362,0.9998812150000221,0.9999236402868548,0.999860499056362,1,1,True
15349,La Nación,La Nación / MOPC solicita despejar franja de dominio ante avance de la obra de duplicación de la ruta PY01,2026-09-20 21:00:00-03:00,15481,adn,MOPC pide retirar objetos de la franja de la PY01 por obras de duplicación - ADN Digital,2026-09-20 21:00:00-03:00,0.9559,2,18,18,15,15,0,6,9,0.7142857142857143,0.7142857142857143,71.65058160023565,0.6743389555531633,alya constructora s.a. | asunción | central | consorcio rutas del mercosur | construpar s.a. | fernando de la mora | ministerio de obras públicas y comunicaciones | mopc | paraguarí | quiindy | san antonio | san lorenzo | tecnoedil s.a. | villa elisa | ñemby,,alya constructora s.a. | consorcio rutas del mercosur | construpar s.a. | ministerio de obras públicas y comunicaciones | mopc | tecnoedil s.a.,asunción | central | fernando de la mora | paraguarí | quiindy | san antonio | san lorenzo | villa elisa | ñemby,1,0.9714347832677852,0.9994896378356014,0.999542886466495,0.9998465825865875,0.9994896378356014,1,1,True
15349,La Nación,La Nación / MOPC solicita despejar franja de dominio ante avance de la obra de duplicación de la ruta PY01,2026-09-20 21:00:00-03:00,15307,Ahora CDE,El asfaltado de la ruta D065 entre San Cristóbal y Juan E. O’Leary avanza tras décadas de reclamos,2026-09-20 21:00:00-03:00,0.8128,0,18,11,2,2,0,2,0,0.074074074074074,0.074074074074074,9.924723578609736,0.070720474237718,ministerio de obras públicas y comunicaciones | mopc,,ministerio de obras públicas y comunicaciones | mopc,,0,0.07109949225200873,0.07280308280929237,0.07661221376579022,0.24838485271601035,0.07280308280929237,0,1,True
15349,La Nación,La Nación / MOPC solicita despejar franja de dominio ante avance de la obra de duplicación de la ruta PY01,2026-09-20 21:00:00-03:00,15455,Primera Plana,"Presentan avances del Proyecto de Duplicación de la Ruta PY07, financiado por Itaipú",2026-09-20 21:00:00-03:00,0.8066,0,18,12,0,0,0,0,0,0.0,0.0,0.0,0.0,,,,,0,0.05551110930604482,0.03456602042893376,0.03535179647111741,0.07383678341026408,0.03456602042893376,0,1,True
15349,La Nación,La Nación / MOPC solicita despejar franja de dominio ante avance de la obra de duplicación de la ruta PY01,2026-09-20 21:00:00-03:00,15211,adn,"Duplicación de la PY07 tendrá cuatro carriles, tres viaductos y costará hasta US$ 100 millones - ADN Digital",2026-09-20 21:00:00-03:00,0.8059,0,18,10,0,0,0,0,0,0.0,0.0,0.0,0.0,,,,,0,0.053968111286751705,0.03375507163340723,0.03452341892117948,0.07383678341026408,0.03375507163340723,0,1,True
14580,La Nación,La Nación / Otra victoria y clasificación,2026-09-19 21:00:00-03:00,14605,Resumen de Noticias,Team Paraguay suma 22 medallas en los Juegos Odesur 2026,2026-09-19 21:00:00-03:00,0.934,1,25,21,12,12,7,4,1,0.3428571428571428,0.3529411764705882,58.94831008033986,0.3239511204016144,argentina | carla león | eduardo delmás | gabriela | gabriela narváez | julieta escobar | kevin amarilla | paloma narváez | paraguay | team paraguay | uruguay | venezuela,carla león | eduardo delmás | gabriela | gabriela narváez | julieta escobar | kevin amarilla | paloma narváez,paraguay | team paraguay | uruguay | venezuela,argentina,0,0.9163681225642187,0.9808958615470446,0.981933006788904,0.9950685667163368,0.9808958615470446,1,4,False
14580,La Nación,La Nación / Otra victoria y clasificación,2026-09-19 21:00:00-03:00,15365,Resumen de Noticias,Albirroja Sub 20 avanza de manera invicta a semifinales de los Juegos Odesur,2026-09-20 21:00:00-03:00,0.9182,2,25,19,7,7,1,6,0,0.1842105263157894,0.1891891891891892,29.437088502893044,0.1498788170748526,albirroja | albirroja sub-20 | antolín alcaraz | argentina | paraguay | uruguay | venezuela,antolín alcaraz,albirroja | albirroja sub-20 | argentina | paraguay | uruguay | venezuela,,1,0.8487864424822282,0.8844881330083665,0.8678205168619565,0.8717281913416489,0.8844881330083665,1,4,True
14580,La Nación,La Nación / Otra victoria y clasificación,2026-09-19 21:00:00-03:00,15231,Crónica,[VÍDEO] Paraguay termina puntero de su grupo en los Odesur,2026-09-20 21:00:00-03:00,0.8765,2,25,13,6,6,0,3,3,0.1818181818181818,0.1875,25.941710553237748,0.1545337530697884,albirroja | argentina | estadio marcelo bielsa | paraguay | rosario | uruguay,,albirroja | paraguay | uruguay,argentina | estadio marcelo bielsa | rosario,1,0.48994689281722753,0.6876498176159935,0.67522685676353,0.7594486734142892,0.6876498176159935,1,4,True
14580,La Nación,La Nación / Otra victoria y clasificación,2026-09-19 21:00:00-03:00,15456,Amambay News,Paraguay avanza invicto y espera rival - Amambay News,2026-09-20 21:00:00-03:00,0.8648,2,25,13,5,5,1,3,1,0.1428571428571428,0.1515151515151515,21.252831099123814,0.1218262616624138,albirroja | antolín alcaraz | estadio marcelo bielsa | paraguay | uruguay,antolín alcaraz,albirroja | paraguay | uruguay,estadio marcelo bielsa,1,0.3692287463681233,0.473695638302193,0.4545356317016335,0.653967776802944,0.473695638302193,0,4,False
14580,La Nación,La Nación / Otra victoria y clasificación,2026-09-19 21:00:00-03:00,15482,adn,Paraguay empata con Uruguay y avanza a semifinales del Odesur como líder de grupo - ADN Digital,2026-09-20 21:00:00-03:00,0.8521,2,25,15,7,7,2,5,0,0.2058823529411764,0.2121212121212121,29.149406430441264,0.1647709005348566,albirroja | antolín alcaraz | argentina | eduardo delmás | paraguay | uruguay | venezuela,antolín alcaraz | eduardo delmás,albirroja | argentina | paraguay | uruguay | venezuela,,1,0.254800685676307,0.5031051107408794,0.45881868434309425,0.8956423231375323,0.5031051107408794,1,4,True
14768,La Nación,"La Nación / Neruda y Paraguay: un diálogo entre la poesía, el exilio y la memoria",2026-09-19 21:00:00-03:00,14748,Última Hora,"Patria Querida dice que Peña ""avergüenza"" a Paraguay por encuentro con Delcy Rodríguez",2026-09-19 21:00:00-03:00,0.7424,0,15,15,1,1,0,0,1,0.0344827586206896,0.0344827586206896,2.358895386931776,0.0162871975320535,paraguay,,,paraguay,0,0.0037991150978096697,0.005306096535115628,0.00508416622510249,0.1202795648118315,0.005306096535115628,0,1,True
14768,La Nación,"La Nación / Neruda y Paraguay: un diálogo entre la poesía, el exilio y la memoria",2026-09-19 21:00:00-03:00,14712,Amambay News,Patria Querida sostiene que el encuentro entre Santi y Delcy Rodríguez «avergüenza» al país - Amambay News,2026-09-19 21:00:00-03:00,0.7388,0,15,11,0,0,0,0,0,0.0,0.0,0.0,0.0,,,,,0,0.0032606849902435927,0.0033002102379918402,0.0033811155524409485,0.07383678341026408,0.0033002102379918402,0,1,True
14768,La Nación,"La Nación / Neruda y Paraguay: un diálogo entre la poesía, el exilio y la memoria",2026-09-19 21:00:00-03:00,14923,El Independiente,3×3 lunes 21de septiembre del 2026 por Benjamín Fernández Bogado,2026-09-20 21:00:00-03:00,0.7261,0,15,10,0,0,0,0,0,0.0,0.0,0.0,0.0,,,,,0,0.0019007360324409222,0.0021153520901501114,0.0021676820491181386,0.07383678341026408,0.0021153520901501114,0,1,True
14768,La Nación,"La Nación / Neruda y Paraguay: un diálogo entre la poesía, el exilio y la memoria",2026-09-19 21:00:00-03:00,15355,Itapúa en Noticias,"AGUAS DANZANTES, BUS TURÍSTICO Y LA RECUPERACIÓN DE LA ZONA BAJA: LAS PROPUESTAS DE NOVOSAD",2026-09-20 21:00:00-03:00,0.725,0,15,8,0,0,0,0,0,0.0,0.0,0.0,0.0,,,,,0,0.0018138738261257185,0.002035365837721666,0.002085755270091439,0.07383678341026408,0.002035365837721666,0,1,True
14768,La Nación,"La Nación / Neruda y Paraguay: un diálogo entre la poesía, el exilio y la memoria",2026-09-19 21:00:00-03:00,14590,La Nación,La Nación / Fiestas patrias: distinguida cita en la Embajada de Chile,2026-09-19 21:00:00-03:00,0.7236,0,15,11,3,3,0,0,3,0.1304347826086956,0.1304347826086956,9.844174689830268,0.0770663453749594,asunción | chile | paraguay,,,asunción | chile | paraguay,0,0.001709029152024994,0.006227731955350385,0.005251402341729328,0.35764285311969296,0.006227731955350385,0,1,True
15498,La Nación,La Nación / ¡No es visita! Paraguaya presume que su novio llega a su casa y hace de todo,2026-09-20 21:00:00-03:00,15325,ABC Color,"Orlando Gill y Meli Ávalos, enamorados en París - Gente - ABC Color",2026-09-20 21:00:00-03:00,0.7472,0,7,12,0,0,0,0,0,0.0,0.0,0.0,0.0,,,,,0,0.004013707494743635,0.0043420871995102205,0.004487093709781664,0.0624997814482512,0.0043420871995102205,0,4,True
15498,La Nación,La Nación / ¡No es visita! Paraguaya presume que su novio llega a su casa y hace de todo,2026-09-20 21:00:00-03:00,15449,Popular,Popular / ¡Celebraron su boda de plata!,2026-09-20 21:00:00-03:00,0.7415,0,7,5,0,0,0,0,0,0.0,0.0,0.0,0.0,,,,,0,0.0031558941268238637,0.003625532021123799,0.0037474444847076854,0.0624997814482512,0.003625532021123799,0,4,True
15498,La Nación,La Nación / ¡No es visita! Paraguaya presume que su novio llega a su casa y hace de todo,2026-09-20 21:00:00-03:00,14985,Diario Paraguayo Noticias,"Lo que tenés que saber: Iglesia critica omisión, venezolanos contra Peña y visitas sorpresas de Fretes | Diario Paraguayo",2026-09-20 21:00:00-03:00,0.7372,0,7,13,0,0,0,0,0,0.0,0.0,0.0,0.0,,,,,0,0.002632043547908065,0.003164087568848805,0.0032710256532098095,0.0624997814482512,0.003164087568848805,0,4,True
15498,La Nación,La Nación / ¡No es visita! Paraguaya presume que su novio llega a su casa y hace de todo,2026-09-20 21:00:00-03:00,14977,Popular,Popular / Oiko ñemenda guasu de 95 parejas,2026-09-20 21:00:00-03:00,0.7335,0,7,9,0,0,0,0,0,0.0,0.0,0.0,0.0,,,,,0,0.0022512959671307,0.0028141962764303384,0.002909719603338466,0.0624997814482512,0.0028141962764303384,0,4,True
15498,La Nación,La Nación / ¡No es visita! Paraguaya presume que su novio llega a su casa y hace de todo,2026-09-20 21:00:00-03:00,14748,Última Hora,"Patria Querida dice que Peña ""avergüenza"" a Paraguay por encuentro con Delcy Rodríguez",2026-09-19 21:00:00-03:00,0.7328,0,7,15,0,0,0,0,0,0.0,0.0,0.0,0.0,,,,,0,0.002185703834203023,0.0027524777237049507,0.0028459817082336224,0.0624997814482512,0.0027524777237049507,0,4,True
14894,La Nación,La Nación / Un paso más hacia la digitalización: BCP pone en marcha el CDA-d desde este lunes,2026-09-20 21:00:00-03:00,14990,Diario Paraguayo Noticias,Un paso más hacia la digitalización: BCP pone en marcha el CDA-d desde este lunes | Diario Paraguayo,2026-09-20 21:00:00-03:00,0.992,2,4,4,4,4,0,4,0,0.8,1.0,17.964231076836416,1.0,banco central del paraguay | bcp | depo | depositaria de valores,,banco central del paraguay | bcp | depo | depositaria de valores,,1,0.9908390908273956,0.9997933107663266,0.9997994797433616,0.9999823885163835,0.9997933107663266,1,2,True
14894,La Nación,La Nación / Un paso más hacia la digitalización: BCP pone en marcha el CDA-d desde este lunes,2026-09-20 21:00:00-03:00,15150,Diario Paraguayo Noticias,BCP activa sistema CDA-d para certificados digitales | Diario Paraguayo,2026-09-20 21:00:00-03:00,0.9815,2,4,4,4,4,0,4,0,1.0,1.0,17.964231076836416,1.0,banco central del paraguay | bcp | depo | depositaria de valores,,banco central del paraguay | bcp | depo | depositaria de valores,,1,0.9861488997798856,0.9997117872811544,0.9997204612459074,0.9999823885163835,0.9997117872811544,1,2,True
14894,La Nación,La Nación / Un paso más hacia la digitalización: BCP pone en marcha el CDA-d desde este lunes,2026-09-20 21:00:00-03:00,15472,Más Encarnación,BCP habilita los Certificados de Depósito de Ahorro 100% digitales,2026-09-20 21:00:00-03:00,0.9799,2,4,5,4,4,0,4,0,0.8,0.8,17.964231076836416,0.7729577272964436,banco central del paraguay | bcp | depo | depositaria de valores,,banco central del paraguay | bcp | depo | depositaria de valores,,1,0.9852510190170972,0.9991821423567604,0.9991043616044382,0.9998047827600235,0.9991821423567604,1,2,True
14894,La Nación,La Nación / Un paso más hacia la digitalización: BCP pone en marcha el CDA-d desde este lunes,2026-09-20 21:00:00-03:00,15335,Última Hora,Adiós al CDA de papel: Paraguay entra en la era del CDA digital,2026-09-20 21:00:00-03:00,0.9643,2,4,5,4,4,0,4,0,0.8,0.8,17.964231076836416,0.8839304872142983,banco central del paraguay | bcp | depo | depositaria de valores,,banco central del paraguay | bcp | depo | depositaria de valores,,1,0.972892157887951,0.9986602197855365,0.99914883037267,0.9998047827600235,0.9986602197855365,1,2,True
14894,La Nación,La Nación / Un paso más hacia la digitalización: BCP pone en marcha el CDA-d desde este lunes,2026-09-20 21:00:00-03:00,15514,Diario Paraguayo Noticias,CDA digitales: Paraguay moderniza inversiones | Diario Paraguayo,2026-09-20 21:00:00-03:00,0.9436,2,4,6,3,3,0,3,0,0.4285714285714285,0.4285714285714285,13.699165869498842,0.4300167010114114,banco central del paraguay | depo | depositaria de valores,,banco central del paraguay | depo | depositaria de valores,,1,0.9402552273397011,0.9790267319294788,0.9801276551071363,0.975492978297589,0.9790267319294788,1,2,True
14670,La Nación,La Nación / Vende sopa paraguaya en Argentina para cumplir su sueño: estudiar en la universidad,2026-09-19 21:00:00-03:00,15226,Extra,Joven salteño vende sopa paraguaya con la receta que le dio su abuela,2026-09-20 21:00:00-03:00,0.8752,2,8,13,4,4,1,1,2,0.2222222222222222,0.2352941176470588,20.871098404751454,0.2327420770499478,argentina | barrio miguel ortiz | brandon | informate salta,brandon,informate salta,argentina | barrio miguel ortiz,1,0.47620494072231284,0.6479680088408862,0.6746132634191448,0.7413562976948725,0.6479680088408862,1,4,True
14670,La Nación,La Nación / Vende sopa paraguaya en Argentina para cumplir su sueño: estudiar en la universidad,2026-09-19 21:00:00-03:00,15157,San Lorenzo Py,"Don Felipe, el “Rey del bollo” que trabaja desde hace 25 años en las calles de San Lorenzo » San Lorenzo PY",2026-09-20 21:00:00-03:00,0.7402,0,8,16,0,0,0,0,0,0.0,0.0,0.0,0.0,,,,,0,0.002987409184771228,0.0034793665662545227,0.003596545053792362,0.0624997814482512,0.0034793665662545227,0,4,True
14670,La Nación,La Nación / Vende sopa paraguaya en Argentina para cumplir su sueño: estudiar en la universidad,2026-09-19 21:00:00-03:00,14827,ABC Color,Estudiar en el país de los títulos falsos: el amargo contraste de ser joven hoy en Paraguay - Nacionales - ABC Color,2026-09-20 21:00:00-03:00,0.7394,0,8,12,0,0,0,0,0,0.0,0.0,0.0,0.0,,,,,0,0.002888215154233325,0.0033923528628817907,0.003506709170808729,0.0624997814482512,0.0033923528628817907,0,4,True
14670,La Nación,La Nación / Vende sopa paraguaya en Argentina para cumplir su sueño: estudiar en la universidad,2026-09-19 21:00:00-03:00,14832,ABC Color,Día de la Juventud: un emprendedor que incursiona en la relojería - ABC en el Este - ABC Color,2026-09-20 21:00:00-03:00,0.7336,0,8,2,0,0,0,0,0,0.0,0.0,0.0,0.0,,,,,0,0.002260825237242817,0.0028231251506140834,0.0029189404671763385,0.0624997814482512,0.0028231251506140834,0,4,True
14670,La Nación,La Nación / Vende sopa paraguaya en Argentina para cumplir su sueño: estudiar en la universidad,2026-09-19 21:00:00-03:00,15232,Crónica,Nuestro vori vori sigue mandando en el mundo ??,2026-09-20 21:00:00-03:00,0.731,0,8,3,0,0,0,0,0,0.0,0.0,0.0,0.0,,,,,0,0.002025662648026106,0.0025999009985728377,0.0026884049172250656,0.0624997814482512,0.0025999009985728377,0,4,True
15186,La Nación,La Nación / Campaña “Todos con Iván” busca alcanzar meta de G. 1.000 millones para su rehabilitación,2026-09-20 21:00:00-03:00,15400,Diario Paraguayo Noticias,Campaña solidaria para rehabilitación de Iván | Diario Paraguayo,2026-09-20 21:00:00-03:00,0.9704,2,9,7,7,7,3,2,2,0.7777777777777778,0.7777777777777778,35.67944551426764,0.7557025988345637,aldo sosa | avenida sacramento | colegio técnico javier | i | ips | iván | molas lópez,aldo sosa | i | iván,colegio técnico javier | ips,avenida sacramento | molas lópez,1,0.984393366458244,0.9986124466228088,0.9986538338593837,0.9998030240368434,0.9986124466228088,1,1,True
15186,La Nación,La Nación / Campaña “Todos con Iván” busca alcanzar meta de G. 1.000 millones para su rehabilitación,2026-09-20 21:00:00-03:00,15414,Crónica,La batalla de Iván recién comienza: buscan G. 1.000 millones para su recuperación,2026-09-20 21:00:00-03:00,0.9582,2,9,6,5,5,2,2,1,0.5,0.5,24.83843120378375,0.4670333547822071,aldo sosa | avenida sacramento | colegio técnico javier | ips | iván,aldo sosa | iván,colegio técnico javier | ips,avenida sacramento,1,0.9740318071549668,0.9909494423813834,0.990553037442612,0.9914809452263347,0.9909494423813834,1,1,True
15186,La Nación,La Nación / Campaña “Todos con Iván” busca alcanzar meta de G. 1.000 millones para su rehabilitación,2026-09-20 21:00:00-03:00,15577,Megacadena,Adolescente Iván sale de terapia intensiva tras ser atropellado al salir del colegio,2026-09-20 21:00:00-03:00,0.788,1,9,3,2,2,2,0,0,0.2,0.2,10.107045135403691,0.1946257885767382,aldo sosa | iván,aldo sosa | iván,,,0,0.025919996552457053,0.04513023938934317,0.04602724185194597,0.619499580611793,0.04513023938934317,0,1,True
15186,La Nación,La Nación / Campaña “Todos con Iván” busca alcanzar meta de G. 1.000 millones para su rehabilitación,2026-09-20 21:00:00-03:00,14936,adn,Trabajadores de salud piden 50% de aumento y cifran reclamo en USD 103 millones - ADN Digital,2026-09-20 21:00:00-03:00,0.7543,0,9,6,0,0,0,0,0,0.0,0.0,0.0,0.0,,,,,0,0.00629175446907165,0.005673890937572774,0.005811316097380017,0.07383678341026408,0.005673890937572774,0,1,True
15186,La Nación,La Nación / Campaña “Todos con Iván” busca alcanzar meta de G. 1.000 millones para su rehabilitación,2026-09-20 21:00:00-03:00,14695,Diario Paraguayo Noticias,Caacupé: Valenzuela critica a conductores que provocan accidentes y se dan a la fuga | Diario Paraguayo,2026-09-19 21:00:00-03:00,0.7343,0,9,8,0,0,0,0,0,0.0,0.0,0.0,0.0,,,,,0,0.002693367543585076,0.002819201882682971,0.0028885421126255547,0.07383678341026408,0.002819201882682971,0,1,True
15187,La Nación,"La Nación / En violento asalto domiciliario, gavilla roba más de G. 20 millones en Minga Guazú",2026-09-20 21:00:00-03:00,15370,adn,Asaltantes vestidos de policías irrumpen en una casa y roban G. 20 millones - ADN Digital,2026-09-20 21:00:00-03:00,0.966,2,12,7,4,4,1,0,3,0.25,0.2666666666666666,19.630757956254644,0.2582360578627051,alberto fernández | fracción el trébol | hospital distrital | minga guazú,alberto fernández,,fracción el trébol | hospital distrital | minga guazú,1,0.981236054510443,0.9831455094635676,0.9837332429526178,0.7956825164488247,0.9831455094635676,1,1,True
15187,La Nación,"La Nación / En violento asalto domiciliario, gavilla roba más de G. 20 millones en Minga Guazú",2026-09-20 21:00:00-03:00,15174,Última Hora,Gavilla con un falso policía asalta a una familia en Minga Guazú y se lleva millonaria suma,2026-09-20 21:00:00-03:00,0.9644,2,12,12,5,5,1,2,2,0.25,0.2631578947368421,24.016451151380835,0.2424816197846341,alberto fernández | comisaría 8.a | hospital distrital | minga guazú | policía nacional,alberto fernández,comisaría 8.a | policía nacional,hospital distrital | minga guazú,1,0.9799389635149284,0.9826210255078812,0.9828612052544479,0.8484421069419138,0.9826210255078812,1,1,True
15187,La Nación,"La Nación / En violento asalto domiciliario, gavilla roba más de G. 20 millones en Minga Guazú",2026-09-20 21:00:00-03:00,14967,Megacadena,Asalto tipo comando en Minga Guazú: golpearon a un hombre y se llevaron millonario botín,2026-09-20 21:00:00-03:00,0.9496,2,12,11,4,4,1,1,2,0.2,0.2105263157894736,18.452102959913,0.1890674906539926,alberto fernández | hospital distrital | minga guazú | policía nacional,alberto fernández,policía nacional,hospital distrital | minga guazú,1,0.9629661082556048,0.9593775725330522,0.9588827885102562,0.6949673646409547,0.9593775725330522,1,1,True
15187,La Nación,"La Nación / En violento asalto domiciliario, gavilla roba más de G. 20 millones en Minga Guazú",2026-09-20 21:00:00-03:00,15027,Ahora CDE,Encapuchados armados asaltan una vivienda y exigen dinero vinculado al accidente aéreo de Prosegur,2026-09-20 21:00:00-03:00,0.9489,2,12,15,3,3,1,1,1,0.12,0.125,13.398580392211151,0.1055540409457018,alberto fernández | minga guazú | policía nacional,alberto fernández,policía nacional,minga guazú,1,0.9618877699055525,0.9282020504543165,0.9270026538920562,0.4179090566894872,0.9282020504543165,1,1,True
15187,La Nación,"La Nación / En violento asalto domiciliario, gavilla roba más de G. 20 millones en Minga Guazú",2026-09-20 21:00:00-03:00,15081,Itapúa en Noticias,MINGA GUAZÚ: FALSOS POLICÍAS SE LLEVAN G. 15 MILLONES Y R$ 5.000 TRAS VIOLENTO ASALTO,2026-09-20 21:00:00-03:00,0.9401,2,12,9,5,5,1,2,2,0.2777777777777778,0.3125,22.504993647306936,0.2796193549602814,alberto fernández | fiscalía | fracción el trébol | minga guazú | policía nacional,alberto fernández,fiscalía | policía nacional,fracción el trébol | minga guazú,1,0.9454970085721536,0.967755007360565,0.9664927573048095,0.9103014946302184,0.967755007360565,1,1,True
14805,Ñanduti,Bonifacio Ríos: “La política es el cáncer de la academia”,2026-09-19 21:00:00-03:00,15192,HOY,"Diario HOY | “Tenemos Honor Colorado para rato”, predice Bachi",2026-09-20 21:00:00-03:00,0.7544,0,6,19,0,0,0,0,0,0.0,0.0,0.0,0.0,,,,,0,0.005296339396852376,0.003736641269018172,0.0038478479604725935,0.04533448416467148,0.003736641269018172,0,3,True
14805,Ñanduti,Bonifacio Ríos: “La política es el cáncer de la academia”,2026-09-19 21:00:00-03:00,15432,Última Hora,"“Mantenerse en primera división es difícil"", advierte Bachi a Cesarito",2026-09-20 21:00:00-03:00,0.7532,0,6,10,0,0,0,0,0,0.0,0.0,0.0,0.0,,,,,0,0.005018967233311655,0.003587154026327826,0.0036934979613938573,0.04533448416467148,0.003587154026327826,0,3,True
14805,Ñanduti,Bonifacio Ríos: “La política es el cáncer de la academia”,2026-09-19 21:00:00-03:00,15515,Diario Paraguayo Noticias,Figueredo respalda liderazgo de Honor Colorado | Diario Paraguayo,2026-09-20 21:00:00-03:00,0.752,0,6,10,0,0,0,0,0,0.0,0.0,0.0,0.0,,,,,0,0.0047560517453589775,0.0034436264658020254,0.0035453174193299125,0.04533448416467148,0.0034436264658020254,0,3,True
14805,Ñanduti,Bonifacio Ríos: “La política es el cáncer de la academia”,2026-09-19 21:00:00-03:00,15281,ABC Color,"Crisis en Honor Colorado: “Lo que se ve no se pregunta”, dice Beto Ovelar - Política - ABC Color",2026-09-20 21:00:00-03:00,0.7478,0,6,16,0,0,0,0,0,0.0,0.0,0.0,0.0,,,,,0,0.00393925400968856,0.0029848878137120555,0.0030718202582564794,0.04533448416467148,0.0029848878137120555,0,3,True
14805,Ñanduti,Bonifacio Ríos: “La política es el cáncer de la academia”,2026-09-19 21:00:00-03:00,15116,ABC Color,"Crisis en Honor Colorado: “Lo que se ve no se pregunta”, dice Beto Ovelar - Nacionales - ABC Color",2026-09-20 21:00:00-03:00,0.7458,0,6,16,0,0,0,0,0,0.0,0.0,0.0,0.0,,,,,0,0.0036010063398510513,0.0027883847459253173,0.002869053048530223,0.04533448416467148,0.0027883847459253173,0,3,True
15374,Ñanduti,Banco Continental integra la emisión y custodia en la nueva era del CDA Digital,2026-09-20 21:00:00-03:00,14723,Ñanduti,"Continental, preparado para liderar la nueva era del CDA Digital en Paraguay",2026-09-19 21:00:00-03:00,0.9718,2,5,5,4,4,0,3,0,0.6666666666666666,0.6666666666666666,19.65882679761082,0.7024136444156055,banco central del paraguay | banco continental | bcp | continental,,banco central del paraguay | banco continental | bcp,,1,0.9813803698073368,0.9979929431050202,0.9982613630031062,0.9982699244196822,0.9979929431050202,1,5,True
15374,Ñanduti,Banco Continental integra la emisión y custodia en la nueva era del CDA Digital,2026-09-20 21:00:00-03:00,14990,Diario Paraguayo Noticias,Un paso más hacia la digitalización: BCP pone en marcha el CDA-d desde este lunes | Diario Paraguayo,2026-09-20 21:00:00-03:00,0.9393,2,5,4,2,2,0,2,0,0.25,0.2857142857142857,8.53013041467515,0.2432819063752433,banco central del paraguay | bcp,,banco central del paraguay | bcp,,1,0.9336397341689147,0.948453902810506,0.937596257291264,0.8357396700232834,0.948453902810506,1,5,True
15374,Ñanduti,Banco Continental integra la emisión y custodia en la nueva era del CDA Digital,2026-09-20 21:00:00-03:00,15150,Diario Paraguayo Noticias,BCP activa sistema CDA-d para certificados digitales | Diario Paraguayo,2026-09-20 21:00:00-03:00,0.9348,2,5,4,2,2,0,2,0,0.2857142857142857,0.2857142857142857,8.53013041467515,0.2432819063752433,banco central del paraguay | bcp,,banco central del paraguay | bcp,,1,0.9213707601044595,0.9408140551404708,0.9284632563649302,0.8357396700232834,0.9408140551404708,1,5,True
15374,Ñanduti,Banco Continental integra la emisión y custodia en la nueva era del CDA Digital,2026-09-20 21:00:00-03:00,14894,La Nación,La Nación / Un paso más hacia la digitalización: BCP pone en marcha el CDA-d desde este lunes,2026-09-20 21:00:00-03:00,0.9323,2,5,4,2,2,0,2,0,0.2857142857142857,0.2857142857142857,8.53013041467515,0.2432819063752433,banco central del paraguay | bcp,,banco central del paraguay | bcp,,1,0.9136881646661282,0.9361229254032178,0.9228703068215566,0.8357396700232834,0.9361229254032178,1,5,True
15374,Ñanduti,Banco Continental integra la emisión y custodia en la nueva era del CDA Digital,2026-09-20 21:00:00-03:00,15472,Más Encarnación,BCP habilita los Certificados de Depósito de Ahorro 100% digitales,2026-09-20 21:00:00-03:00,0.9297,2,5,5,2,2,0,2,0,0.25,0.25,8.53013041467515,0.2114589944367835,banco central del paraguay | bcp,,banco central del paraguay | bcp,,1,0.9049831846127562,0.9181369208409347,0.9037283781013292,0.771751520704997,0.9181369208409347,1,5,True
14747,Ñanduti,Paraguay y Venezuela anuncian una “nueva etapa” y apuntan a restablecer plenamente sus relaciones diplomáticas,2026-09-19 21:00:00-03:00,15072,QAP Chaco News,Paraguay y Venezuela reabren el diálogo - QAP CHACO NEWS,2026-09-20 21:00:00-03:00,0.9546,2,12,16,9,9,6,2,3,0.4736842105263157,0.4736842105263157,37.662517839946815,0.4126623563417649,caracas | delcy rodríguez | fél | ix plasencia | paraguay | peña | rubén ramírez lezcano | santiago peña | venezuela,delcy rodríguez | fél | ix plasencia | peña | rubén ramírez lezcano | santiago peña,paraguay | venezuela,caracas | paraguay | venezuela,1,0.9606133954865876,0.9950857020333906,0.9948214211036758,0.9977463819244397,0.9950857020333906,1,2,True
14747,Ñanduti,Paraguay y Venezuela anuncian una “nueva etapa” y apuntan a restablecer plenamente sus relaciones diplomáticas,2026-09-19 21:00:00-03:00,15064,Oviedo Press,Peña se reúne con Delcy Rodríguez y abre camino para retomar relaciones con Venezuela - OviedoPress,2026-09-20 21:00:00-03:00,0.9537,2,12,10,8,8,4,3,2,0.5714285714285714,0.5714285714285714,30.43994157187545,0.4976186361300941,caracas | delcy rodríguez | estados | paraguay | peña | rodríguez | santiago peña | venezuela,delcy rodríguez | peña | rodríguez | santiago peña,estados | paraguay | venezuela,caracas | venezuela,1,0.9592346640812257,0.9964941355303077,0.9958150574499016,0.998999446290469,0.9964941355303077,1,2,True
14747,Ñanduti,Paraguay y Venezuela anuncian una “nueva etapa” y apuntan a restablecer plenamente sus relaciones diplomáticas,2026-09-19 21:00:00-03:00,14686,El Independiente,Paraguay y Venezuela abren una nueva etapa con foco en comercio y cooperación,2026-09-19 21:00:00-03:00,0.9484,2,12,7,6,6,2,3,3,0.4615384615384615,0.4615384615384615,22.30697746249377,0.405406489828417,caracas | delcy rodríguez | estados | paraguay | santiago peña | venezuela,delcy rodríguez | santiago peña,estados | paraguay | venezuela,caracas | paraguay | venezuela,1,0.9501324240414556,0.9946151931651904,0.9941237631828627,0.9955590468442199,0.9946151931651904,1,2,True
14747,Ñanduti,Paraguay y Venezuela anuncian una “nueva etapa” y apuntan a restablecer plenamente sus relaciones diplomáticas,2026-09-19 21:00:00-03:00,14668,Última Hora,Peña inicia diálogo con Delcy para reanudar relaciones con Venezuela,2026-09-19 21:00:00-03:00,0.9455,2,12,18,8,8,4,3,3,0.3636363636363636,0.3636363636363636,30.999557359810872,0.2978724077988693,caracas | delcy rodríguez | paraguay | peña | presidencia | rodríguez | santiago peña | venezuela,delcy rodríguez | peña | rodríguez | santiago peña,paraguay | presidencia | venezuela,caracas | paraguay | venezuela,1,0.9443669539075384,0.9909338241916452,0.9900710796200657,0.9909573921689541,0.9909338241916452,1,2,True
14747,Ñanduti,Paraguay y Venezuela anuncian una “nueva etapa” y apuntan a restablecer plenamente sus relaciones diplomáticas,2026-09-19 21:00:00-03:00,14604,Resumen de Noticias,Santiago Peña y Delcy Rodríguez firman documento para afianzar lazos bilaterales,2026-09-19 21:00:00-03:00,0.936,2,12,14,7,7,4,2,2,0.3684210526315789,0.3684210526315789,25.72289124079482,0.2825186780778351,caracas | delcy rodríguez | paraguay | peña | rodríguez | santiago peña | venezuela,delcy rodríguez | peña | rodríguez | santiago peña,paraguay | venezuela,caracas | venezuela,1,0.9208096250515869,0.9783381765464344,0.9726011172173581,0.9832895189347312,0.9783381765464344,1,2,True
14722,Ñanduti,Cooperativa Universitaria celebró la juventud con su primer Sunset Experience,2026-09-19 21:00:00-03:00,15102,Más Encarnación,"Color, Baile y Alegría marcaron la celebración de la Juventud y la Primavera en Encarnación",2026-09-20 21:00:00-03:00,0.8316,0,5,6,0,0,0,0,0,0.0,0.0,0.0,0.0,,,,,0,0.1538984142378479,0.06630258318060188,0.06806190890729852,0.06664383517868164,0.06630258318060188,0,2,True
14722,Ñanduti,Cooperativa Universitaria celebró la juventud con su primer Sunset Experience,2026-09-19 21:00:00-03:00,15152,Diario Paraguayo Noticias,Municipalidad de Asunción invita a jornada para jóvenes | Diario Paraguayo,2026-09-20 21:00:00-03:00,0.8203,0,5,13,0,0,0,0,0,0.0,0.0,0.0,0.0,,,,,0,0.10392349017266019,0.047298378360608545,0.04859256665229509,0.06664383517868164,0.047298378360608545,0,2,True
14722,Ñanduti,Cooperativa Universitaria celebró la juventud con su primer Sunset Experience,2026-09-19 21:00:00-03:00,15173,ABC Color,Comunidades rurales de Lima se unen mediante el deporte y reclaman un polideportivo - Nacionales - ABC Color,2026-09-20 21:00:00-03:00,0.8091,0,5,7,0,0,0,0,0,0.0,0.0,0.0,0.0,,,,,0,0.06911187869316059,0.03364845120499553,0.03459193958587433,0.06664383517868164,0.03364845120499553,0,2,True
14722,Ñanduti,Cooperativa Universitaria celebró la juventud con su primer Sunset Experience,2026-09-19 21:00:00-03:00,14895,La Nación,La Nación / La Municipalidad de Asunción invita a una jornada para jóvenes,2026-09-20 21:00:00-03:00,0.8076,0,5,12,0,0,0,0,0,0.0,0.0,0.0,0.0,,,,,0,0.06536615679368671,0.03213739603170613,0.03304114705855224,0.06664383517868164,0.03213739603170613,0,2,True
14722,Ñanduti,Cooperativa Universitaria celebró la juventud con su primer Sunset Experience,2026-09-19 21:00:00-03:00,15264,Oviedo Press,"Juventud ovetense tendrá teatro, formación y actividades comunitarias durante septiembre - OviedoPress",2026-09-20 21:00:00-03:00,0.8054,0,5,12,0,0,0,0,0,0.0,0.0,0.0,0.0,,,,,0,0.06021296944839089,0.03003927544479557,0.030887533153658206,0.06664383517868164,0.03003927544479557,0,2,True
15111,Ñanduti,Conductor murió en choque frontal en J. Augusto Saldívar: hallaron botellas con olor a cerveza en su vehículo,2026-09-20 21:00:00-03:00,14934,Resumen de Noticias,Choque frontal en J. Augusto Saldívar deja un fallecido,2026-09-20 21:00:00-03:00,0.8973,2,7,11,4,4,2,1,0,0.2857142857142857,0.2857142857142857,19.58196779208521,0.2615715193017611,bomberos de capiatá | j. augusto saldívar | miguel ángel ferreira velázquez | ramón cabrera acosta,miguel ángel ferreira velázquez | ramón cabrera acosta,bomberos de capiatá,,1,0.7134430656642103,0.7647006717114277,0.7547131587764309,0.838713481711641,0.7647006717114277,1,2,True
15111,Ñanduti,Conductor murió en choque frontal en J. Augusto Saldívar: hallaron botellas con olor a cerveza en su vehículo,2026-09-20 21:00:00-03:00,14873,Última Hora,Violento choque frontal deja un fallecido en J. Augusto Saldívar,2026-09-20 21:00:00-03:00,0.8949,2,7,6,3,3,2,0,1,0.3,0.3,14.305301673069156,0.2727424643368383,j. augusto saldívar | miguel ángel ferreira velázquez | ramón cabrera acosta,miguel ángel ferreira velázquez | ramón cabrera acosta,,j. augusto saldívar,1,0.6935109600179322,0.7752052982668475,0.7660765407409024,0.8482705822208573,0.7752052982668475,1,2,True
15111,Ñanduti,Conductor murió en choque frontal en J. Augusto Saldívar: hallaron botellas con olor a cerveza en su vehículo,2026-09-20 21:00:00-03:00,14851,ABC Color,Accidente en J. Augusto Saldívar: conductor de 42 años falleció en un choque frontal - Policiales - ABC Color,2026-09-20 21:00:00-03:00,0.8928,2,7,10,4,4,2,1,1,0.3076923076923077,0.3076923076923077,19.58196779208521,0.2900746072358287,bomberos de capiatá | j. augusto saldívar | miguel ángel ferreira velázquez | ramón cabrera acosta,miguel ángel ferreira velázquez | ramón cabrera acosta,bomberos de capiatá,j. augusto saldívar,1,0.6754527868897112,0.8146835957499612,0.8163128330527433,0.9005227574591051,0.8146835957499612,1,2,True
15111,Ñanduti,Conductor murió en choque frontal en J. Augusto Saldívar: hallaron botellas con olor a cerveza en su vehículo,2026-09-20 21:00:00-03:00,14987,Diario Paraguayo Noticias,Violento choque frontal deja un fallecido en J. Augusto Saldívar | Diario Paraguayo,2026-09-20 21:00:00-03:00,0.8841,2,7,8,3,3,2,0,1,0.2307692307692307,0.25,14.305301673069156,0.2354708846871727,j. augusto saldívar | miguel ángel ferreira velázquez | ramón cabrera acosta,miguel ángel ferreira velázquez | ramón cabrera acosta,,j. augusto saldívar,1,0.5954334717245424,0.6564838099240955,0.6596088402586541,0.7539267609043024,0.6564838099240955,1,2,True
15111,Ñanduti,Conductor murió en choque frontal en J. Augusto Saldívar: hallaron botellas con olor a cerveza en su vehículo,2026-09-20 21:00:00-03:00,14903,NPY,Choque frontal en J. Augusto Saldívar deja un fallecido y a una familia que exige esclarecer el caso,2026-09-20 21:00:00-03:00,0.8778,2,7,8,2,2,1,0,1,0.1538461538461538,0.1538461538461538,9.434100662161264,0.1338882946702861,j. augusto saldívar | ramón cabrera acosta,ramón cabrera acosta,,j. augusto saldívar,1,0.5338419424094244,0.48605527702375073,0.47953584541417454,0.4334224459060377,0.48605527702375073,0,2,False
14808,Ñanduti,Patria Querida afirma que la visita de Santiago Peña a Delcy Rodríguez en Venezuela “avergüenza” al Paraguay,2026-09-19 21:00:00-03:00,14748,Última Hora,"Patria Querida dice que Peña ""avergüenza"" a Paraguay por encuentro con Delcy Rodríguez",2026-09-19 21:00:00-03:00,0.9722,2,12,15,9,9,4,2,3,0.5,0.5,34.484464009598874,0.4129881823896263,caracas | delcy rodríguez | gobierno | paraguay | patria querida | peña | rodríguez | santiago peña | venezuela,delcy rodríguez | peña | rodríguez | santiago peña,gobierno | patria querida,caracas | paraguay | venezuela,1,0.9855287608363384,0.9963896354117526,0.9954291422346639,0.9963507433133298,0.9963896354117526,1,1,True
14808,Ñanduti,Patria Querida afirma que la visita de Santiago Peña a Delcy Rodríguez en Venezuela “avergüenza” al Paraguay,2026-09-19 21:00:00-03:00,14712,Amambay News,Patria Querida sostiene que el encuentro entre Santi y Delcy Rodríguez «avergüenza» al país - Amambay News,2026-09-19 21:00:00-03:00,0.9362,2,12,11,6,6,2,2,2,0.3529411764705882,0.3529411764705882,26.07204605496525,0.3238129959720204,caracas | delcy rodríguez | patria querida | ppq | santiago peña | venezuela,delcy rodríguez | santiago peña,patria querida | ppq,caracas | venezuela,1,0.9362732517803785,0.9696636594955865,0.969288922344813,0.9572037807736115,0.9696636594955865,1,1,True
14808,Ñanduti,Patria Querida afirma que la visita de Santiago Peña a Delcy Rodríguez en Venezuela “avergüenza” al Paraguay,2026-09-19 21:00:00-03:00,14668,Última Hora,Peña inicia diálogo con Delcy para reanudar relaciones con Venezuela,2026-09-19 21:00:00-03:00,0.899,2,12,18,8,8,4,0,3,0.3636363636363636,0.3636363636363636,29.207797890582818,0.2773172628856295,caracas | delcy rodríguez | gobierno | paraguay | peña | rodríguez | santiago peña | venezuela,delcy rodríguez | peña | rodríguez | santiago peña,,caracas | paraguay | venezuela,1,0.7507220797740712,0.9006726061052623,0.8726811409993103,0.9688302183851709,0.9006726061052623,1,1,True
14808,Ñanduti,Patria Querida afirma que la visita de Santiago Peña a Delcy Rodríguez en Venezuela “avergüenza” al Paraguay,2026-09-19 21:00:00-03:00,14593,UNICANAL,Santiago Peña se reúne con Delcy Rodríguez en Venezuela | Unicanal,2026-09-19 21:00:00-03:00,0.8903,2,12,12,4,4,3,0,1,0.2,0.2,14.537884563921416,0.1572029254522288,delcy rodríguez | peña | santiago peña | venezuela,delcy rodríguez | peña | santiago peña,,venezuela,1,0.6752045305634121,0.680620941394123,0.6530854995892577,0.7137700821272832,0.680620941394123,1,1,True
14808,Ñanduti,Patria Querida afirma que la visita de Santiago Peña a Delcy Rodríguez en Venezuela “avergüenza” al Paraguay,2026-09-19 21:00:00-03:00,15072,QAP Chaco News,Paraguay y Venezuela reabren el diálogo - QAP CHACO NEWS,2026-09-20 21:00:00-03:00,0.8856,2,12,16,6,6,3,0,3,0.2727272727272727,0.2727272727272727,21.25715533799509,0.1984174123279863,caracas | delcy rodríguez | paraguay | peña | santiago peña | venezuela,delcy rodríguez | peña | santiago peña,,caracas | paraguay | venezuela,1,0.6298527941687991,0.7873964061497907,0.7451230262353015,0.8847228015717219,0.7873964061497907,1,1,True
15110,Ñanduti,"«Paraguay está en su mejor momento demográfico», afirma el director del INE en el Día de la Juventud y la Primavera",2026-09-20 21:00:00-03:00,15213,adn,"Demográficamente, nuestro país pasa por su mejor momento, porque la mayoría de la población es joven - ADN Digital",2026-09-20 21:00:00-03:00,0.9851,2,7,6,6,6,2,2,2,0.8571428571428571,0.8571428571428571,26.236700045021315,0.8250262648549053,américa latina | ine | instituto nacional de estadística | iván ojeda | ojeda | paraguay,iván ojeda | ojeda,ine | instituto nacional de estadística,américa latina | paraguay,1,0.9942889811924388,0.999962654936747,0.9999556863445429,0.9999826432655881,0.999962654936747,1,3,True
15110,Ñanduti,"«Paraguay está en su mejor momento demográfico», afirma el director del INE en el Día de la Juventud y la Primavera",2026-09-20 21:00:00-03:00,15288,Última Hora,Día de la Juventud: ¿Cuándo Paraguay dejará de tener una mayoría de población joven?,2026-09-20 21:00:00-03:00,0.9509,1,7,6,5,5,2,2,1,0.625,0.625,20.96003392600526,0.5609477198085566,ine | instituto nacional de estadística | iván ojeda | ojeda | paraguay,iván ojeda | ojeda,ine | instituto nacional de estadística,paraguay,0,0.9738808536704269,0.9990382776386274,0.9985455592053938,0.9994312862677052,0.9990382776386274,1,3,False
15110,Ñanduti,"«Paraguay está en su mejor momento demográfico», afirma el director del INE en el Día de la Juventud y la Primavera",2026-09-20 21:00:00-03:00,15513,Diario Paraguayo Noticias,Bono demográfico de Paraguay: oportunidades hasta 2050 | Diario Paraguayo,2026-09-20 21:00:00-03:00,0.9371,2,7,6,5,5,2,2,1,0.625,0.625,20.96003392600526,0.5609477198085566,ine | instituto nacional de estadística | iván ojeda | ojeda | paraguay,iván ojeda | ojeda,ine | instituto nacional de estadística,paraguay,1,0.9524297711285439,0.9984602203484498,0.9976689109671122,0.9994312862677052,0.9984602203484498,1,3,True
15110,Ñanduti,"«Paraguay está en su mejor momento demográfico», afirma el director del INE en el Día de la Juventud y la Primavera",2026-09-20 21:00:00-03:00,15445,Megacadena,"Paraguay atraviesa su mejor momento demográfico, según el INE",2026-09-20 21:00:00-03:00,0.9359,2,7,5,5,5,2,2,1,0.7142857142857143,0.7142857142857143,20.96003392600526,0.6590988375645839,ine | instituto nacional de estadística | iván ojeda | ojeda | paraguay,iván ojeda | ojeda,ine | instituto nacional de estadística,paraguay,1,0.9499191759336942,0.999211343513318,0.9988576440912259,0.9998361154512326,0.999211343513318,1,3,True
15110,Ñanduti,"«Paraguay está en su mejor momento demográfico», afirma el director del INE en el Día de la Juventud y la Primavera",2026-09-20 21:00:00-03:00,15545,ABC Color,"Paraguay atraviesa su mejor momento demográfico, según el INE - Nacionales - ABC Color",2026-09-20 21:00:00-03:00,0.9283,2,7,9,5,5,2,2,1,0.4545454545454545,0.4545454545454545,20.96003392600526,0.4089803843861969,ine | instituto nacional de estadística | iván ojeda | ojeda | paraguay,iván ojeda | ojeda,ine | instituto nacional de estadística,paraguay,1,0.930880371876719,0.9919747059557875,0.9899286488688885,0.9939128637816755,0.9919747059557875,1,3,True
14807,Ñanduti,Hombre es imputado tras agredir a su hijastro y arrojar una PlayStation por el balcón,2026-09-19 21:00:00-03:00,15037,TN Press,Imputan a cobarde que agredió a su pareja con bebé en brazos y golpeó a su hijastro de 13 años,2026-09-20 21:00:00-03:00,0.9576,2,7,5,3,3,0,1,2,0.3333333333333333,0.3333333333333333,12.535899110942378,0.2736543330799774,ciudad del este | lado acaray | ministerio público,,ministerio público,ciudad del este | lado acaray,1,0.9674875157870826,0.9755083106813854,0.9698192602322243,0.8551840696212032,0.9755083106813854,1,4,True
14807,Ñanduti,Hombre es imputado tras agredir a su hijastro y arrojar una PlayStation por el balcón,2026-09-19 21:00:00-03:00,15268,Concepción al Día,Discusión por una PlayStation terminó en una denuncia por violencia familiar - Concepción al Día,2026-09-20 21:00:00-03:00,0.9518,2,7,4,3,3,0,1,2,0.375,0.375,12.838179982815312,0.3222480488590146,ciudad del este | fiscalía | lado acaray,,fiscalía,ciudad del este | lado acaray,1,0.9588117029665129,0.9766757240592308,0.9725412311298508,0.903065075344865,0.9766757240592308,1,4,True
14807,Ñanduti,Hombre es imputado tras agredir a su hijastro y arrojar una PlayStation por el balcón,2026-09-19 21:00:00-03:00,15008,Extra,Agredió a su familia y tiró la Play de su hijastro desde el balcón,2026-09-20 21:00:00-03:00,0.9508,2,7,4,3,3,0,1,2,0.375,0.375,12.535899110942378,0.3114903822277595,ciudad del este | lado acaray | ministerio público,,ministerio público,ciudad del este | lado acaray,1,0.9571069953043727,0.9759409931822083,0.9699156918669427,0.903065075344865,0.9759409931822083,1,4,True
14807,Ñanduti,Hombre es imputado tras agredir a su hijastro y arrojar una PlayStation por el balcón,2026-09-19 21:00:00-03:00,15051,Amambay News,Aprehenden a funcionario público denunciado por violencia familiar en PJC - Amambay News,2026-09-20 21:00:00-03:00,0.7868,0,7,8,1,1,0,1,0,0.0714285714285714,0.0714285714285714,3.5274662642067964,0.0470547376539019,ministerio público,,ministerio público,,0,0.021091100496913904,0.025863660953559946,0.023510857080177368,0.17377591913375812,0.025863660953559946,0,4,True
14807,Ñanduti,Hombre es imputado tras agredir a su hijastro y arrojar una PlayStation por el balcón,2026-09-19 21:00:00-03:00,15193,NPY,Mujer fue brutalmente golpeada y su actual pareja es el principal sospechoso,2026-09-20 21:00:00-03:00,0.7695,0,7,8,2,2,0,2,0,0.1538461538461538,0.1538461538461538,7.357213400286526,0.1085471594951753,fiscalía | ministerio público,,fiscalía | ministerio público,,0,0.010252102127373517,0.027434258186158956,0.022468481674319245,0.4280266214326538,0.027434258186158956,0,4,True
15115,Ñanduti,Lunes caluroso con tormentas y máxima de 35 grados: el martes la temperatura bajaría hasta 21 grados,2026-09-20 21:00:00-03:00,15058,Amambay Ahora,"La primavera es recibida con calor, lluvias y un posterior descenso",2026-09-20 21:00:00-03:00,0.8779,1,13,3,0,0,0,0,0,0.0,0.0,0.0,0.0,,,,,0,0.5507103880478994,0.3044810692335426,0.30920952630939724,0.07383678341026408,0.3044810692335426,0,1,True
15115,Ñanduti,Lunes caluroso con tormentas y máxima de 35 grados: el martes la temperatura bajaría hasta 21 grados,2026-09-20 21:00:00-03:00,15105,Red Digital San Pedro,"La primavera es recibida con calor, lluvias y un posterior descenso - Red Digital San Pedro",2026-09-20 21:00:00-03:00,0.8768,1,13,3,0,0,0,0,0,0.0,0.0,0.0,0.0,,,,,0,0.5390895529108313,0.29636349643015564,0.3010238932303673,0.07383678341026408,0.29636349643015564,0,1,True
15115,Ñanduti,Lunes caluroso con tormentas y máxima de 35 grados: el martes la temperatura bajaría hasta 21 grados,2026-09-20 21:00:00-03:00,14984,Diario Paraguayo Noticias,"La primavera es recibida con calor, lluvias y un posterior descenso | Diario Paraguayo",2026-09-20 21:00:00-03:00,0.8729,1,13,4,0,0,0,0,0,0.0,0.0,0.0,0.0,,,,,0,0.4976314646356542,0.2686227633555121,0.2730277030068535,0.07383678341026408,0.2686227633555121,0,1,True
15115,Ñanduti,Lunes caluroso con tormentas y máxima de 35 grados: el martes la temperatura bajaría hasta 21 grados,2026-09-20 21:00:00-03:00,14852,ABC Color,Lunes con tormentas en Paraguay: ¿Hasta qué día va a llover y cuándo volverá el fresco? - Clima - ABC Color,2026-09-20 21:00:00-03:00,0.8719,1,13,7,1,1,0,1,0,0.05,0.0526315789473684,4.871201010907891,0.0535598199746949,dirección de meteorología e hidrología,,dirección de meteorología e hidrología,,0,0.486983609718555,0.3354959719667986,0.3467272221753831,0.16380222566624822,0.3354959719667986,0,1,True
15115,Ñanduti,Lunes caluroso con tormentas y máxima de 35 grados: el martes la temperatura bajaría hasta 21 grados,2026-09-20 21:00:00-03:00,14606,Resumen de Noticias,Prevén caluroso inicio de semana y luego frente frío,2026-09-19 21:00:00-03:00,0.8653,1,13,8,2,2,0,2,0,0.1052631578947368,0.1052631578947368,10.435549202375729,0.1068414502558645,dirección de meteorología e hidrología | dmh,,dirección de meteorología e hidrología | dmh,,0,0.41744814047373974,0.36311227292381526,0.3809786621126628,0.32492764626367043,0.36311227292381526,0,1,True
15280,Ñanduti,Mades hace vista gorda a transformadores de la ANDE en evidente estado de contaminación en San Lorenzo,2026-09-20 21:00:00-03:00,15490,ABC Color,Denuncian contaminación por continuas quemazones en vertedero de Campo 9 - Nacionales - ABC Color,2026-09-20 21:00:00-03:00,0.7981,0,9,10,1,1,0,1,0,0.0526315789473684,0.0555555555555555,5.276666119016055,0.0520753149423335,mades,,mades,,0,0.036743425765845,0.03666117949051851,0.03756488684938932,0.16203856421018628,0.03666117949051851,0,3,True
15280,Ñanduti,Mades hace vista gorda a transformadores de la ANDE en evidente estado de contaminación en San Lorenzo,2026-09-20 21:00:00-03:00,15437,Telefuturo,Vecinos de Molino de Luque denuncian ola de robos,2026-09-20 21:00:00-03:00,0.7529,0,9,1,0,0,0,0,0,0.0,0.0,0.0,0.0,,,,,0,0.004951912868053318,0.003550722794683205,0.003655884171530368,0.04533448416467148,0.003550722794683205,0,3,True
15280,Ñanduti,Mades hace vista gorda a transformadores de la ANDE en evidente estado de contaminación en San Lorenzo,2026-09-20 21:00:00-03:00,15222,Megacadena,Incautan tanques de 45.000 litros en depósito vinculado a una maniobra con cheques robados,2026-09-20 21:00:00-03:00,0.7505,0,9,7,0,0,0,0,0,0.0,0.0,0.0,0.0,,,,,0,0.004446603626136482,0.0032722392058200872,0.003368395423791377,0.04533448416467148,0.0032722392058200872,0,3,True
15280,Ñanduti,Mades hace vista gorda a transformadores de la ANDE en evidente estado de contaminación en San Lorenzo,2026-09-20 21:00:00-03:00,15417,La Clave,"Tape Porã, contaminación e impunidad ante un Ministerio Público inoperante – Diario La Clave",2026-09-20 21:00:00-03:00,0.7485,0,9,8,0,0,0,0,0,0.0,0.0,0.0,0.0,,,,,0,0.004064969701554394,0.0030568770354602926,0.003146113419253633,0.04533448416467148,0.0030568770354602926,0,3,True
15280,Ñanduti,Mades hace vista gorda a transformadores de la ANDE en evidente estado de contaminación en San Lorenzo,2026-09-20 21:00:00-03:00,15024,Ahora CDE,HAMBRE CERO: Padres EXIGEN a gobernador LANDY TORRES garantías sobre la CALIDAD del almuerzo escolar,2026-09-20 21:00:00-03:00,0.727,0,9,8,0,0,0,0,0,0.0,0.0,0.0,0.0,,,,,0,0.0015467684949608666,0.0014693129548266,0.0015091151058233693,0.04533448416467148,0.0014693129548266,0,3,True
15114,Ñanduti,"Rusia Unida obtiene su mejor resultado histórico y revalida la mayoría constitucional en la Duma, según datos oficiales",2026-09-20 21:00:00-03:00,15440,adn,El partido de Putin logra un récord de escaños en Rusia - ADN Digital,2026-09-20 21:00:00-03:00,0.9246,2,15,27,4,4,0,3,1,0.1052631578947368,0.1052631578947368,19.204673560943743,0.0915992495477776,duma | kremlin | rusia unida | ucrania,,duma | kremlin | rusia unida,ucrania,1,0.8996287935108153,0.8624611528848053,0.8676772515507692,0.4150552984435614,0.8624611528848053,1,1,True
15114,Ñanduti,"Rusia Unida obtiene su mejor resultado histórico y revalida la mayoría constitucional en la Duma, según datos oficiales",2026-09-20 21:00:00-03:00,14956,Megacadena,Putin amplía su control del Parlamento ruso tras una elección cuestionada internacionalmente,2026-09-20 21:00:00-03:00,0.918,2,15,14,6,6,0,4,1,0.2608695652173913,0.2608695652173913,29.981149350290064,0.2460703504356513,kremlin | nueva gente | parlamento | partido comunista | rusia unida | ucrania,,kremlin | parlamento | partido comunista | rusia unida,ucrania,1,0.871235401597887,0.9180713137201545,0.9227378158248234,0.8578305608883438,0.9180713137201545,1,1,True
15114,Ñanduti,"Rusia Unida obtiene su mejor resultado histórico y revalida la mayoría constitucional en la Duma, según datos oficiales",2026-09-20 21:00:00-03:00,14720,Amambay News,"El partido del Kremlin gana las elecciones con el 57,5 % de votos, según los primeros resultados - Amambay News",2026-09-19 21:00:00-03:00,0.8827,2,15,19,5,5,1,3,0,0.1666666666666666,0.1724137931034483,25.888253328282424,0.1636074088862163,duma | kremlin | nueva gente | rusia justa | vladímir putin,vladímir putin,duma | kremlin | rusia justa,,1,0.6006169313037796,0.6193531765864854,0.6342107465855644,0.6559930540814937,0.6193531765864854,1,1,True
15114,Ñanduti,"Rusia Unida obtiene su mejor resultado histórico y revalida la mayoría constitucional en la Duma, según datos oficiales",2026-09-20 21:00:00-03:00,14619,adn,Las elecciones en Rusia entran en su última jornada tras denuncias de fraude y una baja participación del electorado - ADN Digital,2026-09-19 21:00:00-03:00,0.8456,2,15,22,8,8,1,6,1,0.2758620689655172,0.2758620689655172,41.10984573322574,0.2636405757551275,kremlin | nikolái ribakov | partido comunista | rusia justa | rusia unida | tribunal supremo | ucrania | yábloko,nikolái ribakov,kremlin | partido comunista | rusia justa | rusia unida | tribunal supremo | yábloko,ucrania,1,0.23639630784585666,0.5493537252472652,0.5820046376676166,0.9431974981674303,0.5493537252472652,1,1,True
15114,Ñanduti,"Rusia Unida obtiene su mejor resultado histórico y revalida la mayoría constitucional en la Duma, según datos oficiales",2026-09-20 21:00:00-03:00,14809,ABC Color,El partido de Putin se perfila ganador en elecciones rusas marcadas por ataque ucraniano - Mundo - ABC Color,2026-09-19 21:00:00-03:00,0.8408,2,15,14,2,2,0,2,0,0.0714285714285714,0.074074074074074,9.77057289878248,0.0669726958003048,duma | rusia unida,,duma | rusia unida,,1,0.20148574048911955,0.17347391305080778,0.17898663077537386,0.24838485271601035,0.17347391305080778,0,1,False
15112,Ñanduti,Alfaro convocó a 28 jugadores para los amistosos de Paraguay ante Bolivia y Colombia: varias caras nuevas en la lista,2026-09-20 21:00:00-03:00,15061,Oviedo Press,Alfaro da a conocer la lista de 28 convocados para el nuevo ciclo de la Albirroja - OviedoPress,2026-09-20 21:00:00-03:00,0.9743,2,42,28,21,21,11,6,4,0.4285714285714285,0.4285714285714285,101.55037370026524,0.3972654429641417,alan benítez | albirroja | alexis cañete | alfaro | atlético tucumán | audi field | bolivia | cléver ferreira | colombia | enso gonzález | estados unidos | gustavo alfaro | hugo quintana | independiente del valle | math | nacional | nueva jersey | robert morales | santiago rojas | sports illustrated stadium | ías villasanti,alan benítez | alexis cañete | alfaro | cléver ferreira | enso gonzález | gustavo alfaro | hugo quintana | math | robert morales | santiago rojas | ías villasanti,albirroja | atlético tucumán | bolivia | colombia | independiente del valle | nacional,audi field | estados unidos | nueva jersey | sports illustrated stadium,1,0.9907422712304456,0.9995584054929014,0.9997377534862895,0.9999115690814504,0.9995584054929014,1,3,True
15112,Ñanduti,Alfaro convocó a 28 jugadores para los amistosos de Paraguay ante Bolivia y Colombia: varias caras nuevas en la lista,2026-09-20 21:00:00-03:00,14994,Diario Paraguayo Noticias,Convocatoria de Paraguay para amistosos ante Bolivia y Colombia | Diario Paraguayo,2026-09-20 21:00:00-03:00,0.9679,2,42,34,20,20,6,9,5,0.3508771929824561,0.3571428571428571,93.53825840595889,0.3228073258211099,albirroja | atlético tucumán | audi field | bolivia | c | colombia | enso gonzález | erro porteño | estados unidos | gustavo alfaro | hugo adrián benítez | hugo quintana | nacional | nueva jersey | paraguay | robert morales | santiago rojas | sports illustrated stadium | washington d.c. | wolverhampton,enso gonzález | gustavo alfaro | hugo adrián benítez | hugo quintana | robert morales | santiago rojas,albirroja | atlético tucumán | bolivia | c | colombia | erro porteño | nacional | paraguay | wolverhampton,audi field | estados unidos | nueva jersey | sports illustrated stadium | washington d.c.,1,0.9876858968393993,0.9998335421779396,0.9998975631571483,0.9999415796518345,0.9998335421779396,1,3,True
15112,Ñanduti,Alfaro convocó a 28 jugadores para los amistosos de Paraguay ante Bolivia y Colombia: varias caras nuevas en la lista,2026-09-20 21:00:00-03:00,14897,La Nación,La Nación / Se inicia un nuevo ciclo,2026-09-20 21:00:00-03:00,0.9662,2,42,31,18,18,7,7,3,0.3272727272727272,0.3272727272727272,83.45101589785136,0.2894424684015526,albirroja | alexis cañete | atlético tucumán | audi field | bolivia | c | colombia | enso gonzález | gustavo alfaro | hugo adrián benítez | hugo quintana | nacional | nueva jersey | paraguay | robert morales | santiago rojas | sports illustrated stadium | wolverhampton,alexis cañete | enso gonzález | gustavo alfaro | hugo adrián benítez | hugo quintana | robert morales | santiago rojas,albirroja | atlético tucumán | bolivia | c | colombia | nacional | wolverhampton,audi field | nueva jersey | sports illustrated stadium,1,0.9867185905007664,0.9991724386252946,0.9994032734285102,0.9995521699765794,0.9991724386252946,1,3,True
15112,Ñanduti,Alfaro convocó a 28 jugadores para los amistosos de Paraguay ante Bolivia y Colombia: varias caras nuevas en la lista,2026-09-20 21:00:00-03:00,14931,Resumen de Noticias,Primera lista de Gustavo Alfaro en la Albirroja tras renovar,2026-09-20 21:00:00-03:00,0.9609,2,42,41,21,21,15,5,1,0.3387096774193548,0.3387096774193548,105.0234897103626,0.3177613579156053,alan benítez | albirroja | alejandro romero gamarra | alexis cañete | atlético tucumán | audi field | bolivia | braian ojeda | colombia | damián bobadilla | enso gonzález | fabián balbuena | gabriel ávalos | gustavo alfaro | gustavo velázquez | hugo adrián benítez | hugo quintana | isidro pitta | nacional | robert morales | santiago rojas,alan benítez | alejandro romero gamarra | alexis cañete | braian ojeda | damián bobadilla | enso gonzález | fabián balbuena | gabriel ávalos | gustavo alfaro | gustavo velázquez | hugo adrián benítez | hugo quintana | isidro pitta | robert morales | santiago rojas,albirroja | atlético tucumán | bolivia | colombia | nacional,audi field,1,0.9831962736399448,0.9943087075146554,0.9967832301861045,0.9993080325686541,0.9943087075146554,1,3,True
15112,Ñanduti,Alfaro convocó a 28 jugadores para los amistosos de Paraguay ante Bolivia y Colombia: varias caras nuevas en la lista,2026-09-20 21:00:00-03:00,14962,Megacadena,Alfaro abre su segundo ciclo en la Albirroja con 28 convocados,2026-09-19 21:00:00-03:00,0.9605,2,42,33,16,16,8,4,4,0.2711864406779661,0.2711864406779661,73.2957686606298,0.2327469388981527,alan benítez | albirroja | alexis cañete | alfaro | audi field | bolivia | colombia | estados unidos | gustavo alfaro | math | nueva jersey | paraguay | robert morales | santiago rojas | sports illustrated stadium | ías villasanti,alan benítez | alexis cañete | alfaro | gustavo alfaro | math | robert morales | santiago rojas | ías villasanti,albirroja | bolivia | colombia | paraguay,audi field | estados unidos | nueva jersey | sports illustrated stadium,1,0.9828958928689252,0.9957831954585408,0.9969638632579604,0.9956798984141744,0.9957831954585408,1,3,True
14806,Ñanduti,"94 meses sin pagar: acumula deuda de G. 58,6 millones por asistencia alimentaria",2026-09-19 21:00:00-03:00,14734,Megacadena,Imputan a un hombre por acumular deuda de G. 58 millones en asistencia alimentaria,2026-09-19 21:00:00-03:00,0.9691,2,9,9,6,6,1,4,1,0.5,0.5,31.38806299861269,0.5012103595907005,banco nacional de fomento | bnf | hernandarias | juzgado de la niñez y adolescencia | unidad penal n.o 4 | víctor adolfo santander,víctor adolfo santander,banco nacional de fomento | bnf | juzgado de la niñez y adolescencia | unidad penal n.o 4,hernandarias,1,0.9883264799494591,0.9993974554151809,0.9994823775024336,0.998933153898485,0.9993974554151809,1,3,True
14806,Ñanduti,"94 meses sin pagar: acumula deuda de G. 58,6 millones por asistencia alimentaria",2026-09-19 21:00:00-03:00,15247,Ahora CDE,Imputan a hombre por no pagar asistencia alimentaria durante 94 meses,2026-09-20 21:00:00-03:00,0.9616,2,9,6,6,6,1,4,1,0.6666666666666666,0.6666666666666666,29.35118107135165,0.6564043876300784,banco nacional de fomento | bnf | hernandarias | ministerio público | unidad penal n.o 4 | víctor adolfo santander,víctor adolfo santander,banco nacional de fomento | bnf | ministerio público | unidad penal n.o 4,hernandarias,1,0.9837095116625235,0.9997933853490462,0.9997972887730688,0.9998954009773682,0.9997933853490462,1,3,True
14806,Ñanduti,"94 meses sin pagar: acumula deuda de G. 58,6 millones por asistencia alimentaria",2026-09-19 21:00:00-03:00,15259,Amambay News,Filizzola cuestiona Hambre Cero y denuncia uso político de recursos - Amambay News,2026-09-20 21:00:00-03:00,0.723,0,9,10,0,0,0,0,0,0.0,0.0,0.0,0.0,,,,,0,0.0012919955321898029,0.0012819585491548584,0.0013161796931322246,0.04533448416467148,0.0012819585491548584,0,3,True
14806,Ñanduti,"94 meses sin pagar: acumula deuda de G. 58,6 millones por asistencia alimentaria",2026-09-19 21:00:00-03:00,14870,Última Hora,Filizzola cuestiona Hambre Cero y denuncia uso político de recursos,2026-09-20 21:00:00-03:00,0.7218,0,9,10,0,0,0,0,0,0.0,0.0,0.0,0.0,,,,,0,0.0012240749590700037,0.0012305515042459127,0.001263254557729093,0.04533448416467148,0.0012305515042459127,0,3,True
14806,Ñanduti,"94 meses sin pagar: acumula deuda de G. 58,6 millones por asistencia alimentaria",2026-09-19 21:00:00-03:00,14776,Popular,"Popular / ""Xuxa"" demandó a su ex paquita por ""malagradecida""",2026-09-19 21:00:00-03:00,0.7162,0,9,13,0,0,0,0,0,0.0,0.0,0.0,0.0,,,,,0,0.000951352428449172,0.0010165817307253118,0.0010430355206286481,0.04533448416467146,0.0010165817307253118,0,3,True
14723,Ñanduti,"Continental, preparado para liderar la nueva era del CDA Digital en Paraguay",2026-09-19 21:00:00-03:00,15374,Ñanduti,Banco Continental integra la emisión y custodia en la nueva era del CDA Digital,2026-09-20 21:00:00-03:00,0.9718,2,5,5,4,4,0,3,0,0.6666666666666666,0.6666666666666666,19.65882679761082,0.7024136444156055,banco central del paraguay | banco continental | bcp | continental,,banco central del paraguay | banco continental | bcp,,1,0.9813803698073368,0.9979929431050202,0.9982613630031062,0.9982699244196822,0.9979929431050202,1,5,True
14723,Ñanduti,"Continental, preparado para liderar la nueva era del CDA Digital en Paraguay",2026-09-19 21:00:00-03:00,15150,Diario Paraguayo Noticias,BCP activa sistema CDA-d para certificados digitales | Diario Paraguayo,2026-09-20 21:00:00-03:00,0.9204,2,5,4,2,2,0,2,0,0.2857142857142857,0.2857142857142857,8.53013041467515,0.2712125925499133,banco central del paraguay | bcp,,banco central del paraguay | bcp,,1,0.8671422870686174,0.9087043423554976,0.9032317585079894,0.8357396700232834,0.9087043423554976,1,5,True
14723,Ñanduti,"Continental, preparado para liderar la nueva era del CDA Digital en Paraguay",2026-09-19 21:00:00-03:00,14990,Diario Paraguayo Noticias,Un paso más hacia la digitalización: BCP pone en marcha el CDA-d desde este lunes | Diario Paraguayo,2026-09-20 21:00:00-03:00,0.9183,2,5,4,2,2,0,2,0,0.25,0.2857142857142857,8.53013041467515,0.2712125925499133,banco central del paraguay | bcp,,banco central del paraguay | bcp,,1,0.8569987980715126,0.9028802725204792,0.8970946904646605,0.8357396700232834,0.9028802725204792,1,5,True
14723,Ñanduti,"Continental, preparado para liderar la nueva era del CDA Digital en Paraguay",2026-09-19 21:00:00-03:00,14894,La Nación,La Nación / Un paso más hacia la digitalización: BCP pone en marcha el CDA-d desde este lunes,2026-09-20 21:00:00-03:00,0.9164,2,5,4,2,2,0,2,0,0.2857142857142857,0.2857142857142857,8.53013041467515,0.2712125925499133,banco central del paraguay | bcp,,banco central del paraguay | bcp,,1,0.8472729185906054,0.8973274751949617,0.8912477006137142,0.8357396700232834,0.8973274751949617,1,5,True
14723,Ñanduti,"Continental, preparado para liderar la nueva era del CDA Digital en Paraguay",2026-09-19 21:00:00-03:00,15472,Más Encarnación,BCP habilita los Certificados de Depósito de Ahorro 100% digitales,2026-09-20 21:00:00-03:00,0.9156,2,5,5,2,2,0,2,0,0.25,0.25,8.53013041467515,0.2322483351448692,banco central del paraguay | bcp,,banco central del paraguay | bcp,,1,0.843018310413339,0.8764145730578093,0.8680677538090096,0.771751520704997,0.8764145730578093,1,5,True
15113,Ñanduti,"La Unión Europea busca no quedarse atrás en inteligencia artificial, pero apuesta por una regulación robusta",2026-09-20 21:00:00-03:00,14915,5Días,Europa debate cómo competir en IA frente a EE.UU.,2026-09-20 21:00:00-03:00,0.9143,2,19,2,1,1,0,1,0,0.05,0.05,5.276666119016055,0.0477937177380039,europa,,europa,,1,0.8305025165599039,0.6209884425068393,0.6275440712809245,0.16130200825006338,0.6209884425068393,1,2,True
15113,Ñanduti,"La Unión Europea busca no quedarse atrás en inteligencia artificial, pero apuesta por una regulación robusta",2026-09-20 21:00:00-03:00,15465,ABC Color,Líderes de 22 países e instituciones reclaman supervisión humana para la IA - Tecnología - ABC Color,2026-09-20 21:00:00-03:00,0.8587,0,19,29,2,2,0,2,0,0.0425531914893617,0.0434782608695652,8.201956980868633,0.031114542454114,estados | gobierno,,estados | gobierno,,0,0.34862577894737784,0.263372362998583,0.2624765145615895,0.20790451203139323,0.263372362998583,0,2,True
15113,Ñanduti,"La Unión Europea busca no quedarse atrás en inteligencia artificial, pero apuesta por una regulación robusta",2026-09-20 21:00:00-03:00,15357,5Días,La IA acelera más rápido que la economía que debe sostenerla,2026-09-20 21:00:00-03:00,0.7972,0,19,0,0,0,0,0,0,0.0,0.0,0.0,0.0,,,,,0,0.04417855150779227,0.023328683818111245,0.023996875003937514,0.06664383517868164,0.023328683818111245,0,2,True
15113,Ñanduti,"La Unión Europea busca no quedarse atrás en inteligencia artificial, pero apuesta por una regulación robusta",2026-09-20 21:00:00-03:00,14999,Diario Paraguayo Noticias,EE. UU. y China establecen diálogo sobre IA | Diario Paraguayo,2026-09-20 21:00:00-03:00,0.793,0,19,16,1,1,0,1,0,0.0285714285714285,0.0294117647058823,3.82974713607973,0.0201143362435243,estados unidos,,estados unidos,,0,0.03763000215225587,0.030757992863094125,0.03067737553150469,0.13053667939700805,0.030757992863094125,0,2,True
15113,Ñanduti,"La Unión Europea busca no quedarse atrás en inteligencia artificial, pero apuesta por una regulación robusta",2026-09-20 21:00:00-03:00,15568,5Días,"El dilema de la IA ya no es cómo frenarla, sino quién la controla",2026-09-20 21:00:00-03:00,0.7929,0,19,0,0,0,0,0,0,0.0,0.0,0.0,0.0,,,,,0,0.0374860447008155,0.020418994320922933,0.02100782088118033,0.06664383517868164,0.020418994320922933,0,2,True
15429,Ñanduti,Imputan a las máximas autoridades de APA por presunta lesión de confianza por cerca de G 2.000 millones,2026-09-20 21:00:00-03:00,15565,La Nación,La Nación / Fiscalía imputa a cuatro directivos de APA por presunto desvío de casi G. 2.000 millones,2026-09-20 21:00:00-03:00,0.9351,2,14,15,8,8,6,2,0,0.3809523809523809,0.3809523809523809,42.492502403902805,0.3702490298450424,apa | david herminio portillo biancotti | fiscalía | humberto victorio rodas orué | juan josé maría vidal bonin | juan leonardi guerrero | julio césar ortiz gonzález | walter mario cabrera martínez,david herminio portillo biancotti | humberto victorio rodas orué | juan josé maría vidal bonin | juan leonardi guerrero | julio césar ortiz gonzález | walter mario cabrera martínez,apa | fiscalía,,1,0.9222494726773627,0.9686880738788262,0.9715940816080926,0.9808905722621162,0.9686880738788262,1,5,True
15429,Ñanduti,Imputan a las máximas autoridades de APA por presunta lesión de confianza por cerca de G 2.000 millones,2026-09-20 21:00:00-03:00,15018,El Observador,Estas son las pruebas por las cuales un Tribunal condenó a Hugo Javier y Robles - El Observador,2026-09-19 21:00:00-03:00,0.8021,0,14,13,0,0,0,0,0,0.0,0.0,0.0,0.0,,,,,0,0.05061284585808019,0.026887953258497837,0.02732029955782849,0.08419775827923137,0.026887953258497837,0,5,True
15429,Ñanduti,Imputan a las máximas autoridades de APA por presunta lesión de confianza por cerca de G 2.000 millones,2026-09-20 21:00:00-03:00,14622,ABC Color,Filizzola acusa a Peña y al cartismo de poner en riesgo los fondos públicos y del IPS - Política - ABC Color,2026-09-19 21:00:00-03:00,0.7911,0,14,23,0,0,0,0,0,0.0,0.0,0.0,0.0,,,,,0,0.032969891672646176,0.018957213839431927,0.019260899287463603,0.08419775827923137,0.018957213839431927,0,5,True
15429,Ñanduti,Imputan a las máximas autoridades de APA por presunta lesión de confianza por cerca de G 2.000 millones,2026-09-20 21:00:00-03:00,15329,ABC Color,Juicio de Miguel Prieto: Defensas cuestionan a fiscal por su falta de objetividad - Política - ABC Color,2026-09-20 21:00:00-03:00,0.783,0,14,20,1,1,0,1,0,0.0294117647058823,0.0303030303030303,3.82974713607973,0.0210053957245584,fiscalía,,fiscalía,,0,0.023943892713132214,0.022621552911980775,0.022227913376382993,0.1587298726916835,0.022621552911980775,0,5,True
15429,Ñanduti,Imputan a las máximas autoridades de APA por presunta lesión de confianza por cerca de G 2.000 millones,2026-09-20 21:00:00-03:00,15363,Resumen de Noticias,Prieto atribuye disputa en Honor Colorado a “negocios”,2026-09-20 21:00:00-03:00,0.7797,0,14,16,1,1,0,1,0,0.0344827586206896,0.0344827586206896,3.82974713607973,0.0246455744585123,fiscalía,,fiscalía,,0,0.021001960252270774,0.02079880563320331,0.020368491094878188,0.16522070101542294,0.02079880563320331,0,5,True
15192,HOY,"Diario HOY | “Tenemos Honor Colorado para rato”, predice Bachi",2026-09-20 21:00:00-03:00,15373,adn,"Larga vida a Honor Colorado, es lo que augura Bachi Núñez - ADN Digital",2026-09-20 21:00:00-03:00,0.9529,2,19,12,11,11,8,3,0,0.55,0.55,46.96911519928963,0.4886238375268904,alliana | anr | basilio núñez | cartes | ce | congreso | césar sosa | honor colorado | horacio cartes | núñez | santiago peña,alliana | basilio núñez | cartes | ce | césar sosa | horacio cartes | núñez | santiago peña,anr | congreso | honor colorado,,1,0.9606119502316067,0.995446238793799,0.9949372822145859,0.9992622457989303,0.995446238793799,1,4,True
15192,HOY,"Diario HOY | “Tenemos Honor Colorado para rato”, predice Bachi",2026-09-20 21:00:00-03:00,15432,Última Hora,"“Mantenerse en primera división es difícil"", advierte Bachi a Cesarito",2026-09-20 21:00:00-03:00,0.9457,2,19,10,5,5,3,2,0,0.2083333333333333,0.2083333333333333,20.733517690212413,0.1733584865082223,bachi | congreso | césar sosa | honor colorado | santiago peña,bachi | césar sosa | santiago peña,congreso | honor colorado,,1,0.9473150798031407,0.9320592210882302,0.925952539112689,0.7950974259815627,0.9320592210882302,1,4,True
15192,HOY,"Diario HOY | “Tenemos Honor Colorado para rato”, predice Bachi",2026-09-20 21:00:00-03:00,15351,HOY,Diario HOY | Dos senadores de “Primera División” le presumen su antigüedad a César Sosa,2026-09-20 21:00:00-03:00,0.9287,2,19,18,5,5,2,2,1,0.15625,0.15625,20.134623047898657,0.1263799387182776,anr | asunción | basilio núñez | congreso | césar sosa,basilio núñez | césar sosa,anr | congreso,asunción,1,0.8974882526776073,0.8697666784534089,0.862480316116539,0.6616845323942786,0.8697666784534089,1,4,True
15192,HOY,"Diario HOY | “Tenemos Honor Colorado para rato”, predice Bachi",2026-09-20 21:00:00-03:00,15253,Amambay News,"Bachi Núñez minimiza la tensión en Honor Colorado: “Hay disparidad de opiniones, pero terminará en coincidencias” - Amambay News",2026-09-20 21:00:00-03:00,0.9155,2,19,13,6,6,4,2,0,0.2222222222222222,0.2307692307692307,24.305435716990043,0.1958234317625807,congreso | césar sosa | honor colorado | horacio cartes | núñez | santiago peña,césar sosa | horacio cartes | núñez | santiago peña,congreso | honor colorado,,1,0.8335241462303797,0.8676019610006181,0.8592079397138643,0.8755884911971948,0.8676019610006181,1,4,True
15192,HOY,"Diario HOY | “Tenemos Honor Colorado para rato”, predice Bachi",2026-09-20 21:00:00-03:00,15205,Resumen de Noticias,Alliana asume el gobierno ante fractura interna en HC,2026-09-20 21:00:00-03:00,0.9054,2,19,20,6,6,5,1,0,0.1818181818181818,0.1818181818181818,23.612288536430096,0.1501094953333803,alliana | cartes | césar sosa | honor colorado | horacio cartes | santiago peña,alliana | cartes | césar sosa | horacio cartes | santiago peña,honor colorado,,1,0.7655294865505974,0.7740784311700414,0.7663629484003777,0.8018939560774134,0.7740784311700414,1,4,True
15351,HOY,Diario HOY | Dos senadores de “Primera División” le presumen su antigüedad a César Sosa,2026-09-20 21:00:00-03:00,15192,HOY,"Diario HOY | “Tenemos Honor Colorado para rato”, predice Bachi",2026-09-20 21:00:00-03:00,0.9287,2,18,19,5,5,2,2,1,0.15625,0.15625,20.134623047898657,0.1263799387182776,anr | asunción | basilio núñez | congreso | césar sosa,basilio núñez | césar sosa,anr | congreso,asunción,1,0.8974882526776073,0.8697666784534089,0.862480316116539,0.6616845323942786,0.8697666784534089,1,4,True
15351,HOY,Diario HOY | Dos senadores de “Primera División” le presumen su antigüedad a César Sosa,2026-09-20 21:00:00-03:00,15572,Telefuturo,Conflicto en Honor Colorado por declaraciones de César Sosa,2026-09-20 21:00:00-03:00,0.9114,2,18,6,5,5,5,0,0,0.2631578947368421,0.2631578947368421,25.14631598355305,0.2726697428169768,basil | césar sosa | io núñez | silvio ovelar | sosa,basil | césar sosa | io núñez | silvio ovelar | sosa,,,1,0.8080272810995413,0.8497613434483705,0.8745095185924546,0.8722225264354329,0.8497613434483705,1,4,True
15351,HOY,Diario HOY | Dos senadores de “Primera División” le presumen su antigüedad a César Sosa,2026-09-20 21:00:00-03:00,15432,Última Hora,"“Mantenerse en primera división es difícil"", advierte Bachi a Cesarito",2026-09-20 21:00:00-03:00,0.8996,2,18,10,3,3,1,1,1,0.12,0.12,13.160169368766152,0.1053420515152595,congreso | césar sosa | guairá,césar sosa,congreso,guairá,1,0.7186348472049598,0.629376473903998,0.6302940399366037,0.3909979317119369,0.629376473903998,1,4,True
15351,HOY,Diario HOY | Dos senadores de “Primera División” le presumen su antigüedad a César Sosa,2026-09-20 21:00:00-03:00,15373,adn,"Larga vida a Honor Colorado, es lo que augura Bachi Núñez - ADN Digital",2026-09-20 21:00:00-03:00,0.8814,2,18,12,4,4,2,2,0,0.1538461538461538,0.1538461538461538,17.232862683456272,0.1394051767216743,anr | basilio núñez | congreso | césar sosa,basilio núñez | césar sosa,anr | congreso,,1,0.5417076795102327,0.5437308581359408,0.5444546837574771,0.6010555276793155,0.5437308581359408,1,4,True
15351,HOY,Diario HOY | Dos senadores de “Primera División” le presumen su antigüedad a César Sosa,2026-09-20 21:00:00-03:00,15297,Resumen de Noticias,“Lo que se ve no se pregunta”: Ovelar habla de crisis en Honor Colorado,2026-09-20 21:00:00-03:00,0.8747,1,18,13,3,3,2,0,1,0.1071428571428571,0.1071428571428571,13.04962749436633,0.0978611148007332,asunción | ovelar | silvio ovelar,ovelar | silvio ovelar,,asunción,0,0.4709280168676013,0.40465714448357637,0.416873516783385,0.35404161278908247,0.40465714448357637,0,4,True
