target_id,target_source,target_title,target_date,candidate_id,candidate_source,candidate_title,candidate_date,similarity,event_label,target_entity_count,candidate_entity_count,shared_entities_raw,shared_entities,shared_per,shared_org,shared_loc,entity_jaccard_raw,entity_jaccard,idf_overlap,idf_jaccard,shared_entity_names,shared_person_names,shared_org_names,shared_location_names,same_event,prob_jina_only,prob_jina_plus_basic_ner,prob_jina_plus_idf_ner,prob_ner_only
15489,ABC Color,Senado culmina audiencias y avanza hacia las ternas para la Defensoría del Pueblo - Política - ABC Color,2026-09-20 21:00:00-03:00,14941,adn,Juicio a Hernán Rivas se reanuda hoy con los alegatos finales de la Fiscalía - ADN Digital,2026-09-20 21:00:00-03:00,0.8049,0,24,19,2,2,0,2,0,0.048780487804878,0.048780487804878,9.924723578609736,0.0441815886235683,jem | jurado de enjuiciamiento de magistrados,,jem | jurado de enjuiciamiento de magistrados,,0,0.06536735499736535,0.06645860110881247,0.06816381097804654,0.25004054308780765
15489,ABC Color,Senado culmina audiencias y avanza hacia las ternas para la Defensoría del Pueblo - Política - ABC Color,2026-09-20 21:00:00-03:00,15372,adn,Comisión investigará deudas y pagos selectivos en IPS y Salud - ADN Digital,2026-09-20 21:00:00-03:00,0.7937,0,24,23,3,3,0,3,0,0.0681818181818181,0.0681818181818181,11.822665171815697,0.0490052566094965,anr | estado | senado,,anr | estado | senado,,0,0.03212173662212716,0.07309067066660363,0.07108635529239671,0.3842842255217563
15489,ABC Color,Senado culmina audiencias y avanza hacia las ternas para la Defensoría del Pueblo - Política - ABC Color,2026-09-20 21:00:00-03:00,14612,adn,Rigo Chamorro propone una Junta Municipal con “menos confrontación y más soluciones” - ADN Digital,2026-09-19 21:00:00-03:00,0.7909,0,24,25,1,1,0,1,0,0.0208333333333333,0.0208333333333333,3.890371757896165,0.0143124738019708,anr,,anr,,0,0.026983793481671684,0.021852944940085068,0.022006488575365225,0.1107816888757165
15489,ABC Color,Senado culmina audiencias y avanza hacia las ternas para la Defensoría del Pueblo - Política - ABC Color,2026-09-20 21:00:00-03:00,14566,La Nación,La Nación / Candidata de Lista 1 no objetará mesas del PLRA en Capiatá pese a vencer plazo electoral,2026-09-19 21:00:00-03:00,0.7878,0,24,21,1,1,0,1,0,0.0227272727272727,0.0227272727272727,3.890371757896165,0.0164757833572126,anr,,anr,,0,0.022031955541465857,0.021350139556660073,0.021335126728744047,0.1385310390568725
15489,ABC Color,Senado culmina audiencias y avanza hacia las ternas para la Defensoría del Pueblo - Política - ABC Color,2026-09-20 21:00:00-03:00,14875,Última Hora,Parlamentarios están expectantes ante la sentencia en el caso Rivas,2026-09-20 21:00:00-03:00,0.787,0,24,14,0,0,0,0,0,0.0,0.0,0.0,0.0,,,,,0,0.022991298696267648,0.013406107714585799,0.013732875719772848,0.06752226241047318
15119,ABC Color,San Ignacio: trabajadores de salud cierran la ruta PY01 y exigen aumento salarial del 50% - Nacionales - ABC Color,2026-09-20 21:00:00-03:00,15339,Última Hora,Personal de blanco se moviliza en Misiones para exigir aumento salarial del 50%,2026-09-20 21:00:00-03:00,0.939,2,13,8,2,2,0,1,1,0.1,0.1052631578947368,10.281398522548468,0.1030269814166164,asociación salud unida paraguay | misiones,,asociación salud unida paraguay,misiones,1,0.9530829564455555,0.8890032776171419,0.8971988535752452,0.33937614207897193
15119,ABC Color,San Ignacio: trabajadores de salud cierran la ruta PY01 y exigen aumento salarial del 50% - Nacionales - ABC Color,2026-09-20 21:00:00-03:00,15504,Resumen de Noticias,Gremios de salud marcharán por reajuste salarial del 50%,2026-09-20 21:00:00-03:00,0.8968,1,13,16,0,0,0,0,0,0.0,0.0,0.0,0.0,,,,,0,0.7507649964641244,0.39539371327530265,0.4000761287501041,0.07357579161808975
15119,ABC Color,San Ignacio: trabajadores de salud cierran la ruta PY01 y exigen aumento salarial del 50% - Nacionales - ABC Color,2026-09-20 21:00:00-03:00,14936,adn,Trabajadores de salud piden 50% de aumento y cifran reclamo en USD 103 millones - ADN Digital,2026-09-20 21:00:00-03:00,0.8916,1,13,6,0,0,0,0,0,0.0,0.0,0.0,0.0,,,,,0,0.7088454897887607,0.35488192132435303,0.35941695616795044,0.07357579161808975
15119,ABC Color,San Ignacio: trabajadores de salud cierran la ruta PY01 y exigen aumento salarial del 50% - Nacionales - ABC Color,2026-09-20 21:00:00-03:00,15426,ABC Color,Gremios de salud se movilizan mañana por reajuste y carrera sanitaria - Nacionales - ABC Color,2026-09-20 21:00:00-03:00,0.8819,1,13,29,1,1,1,0,0,0.0232558139534883,0.024390243902439,4.3603753871419,0.0186830838655492,isaías fretes,isaías fretes,,,0,0.6200144477612464,0.2955335842315309,0.30180290536630006,0.10027607436205614
15119,ABC Color,San Ignacio: trabajadores de salud cierran la ruta PY01 y exigen aumento salarial del 50% - Nacionales - ABC Color,2026-09-20 21:00:00-03:00,14611,adn,Unos 16 sindicatos de Salud marcharán por reajuste salarial y carrera sanitaria - ADN Digital,2026-09-19 21:00:00-03:00,0.8705,1,13,18,1,1,1,0,0,0.032258064516129,0.0333333333333333,4.3603753871419,0.0276985322492109,isaías fretes,isaías fretes,,,0,0.4370201238335405,0.2539471237806994,0.2559150413093749,0.12457948372553203
15317,ABC Color,Día de la Juventud: jóvenes encabezan estadísticas de muertes y lesiones por siniestros viales - Nacionales - ABC Color,2026-09-20 21:00:00-03:00,15364,Resumen de Noticias,"Jóvenes, los más afectados por siniestros viales",2026-09-20 21:00:00-03:00,0.9712,2,6,7,6,6,0,5,1,0.75,0.8571428571428571,27.00395519773498,0.8189526532260684,agencia nacional de tránsito y seguridad vial | antsv | hospital de trauma | ministerio de salud pública y bienestar social | paraguay | policía nacional,,agencia nacional de tránsito y seguridad vial | antsv | hospital de trauma | ministerio de salud pública y bienestar social | policía nacional,paraguay,1,0.9844647963066463,0.9994856615695691,0.9994420716566369,0.9999294073741836
15317,ABC Color,Día de la Juventud: jóvenes encabezan estadísticas de muertes y lesiones por siniestros viales - Nacionales - ABC Color,2026-09-20 21:00:00-03:00,15473,Más Encarnación,"Jóvenes, los más afectados por siniestros viales",2026-09-20 21:00:00-03:00,0.9578,2,6,7,6,6,0,5,1,0.75,0.8571428571428571,27.00395519773498,0.8365376531250998,agencia nacional de tránsito y seguridad vial | antsv | hospital de trauma | ministerio de salud pública y bienestar social | paraguay | policía nacional,,agencia nacional de tránsito y seguridad vial | antsv | hospital de trauma | ministerio de salud pública y bienestar social | policía nacional,paraguay,1,0.9789913115902699,0.9999345207821912,0.9999289886220614,0.9999947698880448
15317,ABC Color,Día de la Juventud: jóvenes encabezan estadísticas de muertes y lesiones por siniestros viales - Nacionales - ABC Color,2026-09-20 21:00:00-03:00,14825,ABC Color,Día de la Juventud: hurto y violencia familiar encabezan los delitos cometidos por jóvenes en Paraguay - Nacionales - ABC Color,2026-09-20 21:00:00-03:00,0.7578,0,6,4,2,1,0,0,1,0.2,0.1111111111111111,2.358895386931776,0.0541937171803497,paraguay,,,paraguay,0,0.008442873007020851,0.01604538931076972,0.012438107860225724,0.15302482773927956
15317,ABC Color,Día de la Juventud: jóvenes encabezan estadísticas de muertes y lesiones por siniestros viales - Nacionales - ABC Color,2026-09-20 21:00:00-03:00,15245,La Clave,Cuatro personas mueren en accidentes durante el fin de semana en Alto Paraná – Diario La Clave,2026-09-20 21:00:00-03:00,0.755,0,6,11,0,0,0,0,0,0.0,0.0,0.0,0.0,,,,,0,0.007550113060309538,0.006032455953533852,0.0062111860027752284,0.061165266197872895
15317,ABC Color,Día de la Juventud: jóvenes encabezan estadísticas de muertes y lesiones por siniestros viales - Nacionales - ABC Color,2026-09-20 21:00:00-03:00,14821,ABC Color,"Así es la juventud en Paraguay: cuántos son, a qué se dedican y cuál es su realidad, según el INE - Nacionales - ABC Color",2026-09-20 21:00:00-03:00,0.7448,0,6,3,2,1,0,0,1,0.2222222222222222,0.125,2.358895386931776,0.0652151126197627,paraguay,,,paraguay,0,0.003965006180554808,0.00882815604902287,0.006684570861435433,0.19079286263827064
14809,ABC Color,El partido de Putin se perfila ganador en elecciones rusas marcadas por ataque ucraniano - Mundo - ABC Color,2026-09-19 21:00:00-03:00,15134,La Tribuna,Drones ucranianos golpean Moscú ante el cierre electoral de Putin,2026-09-20 21:00:00-03:00,0.9531,2,14,18,6,6,2,2,2,0.2222222222222222,0.2307692307692307,31.33481848409388,0.22255703324823,andréi vorobiov | comisión electoral | jersón | moscú | putin | rusia unida,andréi vorobiov | putin,comisión electoral | rusia unida,jersón | moscú,1,0.9679501667085707,0.9787941226976141,0.9806029398193392,0.9109118263867604
14809,ABC Color,El partido de Putin se perfila ganador en elecciones rusas marcadas por ataque ucraniano - Mundo - ABC Color,2026-09-19 21:00:00-03:00,14619,adn,Las elecciones en Rusia entran en su última jornada tras denuncias de fraude y una baja participación del electorado - ADN Digital,2026-09-19 21:00:00-03:00,0.9397,1,14,22,5,5,2,2,1,0.15625,0.1612903225806451,24.971962596408268,0.1492219489732068,ldpr | moscú | putin | rusia unida | serguéi sobianin,putin | serguéi sobianin,ldpr | rusia unida,moscú,0,0.9544461067056383,0.9524113116226962,0.9567211491799232,0.7714462162202589
14809,ABC Color,El partido de Putin se perfila ganador en elecciones rusas marcadas por ataque ucraniano - Mundo - ABC Color,2026-09-19 21:00:00-03:00,14720,Amambay News,"El partido del Kremlin gana las elecciones con el 57,5 % de votos, según los primeros resultados - Amambay News",2026-09-19 21:00:00-03:00,0.9271,1,14,19,4,4,1,1,1,0.1290322580645161,0.1379310344827586,20.6603773734358,0.130152010663141,duma | kiev | moscú | serguéi sobianin,serguéi sobianin,duma,moscú,0,0.8956448577995766,0.8390427568680555,0.8458363630316789,0.4983825051198399
14809,ABC Color,El partido de Putin se perfila ganador en elecciones rusas marcadas por ataque ucraniano - Mundo - ABC Color,2026-09-19 21:00:00-03:00,15440,adn,El partido de Putin logra un récord de escaños en Rusia - ADN Digital,2026-09-20 21:00:00-03:00,0.9056,1,14,27,4,4,1,3,0,0.1052631578947368,0.1081081081081081,19.695296477392212,0.0963342031524249,duma | ldpr | putin | rusia unida,putin,duma | ldpr | rusia unida,,0,0.8229224718329454,0.8510847042945531,0.8571663028299421,0.6347909506383219
14809,ABC Color,El partido de Putin se perfila ganador en elecciones rusas marcadas por ataque ucraniano - Mundo - ABC Color,2026-09-19 21:00:00-03:00,14956,Megacadena,Putin amplía su control del Parlamento ruso tras una elección cuestionada internacionalmente,2026-09-20 21:00:00-03:00,0.88,1,14,14,4,4,1,2,0,0.16,0.1666666666666666,19.918440028706424,0.1566149624016295,kiev | ldpr | putin | rusia unida,putin,ldpr | rusia unida,,0,0.602243974060407,0.624051851777554,0.628047963140844,0.6510242888133907
14834,ABC Color,Pargos Tech consolida su expansión con la inauguración de su nuevo Centro de distribución y logística - Negocios - ABC Color,2026-09-20 21:00:00-03:00,14992,Diario Paraguayo Noticias,Tecnología para no perder margen: así se prepara la agroindustria de Alto Paraná para una nueva campaña | Diario Paraguayo,2026-09-20 21:00:00-03:00,0.7328,0,4,10,0,0,0,0,0,0.0,0.0,0.0,0.0,,,,,0,0.002248806244070689,0.0017339298159111695,0.001800219367632684,0.057234142518423174
14834,ABC Color,Pargos Tech consolida su expansión con la inauguración de su nuevo Centro de distribución y logística - Negocios - ABC Color,2026-09-20 21:00:00-03:00,15001,Diario Paraguayo Noticias,Disponibilidad tecnológica: estrategia empresarial clave | Diario Paraguayo,2026-09-20 21:00:00-03:00,0.7253,0,4,3,0,0,0,0,0,0.0,0.0,0.0,0.0,,,,,0,0.0026797816513564453,0.002174431567362952,0.0022322734671118183,0.07357579161808975
14834,ABC Color,Pargos Tech consolida su expansión con la inauguración de su nuevo Centro de distribución y logística - Negocios - ABC Color,2026-09-20 21:00:00-03:00,15348,La Nación,La Nación / MAG entrega implementos agrícolas por más de G. 700 millones a productores de Eugenio A. Garay,2026-09-20 21:00:00-03:00,0.71,0,4,9,0,0,0,0,0,0.0,0.0,0.0,0.0,,,,,0,0.0012427038219989398,0.0015479869156009582,0.0015979615783483167,0.061165266197872895
14834,ABC Color,Pargos Tech consolida su expansión con la inauguración de su nuevo Centro de distribución y logística - Negocios - ABC Color,2026-09-20 21:00:00-03:00,15196,5Días,Grupo Luminotecnia celebra 35 años de trayectoria e impacto en la industria paraguaya,2026-09-20 21:00:00-03:00,0.7061,0,4,1,0,0,0,0,0,0.0,0.0,0.0,0.0,,,,,0,0.0006926738197910537,0.0006762099930642094,0.0007017156131625732,0.057234142518423174
14834,ABC Color,Pargos Tech consolida su expansión con la inauguración de su nuevo Centro de distribución y logística - Negocios - ABC Color,2026-09-20 21:00:00-03:00,15169,ABC Color,"Munich, tradición que se transforma - Negocios - ABC Color",2026-09-20 21:00:00-03:00,0.7042,0,4,9,1,0,0,0,0,0.0714285714285714,0.0,0.0,0.0,,,,,0,0.0007198124547913172,0.000879338250510011,0.0008958931329861078,0.06752226241047318
14684,ABC Color,Final feliz: localizan a familiares de una mujer desorientada en Asunción - Policiales - ABC Color,2026-09-19 21:00:00-03:00,15334,Última Hora,Policías rescatan a víctima de una agresión brutal en un auto y detienen a la pareja en Caaguazú,2026-09-20 21:00:00-03:00,0.7825,0,7,5,0,0,0,0,0,0.0,0.0,0.0,0.0,,,,,0,0.017639230008520353,0.015599665127998711,0.015934542696128266,0.0839170613412685
14684,ABC Color,Final feliz: localizan a familiares de una mujer desorientada en Asunción - Policiales - ABC Color,2026-09-19 21:00:00-03:00,15117,ABC Color,Alerta Mafe: estas son las personas reportadas como desaparecidas en los últimos días - Nacionales - ABC Color,2026-09-20 21:00:00-03:00,0.7717,0,7,17,1,0,0,0,0,0.04,0.0,0.0,0.0,,,,,0,0.011183227758816881,0.01086666654536571,0.01109581200414449,0.0839170613412685
14684,ABC Color,Final feliz: localizan a familiares de una mujer desorientada en Asunción - Policiales - ABC Color,2026-09-19 21:00:00-03:00,15193,NPY,Mujer fue brutalmente golpeada y su actual pareja es el principal sospechoso,2026-09-20 21:00:00-03:00,0.7713,0,7,8,0,0,0,0,0,0.0,0.0,0.0,0.0,,,,,0,0.01736338284999865,0.009963195186998475,0.010207756241427871,0.07357579161808975
14684,ABC Color,Final feliz: localizan a familiares de una mujer desorientada en Asunción - Policiales - ABC Color,2026-09-19 21:00:00-03:00,15051,Amambay News,Aprehenden a funcionario público denunciado por violencia familiar en PJC - Amambay News,2026-09-20 21:00:00-03:00,0.7586,0,7,8,0,0,0,0,0,0.0,0.0,0.0,0.0,,,,,0,0.010396092279454525,0.006553062181438973,0.006717825601044418,0.07357579161808975
14684,ABC Color,Final feliz: localizan a familiares de una mujer desorientada en Asunción - Policiales - ABC Color,2026-09-19 21:00:00-03:00,14679,Última Hora,"Asalto con toma de rehén, persecución y tiroteo con policías en María Auxiliadora",2026-09-19 21:00:00-03:00,0.7351,0,7,5,0,0,0,0,0,0.0,0.0,0.0,0.0,,,,,0,0.0023554998845419822,0.0031643607687273463,0.0032263761923745104,0.0839170613412685
15491,ABC Color,Elecciones Municipales: La importancia de los observadores - Política - ABC Color,2026-09-20 21:00:00-03:00,14863,Última Hora,No hay observadores nacionales para municipales y sugieren ley,2026-09-20 21:00:00-03:00,0.8885,1,10,16,4,4,0,4,0,0.1739130434782608,0.1818181818181818,19.9548076728773,0.1635522407500899,oea | tribunal superior de justicia electoral | tsje | unión europea,,oea | tribunal superior de justicia electoral | tsje | unión europea,,0,0.6859140861245555,0.8812392780401699,0.8793420756973703,0.8499332718550175
15491,ABC Color,Elecciones Municipales: La importancia de los observadores - Política - ABC Color,2026-09-20 21:00:00-03:00,15210,adn,Advierten que dudas de opositores afectarían negativamente en la participación en las municipales - ADN Digital,2026-09-20 21:00:00-03:00,0.8256,1,10,5,1,1,0,1,0,0.0625,0.0714285714285714,4.465735902799727,0.061288672146817,tsje,,tsje,,0,0.14032741323625147,0.10252733290289928,0.101553728848029,0.20431179153976614
15491,ABC Color,Elecciones Municipales: La importancia de los observadores - Política - ABC Color,2026-09-20 21:00:00-03:00,14669,Última Hora,Justicia Electoral y el Ministerio Público coordinan aplicación del Voto Asistido,2026-09-19 21:00:00-03:00,0.7933,0,10,7,0,0,0,0,0,0.0,0.0,0.0,0.0,,,,,0,0.029767785899582972,0.016458711489390928,0.01686586102843622,0.06752226241047318
15491,ABC Color,Elecciones Municipales: La importancia de los observadores - Política - ABC Color,2026-09-20 21:00:00-03:00,14783,Diario Paraguayo Noticias,Distribución de máquinas de votación inicia el 27 | Diario Paraguayo,2026-09-19 21:00:00-03:00,0.7854,0,10,26,2,2,0,2,0,0.0571428571428571,0.0588235294117647,9.336936913707618,0.0536790559630681,tribunal superior de justicia electoral | tsje,,tribunal superior de justicia electoral | tsje,,0,0.019923949535396362,0.024290522528103597,0.024716131231457834,0.265301100897892
15491,ABC Color,Elecciones Municipales: La importancia de los observadores - Política - ABC Color,2026-09-20 21:00:00-03:00,15149,Diario Paraguayo Noticias,TSJE responde sobre verificación de máquinas electorales | Diario Paraguayo,2026-09-20 21:00:00-03:00,0.7804,0,10,8,2,2,0,2,0,0.1111111111111111,0.125,9.336936913707618,0.1158337012655546,tribunal superior de justicia electoral | tsje,,tribunal superior de justicia electoral | tsje,,0,0.020701584329365943,0.042020504959859276,0.042882428013083895,0.388941761740528
14677,ABC Color,Gobernador vaticina victoria de la ANR en los 10 distritos de Misiones - Política - ABC Color,2026-09-19 21:00:00-03:00,15120,ABC Color,Senador minimiza disputas internas en HC y apunta a los 10 distritos de Misiones - Política - ABC Color,2026-09-20 21:00:00-03:00,0.9205,2,11,19,7,7,2,2,3,0.28,0.3043478260869565,33.97915177237859,0.2935645232772832,anr | ayolas | josé mutti | misiones | partido colorado | richard ramírez | santa rosa,josé mutti | richard ramírez,anr | partido colorado,ayolas | misiones | santa rosa,1,0.8882598439766968,0.9645865772936483,0.9680015047058016,0.9680561668309752
14677,ABC Color,Gobernador vaticina victoria de la ANR en los 10 distritos de Misiones - Política - ABC Color,2026-09-19 21:00:00-03:00,14630,ABC Color,ANR busca unidad en Ayolas y minimiza crisis de la cúpula nacional - Política - ABC Color,2026-09-19 21:00:00-03:00,0.9138,2,11,25,8,8,2,2,4,0.2758620689655172,0.2857142857142857,39.25581789139465,0.2635753527966528,anr | ayolas | josé mutti | misiones | partido colorado | richard ramírez | san patricio | santa rosa,josé mutti | richard ramírez,anr | partido colorado,ayolas | misiones | san patricio | santa rosa,1,0.869711636799003,0.9532121425874179,0.960182004632623,0.9598104426776167
14677,ABC Color,Gobernador vaticina victoria de la ANR en los 10 distritos de Misiones - Política - ABC Color,2026-09-19 21:00:00-03:00,15192,HOY,"Diario HOY | “Tenemos Honor Colorado para rato”, predice Bachi",2026-09-20 21:00:00-03:00,0.8729,0,11,19,2,2,1,1,0,0.0689655172413793,0.0714285714285714,7.914274908416852,0.0580728210110384,anr | césar sosa,césar sosa,anr,,0,0.5230191921847831,0.38707977120271436,0.38555934357605376,0.25312370712054655
14677,ABC Color,Gobernador vaticina victoria de la ANR en los 10 distritos de Misiones - Política - ABC Color,2026-09-19 21:00:00-03:00,15205,Resumen de Noticias,Alliana asume el gobierno ante fractura interna en HC,2026-09-20 21:00:00-03:00,0.8708,0,11,20,3,3,2,1,0,0.1034482758620689,0.1071428571428571,12.386979480532672,0.0945393070416789,césar sosa | partido colorado | pedro alliana,césar sosa | pedro alliana,partido colorado,,0,0.44018184926450543,0.3212844528254978,0.32139410465440943,0.336872860016749
14677,ABC Color,Gobernador vaticina victoria de la ANR en los 10 distritos de Misiones - Política - ABC Color,2026-09-19 21:00:00-03:00,14667,Última Hora,"Dirigentes admiten preferencias, pero relativizan interna por vice",2026-09-19 21:00:00-03:00,0.8656,0,11,12,2,2,2,0,0,0.0909090909090909,0.0952380952380952,8.121914273195095,0.0790357604908707,césar sosa | pedro alliana,césar sosa | pedro alliana,,,0,0.38627579828916003,0.2680376393587481,0.2619296288416192,0.22645360391763567
15325,ABC Color,"Orlando Gill y Meli Ávalos, enamorados en París - Gente - ABC Color",2026-09-20 21:00:00-03:00,14849,ABC Color,¡Fátima Fernández Mercado ya pasó al club de las casadas! - Gente - ABC Color,2026-09-20 21:00:00-03:00,0.773,0,12,12,1,0,0,0,0,0.04,0.0,0.0,0.0,,,,,0,0.013128570651623277,0.007130047071050496,0.0074070190472190515,0.057234142518423174
15325,ABC Color,"Orlando Gill y Meli Ávalos, enamorados en París - Gente - ABC Color",2026-09-20 21:00:00-03:00,14562,Última Hora,El casamiento de Arlette y Fabrizio,2026-09-19 21:00:00-03:00,0.7714,0,12,8,0,0,0,0,0,0.0,0.0,0.0,0.0,,,,,0,0.017433380667413498,0.009996056294952317,0.010241375651960344,0.07357579161808975
15325,ABC Color,"Orlando Gill y Meli Ávalos, enamorados en París - Gente - ABC Color",2026-09-20 21:00:00-03:00,15449,Popular,Popular / ¡Celebraron su boda de plata!,2026-09-20 21:00:00-03:00,0.7657,0,12,5,0,0,0,0,0,0.0,0.0,0.0,0.0,,,,,0,0.00950630103664229,0.006675527956485141,0.006829346203138,0.06752226241047318
15325,ABC Color,"Orlando Gill y Meli Ávalos, enamorados en París - Gente - ABC Color",2026-09-20 21:00:00-03:00,15412,Crónica,[VIDEO] Te mostramos el álbum de bodas de la actriz Fátima Fernández,2026-09-20 21:00:00-03:00,0.7572,0,12,6,0,0,0,0,0,0.0,0.0,0.0,0.0,,,,,0,0.00657734214329971,0.0040939816584510715,0.0042521813203798275,0.057234142518423174
15325,ABC Color,"Orlando Gill y Meli Ávalos, enamorados en París - Gente - ABC Color",2026-09-20 21:00:00-03:00,15498,La Nación,La Nación / ¡No es visita! Paraguaya presume que su novio llega a su casa y hace de todo,2026-09-20 21:00:00-03:00,0.7472,0,12,7,0,0,0,0,0,0.0,0.0,0.0,0.0,,,,,0,0.004239099972690201,0.002879639347261212,0.0029904584354153337,0.057234142518423174
15330,ABC Color,PGN 2027: Salud tendrá más recursos pese a limitada ejecución 2026 - Economía - ABC Color,2026-09-20 21:00:00-03:00,15071,QAP Chaco News,PGN 2027: más gasto bajo presión fiscal - QAP CHACO NEWS,2026-09-20 21:00:00-03:00,0.8707,0,12,5,0,0,0,0,0,0.0,0.0,0.0,0.0,,,,,0,0.5085084756019598,0.21538172865902008,0.21887942986454748,0.07357579161808975
15330,ABC Color,PGN 2027: Salud tendrá más recursos pese a limitada ejecución 2026 - Economía - ABC Color,2026-09-20 21:00:00-03:00,14859,Última Hora,"PGN 2027: Advierten de más gasto y deuda, con menor margen fiscal",2026-09-20 21:00:00-03:00,0.8449,0,12,6,0,0,0,0,0,0.0,0.0,0.0,0.0,,,,,0,0.26457211505474715,0.1042474077452271,0.106281192986295,0.07357579161808975
15330,ABC Color,PGN 2027: Salud tendrá más recursos pese a limitada ejecución 2026 - Economía - ABC Color,2026-09-20 21:00:00-03:00,15474,La Nación,La Nación / Ministro de Salud anuncia controles estrictos al desempeño de los médicos,2026-09-20 21:00:00-03:00,0.8017,0,12,7,1,1,0,1,0,0.0526315789473684,0.0555555555555555,5.276666119016055,0.0565259824212516,comisión bicameral de presupuesto,,comisión bicameral de presupuesto,,0,0.045119624284896125,0.041647122308595526,0.044127303145974954,0.1915081509868147
15330,ABC Color,PGN 2027: Salud tendrá más recursos pese a limitada ejecución 2026 - Economía - ABC Color,2026-09-20 21:00:00-03:00,14682,El Independiente,Ministro de salud llevará sus visitas sorpresa a hospitales de todo el país,2026-09-19 21:00:00-03:00,0.7944,0,12,6,2,2,1,1,0,0.1176470588235294,0.125,9.413897954843746,0.1126740500033271,isaías fretes | ministerio,isaías fretes,ministerio,,0,0.029015215676160083,0.04149354281172902,0.04087200362739836,0.36046689156365674
15330,ABC Color,PGN 2027: Salud tendrá más recursos pese a limitada ejecución 2026 - Economía - ABC Color,2026-09-20 21:00:00-03:00,15257,Amambay News,Fretes anuncia visitas sorpresa a hospitales públicos de todo el país - Amambay News,2026-09-20 21:00:00-03:00,0.7932,0,12,9,1,1,1,0,0,0.0476190476190476,0.05,4.3603753871419,0.0431791450835874,isaías fretes,isaías fretes,,,0,0.03417102530328769,0.025518941187017884,0.02567710312424245,0.12053840677099896
14836,ABC Color,Los hutíes dicen haber atacado “sitios sensibles” en la capital de Arabia Saudita - Mundo - ABC Color,2026-09-20 21:00:00-03:00,14983,Diario Paraguayo Noticias,Ataques hutíes contra Arabia Saudí propician “escalada peligrosa” | Diario Paraguayo,2026-09-20 21:00:00-03:00,0.9053,2,14,11,6,6,0,1,5,0.2857142857142857,0.3157894736842105,28.416275849231017,0.2880514422038819,arabia saudí | aramco | irán | riad | yanbu | yemen,,aramco,arabia saudí | irán | riad | yanbu | yemen,1,0.7741372852045326,0.9540476167893016,0.9555599106629172,0.9583772104562486
14836,ABC Color,Los hutíes dicen haber atacado “sitios sensibles” en la capital de Arabia Saudita - Mundo - ABC Color,2026-09-20 21:00:00-03:00,15376,Megacadena,El Gobierno yemení frena el avance hutí en Taiz y Marib,2026-09-20 21:00:00-03:00,0.9024,2,14,9,1,1,0,1,0,0.0434782608695652,0.0454545454545454,4.871201010907891,0.0414511891923395,arabia saudita,,arabia saudita,,1,0.7411845017402472,0.46912046366445764,0.4742213633373048,0.1418939580163667
14836,ABC Color,Los hutíes dicen haber atacado “sitios sensibles” en la capital de Arabia Saudita - Mundo - ABC Color,2026-09-20 21:00:00-03:00,14868,Última Hora,Ataques hutíes contra Arabia Saudí propician “escalada peligrosa”,2026-09-20 21:00:00-03:00,0.9015,2,14,13,6,6,0,1,5,0.2727272727272727,0.2857142857142857,28.416275849231017,0.2638483887905371,arabia saudí | aramco | irán | riad | yanbu | yemen,,aramco,arabia saudí | irán | riad | yanbu | yemen,1,0.7449423216698391,0.9394944675609781,0.9433478183440616,0.9437806674084981
14836,ABC Color,Los hutíes dicen haber atacado “sitios sensibles” en la capital de Arabia Saudita - Mundo - ABC Color,2026-09-20 21:00:00-03:00,15278,Red Digital San Pedro,Ataques hutíes contra Arabia Saudí propician “escalada peligrosa” - Red Digital San Pedro,2026-09-20 21:00:00-03:00,0.8945,2,14,10,6,6,0,1,5,0.3,0.3333333333333333,28.416275849231017,0.3066057127826894,arabia saudí | aramco | irán | riad | yanbu | yemen,,aramco,arabia saudí | irán | riad | yanbu | yemen,1,0.7400184114349749,0.8994947853927346,0.907347047023634,0.9362103620571037
14836,ABC Color,Los hutíes dicen haber atacado “sitios sensibles” en la capital de Arabia Saudita - Mundo - ABC Color,2026-09-20 21:00:00-03:00,15144,Diario Paraguayo Noticias,Liga Árabe advierte sobre escalada de tensiones | Diario Paraguayo,2026-09-20 21:00:00-03:00,0.8667,1,14,11,6,6,0,1,4,0.3,0.3157894736842105,28.416275849231017,0.287213872220414,arabia saudí | aramco | irán | riad | yanbu | yemen,,aramco,arabia saudí | riad | yanbu | yemen,0,0.3974954045783351,0.8859718760839806,0.887270197492989,0.9520067930833426
15282,ABC Color,Taste Atlas 2026: el vori vori se vuelve a posicionar como el mejor plato del mundo y la mejor sopa - Gastronomía - ABC Color,2026-09-20 21:00:00-03:00,15353,Concepción al Día,El vori vori vuelve a ser reconocido como el mejor plato del mundo - Concepción al Día,2026-09-20 21:00:00-03:00,0.9751,2,3,2,1,1,0,1,0,0.2,0.25,4.871201010907891,0.2541090975426372,tasteatlas,,tasteatlas,,1,0.9855686483759483,0.9776604163903163,0.9791879710776051,0.730120441861952
15282,ABC Color,Taste Atlas 2026: el vori vori se vuelve a posicionar como el mejor plato del mundo y la mejor sopa - Gastronomía - ABC Color,2026-09-20 21:00:00-03:00,15136,Megacadena,El vorí vorí vuelve a ser elegido como la mejor sopa del mundo,2026-09-20 21:00:00-03:00,0.9473,2,3,4,1,1,0,1,0,0.1428571428571428,0.1666666666666666,4.871201010907891,0.1661528450947196,tasteatlas,,tasteatlas,,1,0.9670058550456868,0.9421116158935295,0.9438379971649942,0.5385591945738615
15282,ABC Color,Taste Atlas 2026: el vori vori se vuelve a posicionar como el mejor plato del mundo y la mejor sopa - Gastronomía - ABC Color,2026-09-20 21:00:00-03:00,15158,Itapúa en Noticias,VORÍ VORÍ VUELVE A CONQUISTAR EL PRIMER LUGAR ENTRE LAS MEJORES SOPAS DEL MUNDO,2026-09-20 21:00:00-03:00,0.9379,2,3,3,1,1,0,1,0,0.1428571428571428,0.2,4.871201010907891,0.2026212057950548,tasteatlas,,tasteatlas,,1,0.941888738397962,0.8931217822515037,0.8965753185945385,0.5708028052958105
15282,ABC Color,Taste Atlas 2026: el vori vori se vuelve a posicionar como el mejor plato del mundo y la mejor sopa - Gastronomía - ABC Color,2026-09-20 21:00:00-03:00,15202,Resumen de Noticias,El Vorí vorí vuelve a ser número uno entre las sopas del mundo,2026-09-20 21:00:00-03:00,0.9282,2,3,6,1,1,0,1,0,0.1111111111111111,0.125,4.871201010907891,0.1200865954892181,tasteatlas,,tasteatlas,,1,0.8899486058215478,0.7489605658073178,0.7521947404714128,0.30892093145251154
15282,ABC Color,Taste Atlas 2026: el vori vori se vuelve a posicionar como el mejor plato del mundo y la mejor sopa - Gastronomía - ABC Color,2026-09-20 21:00:00-03:00,15232,Crónica,Nuestro vori vori sigue mandando en el mundo ??,2026-09-20 21:00:00-03:00,0.9269,2,3,3,0,0,0,0,0,0.0,0.0,0.0,0.0,,,,,1,0.8948551327674112,0.5807315758073284,0.5890158339180263,0.06752226241047318
15464,ABC Color,Diputados define mañana la prohibición de celulares en todas las instituciones educativas - Política - ABC Color,2026-09-20 21:00:00-03:00,15480,Resumen de Noticias,Celulares en escuelas: Diputados define proyecto mañana,2026-09-20 21:00:00-03:00,0.9626,2,4,5,3,3,0,3,0,0.4285714285714285,0.5,14.882935966507258,0.4595355227954893,"comisión de educación, cultura y culto | cámara de diputados | senado",,"comisión de educación, cultura y culto | cámara de diputados | senado",,1,0.9780515147390567,0.9924040870175559,0.991337390909426,0.9851576842863717
15464,ABC Color,Diputados define mañana la prohibición de celulares en todas las instituciones educativas - Política - ABC Color,2026-09-20 21:00:00-03:00,15420,Amambay News,Blanca Ovelar cuestiona las supervisiones pedagógicas y pide asumir la “complejidad” de la crisis educativa - Amambay News,2026-09-20 21:00:00-03:00,0.7837,0,4,2,0,0,0,0,0,0.0,0.0,0.0,0.0,,,,,0,0.02357184378793257,0.014284753620911573,0.014681781296586947,0.061165266197872895
15464,ABC Color,Diputados define mañana la prohibición de celulares en todas las instituciones educativas - Política - ABC Color,2026-09-20 21:00:00-03:00,15218,Megacadena,El Senado lanza “Mi Senado App” para seguir las sesiones en tiempo real y proyectos de ley en estudio,2026-09-20 21:00:00-03:00,0.7541,0,4,6,1,1,0,1,0,0.1,0.1111111111111111,4.265065207337575,0.0883375585494691,senado,,senado,,0,0.007283553947336804,0.01388954022308036,0.012936346670554546,0.23028731346479825
15464,ABC Color,Diputados define mañana la prohibición de celulares en todas las instituciones educativas - Política - ABC Color,2026-09-20 21:00:00-03:00,15269,Itapúa en Noticias,«MI SENADO»: AHORA VAS A PODER VER QUÉ HACEN LOS SENADORES EN TIEMPO REAL,2026-09-20 21:00:00-03:00,0.7429,0,4,3,1,1,0,1,0,0.125,0.1666666666666666,4.265065207337575,0.1363150256201081,senado,,senado,,0,0.0035084811689973148,0.011807119039702746,0.009909738042998871,0.4305718197930341
15464,ABC Color,Diputados define mañana la prohibición de celulares en todas las instituciones educativas - Política - ABC Color,2026-09-20 21:00:00-03:00,15190,La Nación,La Nación / Senado lanza app para dar mayor participación ciudadana en la toma de decisiones,2026-09-20 21:00:00-03:00,0.7378,0,4,9,1,1,0,1,0,0.0769230769230769,0.0833333333333333,4.265065207337575,0.0683229794714816,senado,,senado,,0,0.002643303914469501,0.00555389105954068,0.005287382738229213,0.22940630429077993
15465,ABC Color,Líderes de 22 países e instituciones reclaman supervisión humana para la IA - Tecnología - ABC Color,2026-09-20 21:00:00-03:00,15113,Ñanduti,"La Unión Europea busca no quedarse atrás en inteligencia artificial, pero apuesta por una regulación robusta",2026-09-20 21:00:00-03:00,0.8587,1,29,19,2,2,0,2,0,0.0425531914893617,0.0434782608695652,8.201956980868633,0.031114542454114,estados | gobierno,,estados | gobierno,,0,0.3304461879445233,0.2319729555809944,0.23127295694038855,0.17899359753700028
15465,ABC Color,Líderes de 22 países e instituciones reclaman supervisión humana para la IA - Tecnología - ABC Color,2026-09-20 21:00:00-03:00,15568,5Días,"El dilema de la IA ya no es cómo frenarla, sino quién la controla",2026-09-20 21:00:00-03:00,0.8415,1,29,0,0,0,0,0,0,0.0,0.0,0.0,0.0,,,,,0,0.19809833399497162,0.07718007152842796,0.07895598830229923,0.061165266197872895
15465,ABC Color,Líderes de 22 países e instituciones reclaman supervisión humana para la IA - Tecnología - ABC Color,2026-09-20 21:00:00-03:00,14955,Megacadena,Líderes mundiales se reúnen en Nueva York para la asamblea de la ONU con las guerras e inteligencia artificial en la agenda,2026-09-20 21:00:00-03:00,0.8339,1,29,26,2,2,0,2,0,0.037037037037037,0.0377358490566037,8.761572768804056,0.0295145186230761,gobierno | onu,,gobierno | onu,,0,0.144973210641677,0.11575882440784185,0.11771149027607768,0.17820422891544196
15465,ABC Color,Líderes de 22 países e instituciones reclaman supervisión humana para la IA - Tecnología - ABC Color,2026-09-20 21:00:00-03:00,14770,La Nación,"La Nación / IA, desinfodemia y Sun Tzu",2026-09-19 21:00:00-03:00,0.8289,1,29,9,0,0,0,0,0,0.0,0.0,0.0,0.0,,,,,0,0.15743270876249627,0.06398039845170148,0.06532437917456108,0.07357579161808975
15465,ABC Color,Líderes de 22 países e instituciones reclaman supervisión humana para la IA - Tecnología - ABC Color,2026-09-20 21:00:00-03:00,14598,5Días,Trump acelera la carrera por la IA y prepara un nuevo “zar”,2026-09-19 21:00:00-03:00,0.8245,1,29,4,0,0,0,0,0,0.0,0.0,0.0,0.0,,,,,0,0.09777872719359915,0.061797403940673144,0.06317099581228824,0.0839170613412685
15178,Última Hora,Maluma anunció el nacimiento de su segundo bebé,2026-09-20 21:00:00-03:00,14751,Última Hora,Millie Bobby Brown es madre por segunda vez a través de la adopción,2026-09-19 21:00:00-03:00,0.808,0,11,12,0,0,0,0,0,0.0,0.0,0.0,0.0,,,,,0,0.05874315362894561,0.024114511188676767,0.025051727598729444,0.057234142518423174
15178,Última Hora,Maluma anunció el nacimiento de su segundo bebé,2026-09-20 21:00:00-03:00,15448,Popular,"Popular / (VIDEO) ¡Fio Migliore contó cómo se llamará su segunda ""bendi""!",2026-09-20 21:00:00-03:00,0.7936,0,11,5,0,0,0,0,0,0.0,0.0,0.0,0.0,,,,,0,0.030134792964345375,0.016620007718610295,0.017031426749755302,0.06752226241047318
15178,Última Hora,Maluma anunció el nacimiento de su segundo bebé,2026-09-20 21:00:00-03:00,15191,La Nación,La Nación / ¡Marc Anthony hizo esto por su hijo paraguayo y sorprendió en Las Vegas!,2026-09-20 21:00:00-03:00,0.7508,0,11,10,0,0,0,0,0,0.0,0.0,0.0,0.0,,,,,0,0.005098812047292347,0.004089962149662437,0.004180148475667694,0.06752226241047318
15178,Última Hora,Maluma anunció el nacimiento de su segundo bebé,2026-09-20 21:00:00-03:00,15411,Crónica,Mirá la emotiva carta que el “Kaku” recibió de sus hijos,2026-09-20 21:00:00-03:00,0.7469,0,11,6,0,0,0,0,0,0.0,0.0,0.0,0.0,,,,,0,0.005461673029870195,0.004724788876951346,0.004867096943300318,0.061165266197872895
15178,Última Hora,Maluma anunció el nacimiento de su segundo bebé,2026-09-20 21:00:00-03:00,15179,Última Hora,Hay dudas de si Lady Gaga estuvo embarazada,2026-09-20 21:00:00-03:00,0.7266,0,11,19,0,0,0,0,0,0.0,0.0,0.0,0.0,,,,,0,0.001846502638001207,0.0018420356357863991,0.0018795944664701499,0.06752226241047318
14546,Última Hora,Iván Duque debatirá sobre infraestructura en Paraguay,2026-09-19 21:00:00-03:00,15354,Itapúa en Noticias,"CAMBYRETÁ CRECE, PERO ¿ESTÁ PREPARADO PARA EL SALTO?",2026-09-20 21:00:00-03:00,0.7949,0,10,10,0,0,0,0,0,0.0,0.0,0.0,0.0,,,,,0,0.044379696893886135,0.021585644773180476,0.022089010607642626,0.07357579161808975
14546,Última Hora,Iván Duque debatirá sobre infraestructura en Paraguay,2026-09-19 21:00:00-03:00,15543,ABC Color,Peña se reúne en Nueva York con empresarios que pretenden “transformar” la Costanera Norte - Política - ABC Color,2026-09-20 21:00:00-03:00,0.7922,0,10,21,2,2,0,1,1,0.0666666666666666,0.0689655172413793,6.026123593513731,0.0398847681172354,estado | paraguay,,estado,paraguay,0,0.028458812012411506,0.03889226387230933,0.035813556483462274,0.19469608147322273
14546,Última Hora,Iván Duque debatirá sobre infraestructura en Paraguay,2026-09-19 21:00:00-03:00,14603,El Independiente,Paraguay se encuentra en un punto de inflexión histórica,2026-09-19 21:00:00-03:00,0.784,0,10,12,2,2,0,1,1,0.1,0.1,6.026123593513731,0.0558337308475086,estado | paraguay,,estado,paraguay,0,0.020318428720769006,0.0352914625716972,0.02991413195604974,0.2294228316944187
14546,Última Hora,Iván Duque debatirá sobre infraestructura en Paraguay,2026-09-19 21:00:00-03:00,14920,El Independiente,Peña tiene ocho encuentros económicos antes del debate de Naciones Unidas,2026-09-20 21:00:00-03:00,0.7823,0,10,12,1,1,0,0,1,0.0476190476190476,0.0476190476190476,2.358895386931776,0.0223593081737339,paraguay,,,paraguay,0,0.017491505823455867,0.029513946159070485,0.02715688263786807,0.1512386602234404
14546,Última Hora,Iván Duque debatirá sobre infraestructura en Paraguay,2026-09-19 21:00:00-03:00,15444,Megacadena,Santiago Peña se reúne con empresarios para impulsar proyecto en la Costanera Norte,2026-09-20 21:00:00-03:00,0.7819,0,10,10,1,1,0,0,1,0.0526315789473684,0.0526315789473684,2.358895386931776,0.0250466456210827,paraguay,,,paraguay,0,0.021961189574720867,0.024019243262690233,0.021769527947019914,0.11108700693094622
15288,Última Hora,Día de la Juventud: ¿Cuándo Paraguay dejará de tener una mayoría de población joven?,2026-09-20 21:00:00-03:00,15513,Diario Paraguayo Noticias,Bono demográfico de Paraguay: oportunidades hasta 2050 | Diario Paraguayo,2026-09-20 21:00:00-03:00,0.9628,2,6,6,6,6,2,3,1,1.0,1.0,26.524382117473092,1.0,ine | instituto nacional de estadística | iván ojeda | monumental 1080 am | ojeda | paraguay,iván ojeda | ojeda,ine | instituto nacional de estadística | monumental 1080 am,paraguay,1,0.9701820407290327,0.999591653152583,0.9996542527284319,0.9999929827009923
15288,Última Hora,Día de la Juventud: ¿Cuándo Paraguay dejará de tener una mayoría de población joven?,2026-09-20 21:00:00-03:00,15110,Ñanduti,"«Paraguay está en su mejor momento demográfico», afirma el director del INE en el Día de la Juventud y la Primavera",2026-09-20 21:00:00-03:00,0.9509,2,6,7,5,5,2,2,1,0.625,0.625,20.96003392600526,0.5609477198085566,ine | instituto nacional de estadística | iván ojeda | ojeda | paraguay,iván ojeda | ojeda,ine | instituto nacional de estadística,paraguay,1,0.9589827073577478,0.9954297677669175,0.9940447975142114,0.9979908989515517
15288,Última Hora,Día de la Juventud: ¿Cuándo Paraguay dejará de tener una mayoría de población joven?,2026-09-20 21:00:00-03:00,15213,adn,"Demográficamente, nuestro país pasa por su mejor momento, porque la mayoría de la población es joven - ADN Digital",2026-09-20 21:00:00-03:00,0.9427,2,6,6,5,5,2,2,1,0.7142857142857143,0.7142857142857143,20.96003392600526,0.6590988375645839,ine | instituto nacional de estadística | iván ojeda | ojeda | paraguay,iván ojeda | ojeda,ine | instituto nacional de estadística,paraguay,1,0.959871950069762,0.9990967294522818,0.9987791066442914,0.999822056999946
15288,Última Hora,Día de la Juventud: ¿Cuándo Paraguay dejará de tener una mayoría de población joven?,2026-09-20 21:00:00-03:00,15545,ABC Color,"Paraguay atraviesa su mejor momento demográfico, según el INE - Nacionales - ABC Color",2026-09-20 21:00:00-03:00,0.9247,2,6,9,5,5,2,2,1,0.5,0.5,20.96003392600526,0.4559223167551663,ine | instituto nacional de estadística | iván ojeda | ojeda | paraguay,iván ojeda | ojeda,ine | instituto nacional de estadística,paraguay,1,0.9042232506209427,0.9784738257588533,0.976383407516605,0.9916765140148603
15288,Última Hora,Día de la Juventud: ¿Cuándo Paraguay dejará de tener una mayoría de población joven?,2026-09-20 21:00:00-03:00,15445,Megacadena,"Paraguay atraviesa su mejor momento demográfico, según el INE",2026-09-20 21:00:00-03:00,0.9205,2,6,5,5,5,2,2,1,0.8333333333333334,0.8333333333333334,20.96003392600526,0.7902176131069124,ine | instituto nacional de estadística | iván ojeda | ojeda | paraguay,iván ojeda | ojeda,ine | instituto nacional de estadística,paraguay,1,0.8882598439766968,0.9940716804200525,0.9934593994319406,0.9998284582150727
14884,Última Hora,"Muere a los 27 años el modelo Presley Gerber, hijo de Cindy Crawford",2026-09-20 21:00:00-03:00,14847,ABC Color,"Murió Presley Gerber, hijo de la modelo estadounidense Cindy Crawford - Gente - ABC Color",2026-09-20 21:00:00-03:00,0.9163,2,16,27,8,8,4,2,2,0.2222222222222222,0.2285714285714285,41.53147577818726,0.2144137880602779,california | cindy crawford | cnn | kaia gerber | los ángeles | presley gerber | rande gerber | tmz,cindy crawford | kaia gerber | presley gerber | rande gerber,cnn | tmz,california | los ángeles,1,0.870018237425206,0.9468058031131843,0.9518785197868153,0.9550907364450953
14884,Última Hora,"Muere a los 27 años el modelo Presley Gerber, hijo de Cindy Crawford",2026-09-20 21:00:00-03:00,15476,La Nación,La Nación / Presley Gerber y el llamado Club de los 27: cuando la fama no alcanza para ocultar el dolor,2026-09-20 21:00:00-03:00,0.8642,1,16,16,3,3,2,0,1,0.1,0.1034482758620689,14.508242517065844,0.095420058249984,kaia gerber | los ángeles | presley gerber,kaia gerber | presley gerber,,los ángeles,0,0.4422331023031101,0.3677135225201665,0.37891606370830755,0.4169443700467926
14884,Última Hora,"Muere a los 27 años el modelo Presley Gerber, hijo de Cindy Crawford",2026-09-20 21:00:00-03:00,15499,La Nación,La Nación / Más allá del Club de los 27: la historia de Presley Gerber,2026-09-20 21:00:00-03:00,0.8637,1,16,15,3,3,2,0,1,0.1034482758620689,0.1071428571428571,14.508242517065844,0.0995961153218132,cindy crawford | kaia gerber | los ángeles,cindy crawford | kaia gerber,,los ángeles,0,0.3671837558330909,0.3527598378615286,0.36376709334376045,0.35790796468048386
14884,Última Hora,"Muere a los 27 años el modelo Presley Gerber, hijo de Cindy Crawford",2026-09-20 21:00:00-03:00,15518,Diario Paraguayo Noticias,Más allá del Club de los 27: la historia de Presley Gerber | Diario Paraguayo,2026-09-20 21:00:00-03:00,0.8569,1,16,16,4,4,3,0,1,0.1379310344827586,0.1428571428571428,19.561765084767693,0.1342875133903374,cindy crawford | kaia gerber | los ángeles | presley gerber,cindy crawford | kaia gerber | presley gerber,,los ángeles,0,0.3702834421603009,0.38374223987381123,0.3990304874959052,0.6296052900158086
14884,Última Hora,"Muere a los 27 años el modelo Presley Gerber, hijo de Cindy Crawford",2026-09-20 21:00:00-03:00,15561,Última Hora,"Lady Gaga recurrió a la gestación subrogada, según todos los indicios",2026-09-20 21:00:00-03:00,0.7148,0,16,12,2,2,0,1,1,0.0769230769230769,0.0769230769230769,9.860185057472163,0.0706562063698502,los ángeles | tmz,,tmz,los ángeles,0,0.0015070533904269295,0.004752425010368378,0.004948023428150084,0.25054952697518784
14857,Última Hora,"La primavera es recibida con calor, lluvias y un posterior descenso",2026-09-20 21:00:00-03:00,15145,Diario Paraguayo Noticias,"Primavera con calor, lluvia y descenso de temperaturas | Diario Paraguayo",2026-09-20 21:00:00-03:00,0.9618,2,10,4,2,2,1,1,0,0.1538461538461538,0.1666666666666666,9.74240202181578,0.1771855759859382,aracely fernández | dirección de meteorología,aracely fernández,dirección de meteorología,,1,0.9747794048960663,0.9409100856740867,0.9472152661194136,0.5480947733122498
14857,Última Hora,"La primavera es recibida con calor, lluvias y un posterior descenso",2026-09-20 21:00:00-03:00,14984,Diario Paraguayo Noticias,"La primavera es recibida con calor, lluvias y un posterior descenso | Diario Paraguayo",2026-09-20 21:00:00-03:00,0.9538,2,10,4,2,2,1,1,0,0.1666666666666666,0.1666666666666666,9.74240202181578,0.1771855759859382,aracely fernández | dirección de meteorología,aracely fernández,dirección de meteorología,,1,0.9648427724738704,0.9238904648198029,0.931857639288935,0.5480947733122498
14857,Última Hora,"La primavera es recibida con calor, lluvias y un posterior descenso",2026-09-20 21:00:00-03:00,14998,Diario Paraguayo Noticias,Primavera inicia con clima cálido y lluvias | Diario Paraguayo,2026-09-20 21:00:00-03:00,0.9325,2,10,4,0,0,0,0,0,0.0,0.0,0.0,0.0,,,,,1,0.9384431401860764,0.6671247334890764,0.6762937833729965,0.057234142518423174
14857,Última Hora,"La primavera es recibida con calor, lluvias y un posterior descenso",2026-09-20 21:00:00-03:00,15058,Amambay Ahora,"La primavera es recibida con calor, lluvias y un posterior descenso",2026-09-20 21:00:00-03:00,0.9289,2,10,3,3,3,2,1,0,0.3,0.3,15.306750213283618,0.3278931360948089,aracely fernández | dirección de meteorología | rodrigo villamayor,aracely fernández | rodrigo villamayor,dirección de meteorología,,1,0.902519311847374,0.9115955675747822,0.9271731689566703,0.9227776611723073
14857,Última Hora,"La primavera es recibida con calor, lluvias y un posterior descenso",2026-09-20 21:00:00-03:00,14900,La Nación,La Nación / La primavera arranca con ambiente cálido a caluroso y lluvias,2026-09-20 21:00:00-03:00,0.9253,2,10,5,0,0,0,0,0,0.0,0.0,0.0,0.0,,,,,1,0.877990042418619,0.5150161414258505,0.5200400414838802,0.061165266197872895
15175,Última Hora,Orquesta de Cateura participa en dos actividades con proyectos independientes,2026-09-20 21:00:00-03:00,15264,Oviedo Press,"Juventud ovetense tendrá teatro, formación y actividades comunitarias durante septiembre - OviedoPress",2026-09-20 21:00:00-03:00,0.7351,0,12,12,0,0,0,0,0,0.0,0.0,0.0,0.0,,,,,0,0.0023554998845419822,0.0031643607687273463,0.0032263761923745104,0.0839170613412685
15175,Última Hora,Orquesta de Cateura participa en dos actividades con proyectos independientes,2026-09-20 21:00:00-03:00,15176,Última Hora,Concierto de primavera en el Teatro Municipal,2026-09-20 21:00:00-03:00,0.7246,0,12,33,0,0,0,0,0,0.0,0.0,0.0,0.0,,,,,0,0.0015040867664133728,0.0022182753873366914,0.002260737223922198,0.0839170613412685
15175,Última Hora,Orquesta de Cateura participa en dos actividades con proyectos independientes,2026-09-20 21:00:00-03:00,15070,Caazapa Ahora,Pilar reunió a jóvenes artistas en la XXXII edición del Festival del País,2026-09-20 21:00:00-03:00,0.7232,0,12,24,1,1,0,0,1,0.0285714285714285,0.0285714285714285,4.178053830347945,0.021579358083384,central,,,central,0,0.0024595343777213843,0.0029093211993016996,0.0029712383406626055,0.11694123628817515
15175,Última Hora,Orquesta de Cateura participa en dos actividades con proyectos independientes,2026-09-20 21:00:00-03:00,15392,Diario Paraguayo Noticias,Festival de la Juventud en Ciudad del Este - 27 de sept | Diario Paraguayo,2026-09-20 21:00:00-03:00,0.7198,0,12,11,0,0,0,0,0,0.0,0.0,0.0,0.0,,,,,0,0.0013873963780006722,0.0014717784720072605,0.0015010917835940028,0.06752226241047318
15175,Última Hora,Orquesta de Cateura participa en dos actividades con proyectos independientes,2026-09-20 21:00:00-03:00,14769,La Nación,"La Nación / Parque Caballero, el revivir de un pulmón histórico de Asunción",2026-09-19 21:00:00-03:00,0.7157,0,12,8,0,0,0,0,0,0.0,0.0,0.0,0.0,,,,,0,0.0010281133679272878,0.0016411743740093931,0.0016719467615508117,0.0839170613412685
14560,Última Hora,Baila 2026: Una pareja eliminada y puro rock and roll,2026-09-19 21:00:00-03:00,15207,Resumen de Noticias,Rock en Py Fest 2026 confirma su quinta edición,2026-09-20 21:00:00-03:00,0.733,0,31,15,0,0,0,0,0,0.0,0.0,0.0,0.0,,,,,0,0.003669361023857616,0.0028073358917989474,0.0028810924790636213,0.07357579161808975
14560,Última Hora,Baila 2026: Una pareja eliminada y puro rock and roll,2026-09-19 21:00:00-03:00,15238,Crónica,[VIDEO] ¿Ya viste cómo le quedaron los cuadraditos a la maína? ??,2026-09-20 21:00:00-03:00,0.723,0,31,2,0,0,0,0,0,0.0,0.0,0.0,0.0,,,,,0,0.0024395245258773744,0.0020146169680611676,0.00206840368764366,0.07357579161808975
14560,Última Hora,Baila 2026: Una pareja eliminada y puro rock and roll,2026-09-19 21:00:00-03:00,14643,Diario Paraguayo Noticias,Dionisio Amarilla reivindica la unidad opositora y el cumplimiento de los acuerdos | Diario Paraguayo,2026-09-19 21:00:00-03:00,0.7208,0,31,26,1,1,0,0,0,0.0175438596491228,0.0178571428571428,5.276666119016055,0.0170683693105311,en,,,,0,0.0019177629470988084,0.0023659156389290777,0.0024320105448728956,0.07479935640469995
14560,Última Hora,Baila 2026: Una pareja eliminada y puro rock and roll,2026-09-19 21:00:00-03:00,15015,Crónica,"“Vamos con todo”, he’í Aliseda",2026-09-20 21:00:00-03:00,0.719,0,31,9,0,0,0,0,0,0.0,0.0,0.0,0.0,,,,,0,0.0020717477324289626,0.0017640979446111173,0.0018114936165038631,0.07357579161808975
14560,Última Hora,Baila 2026: Una pareja eliminada y puro rock and roll,2026-09-19 21:00:00-03:00,14661,Diario Paraguayo Noticias,Amarilla reivindica unidad opositora y cumplimiento de acuerdos | Diario Paraguayo,2026-09-19 21:00:00-03:00,0.7156,0,31,22,0,0,0,0,0,0.0,0.0,0.0,0.0,,,,,0,0.001802995635450087,0.0015757693256887577,0.0016183300487668019,0.07357579161808975
14678,Última Hora,Trump dice que los hutíes de Yemen aceptaron no luchar contra EEUU,2026-09-19 21:00:00-03:00,14696,Diario Paraguayo Noticias,Trump dice que los hutíes de Yemen aceptaron no luchar contra EEUU | Diario Paraguayo,2026-09-19 21:00:00-03:00,0.9875,2,10,12,8,8,2,3,3,0.5333333333333333,0.5714285714285714,39.20908805789704,0.5519376257328471,arabia saudita | eeuu | estados unidos | fox news | irlanda | trump | yemen | yingst,trump | yingst,eeuu | estados unidos | fox news,arabia saudita | irlanda | yemen,1,0.9942525210675676,0.9996684326952838,0.9997015714592989,0.9995942915551501
14678,Última Hora,Trump dice que los hutíes de Yemen aceptaron no luchar contra EEUU,2026-09-19 21:00:00-03:00,14736,Diario Paraguayo Noticias,Trump afirma acuerdo con hutíes de Yemen | Diario Paraguayo,2026-09-19 21:00:00-03:00,0.9625,2,10,12,7,7,2,2,3,0.4375,0.4666666666666667,33.64473986642919,0.4500516667459938,arabia saudita | estados unidos | fox news | irlanda | trump | yemen | yingst,trump | yingst,estados unidos | fox news,arabia saudita | irlanda | yemen,1,0.9779634473080548,0.9955269648384588,0.9958449265241844,0.9946874296220918
14678,Última Hora,Trump dice que los hutíes de Yemen aceptaron no luchar contra EEUU,2026-09-19 21:00:00-03:00,15376,Megacadena,El Gobierno yemení frena el avance hutí en Taiz y Marib,2026-09-20 21:00:00-03:00,0.8618,1,10,9,1,1,0,0,0,0.0555555555555555,0.0555555555555555,4.871201010907891,0.0508852333327496,arabia saudita,,,,0,0.35860202601732183,0.1733133929816666,0.17333175050538918,0.11031481546247823
14678,Última Hora,Trump dice que los hutíes de Yemen aceptaron no luchar contra EEUU,2026-09-19 21:00:00-03:00,14836,ABC Color,Los hutíes dicen haber atacado “sitios sensibles” en la capital de Arabia Saudita - Mundo - ABC Color,2026-09-20 21:00:00-03:00,0.8428,1,10,14,4,4,0,2,2,0.1904761904761904,0.2,18.4433501688034,0.1769058500906082,afp | arabia saudita | estados unidos | yemen,,afp | estados unidos,arabia saudita | yemen,0,0.19784217191482217,0.4316669373483566,0.42871433529228825,0.7415232962301985
14678,Última Hora,Trump dice que los hutíes de Yemen aceptaron no luchar contra EEUU,2026-09-19 21:00:00-03:00,14983,Diario Paraguayo Noticias,Ataques hutíes contra Arabia Saudí propician “escalada peligrosa” | Diario Paraguayo,2026-09-20 21:00:00-03:00,0.822,1,10,11,1,1,0,0,1,0.0476190476190476,0.05,4.465735902799727,0.0442971547014063,yemen,,,yemen,0,0.1013039585911575,0.0756581754590908,0.07688612937882361,0.13749776141892328
15554,Última Hora,Advierten que venta de inmuebles no puede financiar fondo de salud de IPS,2026-09-20 21:00:00-03:00,14830,ABC Color,Jubilados advierten que la ley de emergencia del IPS podría volver a beneficiar a los “amigos” de Peña - Política - ABC Color,2026-09-20 21:00:00-03:00,0.8256,0,10,10,3,3,1,2,0,0.1666666666666666,0.1764705882352941,14.32592096027189,0.157804945710299,gustavo canatta | instituto de previsión social | ips,gustavo canatta,instituto de previsión social | ips,,0,0.10201159653178773,0.14387594168910856,0.13944591718098673,0.5817060817733151
15554,Última Hora,Advierten que venta de inmuebles no puede financiar fondo de salud de IPS,2026-09-20 21:00:00-03:00,15372,adn,Comisión investigará deudas y pagos selectivos en IPS y Salud - ADN Digital,2026-09-20 21:00:00-03:00,0.7669,0,10,23,3,3,1,2,0,0.1,0.1,14.32592096027189,0.0881156517644851,derlis león | instituto de previsión social | ips,derlis león,instituto de previsión social | ips,,0,0.014542466441576507,0.028087310621588424,0.02850830473826087,0.45671307186238735
15554,Última Hora,Advierten que venta de inmuebles no puede financiar fondo de salud de IPS,2026-09-20 21:00:00-03:00,14907,5Días,Top Convocantes con Mayor Monto Adjudicado – Semana del 14 al 20 de septiembre de 2026,2026-09-20 21:00:00-03:00,0.7416,0,10,3,2,2,0,2,0,0.1818181818181818,0.1818181818181818,8.761572768804054,0.1475599083086109,instituto de previsión social | ips,,instituto de previsión social | ips,,0,0.0031087171267327614,0.010964604731978495,0.009533859317703447,0.5241283743122673
15554,Última Hora,Advierten que venta de inmuebles no puede financiar fondo de salud de IPS,2026-09-20 21:00:00-03:00,15294,La Nación,"La Nación / Senabico subastará inmuebles, vehículos y maquinaria pesada el 24 de septiembre",2026-09-20 21:00:00-03:00,0.7117,0,10,16,0,0,0,0,0,0.0,0.0,0.0,0.0,,,,,0,0.0008664763779447102,0.0014332386043408103,0.0014598583519643978,0.0839170613412685
15554,Última Hora,Advierten que venta de inmuebles no puede financiar fondo de salud de IPS,2026-09-20 21:00:00-03:00,15330,ABC Color,PGN 2027: Salud tendrá más recursos pese a limitada ejecución 2026 - Economía - ABC Color,2026-09-20 21:00:00-03:00,0.7093,0,10,12,0,0,0,0,0,0.0,0.0,0.0,0.0,,,,,0,0.001393623677709095,0.0012782636064636835,0.0013131252110265247,0.07357579161808975
14667,Última Hora,"Dirigentes admiten preferencias, pero relativizan interna por vice",2026-09-19 21:00:00-03:00,14896,La Nación,La Nación / Baruja ratifica la potestad de Alliana para la elección de su dupla tras las municipales,2026-09-20 21:00:00-03:00,0.9144,2,12,17,6,6,5,0,0,0.25,0.2608695652173913,25.524675993446767,0.2358957879002835,alliana | césar sosa | honor colorado | juan carlos baruja | pedro alliana | raúl latorre,alliana | césar sosa | juan carlos baruja | pedro alliana | raúl latorre,,,1,0.8355851514346087,0.7786955299909807,0.7739315718998385,0.7249866629542999
14667,Última Hora,"Dirigentes admiten preferencias, pero relativizan interna por vice",2026-09-19 21:00:00-03:00,15116,ABC Color,"Crisis en Honor Colorado: “Lo que se ve no se pregunta”, dice Beto Ovelar - Nacionales - ABC Color",2026-09-20 21:00:00-03:00,0.9109,2,12,16,3,3,2,0,0,0.1153846153846153,0.12,12.18218506788666,0.1005914065347119,honor colorado | juan carlos baruja | pedro alliana,juan carlos baruja | pedro alliana,,,1,0.8012520186941114,0.5841308225136862,0.5714635717398739,0.25661809984860556
14667,Última Hora,"Dirigentes admiten preferencias, pero relativizan interna por vice",2026-09-19 21:00:00-03:00,15205,Resumen de Noticias,Alliana asume el gobierno ante fractura interna en HC,2026-09-20 21:00:00-03:00,0.9099,1,12,20,4,4,3,0,0,0.1428571428571428,0.1428571428571428,16.005417522945194,0.1216258187031525,alliana | césar sosa | honor colorado | pedro alliana,alliana | césar sosa | pedro alliana,,,0,0.8073886683006712,0.6589843962420477,0.649778583115858,0.35182294431565486
14667,Última Hora,"Dirigentes admiten preferencias, pero relativizan interna por vice",2026-09-19 21:00:00-03:00,15281,ABC Color,"Crisis en Honor Colorado: “Lo que se ve no se pregunta”, dice Beto Ovelar - Política - ABC Color",2026-09-20 21:00:00-03:00,0.9089,2,12,16,3,3,2,0,0,0.1153846153846153,0.12,12.18218506788666,0.1000571647827488,honor colorado | juan carlos baruja | pedro alliana,juan carlos baruja | pedro alliana,,,1,0.7881260389638902,0.5693257795904887,0.5558513918868706,0.25533133474196285
14667,Última Hora,"Dirigentes admiten preferencias, pero relativizan interna por vice",2026-09-19 21:00:00-03:00,14988,Diario Paraguayo Noticias,Baruja ratifica la potestad de Alliana para la elección de su dupla tras las municipales | Diario Paraguayo,2026-09-20 21:00:00-03:00,0.9074,2,12,17,6,6,5,0,0,0.25,0.2608695652173913,25.524675993446767,0.2390486547914565,alliana | césar sosa | honor colorado | juan carlos baruja | pedro alliana | raúl latorre,alliana | césar sosa | juan carlos baruja | pedro alliana | raúl latorre,,,1,0.7901991162242,0.7350961221805369,0.7330864762850078,0.7323906287666444
14886,Última Hora,"Latele cumple 18 años de historia, renovando y estrenando casa",2026-09-20 21:00:00-03:00,15389,Diario Paraguayo Noticias,Latele cumple 18 años con nueva sede y tecnología | Diario Paraguayo,2026-09-20 21:00:00-03:00,0.9737,2,11,17,9,9,7,2,0,0.4736842105263157,0.4736842105263157,49.791451650758745,0.4623255072123576,césar trinidad | dani vuyk | latele | lorena azucas | maría liz | mathías benítez | pelusa rubin | rossana barrios | úh,césar trinidad | dani vuyk | lorena azucas | maría liz | mathías benítez | pelusa rubin | rossana barrios,latele | úh,,1,0.9805628854834509,0.9922586205949695,0.9930902929323487,0.995100591000733
14886,Última Hora,"Latele cumple 18 años de historia, renovando y estrenando casa",2026-09-20 21:00:00-03:00,14561,Última Hora,"Telefuturo: Vive la Vida celebra 23 años, TF Stream 2 y estrena Calle 7: Al Límite",2026-09-19 21:00:00-03:00,0.8154,0,11,11,1,1,0,1,0,0.0454545454545454,0.0476190476190476,5.276666119016055,0.0438943724807886,úh,,úh,,0,0.07964100475265468,0.06248314704437632,0.06426007185507172,0.16465436112805884
14886,Última Hora,"Latele cumple 18 años de historia, renovando y estrenando casa",2026-09-20 21:00:00-03:00,15402,Extra,¡Sanie y Rubén celebran los 23 años con Vive la Vida!,2026-09-20 21:00:00-03:00,0.7843,0,11,14,0,0,0,0,0,0.0,0.0,0.0,0.0,,,,,0,0.024133925965966824,0.014543243530895485,0.014946866480471648,0.061165266197872895
14886,Última Hora,"Latele cumple 18 años de historia, renovando y estrenando casa",2026-09-20 21:00:00-03:00,14885,Última Hora,2007 Oniria celebra su primer galardón,2026-09-20 21:00:00-03:00,0.7608,0,11,11,0,0,0,0,0,0.0,0.0,0.0,0.0,,,,,0,0.007702038297751962,0.004646289892883247,0.004826074526807788,0.057234142518423174
14886,Última Hora,"Latele cumple 18 años de historia, renovando y estrenando casa",2026-09-20 21:00:00-03:00,15404,Extra,Kiara Coronel festeja los 2 años de TF Stream: “Somos los únicos con conductores preparados”,2026-09-20 21:00:00-03:00,0.7317,0,11,7,0,0,0,0,0,0.0,0.0,0.0,0.0,,,,,0,0.0021424001772757987,0.0016679887951525692,0.0017317236756285717,0.057234142518423174
15560,Última Hora,"Biblioteca Nacional: 139 años de memoria, libros y patrimonio",2026-09-20 21:00:00-03:00,14663,Diario Paraguayo Noticias,Instituciones paraguayas se adecuan a política de acceso a la información del BID | Diario Paraguayo,2026-09-19 21:00:00-03:00,0.7276,0,9,7,1,1,0,0,1,0.0625,0.0666666666666666,2.358895386931776,0.0302176694183084,paraguay,,,paraguay,0,0.0019257596237098689,0.003650244565223627,0.0031454798348087634,0.12991130367711537
15560,Última Hora,"Biblioteca Nacional: 139 años de memoria, libros y patrimonio",2026-09-20 21:00:00-03:00,14576,La Nación,La Nación / Proyectos financiados por el BID deberán ajustarse a nuevas reglas de acceso a la información,2026-09-19 21:00:00-03:00,0.7164,0,9,7,1,1,0,0,1,0.0666666666666666,0.0666666666666666,2.358895386931776,0.0296329158498198,paraguay,,,paraguay,0,0.0018629203329723605,0.0027375683455770263,0.002455438487543814,0.12697201595471483
15560,Última Hora,"Biblioteca Nacional: 139 años de memoria, libros y patrimonio",2026-09-20 21:00:00-03:00,14645,Diario Paraguayo Noticias,Proyectos financiados por el BID deberán ajustarse a nuevas reglas de acceso a la información | Diario Paraguayo,2026-09-19 21:00:00-03:00,0.7134,0,9,7,1,1,0,0,1,0.0625,0.0666666666666666,2.358895386931776,0.0302176694183084,paraguay,,,paraguay,0,0.0009559314042681513,0.0014253940031911372,0.0012006096445918157,0.09411605933528329
15560,Última Hora,"Biblioteca Nacional: 139 años de memoria, libros y patrimonio",2026-09-20 21:00:00-03:00,15175,Última Hora,Orquesta de Cateura participa en dos actividades con proyectos independientes,2026-09-20 21:00:00-03:00,0.7028,0,9,12,0,0,0,0,0,0.0,0.0,0.0,0.0,,,,,0,0.0005921573044409782,0.0010601538100143584,0.001079424562155362,0.0839170613412685
15560,Última Hora,"Biblioteca Nacional: 139 años de memoria, libros y patrimonio",2026-09-20 21:00:00-03:00,15106,The Asuncion Times,Historic Adoption Records Open Path To Finding Family Origins In Paraguay,2026-09-20 21:00:00-03:00,0.6959,0,9,19,1,1,0,0,1,0.037037037037037,0.037037037037037,2.358895386931776,0.0153478935318457,paraguay,,,paraguay,0,0.0004407996808431859,0.0015285173805886104,0.0014252056663519963,0.14085514557016005
14868,Última Hora,Ataques hutíes contra Arabia Saudí propician “escalada peligrosa”,2026-09-20 21:00:00-03:00,15278,Red Digital San Pedro,Ataques hutíes contra Arabia Saudí propician “escalada peligrosa” - Red Digital San Pedro,2026-09-20 21:00:00-03:00,0.9891,2,13,10,10,10,0,4,8,0.7142857142857143,0.7692307692307693,48.85350967135261,0.7648589010295624,arabia saudí | aramco | irán | liga árabe | mar rojo | oriente medio | ormuz | riad | yanbu | yemen,,aramco | irán | liga árabe | riad,arabia saudí | irán | mar rojo | oriente medio | ormuz | riad | yanbu | yemen,1,0.9946425260810834,0.9999471386595692,0.9999646183128179,0.9999871620278925
14868,Última Hora,Ataques hutíes contra Arabia Saudí propician “escalada peligrosa”,2026-09-20 21:00:00-03:00,14983,Diario Paraguayo Noticias,Ataques hutíes contra Arabia Saudí propician “escalada peligrosa” | Diario Paraguayo,2026-09-20 21:00:00-03:00,0.9837,2,13,11,10,10,0,4,8,0.6666666666666666,0.7142857142857143,48.85350967135261,0.6994822040553876,arabia saudí | aramco | irán | liga árabe | mar rojo | oriente medio | ormuz | riad | yanbu | yemen,,aramco | irán | liga árabe | riad,arabia saudí | irán | mar rojo | oriente medio | ormuz | riad | yanbu | yemen,1,0.9906297351181677,0.9998367358625796,0.9998648567506654,0.999927310049901
14868,Última Hora,Ataques hutíes contra Arabia Saudí propician “escalada peligrosa”,2026-09-20 21:00:00-03:00,15144,Diario Paraguayo Noticias,Liga Árabe advierte sobre escalada de tensiones | Diario Paraguayo,2026-09-20 21:00:00-03:00,0.9585,2,13,11,10,10,0,5,6,0.7142857142857143,0.7142857142857143,49.14119174380439,0.7036012221455821,arabia | arabia saudí | aramco | irán | liga árabe | mar rojo | oriente medio | riad | yanbu | yemen,,arabia | aramco | irán | liga árabe | riad,arabia saudí | mar rojo | oriente medio | riad | yanbu | yemen,1,0.9647484933787567,0.9996843260579205,0.9997443853514664,0.9999632315911184
14868,Última Hora,Ataques hutíes contra Arabia Saudí propician “escalada peligrosa”,2026-09-20 21:00:00-03:00,14836,ABC Color,Los hutíes dicen haber atacado “sitios sensibles” en la capital de Arabia Saudita - Mundo - ABC Color,2026-09-20 21:00:00-03:00,0.9015,2,13,14,6,6,0,1,5,0.2727272727272727,0.2857142857142857,28.416275849231017,0.2638483887905371,arabia saudí | aramco | irán | riad | yanbu | yemen,,aramco,arabia saudí | irán | riad | yanbu | yemen,1,0.7949794018705556,0.8911363448299991,0.9033506616115909,0.88737883305423
14868,Última Hora,Ataques hutíes contra Arabia Saudí propician “escalada peligrosa”,2026-09-20 21:00:00-03:00,15376,Megacadena,El Gobierno yemení frena el avance hutí en Taiz y Marib,2026-09-20 21:00:00-03:00,0.8472,1,13,9,1,1,0,1,0,0.0476190476190476,0.0476190476190476,3.4849066497880004,0.0315283517074181,gobierno,,gobierno,,0,0.2832970251390107,0.17447315277851713,0.16927473649775024,0.15369870431894808
15177,Última Hora,Ñande Impro reúne en Asunción a figuras internacionales del teatro sin guion,2026-09-20 21:00:00-03:00,15290,Última Hora,Sobre una cama de rosas: Teatro total para una nueva generación,2026-09-20 21:00:00-03:00,0.792,0,25,16,1,1,0,0,1,0.025,0.025,2.9017603644423837,0.0128967907272355,asunción,,,asunción,0,0.03960769284926873,0.027542231178547625,0.027447819514853707,0.10690434004441118
15177,Última Hora,Ñande Impro reúne en Asunción a figuras internacionales del teatro sin guion,2026-09-20 21:00:00-03:00,15109,The Asuncion Times,"Jorge Báez And ""Barrunto"" Take Top Honours At Premios Edda 2026 Theatre Awards",2026-09-20 21:00:00-03:00,0.7795,0,25,15,2,2,0,0,2,0.0526315789473684,0.0526315789473684,5.260655751374159,0.0242884974243114,asunción | paraguay,,,asunción | paraguay,0,0.01554668611206133,0.040554275030834114,0.03785607637652395,0.21378769288722793
15177,Última Hora,Ñande Impro reúne en Asunción a figuras internacionales del teatro sin guion,2026-09-20 21:00:00-03:00,15070,Caazapa Ahora,Pilar reunió a jóvenes artistas en la XXXII edición del Festival del País,2026-09-20 21:00:00-03:00,0.775,0,25,24,1,1,0,0,1,0.0208333333333333,0.0208333333333333,2.358895386931776,0.0088887333432526,paraguay,,,paraguay,0,0.01672639881570404,0.016504788635649446,0.01625462934532489,0.09245425662528284
15177,Última Hora,Ñande Impro reúne en Asunción a figuras internacionales del teatro sin guion,2026-09-20 21:00:00-03:00,15512,Diario Paraguayo Noticias,Sobre una cama de rosas: estreno teatral integrador | Diario Paraguayo,2026-09-20 21:00:00-03:00,0.7639,0,25,11,1,1,0,0,1,0.0277777777777777,0.0285714285714285,2.9017603644423837,0.0151198358387296,asunción,,,asunción,0,0.010766234232958681,0.012347981859965586,0.012071797845186322,0.09928207883406669
15177,Última Hora,Ñande Impro reúne en Asunción a figuras internacionales del teatro sin guion,2026-09-20 21:00:00-03:00,15392,Diario Paraguayo Noticias,Festival de la Juventud en Ciudad del Este - 27 de sept | Diario Paraguayo,2026-09-20 21:00:00-03:00,0.7553,0,25,11,0,0,0,0,0,0.0,0.0,0.0,0.0,,,,,0,0.007641100037244155,0.0060872540653037896,0.006267495874727452,0.061165266197872895
14856,Última Hora,Alliana asume mando en ausencia de Peña y en plena crisis en HC,2026-09-20 21:00:00-03:00,15205,Resumen de Noticias,Alliana asume el gobierno ante fractura interna en HC,2026-09-20 21:00:00-03:00,0.9717,2,20,20,15,15,10,4,1,0.6,0.6,62.6999227313504,0.5477064211097294,alliana | cartes | cio cartes | consejo de gobernadores | césar sosa | delcy rodríguez | ejecutivo | honor colorado | hora | horacio cartes | partido colorado | pedro alliana | peña | santiago peña | venezuela,alliana | cartes | cio cartes | césar sosa | delcy rodríguez | hora | horacio cartes | pedro alliana | peña | santiago peña,consejo de gobernadores | ejecutivo | honor colorado | partido colorado,venezuela,1,0.9847748127224026,0.9994811116475556,0.999504008938289,0.9999579794449762
14856,Última Hora,Alliana asume mando en ausencia de Peña y en plena crisis en HC,2026-09-20 21:00:00-03:00,15493,Última Hora,Cartes no se pronuncia y esta semana se podría dar una reunión con Alliana,2026-09-20 21:00:00-03:00,0.9225,2,20,16,11,11,7,1,2,0.4230769230769231,0.44,43.37578404856728,0.3915193028130697,alliana | cartes | delcy rodríguez | ejecutivo | estados unidos | honor colorado | horacio cartes | pedro alliana | peña | santiago peña | venezuela,alliana | cartes | delcy rodríguez | horacio cartes | pedro alliana | peña | santiago peña,ejecutivo,estados unidos | venezuela,1,0.8761052759683262,0.9726113356160854,0.971513821481506,0.9942006460404416
14856,Última Hora,Alliana asume mando en ausencia de Peña y en plena crisis en HC,2026-09-20 21:00:00-03:00,14896,La Nación,La Nación / Baruja ratifica la potestad de Alliana para la elección de su dupla tras las municipales,2026-09-20 21:00:00-03:00,0.9132,2,20,17,10,10,8,2,0,0.3571428571428571,0.3703703703703703,41.76428690389275,0.3436265128276242,alliana | cartes | cio cartes | césar sosa | honor colorado | hora | juan carlos baruja | partido colorado | pedro alliana | santiago peña,alliana | cartes | cio cartes | césar sosa | hora | juan carlos baruja | pedro alliana | santiago peña,honor colorado | partido colorado,,1,0.8284067123733367,0.8242679174323921,0.8291151414258777,0.965026480338129
14856,Última Hora,Alliana asume mando en ausencia de Peña y en plena crisis en HC,2026-09-20 21:00:00-03:00,15116,ABC Color,"Crisis en Honor Colorado: “Lo que se ve no se pregunta”, dice Beto Ovelar - Nacionales - ABC Color",2026-09-20 21:00:00-03:00,0.9114,2,20,16,7,7,6,1,0,0.2333333333333333,0.2413793103448276,29.21025333869692,0.2185516950767519,cartes | cio cartes | honor colorado | hora | juan carlos baruja | pedro alliana | santiago peña,cartes | cio cartes | hora | juan carlos baruja | pedro alliana | santiago peña,honor colorado,,1,0.8171764723373478,0.7236361980149364,0.725624034863625,0.7758815074708462
14856,Última Hora,Alliana asume mando en ausencia de Peña y en plena crisis en HC,2026-09-20 21:00:00-03:00,15162,ABC Color,Bachi Núñez niega crisis en Honor Colorado: “Es una disparidad de opiniones” - Política - ABC Color,2026-09-20 21:00:00-03:00,0.9096,1,20,24,9,9,6,2,1,0.25,0.2571428571428571,38.05053868167591,0.2284440802480786,alliana | cartes | césar sosa | guairá | honor colorado | horacio cartes | juan carlos baruja | partido colorado | pedro alliana,alliana | cartes | césar sosa | horacio cartes | juan carlos baruja | pedro alliana,honor colorado | partido colorado,guairá,0,0.847215496614092,0.9433361860366296,0.9484125176805754,0.97615009583316
14729,La Nación,La Nación / Expo Kambuchi reunirá a artesanos y propuestas culturales en Tobatí,2026-09-19 21:00:00-03:00,14701,Diario Paraguayo Noticias,Expo Kambuchi 2026: artesanía y cultura en Tobatí | Diario Paraguayo,2026-09-19 21:00:00-03:00,0.984,2,9,10,8,8,2,2,4,0.6666666666666666,0.7272727272727273,43.3798055989037,0.7787312123177862,barrio san rafael | cordillera | daniela gonzález | finca aguayo | gobernación de cordillera | graciela acuña | secretaría de turismo | tobatí,daniela gonzález | graciela acuña,gobernación de cordillera | secretaría de turismo,barrio san rafael | cordillera | finca aguayo | tobatí,1,0.9932982291772988,0.9998180990838044,0.9998993924579566,0.9999767061468544
14729,La Nación,La Nación / Expo Kambuchi reunirá a artesanos y propuestas culturales en Tobatí,2026-09-19 21:00:00-03:00,15394,Diario Paraguayo Noticias,MAG realizará 8 ferias de agricultura familiar | Diario Paraguayo,2026-09-20 21:00:00-03:00,0.7633,0,9,21,0,0,0,0,0,0.0,0.0,0.0,0.0,,,,,0,0.007832346081272378,0.008194491391171215,0.008364664223021328,0.0839170613412685
14729,La Nación,La Nación / Expo Kambuchi reunirá a artesanos y propuestas culturales en Tobatí,2026-09-19 21:00:00-03:00,15130,Resumen de Noticias,¿Dónde serán las ferias agrícolas esta semana?,2026-09-20 21:00:00-03:00,0.7539,0,9,21,1,1,0,0,1,0.0344827586206896,0.0344827586206896,4.717050331080633,0.0316845974050571,cordillera,,,cordillera,0,0.00722559911426577,0.009444547218043681,0.009792020843099745,0.11965119453789315
14729,La Nación,La Nación / Expo Kambuchi reunirá a artesanos y propuestas culturales en Tobatí,2026-09-19 21:00:00-03:00,15292,La Nación,La Nación / MAG prevé 8 ferias de la agricultura familiar en la semana de la primavera,2026-09-20 21:00:00-03:00,0.7472,0,9,19,1,1,0,0,1,0.037037037037037,0.037037037037037,4.717050331080633,0.0344045407516608,cordillera,,,cordillera,0,0.00552763223737756,0.007828923863166928,0.008128552069200377,0.1233222015116308
14729,La Nación,La Nación / Expo Kambuchi reunirá a artesanos y propuestas culturales en Tobatí,2026-09-19 21:00:00-03:00,14740,Diario Paraguayo Noticias,XV Feria de Aves de Sudamérica culmina con actividades | Diario Paraguayo,2026-09-19 21:00:00-03:00,0.7436,0,9,11,0,0,0,0,0,0.0,0.0,0.0,0.0,,,,,0,0.003770376907483511,0.003226538420417342,0.0032961070097907155,0.06752226241047318
14657,La Nación,La Nación / IPS Ingavi habilita un consultorio especializado en cirugía vascular,2026-09-19 21:00:00-03:00,14565,La Nación,La Nación / Canindeyú registra cerca de 60.000 atenciones médicas en agosto,2026-09-19 21:00:00-03:00,0.742,0,10,8,0,0,0,0,0,0.0,0.0,0.0,0.0,,,,,0,0.003525598505592295,0.003060838441561316,0.003126499472766974,0.06752226241047318
14657,La Nación,La Nación / IPS Ingavi habilita un consultorio especializado en cirugía vascular,2026-09-19 21:00:00-03:00,15217,Megacadena,Maratón de Cirugías del IPS Ciudad del Este concluyó con 213 procedimientos a 181 pacientes,2026-09-20 21:00:00-03:00,0.7291,0,10,4,0,0,0,0,0,0.0,0.0,0.0,0.0,,,,,0,0.0019104431304967145,0.0015219102635654728,0.0015799901242233255,0.057234142518423174
14657,La Nación,La Nación / IPS Ingavi habilita un consultorio especializado en cirugía vascular,2026-09-19 21:00:00-03:00,14646,Diario Paraguayo Noticias,Canindeyú: 60.000 atenciones médicas en agosto | Diario Paraguayo,2026-09-19 21:00:00-03:00,0.7188,0,10,10,0,0,0,0,0,0.0,0.0,0.0,0.0,,,,,0,0.0017697462673298453,0.002020523613901442,0.002084726249745986,0.061165266197872895
14657,La Nación,La Nación / IPS Ingavi habilita un consultorio especializado en cirugía vascular,2026-09-19 21:00:00-03:00,14682,El Independiente,Ministro de salud llevará sus visitas sorpresa a hospitales de todo el país,2026-09-19 21:00:00-03:00,0.6997,0,10,6,0,0,0,0,0,0.0,0.0,0.0,0.0,,,,,0,0.000518614048432639,0.0009544356773582857,0.0009716527077731179,0.0839170613412685
14657,La Nación,La Nación / IPS Ingavi habilita un consultorio especializado en cirugía vascular,2026-09-19 21:00:00-03:00,15573,Resumen de Noticias,“No sirve el hecho de ir a marcar y tomar tereré”: Fretes advierte controles estrictos a médicos,2026-09-20 21:00:00-03:00,0.6851,0,10,8,0,0,0,0,0,0.0,0.0,0.0,0.0,,,,,0,0.0003221940314170611,0.0004678933069239134,0.0004760747306342083,0.06752226241047318
14577,La Nación,La Nación / Dionisio Amarilla reivindica la unidad opositora y el cumplimiento de los acuerdos,2026-09-19 21:00:00-03:00,14643,Diario Paraguayo Noticias,Dionisio Amarilla reivindica la unidad opositora y el cumplimiento de los acuerdos | Diario Paraguayo,2026-09-19 21:00:00-03:00,0.9896,2,23,26,21,21,10,4,7,0.7,0.75,105.05932939844485,0.7265678061469389,aldo lepretti | amarilla | cambyretá | carlos pereira | carnación | claudio chávez | congreso | coronel bogado | di | dionisio amarilla | directorio del partido liberal radical auténtico | diálogo azul | en | encarnación | gloria arregui | itapúa | luis yd | onisio amarilla | paraguay | plra | san juan del paraná,aldo lepretti | amarilla | carlos pereira | claudio chávez | coronel bogado | di | dionisio amarilla | gloria arregui | luis yd | onisio amarilla,congreso | directorio del partido liberal radical auténtico | diálogo azul | plra,cambyretá | carnación | en | encarnación | itapúa | paraguay | san juan del paraná,1,0.9921894875214633,0.9998536338478883,0.9998955808010501,0.999991031316296
14577,La Nación,La Nación / Dionisio Amarilla reivindica la unidad opositora y el cumplimiento de los acuerdos,2026-09-19 21:00:00-03:00,14661,Diario Paraguayo Noticias,Amarilla reivindica unidad opositora y cumplimiento de acuerdos | Diario Paraguayo,2026-09-19 21:00:00-03:00,0.9755,2,23,22,18,18,9,4,5,0.6206896551724138,0.6666666666666666,88.65396689649313,0.6486195023093475,aldo lepretti | amarilla | cambyretá | carlos pereira | claudio chávez | congreso | di | dionisio amarilla | directorio del partido liberal radical auténtico | diálogo azul | encarnación | gloria arregui | itapúa | luis yd | onisio amarilla | paraguay | plra | san juan del paraná,aldo lepretti | amarilla | carlos pereira | claudio chávez | di | dionisio amarilla | gloria arregui | luis yd | onisio amarilla,congreso | directorio del partido liberal radical auténtico | diálogo azul | plra,cambyretá | encarnación | itapúa | paraguay | san juan del paraná,1,0.9818962536005449,0.9996751909860816,0.9997491008093982,0.9999738723533479
14577,La Nación,La Nación / Dionisio Amarilla reivindica la unidad opositora y el cumplimiento de los acuerdos,2026-09-19 21:00:00-03:00,14630,ABC Color,ANR busca unidad en Ayolas y minimiza crisis de la cúpula nacional - Política - ABC Color,2026-09-19 21:00:00-03:00,0.8776,0,23,25,1,1,0,1,0,0.0208333333333333,0.0212765957446808,4.58351893845611,0.0185372773475843,plra,,plra,,0,0.5743712168591062,0.3321867409663356,0.3417815564541789,0.11995288190987681
14577,La Nación,La Nación / Dionisio Amarilla reivindica la unidad opositora y el cumplimiento de los acuerdos,2026-09-19 21:00:00-03:00,15120,ABC Color,Senador minimiza disputas internas en HC y apunta a los 10 distritos de Misiones - Política - ABC Color,2026-09-20 21:00:00-03:00,0.8675,0,23,19,0,0,0,0,0,0.0,0.0,0.0,0.0,,,,,0,0.46348047849026797,0.16801574619003196,0.17372200405347255,0.057234142518423174
14577,La Nación,La Nación / Dionisio Amarilla reivindica la unidad opositora y el cumplimiento de los acuerdos,2026-09-19 21:00:00-03:00,15205,Resumen de Noticias,Alliana asume el gobierno ante fractura interna en HC,2026-09-20 21:00:00-03:00,0.8624,0,23,20,0,0,0,0,0,0.0,0.0,0.0,0.0,,,,,0,0.42413910675522964,0.17238116121945282,0.17538393840437438,0.07357579161808975
14681,La Nación,La Nación / XV Feria de Aves de Sudamérica finaliza hoy con una atractiva agenda para la ciudadanía,2026-09-19 21:00:00-03:00,14703,Diario Paraguayo Noticias,XV Feria de Aves de Sudamérica finaliza hoy con una atractiva agenda para la ciudadanía | Diario Paraguayo,2026-09-19 21:00:00-03:00,0.9941,2,11,14,11,11,0,2,9,0.7333333333333333,0.7857142857142857,53.32601496742222,0.7954565139437799,asunción | centro cultural del puerto de asunción | estación puerto olivares | lagunas saladas del chaco central | mef | mic | paraguay | parque nacional ybycuí | refugio biológico de mbaracayú | reserva natural del bosque mbaracayú | siara,,mef | mic,asunción | centro cultural del puerto de asunción | estación puerto olivares | lagunas saladas del chaco central | paraguay | parque nacional ybycuí | refugio biológico de mbaracayú | reserva natural del bosque mbaracayú | siara,1,0.9956994656144468,0.9999147167866138,0.9999482198677434,0.9999780705532461
14681,La Nación,La Nación / XV Feria de Aves de Sudamérica finaliza hoy con una atractiva agenda para la ciudadanía,2026-09-19 21:00:00-03:00,14740,Diario Paraguayo Noticias,XV Feria de Aves de Sudamérica culmina con actividades | Diario Paraguayo,2026-09-19 21:00:00-03:00,0.9872,2,11,11,8,8,0,0,8,0.5333333333333333,0.5714285714285714,36.92065246547049,0.5328459382467488,asunción | centro cultural del puerto de asunción | estación puerto olivares | lagunas saladas del chaco central | paraguay | parque nacional ybycuí | refugio biológico de mbaracayú | reserva natural del bosque mbaracayú,,,asunción | centro cultural del puerto de asunción | estación puerto olivares | lagunas saladas del chaco central | paraguay | parque nacional ybycuí | refugio biológico de mbaracayú | reserva natural del bosque mbaracayú,1,0.9941763129088492,0.998893304631834,0.9990009545658554,0.996768013048112
14681,La Nación,La Nación / XV Feria de Aves de Sudamérica finaliza hoy con una atractiva agenda para la ciudadanía,2026-09-19 21:00:00-03:00,14652,Última Hora,Más de 150 gua’a embellecen el cielo en el Departamento Central,2026-09-19 21:00:00-03:00,0.8016,0,11,14,1,1,0,0,1,0.04,0.0416666666666666,2.358895386931776,0.0196993041613114,paraguay,,,paraguay,0,0.0449297345736363,0.02622709217223936,0.02459820740590156,0.08185565834004463
14681,La Nación,La Nación / XV Feria de Aves de Sudamérica finaliza hoy con una atractiva agenda para la ciudadanía,2026-09-19 21:00:00-03:00,14739,Diario Paraguayo Noticias,Naturaleza y aventura: propuesta de Senatur para jóvenes | Diario Paraguayo,2026-09-19 21:00:00-03:00,0.7945,0,11,13,1,1,0,0,1,0.0434782608695652,0.0434782608695652,2.9017603644423837,0.0254527382853894,asunción,,,asunción,0,0.02913604633707189,0.043029654932016874,0.04120601429192683,0.1560162667494107
14681,La Nación,La Nación / XV Feria de Aves de Sudamérica finaliza hoy con una atractiva agenda para la ciudadanía,2026-09-19 21:00:00-03:00,14702,Diario Paraguayo Noticias,Naturaleza y aventura: la propuesta de la Senatur para los más jóvenes | Diario Paraguayo,2026-09-19 21:00:00-03:00,0.7866,0,11,18,2,2,0,0,2,0.0714285714285714,0.074074074074074,5.260655751374159,0.038630071184431,asunción | paraguay,,,asunción | paraguay,0,0.02095202448874122,0.057060375351795756,0.05142495963081162,0.24381358848924659
15294,La Nación,"La Nación / Senabico subastará inmuebles, vehículos y maquinaria pesada el 24 de septiembre",2026-09-20 21:00:00-03:00,14939,adn,Subasta pública de bienes incautados se realizará el próximo jueves - ADN Digital,2026-09-20 21:00:00-03:00,0.974,2,16,15,10,10,0,2,8,0.4761904761904761,0.4761904761904761,54.78043569732302,0.4739260628662473,avenida madame lynch | calle punta brava | centro militar naval aeronáutico | lu | mariano roque alonso | pedro juan caballero | que | san pedro del paraná | secretaría nacional de administración de bienes incautados y comisados | senabico,,secretaría nacional de administración de bienes incautados y comisados | senabico,avenida madame lynch | calle punta brava | centro militar naval aeronáutico | lu | mariano roque alonso | pedro juan caballero | que | san pedro del paraná,1,0.9896157699363098,0.9984307177434414,0.9989688968792881,0.9974074957516207
15294,La Nación,"La Nación / Senabico subastará inmuebles, vehículos y maquinaria pesada el 24 de septiembre",2026-09-20 21:00:00-03:00,14904,5Días,Principales Empresas Adjudicadas en Licitaciones Públicas – Semana del 14 al 20 de septiembre de 2026,2026-09-20 21:00:00-03:00,0.7653,0,16,2,0,0,0,0,0,0.0,0.0,0.0,0.0,,,,,0,0.00937950428239476,0.005442026177657824,0.005652932672215719,0.057234142518423174
15294,La Nación,"La Nación / Senabico subastará inmuebles, vehículos y maquinaria pesada el 24 de septiembre",2026-09-20 21:00:00-03:00,14906,5Días,Gobernaciones con Adjudicaciones – Semana del 14 al 20 de septiembre de 2026,2026-09-20 21:00:00-03:00,0.7647,0,16,1,0,0,0,0,0,0.0,0.0,0.0,0.0,,,,,0,0.009117907777054037,0.006459880780287789,0.006608307588915005,0.06752226241047318
15294,La Nación,"La Nación / Senabico subastará inmuebles, vehículos y maquinaria pesada el 24 de septiembre",2026-09-20 21:00:00-03:00,14758,Amambay News,Juez de Capitán Bado enfrenta doble presión: imputación por subasta de bienes de “Cabeza Branca” y polémica por su matrimonio en Brasil - Amambay News,2026-09-19 21:00:00-03:00,0.7411,0,16,23,1,1,0,1,0,0.0263157894736842,0.0263157894736842,5.276666119016055,0.0249768588913128,secretaría nacional de administración de bienes incautados y comisados,,secretaría nacional de administración de bienes incautados y comisados,,0,0.003043094753519977,0.004543619209671657,0.0046558411053658376,0.15102776790016326
15294,La Nación,"La Nación / Senabico subastará inmuebles, vehículos y maquinaria pesada el 24 de septiembre",2026-09-20 21:00:00-03:00,14905,5Días,Municipalidades con Mayor Monto Adjudicado en Paraguay – Semana del 14 al 20 de septiembre de 2026,2026-09-20 21:00:00-03:00,0.7255,0,16,1,0,0,0,0,0,0.0,0.0,0.0,0.0,,,,,0,0.0015630648944623248,0.002286883803627568,0.0023307489903260877,0.0839170613412685
15188,La Nación,La Nación / Funcionarios de municipio fernandino denuncian cuatro meses de atraso salarial,2026-09-20 21:00:00-03:00,15339,Última Hora,Personal de blanco se moviliza en Misiones para exigir aumento salarial del 50%,2026-09-20 21:00:00-03:00,0.8257,0,9,8,0,0,0,0,0,0.0,0.0,0.0,0.0,,,,,0,0.11568451012653364,0.04924473041492452,0.050454098892474965,0.061165266197872895
15188,La Nación,La Nación / Funcionarios de municipio fernandino denuncian cuatro meses de atraso salarial,2026-09-20 21:00:00-03:00,15119,ABC Color,San Ignacio: trabajadores de salud cierran la ruta PY01 y exigen aumento salarial del 50% - Nacionales - ABC Color,2026-09-20 21:00:00-03:00,0.819,0,9,13,0,0,0,0,0,0.0,0.0,0.0,0.0,,,,,0,0.0921009736425586,0.03515662254565514,0.03651468493677562,0.057234142518423174
15188,La Nación,La Nación / Funcionarios de municipio fernandino denuncian cuatro meses de atraso salarial,2026-09-20 21:00:00-03:00,15135,Megacadena,Ortega cuestiona contrato colectivo firmado por Bello a días de las elecciones,2026-09-20 21:00:00-03:00,0.8131,0,9,8,0,0,0,0,0,0.0,0.0,0.0,0.0,,,,,0,0.08912358457158175,0.03884448819099556,0.039706598749122225,0.07357579161808975
15188,La Nación,La Nación / Funcionarios de municipio fernandino denuncian cuatro meses de atraso salarial,2026-09-20 21:00:00-03:00,15553,Última Hora,Denuncian agresión a candidato a concejal y piden circuito cerrado,2026-09-20 21:00:00-03:00,0.8129,0,9,10,0,0,0,0,0,0.0,0.0,0.0,0.0,,,,,0,0.06544742109091439,0.03099522471667411,0.031792201805055195,0.06752226241047318
15188,La Nación,La Nación / Funcionarios de municipio fernandino denuncian cuatro meses de atraso salarial,2026-09-20 21:00:00-03:00,14936,adn,Trabajadores de salud piden 50% de aumento y cifran reclamo en USD 103 millones - ADN Digital,2026-09-20 21:00:00-03:00,0.8069,0,9,6,0,0,0,0,0,0.0,0.0,0.0,0.0,,,,,0,0.0705519900745823,0.03183664152080401,0.032556188093478544,0.07357579161808975
14656,La Nación,La Nación / Tragedia en Capiatá: discusión vecinal termina con un fallecido y un herido,2026-09-19 21:00:00-03:00,14853,ABC Color,Capiatá: hombre mató a tiros a joven por cruzar su cancha de vóley - Policiales - ABC Color,2026-09-20 21:00:00-03:00,0.9244,2,15,14,4,4,1,1,2,0.1481481481481481,0.16,19.121898549942195,0.1402709697522493,capiatá | divino niño jesús | ministerio público | ulises fabián candia báez,ulises fabián candia báez,ministerio público,capiatá | divino niño jesús,1,0.9142399740754725,0.8828747559246531,0.8871820217347451,0.5766754160545303
15349,La Nación,La Nación / MOPC solicita despejar franja de dominio ante avance de la obra de duplicación de la ruta PY01,2026-09-20 21:00:00-03:00,15517,Diario Paraguayo Noticias,MOPC solicita despejar franja de ruta PY01 | Diario Paraguayo,2026-09-20 21:00:00-03:00,0.9812,2,18,19,16,16,0,6,10,0.7619047619047619,0.7619047619047619,77.2149297917035,0.730218401495906,alya constructora s.a. | asunción | atro mojones | central | consorcio rutas del mercosur | construpar s.a. | cu | fernando de la mora | ministerio de obras públicas y comunicaciones | mopc | paraguarí | quiindy | san antonio | san lorenzo | tecnoedil s.a. | villa elisa,,alya constructora s.a. | consorcio rutas del mercosur | construpar s.a. | ministerio de obras públicas y comunicaciones | mopc | tecnoedil s.a.,asunción | atro mojones | central | cu | fernando de la mora | paraguarí | quiindy | san antonio | san lorenzo | villa elisa,1,0.9896302397377077,0.9999521044623015,0.9999604475192159,0.9999879657827804
15349,La Nación,La Nación / MOPC solicita despejar franja de dominio ante avance de la obra de duplicación de la ruta PY01,2026-09-20 21:00:00-03:00,15481,adn,MOPC pide retirar objetos de la franja de la PY01 por obras de duplicación - ADN Digital,2026-09-20 21:00:00-03:00,0.9559,2,18,18,15,15,0,6,9,0.7142857142857143,0.7142857142857143,71.65058160023565,0.6743389555531633,alya constructora s.a. | asunción | central | consorcio rutas del mercosur | construpar s.a. | fernando de la mora | ministerio de obras públicas y comunicaciones | mopc | paraguarí | quiindy | san antonio | san lorenzo | tecnoedil s.a. | villa elisa | ñemby,,alya constructora s.a. | consorcio rutas del mercosur | construpar s.a. | ministerio de obras públicas y comunicaciones | mopc | tecnoedil s.a.,asunción | central | fernando de la mora | paraguarí | quiindy | san antonio | san lorenzo | villa elisa | ñemby,1,0.9610124966413978,0.9998921415496579,0.9999055437726644,0.9999870163317595
15349,La Nación,La Nación / MOPC solicita despejar franja de dominio ante avance de la obra de duplicación de la ruta PY01,2026-09-20 21:00:00-03:00,15307,Ahora CDE,El asfaltado de la ruta D065 entre San Cristóbal y Juan E. O’Leary avanza tras décadas de reclamos,2026-09-20 21:00:00-03:00,0.8128,0,18,11,2,2,0,2,0,0.074074074074074,0.074074074074074,9.924723578609736,0.070720474237718,ministerio de obras públicas y comunicaciones | mopc,,ministerio de obras públicas y comunicaciones | mopc,,0,0.06519035127395782,0.07368337262143729,0.07640365196312053,0.2707865631694817
15349,La Nación,La Nación / MOPC solicita despejar franja de dominio ante avance de la obra de duplicación de la ruta PY01,2026-09-20 21:00:00-03:00,15455,Primera Plana,"Presentan avances del Proyecto de Duplicación de la Ruta PY07, financiado por Itaipú",2026-09-20 21:00:00-03:00,0.8066,0,18,12,0,0,0,0,0,0.0,0.0,0.0,0.0,,,,,0,0.05541634115854822,0.022978234573099,0.02387171657765678,0.057234142518423174
15349,La Nación,La Nación / MOPC solicita despejar franja de dominio ante avance de la obra de duplicación de la ruta PY01,2026-09-20 21:00:00-03:00,15211,adn,"Duplicación de la PY07 tendrá cuatro carriles, tres viaductos y costará hasta US$ 100 millones - ADN Digital",2026-09-20 21:00:00-03:00,0.8059,0,18,10,0,0,0,0,0,0.0,0.0,0.0,0.0,,,,,0,0.05569205647083156,0.027627628774296416,0.02835156526773275,0.061165266197872895
14580,La Nación,La Nación / Otra victoria y clasificación,2026-09-19 21:00:00-03:00,14605,Resumen de Noticias,Team Paraguay suma 22 medallas en los Juegos Odesur 2026,2026-09-19 21:00:00-03:00,0.934,1,25,21,12,12,7,4,1,0.3428571428571428,0.3529411764705882,58.94831008033986,0.3239511204016144,argentina | carla león | eduardo delmás | gabriela | gabriela narváez | julieta escobar | kevin amarilla | paloma narváez | paraguay | team paraguay | uruguay | venezuela,carla león | eduardo delmás | gabriela | gabriela narváez | julieta escobar | kevin amarilla | paloma narváez,paraguay | team paraguay | uruguay | venezuela,argentina,0,0.9325063828098258,0.9919776044547759,0.9927013924010314,0.9980399225307912
14580,La Nación,La Nación / Otra victoria y clasificación,2026-09-19 21:00:00-03:00,15365,Resumen de Noticias,Albirroja Sub 20 avanza de manera invicta a semifinales de los Juegos Odesur,2026-09-20 21:00:00-03:00,0.9182,2,25,19,7,7,1,6,0,0.1842105263157894,0.1891891891891892,29.437088502893044,0.1498788170748526,albirroja | albirroja sub-20 | antolín alcaraz | argentina | paraguay | uruguay | venezuela,antolín alcaraz,albirroja | albirroja sub-20 | argentina | paraguay | uruguay | venezuela,,1,0.8785654678140544,0.9581059406888168,0.9555867898108641,0.9157622394013396
14580,La Nación,La Nación / Otra victoria y clasificación,2026-09-19 21:00:00-03:00,15231,Crónica,[VÍDEO] Paraguay termina puntero de su grupo en los Odesur,2026-09-20 21:00:00-03:00,0.8765,2,25,13,6,6,0,3,3,0.1818181818181818,0.1875,25.941710553237748,0.1545337530697884,albirroja | argentina | estadio marcelo bielsa | paraguay | rosario | uruguay,,albirroja | paraguay | uruguay,argentina | estadio marcelo bielsa | rosario,1,0.562454357505825,0.7823609333487543,0.7852002890839268,0.7952474126244505
14580,La Nación,La Nación / Otra victoria y clasificación,2026-09-19 21:00:00-03:00,15456,Amambay News,Paraguay avanza invicto y espera rival - Amambay News,2026-09-20 21:00:00-03:00,0.8648,2,25,13,5,5,1,3,1,0.1428571428571428,0.1515151515151515,21.252831099123814,0.1218262616624138,albirroja | antolín alcaraz | estadio marcelo bielsa | paraguay | uruguay,antolín alcaraz,albirroja | paraguay | uruguay,estadio marcelo bielsa,1,0.3781905422196828,0.45521396538824216,0.44181617320950217,0.6613199378153074
14580,La Nación,La Nación / Otra victoria y clasificación,2026-09-19 21:00:00-03:00,15482,adn,Paraguay empata con Uruguay y avanza a semifinales del Odesur como líder de grupo - ADN Digital,2026-09-20 21:00:00-03:00,0.8521,2,25,15,7,7,2,5,0,0.2058823529411764,0.2121212121212121,29.149406430441264,0.1647709005348566,albirroja | antolín alcaraz | argentina | eduardo delmás | paraguay | uruguay | venezuela,antolín alcaraz | eduardo delmás,albirroja | argentina | paraguay | uruguay | venezuela,,1,0.2609918267363331,0.3218602398235674,0.2912832862137068,0.8354957372130951
14768,La Nación,"La Nación / Neruda y Paraguay: un diálogo entre la poesía, el exilio y la memoria",2026-09-19 21:00:00-03:00,14748,Última Hora,"Patria Querida dice que Peña ""avergüenza"" a Paraguay por encuentro con Delcy Rodríguez",2026-09-19 21:00:00-03:00,0.7424,0,15,15,1,1,0,0,1,0.0344827586206896,0.0344827586206896,2.358895386931776,0.0162871975320535,paraguay,,,paraguay,0,0.0053826326130836,0.005637277694772016,0.005482088764074481,0.11073009833985727
14768,La Nación,"La Nación / Neruda y Paraguay: un diálogo entre la poesía, el exilio y la memoria",2026-09-19 21:00:00-03:00,14712,Amambay News,Patria Querida sostiene que el encuentro entre Santi y Delcy Rodríguez «avergüenza» al país - Amambay News,2026-09-19 21:00:00-03:00,0.7388,0,15,11,0,0,0,0,0,0.0,0.0,0.0,0.0,,,,,0,0.0039486188887503555,0.0036995322526598654,0.0038127503465116524,0.061165266197872895
14768,La Nación,"La Nación / Neruda y Paraguay: un diálogo entre la poesía, el exilio y la memoria",2026-09-19 21:00:00-03:00,14923,El Independiente,3×3 lunes 21de septiembre del 2026 por Benjamín Fernández Bogado,2026-09-20 21:00:00-03:00,0.7261,0,15,10,0,0,0,0,0,0.0,0.0,0.0,0.0,,,,,0,0.002372520905439334,0.0025199545411745544,0.0025989565713162633,0.061165266197872895
14768,La Nación,"La Nación / Neruda y Paraguay: un diálogo entre la poesía, el exilio y la memoria",2026-09-19 21:00:00-03:00,15355,Itapúa en Noticias,"AGUAS DANZANTES, BUS TURÍSTICO Y LA RECUPERACIÓN DE LA ZONA BAJA: LAS PROPUESTAS DE NOVOSAD",2026-09-20 21:00:00-03:00,0.725,0,15,8,0,0,0,0,0,0.0,0.0,0.0,0.0,,,,,0,0.0022700377703605418,0.0024374787331332822,0.0025140515548219442,0.061165266197872895
14768,La Nación,"La Nación / Neruda y Paraguay: un diálogo entre la poesía, el exilio y la memoria",2026-09-19 21:00:00-03:00,14590,La Nación,La Nación / Fiestas patrias: distinguida cita en la Embajada de Chile,2026-09-19 21:00:00-03:00,0.7236,0,15,11,3,3,0,0,3,0.1304347826086956,0.1304347826086956,9.844174689830268,0.0770663453749594,asunción | chile | paraguay,,,asunción | chile | paraguay,0,0.0016277406668577016,0.008021585960720591,0.006706983699566549,0.3470975462733898
15498,La Nación,La Nación / ¡No es visita! Paraguaya presume que su novio llega a su casa y hace de todo,2026-09-20 21:00:00-03:00,15325,ABC Color,"Orlando Gill y Meli Ávalos, enamorados en París - Gente - ABC Color",2026-09-20 21:00:00-03:00,0.7472,0,7,12,0,0,0,0,0,0.0,0.0,0.0,0.0,,,,,0,0.004384789082365103,0.0036327809151407413,0.003711999745479367,0.06752226241047318
15498,La Nación,La Nación / ¡No es visita! Paraguaya presume que su novio llega a su casa y hace de todo,2026-09-20 21:00:00-03:00,15449,Popular,Popular / ¡Celebraron su boda de plata!,2026-09-20 21:00:00-03:00,0.7415,0,7,5,0,0,0,0,0,0.0,0.0,0.0,0.0,,,,,0,0.004399757117779309,0.004013937968345521,0.004136133413556343,0.061165266197872895
15498,La Nación,La Nación / ¡No es visita! Paraguaya presume que su novio llega a su casa y hace de todo,2026-09-20 21:00:00-03:00,14985,Diario Paraguayo Noticias,"Lo que tenés que saber: Iglesia critica omisión, venezolanos contra Peña y visitas sorpresas de Fretes | Diario Paraguayo",2026-09-20 21:00:00-03:00,0.7372,0,7,13,0,0,0,0,0,0.0,0.0,0.0,0.0,,,,,0,0.004354881555700003,0.0032268544054242705,0.00331104964168184,0.07357579161808975
15498,La Nación,La Nación / ¡No es visita! Paraguaya presume que su novio llega a su casa y hace de todo,2026-09-20 21:00:00-03:00,14977,Popular,Popular / Oiko ñemenda guasu de 95 parejas,2026-09-20 21:00:00-03:00,0.7335,0,7,9,0,0,0,0,0,0.0,0.0,0.0,0.0,,,,,0,0.0037449716486419146,0.002854278087101993,0.0029292067616179212,0.07357579161808975
15498,La Nación,La Nación / ¡No es visita! Paraguaya presume que su novio llega a su casa y hace de todo,2026-09-20 21:00:00-03:00,14748,Última Hora,"Patria Querida dice que Peña ""avergüenza"" a Paraguay por encuentro con Delcy Rodríguez",2026-09-19 21:00:00-03:00,0.7328,0,7,15,0,0,0,0,0,0.0,0.0,0.0,0.0,,,,,0,0.002248806244070689,0.0017339298159111695,0.001800219367632684,0.057234142518423174
14894,La Nación,La Nación / Un paso más hacia la digitalización: BCP pone en marcha el CDA-d desde este lunes,2026-09-20 21:00:00-03:00,14990,Diario Paraguayo Noticias,Un paso más hacia la digitalización: BCP pone en marcha el CDA-d desde este lunes | Diario Paraguayo,2026-09-20 21:00:00-03:00,0.992,2,4,4,4,4,0,4,0,0.8,1.0,17.964231076836416,1.0,banco central del paraguay | bcp | depo | depositaria de valores,,banco central del paraguay | bcp | depo | depositaria de valores,,1,0.9929466070486064,0.9998012599974223,0.9998217596615825,0.9999825564927145
14894,La Nación,La Nación / Un paso más hacia la digitalización: BCP pone en marcha el CDA-d desde este lunes,2026-09-20 21:00:00-03:00,15150,Diario Paraguayo Noticias,BCP activa sistema CDA-d para certificados digitales | Diario Paraguayo,2026-09-20 21:00:00-03:00,0.9815,2,4,4,4,4,0,4,0,1.0,1.0,17.964231076836416,1.0,banco central del paraguay | bcp | depo | depositaria de valores,,banco central del paraguay | bcp | depo | depositaria de valores,,1,0.9897555400261093,0.9996586995847199,0.9996724370297514,0.9999823533522817
14894,La Nación,La Nación / Un paso más hacia la digitalización: BCP pone en marcha el CDA-d desde este lunes,2026-09-20 21:00:00-03:00,15472,Más Encarnación,BCP habilita los Certificados de Depósito de Ahorro 100% digitales,2026-09-20 21:00:00-03:00,0.9799,2,4,5,4,4,0,4,0,0.8,0.8,17.964231076836416,0.7729577272964436,banco central del paraguay | bcp | depo | depositaria de valores,,banco central del paraguay | bcp | depo | depositaria de valores,,1,0.987543382792048,0.9994361670358632,0.9993618712895709,0.9998620247294613
14894,La Nación,La Nación / Un paso más hacia la digitalización: BCP pone en marcha el CDA-d desde este lunes,2026-09-20 21:00:00-03:00,15335,Última Hora,Adiós al CDA de papel: Paraguay entra en la era del CDA digital,2026-09-20 21:00:00-03:00,0.9643,2,4,5,4,4,0,4,0,0.8,0.8,17.964231076836416,0.8839304872142983,banco central del paraguay | bcp | depo | depositaria de valores,,banco central del paraguay | bcp | depo | depositaria de valores,,1,0.9841505899797633,0.9998822968985938,0.9999333651238722,0.9999950379935463
14894,La Nación,La Nación / Un paso más hacia la digitalización: BCP pone en marcha el CDA-d desde este lunes,2026-09-20 21:00:00-03:00,15514,Diario Paraguayo Noticias,CDA digitales: Paraguay moderniza inversiones | Diario Paraguayo,2026-09-20 21:00:00-03:00,0.9436,2,4,6,3,3,0,3,0,0.4285714285714285,0.4285714285714285,13.699165869498842,0.4300167010114114,banco central del paraguay | depo | depositaria de valores,,banco central del paraguay | depo | depositaria de valores,,1,0.9613752320514695,0.9950238770192057,0.9952491303460627,0.9937649621249204
14670,La Nación,La Nación / Vende sopa paraguaya en Argentina para cumplir su sueño: estudiar en la universidad,2026-09-19 21:00:00-03:00,15226,Extra,Joven salteño vende sopa paraguaya con la receta que le dio su abuela,2026-09-20 21:00:00-03:00,0.8752,2,8,13,4,4,1,1,2,0.2222222222222222,0.2352941176470588,20.871098404751454,0.2327420770499478,argentina | barrio miguel ortiz | brandon | informate salta,brandon,informate salta,argentina | barrio miguel ortiz,1,0.5482783611633124,0.6931084075040366,0.7230948377975893,0.8394784871756729
14670,La Nación,La Nación / Vende sopa paraguaya en Argentina para cumplir su sueño: estudiar en la universidad,2026-09-19 21:00:00-03:00,15157,San Lorenzo Py,"Don Felipe, el “Rey del bollo” que trabaja desde hace 25 años en las calles de San Lorenzo » San Lorenzo PY",2026-09-20 21:00:00-03:00,0.7402,0,8,16,0,0,0,0,0,0.0,0.0,0.0,0.0,,,,,0,0.003269103667478602,0.0028845461847366426,0.0029460696705810034,0.06752226241047318
14670,La Nación,La Nación / Vende sopa paraguaya en Argentina para cumplir su sueño: estudiar en la universidad,2026-09-19 21:00:00-03:00,14827,ABC Color,Estudiar en el país de los títulos falsos: el amargo contraste de ser joven hoy en Paraguay - Nacionales - ABC Color,2026-09-20 21:00:00-03:00,0.7394,0,8,12,0,0,0,0,0,0.0,0.0,0.0,0.0,,,,,0,0.002830137610886585,0.003659455019558095,0.003731848386819046,0.0839170613412685
14670,La Nación,La Nación / Vende sopa paraguaya en Argentina para cumplir su sueño: estudiar en la universidad,2026-09-19 21:00:00-03:00,14832,ABC Color,Día de la Juventud: un emprendedor que incursiona en la relojería - ABC en el Este - ABC Color,2026-09-20 21:00:00-03:00,0.7336,0,8,2,0,0,0,0,0,0.0,0.0,0.0,0.0,,,,,0,0.003760279017211849,0.0028637600319051837,0.002938925330088251,0.07357579161808975
14670,La Nación,La Nación / Vende sopa paraguaya en Argentina para cumplir su sueño: estudiar en la universidad,2026-09-19 21:00:00-03:00,15232,Crónica,Nuestro vori vori sigue mandando en el mundo ??,2026-09-20 21:00:00-03:00,0.731,0,8,3,0,0,0,0,0,0.0,0.0,0.0,0.0,,,,,0,0.0020773184348409006,0.0016273359619316042,0.0016894964676667514,0.057234142518423174
15186,La Nación,La Nación / Campaña “Todos con Iván” busca alcanzar meta de G. 1.000 millones para su rehabilitación,2026-09-20 21:00:00-03:00,15400,Diario Paraguayo Noticias,Campaña solidaria para rehabilitación de Iván | Diario Paraguayo,2026-09-20 21:00:00-03:00,0.9704,2,9,7,7,7,3,2,2,0.7777777777777778,0.7777777777777778,35.67944551426764,0.7557025988345637,aldo sosa | avenida sacramento | colegio técnico javier | i | ips | iván | molas lópez,aldo sosa | i | iván,colegio técnico javier | ips,avenida sacramento | molas lópez,1,0.981529849455648,0.9992345038255385,0.9992324894020697,0.9999099066466387
15186,La Nación,La Nación / Campaña “Todos con Iván” busca alcanzar meta de G. 1.000 millones para su rehabilitación,2026-09-20 21:00:00-03:00,15414,Crónica,La batalla de Iván recién comienza: buscan G. 1.000 millones para su recuperación,2026-09-20 21:00:00-03:00,0.9582,2,9,6,5,5,2,2,1,0.5,0.5,24.83843120378375,0.4670333547822071,aldo sosa | avenida sacramento | colegio técnico javier | ips | iván,aldo sosa | iván,colegio técnico javier | ips,avenida sacramento,1,0.9738321423048932,0.9928320332470243,0.9924803477028681,0.9926786700513942
15186,La Nación,La Nación / Campaña “Todos con Iván” busca alcanzar meta de G. 1.000 millones para su rehabilitación,2026-09-20 21:00:00-03:00,15577,Megacadena,Adolescente Iván sale de terapia intensiva tras ser atropellado al salir del colegio,2026-09-20 21:00:00-03:00,0.788,1,9,3,2,2,2,0,0,0.2,0.2,10.107045135403691,0.1946257885767382,aldo sosa | iván,aldo sosa | iván,,,0,0.023956365793127023,0.04202870894185425,0.042625614293850096,0.5951237564187518
15186,La Nación,La Nación / Campaña “Todos con Iván” busca alcanzar meta de G. 1.000 millones para su rehabilitación,2026-09-20 21:00:00-03:00,14936,adn,Trabajadores de salud piden 50% de aumento y cifran reclamo en USD 103 millones - ADN Digital,2026-09-20 21:00:00-03:00,0.7543,0,9,6,0,0,0,0,0,0.0,0.0,0.0,0.0,,,,,0,0.005341742816200745,0.006051656719791394,0.006175148671303285,0.0839170613412685
15186,La Nación,La Nación / Campaña “Todos con Iván” busca alcanzar meta de G. 1.000 millones para su rehabilitación,2026-09-20 21:00:00-03:00,14695,Diario Paraguayo Noticias,Caacupé: Valenzuela critica a conductores que provocan accidentes y se dan a la fuga | Diario Paraguayo,2026-09-19 21:00:00-03:00,0.7343,0,9,8,0,0,0,0,0,0.0,0.0,0.0,0.0,,,,,0,0.002551819757161332,0.0023746670156919785,0.002424351599226639,0.06752226241047318
15187,La Nación,"La Nación / En violento asalto domiciliario, gavilla roba más de G. 20 millones en Minga Guazú",2026-09-20 21:00:00-03:00,15370,adn,Asaltantes vestidos de policías irrumpen en una casa y roban G. 20 millones - ADN Digital,2026-09-20 21:00:00-03:00,0.966,2,12,7,4,4,1,0,3,0.25,0.2666666666666666,19.630757956254644,0.2582360578627051,alberto fernández | fracción el trébol | hospital distrital | minga guazú,alberto fernández,,fracción el trébol | hospital distrital | minga guazú,1,0.9788412991004848,0.9903920226801021,0.9912970388328999,0.8795320926287147
15187,La Nación,"La Nación / En violento asalto domiciliario, gavilla roba más de G. 20 millones en Minga Guazú",2026-09-20 21:00:00-03:00,15174,Última Hora,Gavilla con un falso policía asalta a una familia en Minga Guazú y se lleva millonaria suma,2026-09-20 21:00:00-03:00,0.9644,2,12,12,5,5,1,2,2,0.25,0.2631578947368421,24.016451151380835,0.2424816197846341,alberto fernández | comisaría 8.a | hospital distrital | minga guazú | policía nacional,alberto fernández,comisaría 8.a | policía nacional,hospital distrital | minga guazú,1,0.9719890773169596,0.9787928458444373,0.979001407025457,0.8825491427642876
15187,La Nación,"La Nación / En violento asalto domiciliario, gavilla roba más de G. 20 millones en Minga Guazú",2026-09-20 21:00:00-03:00,14967,Megacadena,Asalto tipo comando en Minga Guazú: golpearon a un hombre y se llevaron millonario botín,2026-09-20 21:00:00-03:00,0.9496,2,12,11,4,4,1,1,2,0.2,0.2105263157894736,18.452102959913,0.1890674906539926,alberto fernández | hospital distrital | minga guazú | policía nacional,alberto fernández,policía nacional,hospital distrital | minga guazú,1,0.9582082785351348,0.9673437443777555,0.9675159437966254,0.7565092859787681
15187,La Nación,"La Nación / En violento asalto domiciliario, gavilla roba más de G. 20 millones en Minga Guazú",2026-09-20 21:00:00-03:00,15027,Ahora CDE,Encapuchados armados asaltan una vivienda y exigen dinero vinculado al accidente aéreo de Prosegur,2026-09-20 21:00:00-03:00,0.9489,2,12,15,3,3,1,1,1,0.12,0.125,13.398580392211151,0.1055540409457018,alberto fernández | minga guazú | policía nacional,alberto fernández,policía nacional,minga guazú,1,0.9489764195264825,0.8857681892271262,0.8828829932210479,0.3877698218609316
15187,La Nación,"La Nación / En violento asalto domiciliario, gavilla roba más de G. 20 millones en Minga Guazú",2026-09-20 21:00:00-03:00,15081,Itapúa en Noticias,MINGA GUAZÚ: FALSOS POLICÍAS SE LLEVAN G. 15 MILLONES Y R$ 5.000 TRAS VIOLENTO ASALTO,2026-09-20 21:00:00-03:00,0.9401,2,12,9,5,5,1,2,2,0.2777777777777778,0.3125,22.504993647306936,0.2796193549602814,alberto fernández | fiscalía | fracción el trébol | minga guazú | policía nacional,alberto fernández,fiscalía | policía nacional,fracción el trébol | minga guazú,1,0.9385290264638854,0.97447387580857,0.9733686854207049,0.9293204918768413
14805,Ñanduti,Bonifacio Ríos: “La política es el cáncer de la academia”,2026-09-19 21:00:00-03:00,15192,HOY,"Diario HOY | “Tenemos Honor Colorado para rato”, predice Bachi",2026-09-20 21:00:00-03:00,0.7544,0,6,19,0,0,0,0,0,0.0,0.0,0.0,0.0,,,,,0,0.005928414803416378,0.004604413224341702,0.004707060080426344,0.06752226241047318
14805,Ñanduti,Bonifacio Ríos: “La política es el cáncer de la academia”,2026-09-19 21:00:00-03:00,15432,Última Hora,"“Mantenerse en primera división es difícil"", advierte Bachi a Cesarito",2026-09-20 21:00:00-03:00,0.7532,0,6,10,0,0,0,0,0,0.0,0.0,0.0,0.0,,,,,0,0.005518157823237465,0.0035566843627358223,0.0036939041055209826,0.057234142518423174
14805,Ñanduti,Bonifacio Ríos: “La política es el cáncer de la academia”,2026-09-19 21:00:00-03:00,15515,Diario Paraguayo Noticias,Figueredo respalda liderazgo de Honor Colorado | Diario Paraguayo,2026-09-20 21:00:00-03:00,0.752,0,6,10,0,0,0,0,0,0.0,0.0,0.0,0.0,,,,,0,0.005234824169411414,0.003409643438401154,0.0035411256239890085,0.057234142518423174
14805,Ñanduti,Bonifacio Ríos: “La política es el cáncer de la academia”,2026-09-19 21:00:00-03:00,15281,ABC Color,"Crisis en Honor Colorado: “Lo que se ve no se pregunta”, dice Beto Ovelar - Política - ABC Color",2026-09-20 21:00:00-03:00,0.7478,0,6,16,0,0,0,0,0,0.0,0.0,0.0,0.0,,,,,0,0.005661936329878433,0.00485488862190103,0.005000852101572974,0.061165266197872895
14805,Ñanduti,Bonifacio Ríos: “La política es el cáncer de la academia”,2026-09-19 21:00:00-03:00,15116,ABC Color,"Crisis en Honor Colorado: “Lo que se ve no se pregunta”, dice Beto Ovelar - Nacionales - ABC Color",2026-09-20 21:00:00-03:00,0.7458,0,6,16,0,0,0,0,0,0.0,0.0,0.0,0.0,,,,,0,0.003985954738119674,0.0027411401137942258,0.0028465649122133953,0.057234142518423174
15374,Ñanduti,Banco Continental integra la emisión y custodia en la nueva era del CDA Digital,2026-09-20 21:00:00-03:00,14723,Ñanduti,"Continental, preparado para liderar la nueva era del CDA Digital en Paraguay",2026-09-19 21:00:00-03:00,0.9718,2,5,5,4,4,0,3,0,0.6666666666666666,0.6666666666666666,19.65882679761082,0.7024136444156055,banco central del paraguay | banco continental | bcp | continental,,banco central del paraguay | banco continental | bcp,,1,0.9885683242653164,0.9996563832523624,0.9997290945763394,0.9998807272618659
15374,Ñanduti,Banco Continental integra la emisión y custodia en la nueva era del CDA Digital,2026-09-20 21:00:00-03:00,14990,Diario Paraguayo Noticias,Un paso más hacia la digitalización: BCP pone en marcha el CDA-d desde este lunes | Diario Paraguayo,2026-09-20 21:00:00-03:00,0.9393,2,5,4,2,2,0,2,0,0.25,0.2857142857142857,8.53013041467515,0.2432819063752433,banco central del paraguay | bcp,,banco central del paraguay | bcp,,1,0.936523637133628,0.9413528352223094,0.9309554919111386,0.7744555182046711
15374,Ñanduti,Banco Continental integra la emisión y custodia en la nueva era del CDA Digital,2026-09-20 21:00:00-03:00,15150,Diario Paraguayo Noticias,BCP activa sistema CDA-d para certificados digitales | Diario Paraguayo,2026-09-20 21:00:00-03:00,0.9348,2,5,4,2,2,0,2,0,0.2857142857142857,0.2857142857142857,8.53013041467515,0.2432819063752433,banco central del paraguay | bcp,,banco central del paraguay | bcp,,1,0.9345389992741976,0.9373340506696743,0.9281246900234222,0.7718057202718647
15374,Ñanduti,Banco Continental integra la emisión y custodia en la nueva era del CDA Digital,2026-09-20 21:00:00-03:00,14894,La Nación,La Nación / Un paso más hacia la digitalización: BCP pone en marcha el CDA-d desde este lunes,2026-09-20 21:00:00-03:00,0.9323,2,5,4,2,2,0,2,0,0.2857142857142857,0.2857142857142857,8.53013041467515,0.2432819063752433,banco central del paraguay | bcp,,banco central del paraguay | bcp,,1,0.9144090124206153,0.9294936412420357,0.916166020231329,0.779383977150352
15374,Ñanduti,Banco Continental integra la emisión y custodia en la nueva era del CDA Digital,2026-09-20 21:00:00-03:00,15472,Más Encarnación,BCP habilita los Certificados de Depósito de Ahorro 100% digitales,2026-09-20 21:00:00-03:00,0.9297,2,5,5,2,2,0,2,0,0.25,0.25,8.53013041467515,0.2114589944367835,banco central del paraguay | bcp,,banco central del paraguay | bcp,,1,0.9072582820874774,0.9049628632801592,0.8908304402312867,0.7017463122687048
14747,Ñanduti,Paraguay y Venezuela anuncian una “nueva etapa” y apuntan a restablecer plenamente sus relaciones diplomáticas,2026-09-19 21:00:00-03:00,15072,QAP Chaco News,Paraguay y Venezuela reabren el diálogo - QAP CHACO NEWS,2026-09-20 21:00:00-03:00,0.9546,2,12,16,9,9,6,2,3,0.4736842105263157,0.4736842105263157,37.662517839946815,0.4126623563417649,caracas | delcy rodríguez | fél | ix plasencia | paraguay | peña | rubén ramírez lezcano | santiago peña | venezuela,delcy rodríguez | fél | ix plasencia | peña | rubén ramírez lezcano | santiago peña,paraguay | venezuela,caracas | paraguay | venezuela,1,0.9646911182748475,0.9952060645924018,0.9948228989374613,0.9971857062645725
14747,Ñanduti,Paraguay y Venezuela anuncian una “nueva etapa” y apuntan a restablecer plenamente sus relaciones diplomáticas,2026-09-19 21:00:00-03:00,15064,Oviedo Press,Peña se reúne con Delcy Rodríguez y abre camino para retomar relaciones con Venezuela - OviedoPress,2026-09-20 21:00:00-03:00,0.9537,2,12,10,8,8,4,3,2,0.5714285714285714,0.5714285714285714,30.43994157187545,0.4976186361300941,caracas | delcy rodríguez | estados | paraguay | peña | rodríguez | santiago peña | venezuela,delcy rodríguez | peña | rodríguez | santiago peña,estados | paraguay | venezuela,caracas | venezuela,1,0.9575571774370041,0.9961080833928379,0.9952209765423982,0.9980608455329225
14747,Ñanduti,Paraguay y Venezuela anuncian una “nueva etapa” y apuntan a restablecer plenamente sus relaciones diplomáticas,2026-09-19 21:00:00-03:00,14686,El Independiente,Paraguay y Venezuela abren una nueva etapa con foco en comercio y cooperación,2026-09-19 21:00:00-03:00,0.9484,2,12,7,6,6,2,3,3,0.4615384615384615,0.4615384615384615,22.30697746249377,0.405406489828417,caracas | delcy rodríguez | estados | paraguay | santiago peña | venezuela,delcy rodríguez | santiago peña,estados | paraguay | venezuela,caracas | paraguay | venezuela,1,0.9614114946495341,0.9946628910294573,0.9942033803204534,0.9943647127699066
14747,Ñanduti,Paraguay y Venezuela anuncian una “nueva etapa” y apuntan a restablecer plenamente sus relaciones diplomáticas,2026-09-19 21:00:00-03:00,14668,Última Hora,Peña inicia diálogo con Delcy para reanudar relaciones con Venezuela,2026-09-19 21:00:00-03:00,0.9455,2,12,18,8,8,4,3,3,0.3636363636363636,0.3636363636363636,30.999557359810872,0.2978724077988693,caracas | delcy rodríguez | paraguay | peña | presidencia | rodríguez | santiago peña | venezuela,delcy rodríguez | peña | rodríguez | santiago peña,paraguay | presidencia | venezuela,caracas | paraguay | venezuela,1,0.9567567551165943,0.9932232103063716,0.9926388100615958,0.9914121926298981
14747,Ñanduti,Paraguay y Venezuela anuncian una “nueva etapa” y apuntan a restablecer plenamente sus relaciones diplomáticas,2026-09-19 21:00:00-03:00,14604,Resumen de Noticias,Santiago Peña y Delcy Rodríguez firman documento para afianzar lazos bilaterales,2026-09-19 21:00:00-03:00,0.936,2,12,14,7,7,4,2,2,0.3684210526315789,0.3684210526315789,25.72289124079482,0.2825186780778351,caracas | delcy rodríguez | paraguay | peña | rodríguez | santiago peña | venezuela,delcy rodríguez | peña | rodríguez | santiago peña,paraguay | venezuela,caracas | venezuela,1,0.9258410708798218,0.9784164336688284,0.9717411081258279,0.966826581190105
14722,Ñanduti,Cooperativa Universitaria celebró la juventud con su primer Sunset Experience,2026-09-19 21:00:00-03:00,15102,Más Encarnación,"Color, Baile y Alegría marcaron la celebración de la Juventud y la Primavera en Encarnación",2026-09-20 21:00:00-03:00,0.8316,0,5,6,0,0,0,0,0,0.0,0.0,0.0,0.0,,,,,0,0.13337648138199784,0.0560241822517656,0.05749686319519181,0.06752226241047318
14722,Ñanduti,Cooperativa Universitaria celebró la juventud con su primer Sunset Experience,2026-09-19 21:00:00-03:00,15152,Diario Paraguayo Noticias,Municipalidad de Asunción invita a jornada para jóvenes | Diario Paraguayo,2026-09-20 21:00:00-03:00,0.8203,0,5,13,0,0,0,0,0,0.0,0.0,0.0,0.0,,,,,0,0.09701540964429622,0.03674721351219288,0.03816524359732808,0.057234142518423174
14722,Ñanduti,Cooperativa Universitaria celebró la juventud con su primer Sunset Experience,2026-09-19 21:00:00-03:00,15173,ABC Color,Comunidades rurales de Lima se unen mediante el deporte y reclaman un polideportivo - Nacionales - ABC Color,2026-09-20 21:00:00-03:00,0.8091,0,5,7,0,0,0,0,0,0.0,0.0,0.0,0.0,,,,,0,0.061487512184637584,0.025045574052292564,0.026018569693337646,0.057234142518423174
14722,Ñanduti,Cooperativa Universitaria celebró la juventud con su primer Sunset Experience,2026-09-19 21:00:00-03:00,14895,La Nación,La Nación / La Municipalidad de Asunción invita a una jornada para jóvenes,2026-09-20 21:00:00-03:00,0.8076,0,5,12,0,0,0,0,0,0.0,0.0,0.0,0.0,,,,,0,0.05940054203356514,0.02904687846802387,0.029804191936569874,0.061165266197872895
14722,Ñanduti,Cooperativa Universitaria celebró la juventud con su primer Sunset Experience,2026-09-19 21:00:00-03:00,15264,Oviedo Press,"Juventud ovetense tendrá teatro, formación y actividades comunitarias durante septiembre - OviedoPress",2026-09-20 21:00:00-03:00,0.8054,0,5,12,0,0,0,0,0,0.0,0.0,0.0,0.0,,,,,0,0.06662928985637687,0.030334273708449152,0.031022731165328603,0.07357579161808975
15111,Ñanduti,Conductor murió en choque frontal en J. Augusto Saldívar: hallaron botellas con olor a cerveza en su vehículo,2026-09-20 21:00:00-03:00,14934,Resumen de Noticias,Choque frontal en J. Augusto Saldívar deja un fallecido,2026-09-20 21:00:00-03:00,0.8973,2,7,11,4,4,2,1,0,0.2857142857142857,0.2857142857142857,19.58196779208521,0.2615715193017611,bomberos de capiatá | j. augusto saldívar | miguel ángel ferreira velázquez | ramón cabrera acosta,miguel ángel ferreira velázquez | ramón cabrera acosta,bomberos de capiatá,,1,0.6999231349361374,0.7492583100746056,0.7395083023817368,0.7989007937180093
15111,Ñanduti,Conductor murió en choque frontal en J. Augusto Saldívar: hallaron botellas con olor a cerveza en su vehículo,2026-09-20 21:00:00-03:00,14873,Última Hora,Violento choque frontal deja un fallecido en J. Augusto Saldívar,2026-09-20 21:00:00-03:00,0.8949,2,7,6,3,3,2,0,1,0.3,0.3,14.305301673069156,0.2727424643368383,j. augusto saldívar | miguel ángel ferreira velázquez | ramón cabrera acosta,miguel ángel ferreira velázquez | ramón cabrera acosta,,j. augusto saldívar,1,0.6886711319039429,0.7759989599791766,0.7629826479730208,0.8499403973188195
15111,Ñanduti,Conductor murió en choque frontal en J. Augusto Saldívar: hallaron botellas con olor a cerveza en su vehículo,2026-09-20 21:00:00-03:00,14851,ABC Color,Accidente en J. Augusto Saldívar: conductor de 42 años falleció en un choque frontal - Policiales - ABC Color,2026-09-20 21:00:00-03:00,0.8928,2,7,10,4,4,2,1,1,0.3076923076923077,0.3076923076923077,19.58196779208521,0.2900746072358287,bomberos de capiatá | j. augusto saldívar | miguel ángel ferreira velázquez | ramón cabrera acosta,miguel ángel ferreira velázquez | ramón cabrera acosta,bomberos de capiatá,j. augusto saldívar,1,0.7253161899306879,0.878692449193001,0.8794694609980943,0.9385672130834805
15111,Ñanduti,Conductor murió en choque frontal en J. Augusto Saldívar: hallaron botellas con olor a cerveza en su vehículo,2026-09-20 21:00:00-03:00,14987,Diario Paraguayo Noticias,Violento choque frontal deja un fallecido en J. Augusto Saldívar | Diario Paraguayo,2026-09-20 21:00:00-03:00,0.8841,2,7,8,3,3,2,0,1,0.2307692307692307,0.25,14.305301673069156,0.2354708846871727,j. augusto saldívar | miguel ángel ferreira velázquez | ramón cabrera acosta,miguel ángel ferreira velázquez | ramón cabrera acosta,,j. augusto saldívar,1,0.6416878632713185,0.6803012212147773,0.6836394779963817,0.7848981777060277
15111,Ñanduti,Conductor murió en choque frontal en J. Augusto Saldívar: hallaron botellas con olor a cerveza en su vehículo,2026-09-20 21:00:00-03:00,14903,NPY,Choque frontal en J. Augusto Saldívar deja un fallecido y a una familia que exige esclarecer el caso,2026-09-20 21:00:00-03:00,0.8778,2,7,8,2,2,1,0,1,0.1538461538461538,0.1538461538461538,9.434100662161264,0.1338882946702861,j. augusto saldívar | ramón cabrera acosta,ramón cabrera acosta,,j. augusto saldívar,1,0.5184647252443696,0.4637402121784612,0.4539551998534542,0.4222709453463204
14808,Ñanduti,Patria Querida afirma que la visita de Santiago Peña a Delcy Rodríguez en Venezuela “avergüenza” al Paraguay,2026-09-19 21:00:00-03:00,14748,Última Hora,"Patria Querida dice que Peña ""avergüenza"" a Paraguay por encuentro con Delcy Rodríguez",2026-09-19 21:00:00-03:00,0.9722,2,12,15,9,9,4,2,3,0.5,0.5,34.484464009598874,0.4129881823896263,caracas | delcy rodríguez | gobierno | paraguay | patria querida | peña | rodríguez | santiago peña | venezuela,delcy rodríguez | peña | rodríguez | santiago peña,gobierno | patria querida,caracas | paraguay | venezuela,1,0.9836925315599231,0.9971436313641849,0.9962998776787881,0.9925701435100329
14808,Ñanduti,Patria Querida afirma que la visita de Santiago Peña a Delcy Rodríguez en Venezuela “avergüenza” al Paraguay,2026-09-19 21:00:00-03:00,14712,Amambay News,Patria Querida sostiene que el encuentro entre Santi y Delcy Rodríguez «avergüenza» al país - Amambay News,2026-09-19 21:00:00-03:00,0.9362,2,12,11,6,6,2,2,2,0.3529411764705882,0.3529411764705882,26.07204605496525,0.3238129959720204,caracas | delcy rodríguez | patria querida | ppq | santiago peña | venezuela,delcy rodríguez | santiago peña,patria querida | ppq,caracas | venezuela,1,0.9177455106459741,0.9706187141472004,0.9701388495829096,0.9624212312298261
14808,Ñanduti,Patria Querida afirma que la visita de Santiago Peña a Delcy Rodríguez en Venezuela “avergüenza” al Paraguay,2026-09-19 21:00:00-03:00,14668,Última Hora,Peña inicia diálogo con Delcy para reanudar relaciones con Venezuela,2026-09-19 21:00:00-03:00,0.899,2,12,18,8,8,4,0,3,0.3636363636363636,0.3636363636363636,29.207797890582818,0.2773172628856295,caracas | delcy rodríguez | gobierno | paraguay | peña | rodríguez | santiago peña | venezuela,delcy rodríguez | peña | rodríguez | santiago peña,,caracas | paraguay | venezuela,1,0.7140901414327893,0.9055707935146283,0.8747293621352814,0.9289399314136007
14808,Ñanduti,Patria Querida afirma que la visita de Santiago Peña a Delcy Rodríguez en Venezuela “avergüenza” al Paraguay,2026-09-19 21:00:00-03:00,14593,UNICANAL,Santiago Peña se reúne con Delcy Rodríguez en Venezuela | Unicanal,2026-09-19 21:00:00-03:00,0.8903,2,12,12,4,4,3,0,1,0.2,0.2,14.537884563921416,0.1572029254522288,delcy rodríguez | peña | santiago peña | venezuela,delcy rodríguez | peña | santiago peña,,venezuela,1,0.6443312855140421,0.6692861040686622,0.6403557374739494,0.5526376513037413
14808,Ñanduti,Patria Querida afirma que la visita de Santiago Peña a Delcy Rodríguez en Venezuela “avergüenza” al Paraguay,2026-09-19 21:00:00-03:00,15072,QAP Chaco News,Paraguay y Venezuela reabren el diálogo - QAP CHACO NEWS,2026-09-20 21:00:00-03:00,0.8856,2,12,16,6,6,3,0,3,0.2727272727272727,0.2727272727272727,21.25715533799509,0.1984174123279863,caracas | delcy rodríguez | paraguay | peña | santiago peña | venezuela,delcy rodríguez | peña | santiago peña,,caracas | paraguay | venezuela,1,0.5929499158064776,0.7904075831154851,0.7424383755987274,0.7981949571526983
15110,Ñanduti,"«Paraguay está en su mejor momento demográfico», afirma el director del INE en el Día de la Juventud y la Primavera",2026-09-20 21:00:00-03:00,15213,adn,"Demográficamente, nuestro país pasa por su mejor momento, porque la mayoría de la población es joven - ADN Digital",2026-09-20 21:00:00-03:00,0.9851,2,7,6,6,6,2,2,2,0.8571428571428571,0.8571428571428571,26.236700045021315,0.8250262648549053,américa latina | ine | instituto nacional de estadística | iván ojeda | ojeda | paraguay,iván ojeda | ojeda,ine | instituto nacional de estadística,américa latina | paraguay,1,0.9899682952002845,0.9996885669478499,0.9996604006270522,0.9999539001667279
15110,Ñanduti,"«Paraguay está en su mejor momento demográfico», afirma el director del INE en el Día de la Juventud y la Primavera",2026-09-20 21:00:00-03:00,15288,Última Hora,Día de la Juventud: ¿Cuándo Paraguay dejará de tener una mayoría de población joven?,2026-09-20 21:00:00-03:00,0.9509,1,7,6,5,5,2,2,1,0.625,0.625,20.96003392600526,0.5609477198085566,ine | instituto nacional de estadística | iván ojeda | ojeda | paraguay,iván ojeda | ojeda,ine | instituto nacional de estadística,paraguay,0,0.9717185883547526,0.9987299205912795,0.9982066930484315,0.9992584510130074
15110,Ñanduti,"«Paraguay está en su mejor momento demográfico», afirma el director del INE en el Día de la Juventud y la Primavera",2026-09-20 21:00:00-03:00,15513,Diario Paraguayo Noticias,Bono demográfico de Paraguay: oportunidades hasta 2050 | Diario Paraguayo,2026-09-20 21:00:00-03:00,0.9371,2,7,6,5,5,2,2,1,0.625,0.625,20.96003392600526,0.5609477198085566,ine | instituto nacional de estadística | iván ojeda | ojeda | paraguay,iván ojeda | ojeda,ine | instituto nacional de estadística,paraguay,1,0.9306903804516045,0.9915235744346046,0.9894384246205862,0.9964237317801709
15110,Ñanduti,"«Paraguay está en su mejor momento demográfico», afirma el director del INE en el Día de la Juventud y la Primavera",2026-09-20 21:00:00-03:00,15445,Megacadena,"Paraguay atraviesa su mejor momento demográfico, según el INE",2026-09-20 21:00:00-03:00,0.9359,2,7,5,5,5,2,2,1,0.7142857142857143,0.7142857142857143,20.96003392600526,0.6590988375645839,ine | instituto nacional de estadística | iván ojeda | ojeda | paraguay,iván ojeda | ojeda,ine | instituto nacional de estadística,paraguay,1,0.925551451217553,0.9954010646458689,0.9942165723143407,0.9994413215344633
15110,Ñanduti,"«Paraguay está en su mejor momento demográfico», afirma el director del INE en el Día de la Juventud y la Primavera",2026-09-20 21:00:00-03:00,15545,ABC Color,"Paraguay atraviesa su mejor momento demográfico, según el INE - Nacionales - ABC Color",2026-09-20 21:00:00-03:00,0.9283,2,7,9,5,5,2,2,1,0.4545454545454545,0.4545454545454545,20.96003392600526,0.4089803843861969,ine | instituto nacional de estadística | iván ojeda | ojeda | paraguay,iván ojeda | ojeda,ine | instituto nacional de estadística,paraguay,1,0.8903420571524494,0.9711384316430642,0.9674644708753283,0.9817555786818128
14807,Ñanduti,Hombre es imputado tras agredir a su hijastro y arrojar una PlayStation por el balcón,2026-09-19 21:00:00-03:00,15037,TN Press,Imputan a cobarde que agredió a su pareja con bebé en brazos y golpeó a su hijastro de 13 años,2026-09-20 21:00:00-03:00,0.9576,2,7,5,3,3,0,1,2,0.3333333333333333,0.3333333333333333,12.535899110942378,0.2736543330799774,ciudad del este | lado acaray | ministerio público,,ministerio público,ciudad del este | lado acaray,1,0.9687501752509107,0.98195265254288,0.9772519075440832,0.8766570983274043
14807,Ñanduti,Hombre es imputado tras agredir a su hijastro y arrojar una PlayStation por el balcón,2026-09-19 21:00:00-03:00,15268,Concepción al Día,Discusión por una PlayStation terminó en una denuncia por violencia familiar - Concepción al Día,2026-09-20 21:00:00-03:00,0.9518,2,7,4,3,3,0,1,2,0.375,0.375,12.838179982815312,0.3222480488590146,ciudad del este | fiscalía | lado acaray,,fiscalía,ciudad del este | lado acaray,1,0.9662571150542074,0.9785373315125424,0.9750107611969911,0.9000319247472582
14807,Ñanduti,Hombre es imputado tras agredir a su hijastro y arrojar una PlayStation por el balcón,2026-09-19 21:00:00-03:00,15008,Extra,Agredió a su familia y tiró la Play de su hijastro desde el balcón,2026-09-20 21:00:00-03:00,0.9508,2,7,4,3,3,0,1,2,0.375,0.375,12.535899110942378,0.3114903822277595,ciudad del este | lado acaray | ministerio público,,ministerio público,ciudad del este | lado acaray,1,0.9648963504481174,0.9778275698017449,0.9729966011839034,0.8881907582913847
14807,Ñanduti,Hombre es imputado tras agredir a su hijastro y arrojar una PlayStation por el balcón,2026-09-19 21:00:00-03:00,15051,Amambay News,Aprehenden a funcionario público denunciado por violencia familiar en PJC - Amambay News,2026-09-20 21:00:00-03:00,0.7868,0,7,8,1,1,0,1,0,0.0714285714285714,0.0714285714285714,3.5274662642067964,0.0470547376539019,ministerio público,,ministerio público,,0,0.022802891421637637,0.02510045072852815,0.022878685403669604,0.16038786073600875
14807,Ñanduti,Hombre es imputado tras agredir a su hijastro y arrojar una PlayStation por el balcón,2026-09-19 21:00:00-03:00,15193,NPY,Mujer fue brutalmente golpeada y su actual pareja es el principal sospechoso,2026-09-20 21:00:00-03:00,0.7695,0,7,8,2,2,0,2,0,0.1538461538461538,0.1538461538461538,7.357213400286526,0.1085471594951753,fiscalía | ministerio público,,fiscalía | ministerio público,,0,0.010188467312141894,0.023902593082376883,0.01961545821756559,0.40930655126556487
15115,Ñanduti,Lunes caluroso con tormentas y máxima de 35 grados: el martes la temperatura bajaría hasta 21 grados,2026-09-20 21:00:00-03:00,15058,Amambay Ahora,"La primavera es recibida con calor, lluvias y un posterior descenso",2026-09-20 21:00:00-03:00,0.8779,1,13,3,0,0,0,0,0,0.0,0.0,0.0,0.0,,,,,0,0.5776069308061187,0.22573343315208177,0.23288850285644155,0.057234142518423174
15115,Ñanduti,Lunes caluroso con tormentas y máxima de 35 grados: el martes la temperatura bajaría hasta 21 grados,2026-09-20 21:00:00-03:00,15105,Red Digital San Pedro,"La primavera es recibida con calor, lluvias y un posterior descenso - Red Digital San Pedro",2026-09-20 21:00:00-03:00,0.8768,1,13,3,0,0,0,0,0,0.0,0.0,0.0,0.0,,,,,0,0.5079458264889243,0.2091174443513222,0.21423086565362728,0.06752226241047318
15115,Ñanduti,Lunes caluroso con tormentas y máxima de 35 grados: el martes la temperatura bajaría hasta 21 grados,2026-09-20 21:00:00-03:00,14984,Diario Paraguayo Noticias,"La primavera es recibida con calor, lluvias y un posterior descenso | Diario Paraguayo",2026-09-20 21:00:00-03:00,0.8729,1,13,4,0,0,0,0,0,0.0,0.0,0.0,0.0,,,,,0,0.46694093661786235,0.18859491254755575,0.1932869784368138,0.06752226241047318
15115,Ñanduti,Lunes caluroso con tormentas y máxima de 35 grados: el martes la temperatura bajaría hasta 21 grados,2026-09-20 21:00:00-03:00,14852,ABC Color,Lunes con tormentas en Paraguay: ¿Hasta qué día va a llover y cuándo volverá el fresco? - Clima - ABC Color,2026-09-20 21:00:00-03:00,0.8719,1,13,7,1,1,0,1,0,0.05,0.0526315789473684,4.871201010907891,0.0535598199746949,dirección de meteorología e hidrología,,dirección de meteorología e hidrología,,0,0.5207807590228224,0.329378946670049,0.3373176552920636,0.19007839108487035
15115,Ñanduti,Lunes caluroso con tormentas y máxima de 35 grados: el martes la temperatura bajaría hasta 21 grados,2026-09-20 21:00:00-03:00,14606,Resumen de Noticias,Prevén caluroso inicio de semana y luego frente frío,2026-09-19 21:00:00-03:00,0.8653,1,13,8,2,2,0,2,0,0.1052631578947368,0.1052631578947368,10.435549202375729,0.1068414502558645,dirección de meteorología e hidrología | dmh,,dirección de meteorología e hidrología | dmh,,0,0.43942464267567727,0.4638693486800185,0.48426144766805723,0.45781059605553404
15280,Ñanduti,Mades hace vista gorda a transformadores de la ANDE en evidente estado de contaminación en San Lorenzo,2026-09-20 21:00:00-03:00,15490,ABC Color,Denuncian contaminación por continuas quemazones en vertedero de Campo 9 - Nacionales - ABC Color,2026-09-20 21:00:00-03:00,0.7981,0,9,10,1,1,0,1,0,0.0526315789473684,0.0555555555555555,5.276666119016055,0.0520753149423335,mades,,mades,,0,0.036193976900237894,0.03315130579144843,0.03379105273014752,0.16941153829051242
15280,Ñanduti,Mades hace vista gorda a transformadores de la ANDE en evidente estado de contaminación en San Lorenzo,2026-09-20 21:00:00-03:00,15437,Telefuturo,Vecinos de Molino de Luque denuncian ola de robos,2026-09-20 21:00:00-03:00,0.7529,0,9,1,0,0,0,0,0,0.0,0.0,0.0,0.0,,,,,0,0.005032616490732968,0.0057726052503523076,0.005890071736190633,0.0839170613412685
15280,Ñanduti,Mades hace vista gorda a transformadores de la ANDE en evidente estado de contaminación en San Lorenzo,2026-09-20 21:00:00-03:00,15222,Megacadena,Incautan tanques de 45.000 litros en depósito vinculado a una maniobra con cheques robados,2026-09-20 21:00:00-03:00,0.7505,0,9,7,0,0,0,0,0,0.0,0.0,0.0,0.0,,,,,0,0.0050351314289462205,0.004049768511074142,0.004138986419964212,0.06752226241047318
15280,Ñanduti,Mades hace vista gorda a transformadores de la ANDE en evidente estado de contaminación en San Lorenzo,2026-09-20 21:00:00-03:00,15417,La Clave,"Tape Porã, contaminación e impunidad ante un Ministerio Público inoperante – Diario La Clave",2026-09-20 21:00:00-03:00,0.7485,0,9,8,0,0,0,0,0,0.0,0.0,0.0,0.0,,,,,0,0.005822730077622715,0.004958536688978554,0.005107407033560821,0.061165266197872895
15280,Ñanduti,Mades hace vista gorda a transformadores de la ANDE en evidente estado de contaminación en San Lorenzo,2026-09-20 21:00:00-03:00,15024,Ahora CDE,HAMBRE CERO: Padres EXIGEN a gobernador LANDY TORRES garantías sobre la CALIDAD del almuerzo escolar,2026-09-20 21:00:00-03:00,0.727,0,9,8,0,0,0,0,0,0.0,0.0,0.0,0.0,,,,,0,0.002459794339172666,0.002589500879010955,0.0026705470887422615,0.061165266197872895
15114,Ñanduti,"Rusia Unida obtiene su mejor resultado histórico y revalida la mayoría constitucional en la Duma, según datos oficiales",2026-09-20 21:00:00-03:00,15440,adn,El partido de Putin logra un récord de escaños en Rusia - ADN Digital,2026-09-20 21:00:00-03:00,0.9246,2,15,27,4,4,0,3,1,0.1052631578947368,0.1052631578947368,19.204673560943743,0.0915992495477776,duma | kremlin | rusia unida | ucrania,,duma | kremlin | rusia unida,ucrania,1,0.8853884360843954,0.8671868259496109,0.8719181739938703,0.4917150861058739
15114,Ñanduti,"Rusia Unida obtiene su mejor resultado histórico y revalida la mayoría constitucional en la Duma, según datos oficiales",2026-09-20 21:00:00-03:00,14956,Megacadena,Putin amplía su control del Parlamento ruso tras una elección cuestionada internacionalmente,2026-09-20 21:00:00-03:00,0.918,2,15,14,6,6,0,4,1,0.2608695652173913,0.2608695652173913,29.981149350290064,0.2460703504356513,kremlin | nueva gente | parlamento | partido comunista | rusia unida | ucrania,,kremlin | parlamento | partido comunista | rusia unida,ucrania,1,0.8556754233100742,0.9123637764313874,0.9147756994929885,0.916870726407973
15114,Ñanduti,"Rusia Unida obtiene su mejor resultado histórico y revalida la mayoría constitucional en la Duma, según datos oficiales",2026-09-20 21:00:00-03:00,14720,Amambay News,"El partido del Kremlin gana las elecciones con el 57,5 % de votos, según los primeros resultados - Amambay News",2026-09-19 21:00:00-03:00,0.8827,2,15,19,5,5,1,3,0,0.1666666666666666,0.1724137931034483,25.888253328282424,0.1636074088862163,duma | kremlin | nueva gente | rusia justa | vladímir putin,vladímir putin,duma | kremlin | rusia justa,,1,0.5645109318223508,0.6289592189943539,0.6413248982554166,0.6807570929508266
15114,Ñanduti,"Rusia Unida obtiene su mejor resultado histórico y revalida la mayoría constitucional en la Duma, según datos oficiales",2026-09-20 21:00:00-03:00,14619,adn,Las elecciones en Rusia entran en su última jornada tras denuncias de fraude y una baja participación del electorado - ADN Digital,2026-09-19 21:00:00-03:00,0.8456,2,15,22,8,8,1,6,1,0.2758620689655172,0.2758620689655172,41.10984573322574,0.2636405757551275,kremlin | nikolái ribakov | partido comunista | rusia justa | rusia unida | tribunal supremo | ucrania | yábloko,nikolái ribakov,kremlin | partido comunista | rusia justa | rusia unida | tribunal supremo | yábloko,ucrania,1,0.21097933169777905,0.47447014973332274,0.4943724030341873,0.9693745666108653
15114,Ñanduti,"Rusia Unida obtiene su mejor resultado histórico y revalida la mayoría constitucional en la Duma, según datos oficiales",2026-09-20 21:00:00-03:00,14809,ABC Color,El partido de Putin se perfila ganador en elecciones rusas marcadas por ataque ucraniano - Mundo - ABC Color,2026-09-19 21:00:00-03:00,0.8408,2,15,14,2,2,0,2,0,0.0714285714285714,0.074074074074074,9.77057289878248,0.0669726958003048,duma | rusia unida,,duma | rusia unida,,1,0.18481664691679534,0.1671568449501736,0.17010664173759307,0.2612346710429609
15112,Ñanduti,Alfaro convocó a 28 jugadores para los amistosos de Paraguay ante Bolivia y Colombia: varias caras nuevas en la lista,2026-09-20 21:00:00-03:00,15061,Oviedo Press,Alfaro da a conocer la lista de 28 convocados para el nuevo ciclo de la Albirroja - OviedoPress,2026-09-20 21:00:00-03:00,0.9743,2,42,28,21,21,11,6,4,0.4285714285714285,0.4285714285714285,101.55037370026524,0.3972654429641417,alan benítez | albirroja | alexis cañete | alfaro | atlético tucumán | audi field | bolivia | cléver ferreira | colombia | enso gonzález | estados unidos | gustavo alfaro | hugo quintana | independiente del valle | math | nacional | nueva jersey | robert morales | santiago rojas | sports illustrated stadium | ías villasanti,alan benítez | alexis cañete | alfaro | cléver ferreira | enso gonzález | gustavo alfaro | hugo quintana | math | robert morales | santiago rojas | ías villasanti,albirroja | atlético tucumán | bolivia | colombia | independiente del valle | nacional,audi field | estados unidos | nueva jersey | sports illustrated stadium,1,0.9842830214971744,0.9992150977576579,0.999424466672597,0.9998151893421557
15112,Ñanduti,Alfaro convocó a 28 jugadores para los amistosos de Paraguay ante Bolivia y Colombia: varias caras nuevas en la lista,2026-09-20 21:00:00-03:00,14994,Diario Paraguayo Noticias,Convocatoria de Paraguay para amistosos ante Bolivia y Colombia | Diario Paraguayo,2026-09-20 21:00:00-03:00,0.9679,2,42,34,20,20,6,9,5,0.3508771929824561,0.3571428571428571,93.53825840595889,0.3228073258211099,albirroja | atlético tucumán | audi field | bolivia | c | colombia | enso gonzález | erro porteño | estados unidos | gustavo alfaro | hugo adrián benítez | hugo quintana | nacional | nueva jersey | paraguay | robert morales | santiago rojas | sports illustrated stadium | washington d.c. | wolverhampton,enso gonzález | gustavo alfaro | hugo adrián benítez | hugo quintana | robert morales | santiago rojas,albirroja | atlético tucumán | bolivia | c | colombia | erro porteño | nacional | paraguay | wolverhampton,audi field | estados unidos | nueva jersey | sports illustrated stadium | washington d.c.,1,0.9795215309419796,0.9994412285367679,0.9995810677552196,0.9996087930595778
15112,Ñanduti,Alfaro convocó a 28 jugadores para los amistosos de Paraguay ante Bolivia y Colombia: varias caras nuevas en la lista,2026-09-20 21:00:00-03:00,14897,La Nación,La Nación / Se inicia un nuevo ciclo,2026-09-20 21:00:00-03:00,0.9662,2,42,31,18,18,7,7,3,0.3272727272727272,0.3272727272727272,83.45101589785136,0.2894424684015526,albirroja | alexis cañete | atlético tucumán | audi field | bolivia | c | colombia | enso gonzález | gustavo alfaro | hugo adrián benítez | hugo quintana | nacional | nueva jersey | paraguay | robert morales | santiago rojas | sports illustrated stadium | wolverhampton,alexis cañete | enso gonzález | gustavo alfaro | hugo adrián benítez | hugo quintana | robert morales | santiago rojas,albirroja | atlético tucumán | bolivia | c | colombia | nacional | wolverhampton,audi field | nueva jersey | sports illustrated stadium,1,0.9790178684363824,0.9886997615604387,0.9898464707186652,0.9963040748989124
15112,Ñanduti,Alfaro convocó a 28 jugadores para los amistosos de Paraguay ante Bolivia y Colombia: varias caras nuevas en la lista,2026-09-20 21:00:00-03:00,14931,Resumen de Noticias,Primera lista de Gustavo Alfaro en la Albirroja tras renovar,2026-09-20 21:00:00-03:00,0.9609,2,42,41,21,21,15,5,1,0.3387096774193548,0.3387096774193548,105.0234897103626,0.3177613579156053,alan benítez | albirroja | alejandro romero gamarra | alexis cañete | atlético tucumán | audi field | bolivia | braian ojeda | colombia | damián bobadilla | enso gonzález | fabián balbuena | gabriel ávalos | gustavo alfaro | gustavo velázquez | hugo adrián benítez | hugo quintana | isidro pitta | nacional | robert morales | santiago rojas,alan benítez | alejandro romero gamarra | alexis cañete | braian ojeda | damián bobadilla | enso gonzález | fabián balbuena | gabriel ávalos | gustavo alfaro | gustavo velázquez | hugo adrián benítez | hugo quintana | isidro pitta | robert morales | santiago rojas,albirroja | atlético tucumán | bolivia | colombia | nacional,audi field,1,0.9678891922401465,0.9936777585197509,0.9950800678288412,0.9986720853339897
15112,Ñanduti,Alfaro convocó a 28 jugadores para los amistosos de Paraguay ante Bolivia y Colombia: varias caras nuevas en la lista,2026-09-20 21:00:00-03:00,14962,Megacadena,Alfaro abre su segundo ciclo en la Albirroja con 28 convocados,2026-09-19 21:00:00-03:00,0.9605,2,42,33,16,16,8,4,4,0.2711864406779661,0.2711864406779661,73.2957686606298,0.2327469388981527,alan benítez | albirroja | alexis cañete | alfaro | audi field | bolivia | colombia | estados unidos | gustavo alfaro | math | nueva jersey | paraguay | robert morales | santiago rojas | sports illustrated stadium | ías villasanti,alan benítez | alexis cañete | alfaro | gustavo alfaro | math | robert morales | santiago rojas | ías villasanti,albirroja | bolivia | colombia | paraguay,audi field | estados unidos | nueva jersey | sports illustrated stadium,1,0.9722425734978851,0.9948223458451514,0.9956955186959445,0.9935166868064587
14806,Ñanduti,"94 meses sin pagar: acumula deuda de G. 58,6 millones por asistencia alimentaria",2026-09-19 21:00:00-03:00,14734,Megacadena,Imputan a un hombre por acumular deuda de G. 58 millones en asistencia alimentaria,2026-09-19 21:00:00-03:00,0.9691,2,9,9,6,6,1,4,1,0.5,0.5,31.38806299861269,0.5012103595907005,banco nacional de fomento | bnf | hernandarias | juzgado de la niñez y adolescencia | unidad penal n.o 4 | víctor adolfo santander,víctor adolfo santander,banco nacional de fomento | bnf | juzgado de la niñez y adolescencia | unidad penal n.o 4,hernandarias,1,0.9830934889930193,0.996922642735967,0.9972266480994186,0.9970241902974972
14806,Ñanduti,"94 meses sin pagar: acumula deuda de G. 58,6 millones por asistencia alimentaria",2026-09-19 21:00:00-03:00,15247,Ahora CDE,Imputan a hombre por no pagar asistencia alimentaria durante 94 meses,2026-09-20 21:00:00-03:00,0.9616,2,9,6,6,6,1,4,1,0.6666666666666666,0.6666666666666666,29.35118107135165,0.6564043876300784,banco nacional de fomento | bnf | hernandarias | ministerio público | unidad penal n.o 4 | víctor adolfo santander,víctor adolfo santander,banco nacional de fomento | bnf | ministerio público | unidad penal n.o 4,hernandarias,1,0.9771551428972712,0.9980803084331074,0.9981755300626908,0.9995098224917233
14806,Ñanduti,"94 meses sin pagar: acumula deuda de G. 58,6 millones por asistencia alimentaria",2026-09-19 21:00:00-03:00,15259,Amambay News,Filizzola cuestiona Hambre Cero y denuncia uso político de recursos - Amambay News,2026-09-20 21:00:00-03:00,0.723,0,9,10,0,0,0,0,0,0.0,0.0,0.0,0.0,,,,,0,0.0014046700153339086,0.0021013368984699487,0.002141412975233381,0.0839170613412685
14806,Ñanduti,"94 meses sin pagar: acumula deuda de G. 58,6 millones por asistencia alimentaria",2026-09-19 21:00:00-03:00,14870,Última Hora,Filizzola cuestiona Hambre Cero y denuncia uso político de recursos,2026-09-20 21:00:00-03:00,0.7218,0,9,10,0,0,0,0,0,0.0,0.0,0.0,0.0,,,,,0,0.0019963417535273256,0.0022125468900335305,0.002282465771896759,0.061165266197872895
14806,Ñanduti,"94 meses sin pagar: acumula deuda de G. 58,6 millones por asistencia alimentaria",2026-09-19 21:00:00-03:00,14776,Popular,"Popular / ""Xuxa"" demandó a su ex paquita por ""malagradecida""",2026-09-19 21:00:00-03:00,0.7162,0,9,13,0,0,0,0,0,0.0,0.0,0.0,0.0,,,,,0,0.0015942430688846464,0.0018676118775296207,0.001927236915251323,0.061165266197872895
14723,Ñanduti,"Continental, preparado para liderar la nueva era del CDA Digital en Paraguay",2026-09-19 21:00:00-03:00,15374,Ñanduti,Banco Continental integra la emisión y custodia en la nueva era del CDA Digital,2026-09-20 21:00:00-03:00,0.9718,2,5,5,4,4,0,3,0,0.6666666666666666,0.6666666666666666,19.65882679761082,0.7024136444156055,banco central del paraguay | banco continental | bcp | continental,,banco central del paraguay | banco continental | bcp,,1,0.9885683242653164,0.9996563832523624,0.9997290945763394,0.9998807272618659
14723,Ñanduti,"Continental, preparado para liderar la nueva era del CDA Digital en Paraguay",2026-09-19 21:00:00-03:00,15150,Diario Paraguayo Noticias,BCP activa sistema CDA-d para certificados digitales | Diario Paraguayo,2026-09-20 21:00:00-03:00,0.9204,2,5,4,2,2,0,2,0,0.2857142857142857,0.2857142857142857,8.53013041467515,0.2712125925499133,banco central del paraguay | bcp,,banco central del paraguay | bcp,,1,0.8878528027532441,0.9025843560625008,0.9002705223851549,0.8239823808960459
14723,Ñanduti,"Continental, preparado para liderar la nueva era del CDA Digital en Paraguay",2026-09-19 21:00:00-03:00,14990,Diario Paraguayo Noticias,Un paso más hacia la digitalización: BCP pone en marcha el CDA-d desde este lunes | Diario Paraguayo,2026-09-20 21:00:00-03:00,0.9183,2,5,4,2,2,0,2,0,0.25,0.2857142857142857,8.53013041467515,0.2712125925499133,banco central del paraguay | bcp,,banco central del paraguay | bcp,,1,0.8555988771361243,0.8924652936007479,0.8886863881817564,0.8357175167157108
14723,Ñanduti,"Continental, preparado para liderar la nueva era del CDA Digital en Paraguay",2026-09-19 21:00:00-03:00,14894,La Nación,La Nación / Un paso más hacia la digitalización: BCP pone en marcha el CDA-d desde este lunes,2026-09-20 21:00:00-03:00,0.9164,2,5,4,2,2,0,2,0,0.2857142857142857,0.2857142857142857,8.53013041467515,0.2712125925499133,banco central del paraguay | bcp,,banco central del paraguay | bcp,,1,0.8341645291654581,0.8670669125891843,0.8660213869558823,0.8195450738361897
14723,Ñanduti,"Continental, preparado para liderar la nueva era del CDA Digital en Paraguay",2026-09-19 21:00:00-03:00,15472,Más Encarnación,BCP habilita los Certificados de Depósito de Ahorro 100% digitales,2026-09-20 21:00:00-03:00,0.9156,2,5,5,2,2,0,2,0,0.25,0.25,8.53013041467515,0.2322483351448692,banco central del paraguay | bcp,,banco central del paraguay | bcp,,1,0.8296637269629944,0.8397011917995579,0.8358528841123058,0.7350697667216587
15113,Ñanduti,"La Unión Europea busca no quedarse atrás en inteligencia artificial, pero apuesta por una regulación robusta",2026-09-20 21:00:00-03:00,14915,5Días,Europa debate cómo competir en IA frente a EE.UU.,2026-09-20 21:00:00-03:00,0.9143,2,19,2,1,1,0,1,0,0.05,0.05,5.276666119016055,0.0477937177380039,europa,,europa,,1,0.8335197304702375,0.6076665501771429,0.6160590539603605,0.1616912297621307
15113,Ñanduti,"La Unión Europea busca no quedarse atrás en inteligencia artificial, pero apuesta por una regulación robusta",2026-09-20 21:00:00-03:00,15465,ABC Color,Líderes de 22 países e instituciones reclaman supervisión humana para la IA - Tecnología - ABC Color,2026-09-20 21:00:00-03:00,0.8587,0,19,29,2,2,0,2,0,0.0425531914893617,0.0434782608695652,8.201956980868633,0.031114542454114,estados | gobierno,,estados | gobierno,,0,0.31900954948814436,0.21566500983016543,0.21240284962632938,0.21642329604094923
15113,Ñanduti,"La Unión Europea busca no quedarse atrás en inteligencia artificial, pero apuesta por una regulación robusta",2026-09-20 21:00:00-03:00,15357,5Días,La IA acelera más rápido que la economía que debe sostenerla,2026-09-20 21:00:00-03:00,0.7972,0,19,0,0,0,0,0,0,0.0,0.0,0.0,0.0,,,,,0,0.03489500500338131,0.01868097226080546,0.019147107042645054,0.06752226241047318
15113,Ñanduti,"La Unión Europea busca no quedarse atrás en inteligencia artificial, pero apuesta por una regulación robusta",2026-09-20 21:00:00-03:00,14999,Diario Paraguayo Noticias,EE. UU. y China establecen diálogo sobre IA | Diario Paraguayo,2026-09-20 21:00:00-03:00,0.793,0,19,16,1,1,0,1,0,0.0285714285714285,0.0294117647058823,3.82974713607973,0.0201143362435243,estados unidos,,estados unidos,,0,0.04119488686213855,0.031192700563312633,0.03105246971328386,0.1372043820460568
15113,Ñanduti,"La Unión Europea busca no quedarse atrás en inteligencia artificial, pero apuesta por una regulación robusta",2026-09-20 21:00:00-03:00,15568,5Días,"El dilema de la IA ya no es cómo frenarla, sino quién la controla",2026-09-20 21:00:00-03:00,0.7929,0,19,0,0,0,0,0,0,0.0,0.0,0.0,0.0,,,,,0,0.03104128774314085,0.014291869429455548,0.01484871466437921,0.057234142518423174
15429,Ñanduti,Imputan a las máximas autoridades de APA por presunta lesión de confianza por cerca de G 2.000 millones,2026-09-20 21:00:00-03:00,15565,La Nación,La Nación / Fiscalía imputa a cuatro directivos de APA por presunto desvío de casi G. 2.000 millones,2026-09-20 21:00:00-03:00,0.9351,2,14,15,8,8,6,2,0,0.3809523809523809,0.3809523809523809,42.492502403902805,0.3702490298450424,apa | david herminio portillo biancotti | fiscalía | humberto victorio rodas orué | juan josé maría vidal bonin | juan leonardi guerrero | julio césar ortiz gonzález | walter mario cabrera martínez,david herminio portillo biancotti | humberto victorio rodas orué | juan josé maría vidal bonin | juan leonardi guerrero | julio césar ortiz gonzález | walter mario cabrera martínez,apa | fiscalía,,1,0.914342061816058,0.9587464032525215,0.9625938695489561,0.981139050743501
15429,Ñanduti,Imputan a las máximas autoridades de APA por presunta lesión de confianza por cerca de G 2.000 millones,2026-09-20 21:00:00-03:00,15018,El Observador,Estas son las pruebas por las cuales un Tribunal condenó a Hugo Javier y Robles - El Observador,2026-09-19 21:00:00-03:00,0.8021,0,14,13,0,0,0,0,0,0.0,0.0,0.0,0.0,,,,,0,0.048176392456264865,0.02469465231437469,0.025348840829338755,0.061165266197872895
15429,Ñanduti,Imputan a las máximas autoridades de APA por presunta lesión de confianza por cerca de G 2.000 millones,2026-09-20 21:00:00-03:00,14622,ABC Color,Filizzola acusa a Peña y al cartismo de poner en riesgo los fondos públicos y del IPS - Política - ABC Color,2026-09-19 21:00:00-03:00,0.7911,0,14,23,0,0,0,0,0,0.0,0.0,0.0,0.0,,,,,0,0.038229484474644235,0.01907170899378769,0.01952048875659232,0.07357579161808975
15429,Ñanduti,Imputan a las máximas autoridades de APA por presunta lesión de confianza por cerca de G 2.000 millones,2026-09-20 21:00:00-03:00,15329,ABC Color,Juicio de Miguel Prieto: Defensas cuestionan a fiscal por su falta de objetividad - Política - ABC Color,2026-09-20 21:00:00-03:00,0.783,0,14,20,1,1,0,1,0,0.0294117647058823,0.0303030303030303,3.82974713607973,0.0210053957245584,fiscalía,,fiscalía,,0,0.022932216942850008,0.021302274234728535,0.02124452514743727,0.11322446744882217
15429,Ñanduti,Imputan a las máximas autoridades de APA por presunta lesión de confianza por cerca de G 2.000 millones,2026-09-20 21:00:00-03:00,15363,Resumen de Noticias,Prieto atribuye disputa en Honor Colorado a “negocios”,2026-09-20 21:00:00-03:00,0.7797,0,14,16,1,1,0,1,0,0.0344827586206896,0.0344827586206896,3.82974713607973,0.0246455744585123,fiscalía,,fiscalía,,0,0.017010672112207418,0.01635552257066643,0.016146943132029426,0.12478393451848321
15192,HOY,"Diario HOY | “Tenemos Honor Colorado para rato”, predice Bachi",2026-09-20 21:00:00-03:00,15373,adn,"Larga vida a Honor Colorado, es lo que augura Bachi Núñez - ADN Digital",2026-09-20 21:00:00-03:00,0.9529,2,19,12,11,11,8,3,0,0.55,0.55,46.96911519928963,0.4886238375268904,alliana | anr | basilio núñez | cartes | ce | congreso | césar sosa | honor colorado | horacio cartes | núñez | santiago peña,alliana | basilio núñez | cartes | ce | césar sosa | horacio cartes | núñez | santiago peña,anr | congreso | honor colorado,,1,0.9621701319995115,0.9941351430984336,0.9933466115275034,0.9987705465205161
15192,HOY,"Diario HOY | “Tenemos Honor Colorado para rato”, predice Bachi",2026-09-20 21:00:00-03:00,15432,Última Hora,"“Mantenerse en primera división es difícil"", advierte Bachi a Cesarito",2026-09-20 21:00:00-03:00,0.9457,2,19,10,5,5,3,2,0,0.2083333333333333,0.2083333333333333,20.733517690212413,0.1733584865082223,bachi | congreso | césar sosa | honor colorado | santiago peña,bachi | césar sosa | santiago peña,congreso | honor colorado,,1,0.9509881466245769,0.9057728009383642,0.8977697351525402,0.6764546638000175
15192,HOY,"Diario HOY | “Tenemos Honor Colorado para rato”, predice Bachi",2026-09-20 21:00:00-03:00,15351,HOY,Diario HOY | Dos senadores de “Primera División” le presumen su antigüedad a César Sosa,2026-09-20 21:00:00-03:00,0.9287,2,19,18,5,5,2,2,1,0.15625,0.15625,20.134623047898657,0.1263799387182776,anr | asunción | basilio núñez | congreso | césar sosa,basilio núñez | césar sosa,anr | congreso,asunción,1,0.9035935776996978,0.8696424442353834,0.8640410118378293,0.6148501360234396
15192,HOY,"Diario HOY | “Tenemos Honor Colorado para rato”, predice Bachi",2026-09-20 21:00:00-03:00,15253,Amambay News,"Bachi Núñez minimiza la tensión en Honor Colorado: “Hay disparidad de opiniones, pero terminará en coincidencias” - Amambay News",2026-09-20 21:00:00-03:00,0.9155,2,19,13,6,6,4,2,0,0.2222222222222222,0.2307692307692307,24.305435716990043,0.1958234317625807,congreso | césar sosa | honor colorado | horacio cartes | núñez | santiago peña,césar sosa | horacio cartes | núñez | santiago peña,congreso | honor colorado,,1,0.8779853463232025,0.9379491700268058,0.9344137358773956,0.921879441028034
15192,HOY,"Diario HOY | “Tenemos Honor Colorado para rato”, predice Bachi",2026-09-20 21:00:00-03:00,15205,Resumen de Noticias,Alliana asume el gobierno ante fractura interna en HC,2026-09-20 21:00:00-03:00,0.9054,2,19,20,6,6,5,1,0,0.1818181818181818,0.1818181818181818,23.612288536430096,0.1501094953333803,alliana | cartes | césar sosa | honor colorado | horacio cartes | santiago peña,alliana | cartes | césar sosa | horacio cartes | santiago peña,honor colorado,,1,0.7748726625507335,0.7255708535690337,0.7192683859730529,0.7036081926200493
15351,HOY,Diario HOY | Dos senadores de “Primera División” le presumen su antigüedad a César Sosa,2026-09-20 21:00:00-03:00,15192,HOY,"Diario HOY | “Tenemos Honor Colorado para rato”, predice Bachi",2026-09-20 21:00:00-03:00,0.9287,2,18,19,5,5,2,2,1,0.15625,0.15625,20.134623047898657,0.1263799387182776,anr | asunción | basilio núñez | congreso | césar sosa,basilio núñez | césar sosa,anr | congreso,asunción,1,0.8919035493896157,0.8698208072966627,0.8641291650459765,0.6014519358264658
15351,HOY,Diario HOY | Dos senadores de “Primera División” le presumen su antigüedad a César Sosa,2026-09-20 21:00:00-03:00,15572,Telefuturo,Conflicto en Honor Colorado por declaraciones de César Sosa,2026-09-20 21:00:00-03:00,0.9114,2,18,6,5,5,5,0,0,0.2631578947368421,0.2631578947368421,25.14631598355305,0.2726697428169768,basil | césar sosa | io núñez | silvio ovelar | sosa,basil | césar sosa | io núñez | silvio ovelar | sosa,,,1,0.8171764723373478,0.7629477664552535,0.7912198046106904,0.8031597237637127
15351,HOY,Diario HOY | Dos senadores de “Primera División” le presumen su antigüedad a César Sosa,2026-09-20 21:00:00-03:00,15432,Última Hora,"“Mantenerse en primera división es difícil"", advierte Bachi a Cesarito",2026-09-20 21:00:00-03:00,0.8996,2,18,10,3,3,1,1,1,0.12,0.12,13.160169368766152,0.1053420515152595,congreso | césar sosa | guairá,césar sosa,congreso,guairá,1,0.7715954311459722,0.7069335171541523,0.7091415393289412,0.4568126304747903
15351,HOY,Diario HOY | Dos senadores de “Primera División” le presumen su antigüedad a César Sosa,2026-09-20 21:00:00-03:00,15373,adn,"Larga vida a Honor Colorado, es lo que augura Bachi Núñez - ADN Digital",2026-09-20 21:00:00-03:00,0.8814,2,18,12,4,4,2,2,0,0.1538461538461538,0.1538461538461538,17.232862683456272,0.1394051767216743,anr | basilio núñez | congreso | césar sosa,basilio núñez | césar sosa,anr | congreso,,1,0.614798503647077,0.7042511494874598,0.7103019781163652,0.7263118614268366
15351,HOY,Diario HOY | Dos senadores de “Primera División” le presumen su antigüedad a César Sosa,2026-09-20 21:00:00-03:00,15297,Resumen de Noticias,“Lo que se ve no se pregunta”: Ovelar habla de crisis en Honor Colorado,2026-09-20 21:00:00-03:00,0.8747,1,18,13,3,3,2,0,1,0.1071428571428571,0.1071428571428571,13.04962749436633,0.0978611148007332,asunción | ovelar | silvio ovelar,ovelar | silvio ovelar,,asunción,0,0.4844060919879643,0.37017430033278587,0.376318016180977,0.3178796405787018
