target_id,target_source,target_title,target_date,candidate_id,candidate_source,candidate_title,candidate_date,similarity,event_label
15489,ABC Color,Senado culmina audiencias y avanza hacia las ternas para la Defensoría del Pueblo - Política - ABC Color,2026-09-20 21:00:00-03:00,14941,adn,Juicio a Hernán Rivas se reanuda hoy con los alegatos finales de la Fiscalía - ADN Digital,2026-09-20 21:00:00-03:00,0.8049,
15489,ABC Color,Senado culmina audiencias y avanza hacia las ternas para la Defensoría del Pueblo - Política - ABC Color,2026-09-20 21:00:00-03:00,15372,adn,Comisión investigará deudas y pagos selectivos en IPS y Salud - ADN Digital,2026-09-20 21:00:00-03:00,0.7937,
15489,ABC Color,Senado culmina audiencias y avanza hacia las ternas para la Defensoría del Pueblo - Política - ABC Color,2026-09-20 21:00:00-03:00,14612,adn,Rigo Chamorro propone una Junta Municipal con “menos confrontación y más soluciones” - ADN Digital,2026-09-19 21:00:00-03:00,0.7909,
15489,ABC Color,Senado culmina audiencias y avanza hacia las ternas para la Defensoría del Pueblo - Política - ABC Color,2026-09-20 21:00:00-03:00,14566,La Nación,La Nación / Candidata de Lista 1 no objetará mesas del PLRA en Capiatá pese a vencer plazo electoral,2026-09-19 21:00:00-03:00,0.7878,
15489,ABC Color,Senado culmina audiencias y avanza hacia las ternas para la Defensoría del Pueblo - Política - ABC Color,2026-09-20 21:00:00-03:00,14875,Última Hora,Parlamentarios están expectantes ante la sentencia en el caso Rivas,2026-09-20 21:00:00-03:00,0.787,
15119,ABC Color,San Ignacio: trabajadores de salud cierran la ruta PY01 y exigen aumento salarial del 50% - Nacionales - ABC Color,2026-09-20 21:00:00-03:00,15339,Última Hora,Personal de blanco se moviliza en Misiones para exigir aumento salarial del 50%,2026-09-20 21:00:00-03:00,0.939,
15119,ABC Color,San Ignacio: trabajadores de salud cierran la ruta PY01 y exigen aumento salarial del 50% - Nacionales - ABC Color,2026-09-20 21:00:00-03:00,15504,Resumen de Noticias,Gremios de salud marcharán por reajuste salarial del 50%,2026-09-20 21:00:00-03:00,0.8968,
15119,ABC Color,San Ignacio: trabajadores de salud cierran la ruta PY01 y exigen aumento salarial del 50% - Nacionales - ABC Color,2026-09-20 21:00:00-03:00,14936,adn,Trabajadores de salud piden 50% de aumento y cifran reclamo en USD 103 millones - ADN Digital,2026-09-20 21:00:00-03:00,0.8916,
15119,ABC Color,San Ignacio: trabajadores de salud cierran la ruta PY01 y exigen aumento salarial del 50% - Nacionales - ABC Color,2026-09-20 21:00:00-03:00,15426,ABC Color,Gremios de salud se movilizan mañana por reajuste y carrera sanitaria - Nacionales - ABC Color,2026-09-20 21:00:00-03:00,0.8819,
15119,ABC Color,San Ignacio: trabajadores de salud cierran la ruta PY01 y exigen aumento salarial del 50% - Nacionales - ABC Color,2026-09-20 21:00:00-03:00,14611,adn,Unos 16 sindicatos de Salud marcharán por reajuste salarial y carrera sanitaria - ADN Digital,2026-09-19 21:00:00-03:00,0.8705,
15331,ABC Color,Pisa: Las tres claves que Paraguay ignora para transformar su sistema educativo - Nacionales - ABC Color,2026-09-20 21:00:00-03:00,14765,La Nación,La Nación / PISA 2025: especialista urge cambios metodológicos ante rezago en Paraguay,2026-09-19 21:00:00-03:00,0.9061,
15331,ABC Color,Pisa: Las tres claves que Paraguay ignora para transformar su sistema educativo - Nacionales - ABC Color,2026-09-20 21:00:00-03:00,14764,La Nación,La Nación / PISA 2025: Nancy Ovelar urge acompañar al docente y enfocar en la lectura,2026-09-19 21:00:00-03:00,0.8489,
15331,ABC Color,Pisa: Las tres claves que Paraguay ignora para transformar su sistema educativo - Nacionales - ABC Color,2026-09-20 21:00:00-03:00,15557,Última Hora,Banco Mundial pide recuperar aprendizajes básicos y evitar abandono escolar,2026-09-20 21:00:00-03:00,0.8309,
15331,ABC Color,Pisa: Las tres claves que Paraguay ignora para transformar su sistema educativo - Nacionales - ABC Color,2026-09-20 21:00:00-03:00,15215,Megacadena,Blanca Ovelar cuestiona a las supervisiones pedagógicas tras los resultados de pruebas PISA,2026-09-20 21:00:00-03:00,0.7981,
15331,ABC Color,Pisa: Las tres claves que Paraguay ignora para transformar su sistema educativo - Nacionales - ABC Color,2026-09-20 21:00:00-03:00,15420,Amambay News,Blanca Ovelar cuestiona las supervisiones pedagógicas y pide asumir la “complejidad” de la crisis educativa - Amambay News,2026-09-20 21:00:00-03:00,0.7764,
15317,ABC Color,Día de la Juventud: jóvenes encabezan estadísticas de muertes y lesiones por siniestros viales - Nacionales - ABC Color,2026-09-20 21:00:00-03:00,15364,Resumen de Noticias,"Jóvenes, los más afectados por siniestros viales",2026-09-20 21:00:00-03:00,0.9712,
15317,ABC Color,Día de la Juventud: jóvenes encabezan estadísticas de muertes y lesiones por siniestros viales - Nacionales - ABC Color,2026-09-20 21:00:00-03:00,15473,Más Encarnación,"Jóvenes, los más afectados por siniestros viales",2026-09-20 21:00:00-03:00,0.9578,
15317,ABC Color,Día de la Juventud: jóvenes encabezan estadísticas de muertes y lesiones por siniestros viales - Nacionales - ABC Color,2026-09-20 21:00:00-03:00,14825,ABC Color,Día de la Juventud: hurto y violencia familiar encabezan los delitos cometidos por jóvenes en Paraguay - Nacionales - ABC Color,2026-09-20 21:00:00-03:00,0.7578,
15317,ABC Color,Día de la Juventud: jóvenes encabezan estadísticas de muertes y lesiones por siniestros viales - Nacionales - ABC Color,2026-09-20 21:00:00-03:00,15245,La Clave,Cuatro personas mueren en accidentes durante el fin de semana en Alto Paraná – Diario La Clave,2026-09-20 21:00:00-03:00,0.755,
15317,ABC Color,Día de la Juventud: jóvenes encabezan estadísticas de muertes y lesiones por siniestros viales - Nacionales - ABC Color,2026-09-20 21:00:00-03:00,14821,ABC Color,"Así es la juventud en Paraguay: cuántos son, a qué se dedican y cuál es su realidad, según el INE - Nacionales - ABC Color",2026-09-20 21:00:00-03:00,0.7448,
14809,ABC Color,El partido de Putin se perfila ganador en elecciones rusas marcadas por ataque ucraniano - Mundo - ABC Color,2026-09-19 21:00:00-03:00,15134,La Tribuna,Drones ucranianos golpean Moscú ante el cierre electoral de Putin,2026-09-20 21:00:00-03:00,0.9531,
14809,ABC Color,El partido de Putin se perfila ganador en elecciones rusas marcadas por ataque ucraniano - Mundo - ABC Color,2026-09-19 21:00:00-03:00,14619,adn,Las elecciones en Rusia entran en su última jornada tras denuncias de fraude y una baja participación del electorado - ADN Digital,2026-09-19 21:00:00-03:00,0.9397,
14809,ABC Color,El partido de Putin se perfila ganador en elecciones rusas marcadas por ataque ucraniano - Mundo - ABC Color,2026-09-19 21:00:00-03:00,14720,Amambay News,"El partido del Kremlin gana las elecciones con el 57,5 % de votos, según los primeros resultados - Amambay News",2026-09-19 21:00:00-03:00,0.9271,
14809,ABC Color,El partido de Putin se perfila ganador en elecciones rusas marcadas por ataque ucraniano - Mundo - ABC Color,2026-09-19 21:00:00-03:00,15440,adn,El partido de Putin logra un récord de escaños en Rusia - ADN Digital,2026-09-20 21:00:00-03:00,0.9056,
14809,ABC Color,El partido de Putin se perfila ganador en elecciones rusas marcadas por ataque ucraniano - Mundo - ABC Color,2026-09-19 21:00:00-03:00,14956,Megacadena,Putin amplía su control del Parlamento ruso tras una elección cuestionada internacionalmente,2026-09-20 21:00:00-03:00,0.88,
14834,ABC Color,Pargos Tech consolida su expansión con la inauguración de su nuevo Centro de distribución y logística - Negocios - ABC Color,2026-09-20 21:00:00-03:00,14992,Diario Paraguayo Noticias,Tecnología para no perder margen: así se prepara la agroindustria de Alto Paraná para una nueva campaña | Diario Paraguayo,2026-09-20 21:00:00-03:00,0.7328,
14834,ABC Color,Pargos Tech consolida su expansión con la inauguración de su nuevo Centro de distribución y logística - Negocios - ABC Color,2026-09-20 21:00:00-03:00,15001,Diario Paraguayo Noticias,Disponibilidad tecnológica: estrategia empresarial clave | Diario Paraguayo,2026-09-20 21:00:00-03:00,0.7253,
14834,ABC Color,Pargos Tech consolida su expansión con la inauguración de su nuevo Centro de distribución y logística - Negocios - ABC Color,2026-09-20 21:00:00-03:00,15348,La Nación,La Nación / MAG entrega implementos agrícolas por más de G. 700 millones a productores de Eugenio A. Garay,2026-09-20 21:00:00-03:00,0.71,
14834,ABC Color,Pargos Tech consolida su expansión con la inauguración de su nuevo Centro de distribución y logística - Negocios - ABC Color,2026-09-20 21:00:00-03:00,15196,5Días,Grupo Luminotecnia celebra 35 años de trayectoria e impacto en la industria paraguaya,2026-09-20 21:00:00-03:00,0.7061,
14834,ABC Color,Pargos Tech consolida su expansión con la inauguración de su nuevo Centro de distribución y logística - Negocios - ABC Color,2026-09-20 21:00:00-03:00,15169,ABC Color,"Munich, tradición que se transforma - Negocios - ABC Color",2026-09-20 21:00:00-03:00,0.7042,
14684,ABC Color,Final feliz: localizan a familiares de una mujer desorientada en Asunción - Policiales - ABC Color,2026-09-19 21:00:00-03:00,15334,Última Hora,Policías rescatan a víctima de una agresión brutal en un auto y detienen a la pareja en Caaguazú,2026-09-20 21:00:00-03:00,0.7825,
14684,ABC Color,Final feliz: localizan a familiares de una mujer desorientada en Asunción - Policiales - ABC Color,2026-09-19 21:00:00-03:00,15117,ABC Color,Alerta Mafe: estas son las personas reportadas como desaparecidas en los últimos días - Nacionales - ABC Color,2026-09-20 21:00:00-03:00,0.7717,
14684,ABC Color,Final feliz: localizan a familiares de una mujer desorientada en Asunción - Policiales - ABC Color,2026-09-19 21:00:00-03:00,15193,NPY,Mujer fue brutalmente golpeada y su actual pareja es el principal sospechoso,2026-09-20 21:00:00-03:00,0.7713,
14684,ABC Color,Final feliz: localizan a familiares de una mujer desorientada en Asunción - Policiales - ABC Color,2026-09-19 21:00:00-03:00,15051,Amambay News,Aprehenden a funcionario público denunciado por violencia familiar en PJC - Amambay News,2026-09-20 21:00:00-03:00,0.7586,
14684,ABC Color,Final feliz: localizan a familiares de una mujer desorientada en Asunción - Policiales - ABC Color,2026-09-19 21:00:00-03:00,14679,Última Hora,"Asalto con toma de rehén, persecución y tiroteo con policías en María Auxiliadora",2026-09-19 21:00:00-03:00,0.7351,
15491,ABC Color,Elecciones Municipales: La importancia de los observadores - Política - ABC Color,2026-09-20 21:00:00-03:00,14863,Última Hora,No hay observadores nacionales para municipales y sugieren ley,2026-09-20 21:00:00-03:00,0.8885,
15491,ABC Color,Elecciones Municipales: La importancia de los observadores - Política - ABC Color,2026-09-20 21:00:00-03:00,15210,adn,Advierten que dudas de opositores afectarían negativamente en la participación en las municipales - ADN Digital,2026-09-20 21:00:00-03:00,0.8256,
15491,ABC Color,Elecciones Municipales: La importancia de los observadores - Política - ABC Color,2026-09-20 21:00:00-03:00,14669,Última Hora,Justicia Electoral y el Ministerio Público coordinan aplicación del Voto Asistido,2026-09-19 21:00:00-03:00,0.7933,
15491,ABC Color,Elecciones Municipales: La importancia de los observadores - Política - ABC Color,2026-09-20 21:00:00-03:00,14783,Diario Paraguayo Noticias,Distribución de máquinas de votación inicia el 27 | Diario Paraguayo,2026-09-19 21:00:00-03:00,0.7854,
15491,ABC Color,Elecciones Municipales: La importancia de los observadores - Política - ABC Color,2026-09-20 21:00:00-03:00,15149,Diario Paraguayo Noticias,TSJE responde sobre verificación de máquinas electorales | Diario Paraguayo,2026-09-20 21:00:00-03:00,0.7804,
14677,ABC Color,Gobernador vaticina victoria de la ANR en los 10 distritos de Misiones - Política - ABC Color,2026-09-19 21:00:00-03:00,15120,ABC Color,Senador minimiza disputas internas en HC y apunta a los 10 distritos de Misiones - Política - ABC Color,2026-09-20 21:00:00-03:00,0.9205,
14677,ABC Color,Gobernador vaticina victoria de la ANR en los 10 distritos de Misiones - Política - ABC Color,2026-09-19 21:00:00-03:00,14630,ABC Color,ANR busca unidad en Ayolas y minimiza crisis de la cúpula nacional - Política - ABC Color,2026-09-19 21:00:00-03:00,0.9138,
14677,ABC Color,Gobernador vaticina victoria de la ANR en los 10 distritos de Misiones - Política - ABC Color,2026-09-19 21:00:00-03:00,15192,HOY,"Diario HOY | “Tenemos Honor Colorado para rato”, predice Bachi",2026-09-20 21:00:00-03:00,0.8729,
14677,ABC Color,Gobernador vaticina victoria de la ANR en los 10 distritos de Misiones - Política - ABC Color,2026-09-19 21:00:00-03:00,15205,Resumen de Noticias,Alliana asume el gobierno ante fractura interna en HC,2026-09-20 21:00:00-03:00,0.8708,
14677,ABC Color,Gobernador vaticina victoria de la ANR en los 10 distritos de Misiones - Política - ABC Color,2026-09-19 21:00:00-03:00,14667,Última Hora,"Dirigentes admiten preferencias, pero relativizan interna por vice",2026-09-19 21:00:00-03:00,0.8656,
15325,ABC Color,"Orlando Gill y Meli Ávalos, enamorados en París - Gente - ABC Color",2026-09-20 21:00:00-03:00,14849,ABC Color,¡Fátima Fernández Mercado ya pasó al club de las casadas! - Gente - ABC Color,2026-09-20 21:00:00-03:00,0.773,
15325,ABC Color,"Orlando Gill y Meli Ávalos, enamorados en París - Gente - ABC Color",2026-09-20 21:00:00-03:00,14562,Última Hora,El casamiento de Arlette y Fabrizio,2026-09-19 21:00:00-03:00,0.7714,
15325,ABC Color,"Orlando Gill y Meli Ávalos, enamorados en París - Gente - ABC Color",2026-09-20 21:00:00-03:00,15449,Popular,Popular / ¡Celebraron su boda de plata!,2026-09-20 21:00:00-03:00,0.7657,
15325,ABC Color,"Orlando Gill y Meli Ávalos, enamorados en París - Gente - ABC Color",2026-09-20 21:00:00-03:00,15412,Crónica,[VIDEO] Te mostramos el álbum de bodas de la actriz Fátima Fernández,2026-09-20 21:00:00-03:00,0.7572,
15325,ABC Color,"Orlando Gill y Meli Ávalos, enamorados en París - Gente - ABC Color",2026-09-20 21:00:00-03:00,15498,La Nación,La Nación / ¡No es visita! Paraguaya presume que su novio llega a su casa y hace de todo,2026-09-20 21:00:00-03:00,0.7472,
15330,ABC Color,PGN 2027: Salud tendrá más recursos pese a limitada ejecución 2026 - Economía - ABC Color,2026-09-20 21:00:00-03:00,15071,QAP Chaco News,PGN 2027: más gasto bajo presión fiscal - QAP CHACO NEWS,2026-09-20 21:00:00-03:00,0.8707,
15330,ABC Color,PGN 2027: Salud tendrá más recursos pese a limitada ejecución 2026 - Economía - ABC Color,2026-09-20 21:00:00-03:00,14859,Última Hora,"PGN 2027: Advierten de más gasto y deuda, con menor margen fiscal",2026-09-20 21:00:00-03:00,0.8449,
15330,ABC Color,PGN 2027: Salud tendrá más recursos pese a limitada ejecución 2026 - Economía - ABC Color,2026-09-20 21:00:00-03:00,15474,La Nación,La Nación / Ministro de Salud anuncia controles estrictos al desempeño de los médicos,2026-09-20 21:00:00-03:00,0.8017,
15330,ABC Color,PGN 2027: Salud tendrá más recursos pese a limitada ejecución 2026 - Economía - ABC Color,2026-09-20 21:00:00-03:00,14682,El Independiente,Ministro de salud llevará sus visitas sorpresa a hospitales de todo el país,2026-09-19 21:00:00-03:00,0.7944,
15330,ABC Color,PGN 2027: Salud tendrá más recursos pese a limitada ejecución 2026 - Economía - ABC Color,2026-09-20 21:00:00-03:00,15257,Amambay News,Fretes anuncia visitas sorpresa a hospitales públicos de todo el país - Amambay News,2026-09-20 21:00:00-03:00,0.7932,
14836,ABC Color,Los hutíes dicen haber atacado “sitios sensibles” en la capital de Arabia Saudita - Mundo - ABC Color,2026-09-20 21:00:00-03:00,14983,Diario Paraguayo Noticias,Ataques hutíes contra Arabia Saudí propician “escalada peligrosa” | Diario Paraguayo,2026-09-20 21:00:00-03:00,0.9053,
14836,ABC Color,Los hutíes dicen haber atacado “sitios sensibles” en la capital de Arabia Saudita - Mundo - ABC Color,2026-09-20 21:00:00-03:00,15376,Megacadena,El Gobierno yemení frena el avance hutí en Taiz y Marib,2026-09-20 21:00:00-03:00,0.9024,
14836,ABC Color,Los hutíes dicen haber atacado “sitios sensibles” en la capital de Arabia Saudita - Mundo - ABC Color,2026-09-20 21:00:00-03:00,14868,Última Hora,Ataques hutíes contra Arabia Saudí propician “escalada peligrosa”,2026-09-20 21:00:00-03:00,0.9015,
14836,ABC Color,Los hutíes dicen haber atacado “sitios sensibles” en la capital de Arabia Saudita - Mundo - ABC Color,2026-09-20 21:00:00-03:00,15278,Red Digital San Pedro,Ataques hutíes contra Arabia Saudí propician “escalada peligrosa” - Red Digital San Pedro,2026-09-20 21:00:00-03:00,0.8945,
14836,ABC Color,Los hutíes dicen haber atacado “sitios sensibles” en la capital de Arabia Saudita - Mundo - ABC Color,2026-09-20 21:00:00-03:00,15144,Diario Paraguayo Noticias,Liga Árabe advierte sobre escalada de tensiones | Diario Paraguayo,2026-09-20 21:00:00-03:00,0.8667,
15282,ABC Color,Taste Atlas 2026: el vori vori se vuelve a posicionar como el mejor plato del mundo y la mejor sopa - Gastronomía - ABC Color,2026-09-20 21:00:00-03:00,15353,Concepción al Día,El vori vori vuelve a ser reconocido como el mejor plato del mundo - Concepción al Día,2026-09-20 21:00:00-03:00,0.9751,
15282,ABC Color,Taste Atlas 2026: el vori vori se vuelve a posicionar como el mejor plato del mundo y la mejor sopa - Gastronomía - ABC Color,2026-09-20 21:00:00-03:00,15136,Megacadena,El vorí vorí vuelve a ser elegido como la mejor sopa del mundo,2026-09-20 21:00:00-03:00,0.9473,
15282,ABC Color,Taste Atlas 2026: el vori vori se vuelve a posicionar como el mejor plato del mundo y la mejor sopa - Gastronomía - ABC Color,2026-09-20 21:00:00-03:00,15158,Itapúa en Noticias,VORÍ VORÍ VUELVE A CONQUISTAR EL PRIMER LUGAR ENTRE LAS MEJORES SOPAS DEL MUNDO,2026-09-20 21:00:00-03:00,0.9379,
15282,ABC Color,Taste Atlas 2026: el vori vori se vuelve a posicionar como el mejor plato del mundo y la mejor sopa - Gastronomía - ABC Color,2026-09-20 21:00:00-03:00,15202,Resumen de Noticias,El Vorí vorí vuelve a ser número uno entre las sopas del mundo,2026-09-20 21:00:00-03:00,0.9282,
15282,ABC Color,Taste Atlas 2026: el vori vori se vuelve a posicionar como el mejor plato del mundo y la mejor sopa - Gastronomía - ABC Color,2026-09-20 21:00:00-03:00,15232,Crónica,Nuestro vori vori sigue mandando en el mundo 😋,2026-09-20 21:00:00-03:00,0.9269,
15464,ABC Color,Diputados define mañana la prohibición de celulares en todas las instituciones educativas - Política - ABC Color,2026-09-20 21:00:00-03:00,15480,Resumen de Noticias,Celulares en escuelas: Diputados define proyecto mañana,2026-09-20 21:00:00-03:00,0.9626,
15464,ABC Color,Diputados define mañana la prohibición de celulares en todas las instituciones educativas - Política - ABC Color,2026-09-20 21:00:00-03:00,15420,Amambay News,Blanca Ovelar cuestiona las supervisiones pedagógicas y pide asumir la “complejidad” de la crisis educativa - Amambay News,2026-09-20 21:00:00-03:00,0.7837,
15464,ABC Color,Diputados define mañana la prohibición de celulares en todas las instituciones educativas - Política - ABC Color,2026-09-20 21:00:00-03:00,15218,Megacadena,El Senado lanza “Mi Senado App” para seguir las sesiones en tiempo real y proyectos de ley en estudio,2026-09-20 21:00:00-03:00,0.7541,
15464,ABC Color,Diputados define mañana la prohibición de celulares en todas las instituciones educativas - Política - ABC Color,2026-09-20 21:00:00-03:00,15269,Itapúa en Noticias,«MI SENADO»: AHORA VAS A PODER VER QUÉ HACEN LOS SENADORES EN TIEMPO REAL,2026-09-20 21:00:00-03:00,0.7429,
15464,ABC Color,Diputados define mañana la prohibición de celulares en todas las instituciones educativas - Política - ABC Color,2026-09-20 21:00:00-03:00,15190,La Nación,La Nación / Senado lanza app para dar mayor participación ciudadana en la toma de decisiones,2026-09-20 21:00:00-03:00,0.7378,
15465,ABC Color,Líderes de 22 países e instituciones reclaman supervisión humana para la IA - Tecnología - ABC Color,2026-09-20 21:00:00-03:00,15113,Ñanduti,"La Unión Europea busca no quedarse atrás en inteligencia artificial, pero apuesta por una regulación robusta",2026-09-20 21:00:00-03:00,0.8587,
15465,ABC Color,Líderes de 22 países e instituciones reclaman supervisión humana para la IA - Tecnología - ABC Color,2026-09-20 21:00:00-03:00,15568,5Días,"El dilema de la IA ya no es cómo frenarla, sino quién la controla",2026-09-20 21:00:00-03:00,0.8415,
15465,ABC Color,Líderes de 22 países e instituciones reclaman supervisión humana para la IA - Tecnología - ABC Color,2026-09-20 21:00:00-03:00,14955,Megacadena,Líderes mundiales se reúnen en Nueva York para la asamblea de la ONU con las guerras e inteligencia artificial en la agenda,2026-09-20 21:00:00-03:00,0.8339,
15465,ABC Color,Líderes de 22 países e instituciones reclaman supervisión humana para la IA - Tecnología - ABC Color,2026-09-20 21:00:00-03:00,14770,La Nación,"La Nación / IA, desinfodemia y Sun Tzu",2026-09-19 21:00:00-03:00,0.8289,
15465,ABC Color,Líderes de 22 países e instituciones reclaman supervisión humana para la IA - Tecnología - ABC Color,2026-09-20 21:00:00-03:00,14598,5Días,Trump acelera la carrera por la IA y prepara un nuevo “zar”,2026-09-19 21:00:00-03:00,0.8245,
15466,ABC Color,Por qué algunos Malinois desarrollan conductas difíciles - Mascotas - ABC Color,2026-09-20 21:00:00-03:00,14733,Megacadena,Proponen regular la tenencia de perros potencialmente peligrosos,2026-09-19 21:00:00-03:00,0.7402,
15466,ABC Color,Por qué algunos Malinois desarrollan conductas difíciles - Mascotas - ABC Color,2026-09-20 21:00:00-03:00,15438,Resumen de Noticias,Proponen licencia para tener perros considerados peligrosos,2026-09-20 21:00:00-03:00,0.729,
15466,ABC Color,Por qué algunos Malinois desarrollan conductas difíciles - Mascotas - ABC Color,2026-09-20 21:00:00-03:00,15100,Más Encarnación,Proponen regular la tenencia de perros potencialmente peligrosos,2026-09-20 21:00:00-03:00,0.7285,
15466,ABC Color,Por qué algunos Malinois desarrollan conductas difíciles - Mascotas - ABC Color,2026-09-20 21:00:00-03:00,14822,ABC Color,Miguel Prieto: “Honor Colorado está usando al BCP como garrote” - Política - ABC Color,2026-09-20 21:00:00-03:00,0.6328,
15466,ABC Color,Por qué algunos Malinois desarrollan conductas difíciles - Mascotas - ABC Color,2026-09-20 21:00:00-03:00,15406,Crónica,[VIDEO] ¡Chake jagua! Nutridiego fue perseguido por firu en plena competencia,2026-09-20 21:00:00-03:00,0.6313,
15178,Última Hora,Maluma anunció el nacimiento de su segundo bebé,2026-09-20 21:00:00-03:00,14751,Última Hora,Millie Bobby Brown es madre por segunda vez a través de la adopción,2026-09-19 21:00:00-03:00,0.808,
15178,Última Hora,Maluma anunció el nacimiento de su segundo bebé,2026-09-20 21:00:00-03:00,15448,Popular,"Popular / (VIDEO) ¡Fio Migliore contó cómo se llamará su segunda ""bendi""!",2026-09-20 21:00:00-03:00,0.7936,
15178,Última Hora,Maluma anunció el nacimiento de su segundo bebé,2026-09-20 21:00:00-03:00,15191,La Nación,La Nación / ¡Marc Anthony hizo esto por su hijo paraguayo y sorprendió en Las Vegas!,2026-09-20 21:00:00-03:00,0.7508,
15178,Última Hora,Maluma anunció el nacimiento de su segundo bebé,2026-09-20 21:00:00-03:00,15411,Crónica,Mirá la emotiva carta que el “Kaku” recibió de sus hijos,2026-09-20 21:00:00-03:00,0.7469,
15178,Última Hora,Maluma anunció el nacimiento de su segundo bebé,2026-09-20 21:00:00-03:00,15179,Última Hora,Hay dudas de si Lady Gaga estuvo embarazada,2026-09-20 21:00:00-03:00,0.7266,
14546,Última Hora,Iván Duque debatirá sobre infraestructura en Paraguay,2026-09-19 21:00:00-03:00,15354,Itapúa en Noticias,"CAMBYRETÁ CRECE, PERO ¿ESTÁ PREPARADO PARA EL SALTO?",2026-09-20 21:00:00-03:00,0.7949,
14546,Última Hora,Iván Duque debatirá sobre infraestructura en Paraguay,2026-09-19 21:00:00-03:00,15543,ABC Color,Peña se reúne en Nueva York con empresarios que pretenden “transformar” la Costanera Norte - Política - ABC Color,2026-09-20 21:00:00-03:00,0.7922,
14546,Última Hora,Iván Duque debatirá sobre infraestructura en Paraguay,2026-09-19 21:00:00-03:00,14603,El Independiente,Paraguay se encuentra en un punto de inflexión histórica,2026-09-19 21:00:00-03:00,0.784,
14546,Última Hora,Iván Duque debatirá sobre infraestructura en Paraguay,2026-09-19 21:00:00-03:00,14920,El Independiente,Peña tiene ocho encuentros económicos antes del debate de Naciones Unidas,2026-09-20 21:00:00-03:00,0.7823,
14546,Última Hora,Iván Duque debatirá sobre infraestructura en Paraguay,2026-09-19 21:00:00-03:00,15444,Megacadena,Santiago Peña se reúne con empresarios para impulsar proyecto en la Costanera Norte,2026-09-20 21:00:00-03:00,0.7819,
15288,Última Hora,Día de la Juventud: ¿Cuándo Paraguay dejará de tener una mayoría de población joven?,2026-09-20 21:00:00-03:00,15513,Diario Paraguayo Noticias,Bono demográfico de Paraguay: oportunidades hasta 2050 | Diario Paraguayo,2026-09-20 21:00:00-03:00,0.9628,
15288,Última Hora,Día de la Juventud: ¿Cuándo Paraguay dejará de tener una mayoría de población joven?,2026-09-20 21:00:00-03:00,15110,Ñanduti,"«Paraguay está en su mejor momento demográfico», afirma el director del INE en el Día de la Juventud y la Primavera",2026-09-20 21:00:00-03:00,0.9509,
15288,Última Hora,Día de la Juventud: ¿Cuándo Paraguay dejará de tener una mayoría de población joven?,2026-09-20 21:00:00-03:00,15213,adn,"Demográficamente, nuestro país pasa por su mejor momento, porque la mayoría de la población es joven - ADN Digital",2026-09-20 21:00:00-03:00,0.9427,
15288,Última Hora,Día de la Juventud: ¿Cuándo Paraguay dejará de tener una mayoría de población joven?,2026-09-20 21:00:00-03:00,15545,ABC Color,"Paraguay atraviesa su mejor momento demográfico, según el INE - Nacionales - ABC Color",2026-09-20 21:00:00-03:00,0.9247,
15288,Última Hora,Día de la Juventud: ¿Cuándo Paraguay dejará de tener una mayoría de población joven?,2026-09-20 21:00:00-03:00,15445,Megacadena,"Paraguay atraviesa su mejor momento demográfico, según el INE",2026-09-20 21:00:00-03:00,0.9205,
14884,Última Hora,"Muere a los 27 años el modelo Presley Gerber, hijo de Cindy Crawford",2026-09-20 21:00:00-03:00,14847,ABC Color,"Murió Presley Gerber, hijo de la modelo estadounidense Cindy Crawford - Gente - ABC Color",2026-09-20 21:00:00-03:00,0.9163,
14884,Última Hora,"Muere a los 27 años el modelo Presley Gerber, hijo de Cindy Crawford",2026-09-20 21:00:00-03:00,15476,La Nación,La Nación / Presley Gerber y el llamado Club de los 27: cuando la fama no alcanza para ocultar el dolor,2026-09-20 21:00:00-03:00,0.8642,
14884,Última Hora,"Muere a los 27 años el modelo Presley Gerber, hijo de Cindy Crawford",2026-09-20 21:00:00-03:00,15499,La Nación,La Nación / Más allá del Club de los 27: la historia de Presley Gerber,2026-09-20 21:00:00-03:00,0.8637,
14884,Última Hora,"Muere a los 27 años el modelo Presley Gerber, hijo de Cindy Crawford",2026-09-20 21:00:00-03:00,15518,Diario Paraguayo Noticias,Más allá del Club de los 27: la historia de Presley Gerber | Diario Paraguayo,2026-09-20 21:00:00-03:00,0.8569,
14884,Última Hora,"Muere a los 27 años el modelo Presley Gerber, hijo de Cindy Crawford",2026-09-20 21:00:00-03:00,15561,Última Hora,"Lady Gaga recurrió a la gestación subrogada, según todos los indicios",2026-09-20 21:00:00-03:00,0.7148,
14857,Última Hora,"La primavera es recibida con calor, lluvias y un posterior descenso",2026-09-20 21:00:00-03:00,15145,Diario Paraguayo Noticias,"Primavera con calor, lluvia y descenso de temperaturas | Diario Paraguayo",2026-09-20 21:00:00-03:00,0.9618,
14857,Última Hora,"La primavera es recibida con calor, lluvias y un posterior descenso",2026-09-20 21:00:00-03:00,14984,Diario Paraguayo Noticias,"La primavera es recibida con calor, lluvias y un posterior descenso | Diario Paraguayo",2026-09-20 21:00:00-03:00,0.9538,
14857,Última Hora,"La primavera es recibida con calor, lluvias y un posterior descenso",2026-09-20 21:00:00-03:00,14998,Diario Paraguayo Noticias,Primavera inicia con clima cálido y lluvias | Diario Paraguayo,2026-09-20 21:00:00-03:00,0.9325,
14857,Última Hora,"La primavera es recibida con calor, lluvias y un posterior descenso",2026-09-20 21:00:00-03:00,15058,Amambay Ahora,"La primavera es recibida con calor, lluvias y un posterior descenso",2026-09-20 21:00:00-03:00,0.9289,
14857,Última Hora,"La primavera es recibida con calor, lluvias y un posterior descenso",2026-09-20 21:00:00-03:00,14900,La Nación,La Nación / La primavera arranca con ambiente cálido a caluroso y lluvias,2026-09-20 21:00:00-03:00,0.9253,
14557,Última Hora,Los obreros de la viña,2026-09-19 21:00:00-03:00,14814,ABC Color,Vayan a mi viña - Opinión - ABC Color,2026-09-19 21:00:00-03:00,0.8835,
14557,Última Hora,Los obreros de la viña,2026-09-19 21:00:00-03:00,14726,Última Hora,"Cardenal Martínez insta a los jóvenes a sembrar amor, honestidad y esperanza",2026-09-19 21:00:00-03:00,0.8135,
14557,Última Hora,Los obreros de la viña,2026-09-19 21:00:00-03:00,14794,Amambay News,"""La gente busca un trabajo digno"": Valenzuela llama a mirar la realidad de quienes buscan oportunidades - Amambay News",2026-09-19 21:00:00-03:00,0.7895,
14557,Última Hora,Los obreros de la viña,2026-09-19 21:00:00-03:00,14882,Última Hora,"San Mateo, apóstol y evangelista",2026-09-20 21:00:00-03:00,0.7489,
14557,Última Hora,Los obreros de la viña,2026-09-19 21:00:00-03:00,14625,Última Hora,Caacupé: Valenzuela critica a conductores que provocan accidentes y se dan a la fuga,2026-09-19 21:00:00-03:00,0.6946,
15175,Última Hora,Orquesta de Cateura participa en dos actividades con proyectos independientes,2026-09-20 21:00:00-03:00,15264,Oviedo Press,"Juventud ovetense tendrá teatro, formación y actividades comunitarias durante septiembre - OviedoPress",2026-09-20 21:00:00-03:00,0.7351,
15175,Última Hora,Orquesta de Cateura participa en dos actividades con proyectos independientes,2026-09-20 21:00:00-03:00,15176,Última Hora,Concierto de primavera en el Teatro Municipal,2026-09-20 21:00:00-03:00,0.7246,
15175,Última Hora,Orquesta de Cateura participa en dos actividades con proyectos independientes,2026-09-20 21:00:00-03:00,15070,Caazapa Ahora,Pilar reunió a jóvenes artistas en la XXXII edición del Festival del País,2026-09-20 21:00:00-03:00,0.7232,
15175,Última Hora,Orquesta de Cateura participa en dos actividades con proyectos independientes,2026-09-20 21:00:00-03:00,15392,Diario Paraguayo Noticias,Festival de la Juventud en Ciudad del Este - 27 de sept | Diario Paraguayo,2026-09-20 21:00:00-03:00,0.7198,
15175,Última Hora,Orquesta de Cateura participa en dos actividades con proyectos independientes,2026-09-20 21:00:00-03:00,14769,La Nación,"La Nación / Parque Caballero, el revivir de un pulmón histórico de Asunción",2026-09-19 21:00:00-03:00,0.7157,
14560,Última Hora,Baila 2026: Una pareja eliminada y puro rock and roll,2026-09-19 21:00:00-03:00,15207,Resumen de Noticias,Rock en Py Fest 2026 confirma su quinta edición,2026-09-20 21:00:00-03:00,0.733,
14560,Última Hora,Baila 2026: Una pareja eliminada y puro rock and roll,2026-09-19 21:00:00-03:00,15238,Crónica,[VIDEO] ¿Ya viste cómo le quedaron los cuadraditos a la maína? 😍,2026-09-20 21:00:00-03:00,0.723,
14560,Última Hora,Baila 2026: Una pareja eliminada y puro rock and roll,2026-09-19 21:00:00-03:00,14643,Diario Paraguayo Noticias,Dionisio Amarilla reivindica la unidad opositora y el cumplimiento de los acuerdos | Diario Paraguayo,2026-09-19 21:00:00-03:00,0.7208,
14560,Última Hora,Baila 2026: Una pareja eliminada y puro rock and roll,2026-09-19 21:00:00-03:00,15015,Crónica,"“Vamos con todo”, he’í Aliseda",2026-09-20 21:00:00-03:00,0.719,
14560,Última Hora,Baila 2026: Una pareja eliminada y puro rock and roll,2026-09-19 21:00:00-03:00,14661,Diario Paraguayo Noticias,Amarilla reivindica unidad opositora y cumplimiento de acuerdos | Diario Paraguayo,2026-09-19 21:00:00-03:00,0.7156,
14678,Última Hora,Trump dice que los hutíes de Yemen aceptaron no luchar contra EEUU,2026-09-19 21:00:00-03:00,14696,Diario Paraguayo Noticias,Trump dice que los hutíes de Yemen aceptaron no luchar contra EEUU | Diario Paraguayo,2026-09-19 21:00:00-03:00,0.9875,
14678,Última Hora,Trump dice que los hutíes de Yemen aceptaron no luchar contra EEUU,2026-09-19 21:00:00-03:00,14736,Diario Paraguayo Noticias,Trump afirma acuerdo con hutíes de Yemen | Diario Paraguayo,2026-09-19 21:00:00-03:00,0.9625,
14678,Última Hora,Trump dice que los hutíes de Yemen aceptaron no luchar contra EEUU,2026-09-19 21:00:00-03:00,15376,Megacadena,El Gobierno yemení frena el avance hutí en Taiz y Marib,2026-09-20 21:00:00-03:00,0.8618,
14678,Última Hora,Trump dice que los hutíes de Yemen aceptaron no luchar contra EEUU,2026-09-19 21:00:00-03:00,14836,ABC Color,Los hutíes dicen haber atacado “sitios sensibles” en la capital de Arabia Saudita - Mundo - ABC Color,2026-09-20 21:00:00-03:00,0.8428,
14678,Última Hora,Trump dice que los hutíes de Yemen aceptaron no luchar contra EEUU,2026-09-19 21:00:00-03:00,14983,Diario Paraguayo Noticias,Ataques hutíes contra Arabia Saudí propician “escalada peligrosa” | Diario Paraguayo,2026-09-20 21:00:00-03:00,0.822,
15554,Última Hora,Advierten que venta de inmuebles no puede financiar fondo de salud de IPS,2026-09-20 21:00:00-03:00,14830,ABC Color,Jubilados advierten que la ley de emergencia del IPS podría volver a beneficiar a los “amigos” de Peña - Política - ABC Color,2026-09-20 21:00:00-03:00,0.8256,
15554,Última Hora,Advierten que venta de inmuebles no puede financiar fondo de salud de IPS,2026-09-20 21:00:00-03:00,15372,adn,Comisión investigará deudas y pagos selectivos en IPS y Salud - ADN Digital,2026-09-20 21:00:00-03:00,0.7669,
15554,Última Hora,Advierten que venta de inmuebles no puede financiar fondo de salud de IPS,2026-09-20 21:00:00-03:00,14907,5Días,Top Convocantes con Mayor Monto Adjudicado – Semana del 14 al 20 de septiembre de 2026,2026-09-20 21:00:00-03:00,0.7416,
15554,Última Hora,Advierten que venta de inmuebles no puede financiar fondo de salud de IPS,2026-09-20 21:00:00-03:00,15294,La Nación,"La Nación / Senabico subastará inmuebles, vehículos y maquinaria pesada el 24 de septiembre",2026-09-20 21:00:00-03:00,0.7117,
15554,Última Hora,Advierten que venta de inmuebles no puede financiar fondo de salud de IPS,2026-09-20 21:00:00-03:00,15330,ABC Color,PGN 2027: Salud tendrá más recursos pese a limitada ejecución 2026 - Economía - ABC Color,2026-09-20 21:00:00-03:00,0.7093,
14667,Última Hora,"Dirigentes admiten preferencias, pero relativizan interna por vice",2026-09-19 21:00:00-03:00,14896,La Nación,La Nación / Baruja ratifica la potestad de Alliana para la elección de su dupla tras las municipales,2026-09-20 21:00:00-03:00,0.9144,
14667,Última Hora,"Dirigentes admiten preferencias, pero relativizan interna por vice",2026-09-19 21:00:00-03:00,15116,ABC Color,"Crisis en Honor Colorado: “Lo que se ve no se pregunta”, dice Beto Ovelar - Nacionales - ABC Color",2026-09-20 21:00:00-03:00,0.9109,
14667,Última Hora,"Dirigentes admiten preferencias, pero relativizan interna por vice",2026-09-19 21:00:00-03:00,15205,Resumen de Noticias,Alliana asume el gobierno ante fractura interna en HC,2026-09-20 21:00:00-03:00,0.9099,
14667,Última Hora,"Dirigentes admiten preferencias, pero relativizan interna por vice",2026-09-19 21:00:00-03:00,15281,ABC Color,"Crisis en Honor Colorado: “Lo que se ve no se pregunta”, dice Beto Ovelar - Política - ABC Color",2026-09-20 21:00:00-03:00,0.9089,
14667,Última Hora,"Dirigentes admiten preferencias, pero relativizan interna por vice",2026-09-19 21:00:00-03:00,14988,Diario Paraguayo Noticias,Baruja ratifica la potestad de Alliana para la elección de su dupla tras las municipales | Diario Paraguayo,2026-09-20 21:00:00-03:00,0.9074,
14886,Última Hora,"Latele cumple 18 años de historia, renovando y estrenando casa",2026-09-20 21:00:00-03:00,15389,Diario Paraguayo Noticias,Latele cumple 18 años con nueva sede y tecnología | Diario Paraguayo,2026-09-20 21:00:00-03:00,0.9737,
14886,Última Hora,"Latele cumple 18 años de historia, renovando y estrenando casa",2026-09-20 21:00:00-03:00,14561,Última Hora,"Telefuturo: Vive la Vida celebra 23 años, TF Stream 2 y estrena Calle 7: Al Límite",2026-09-19 21:00:00-03:00,0.8154,
14886,Última Hora,"Latele cumple 18 años de historia, renovando y estrenando casa",2026-09-20 21:00:00-03:00,15402,Extra,¡Sanie y Rubén celebran los 23 años con Vive la Vida!,2026-09-20 21:00:00-03:00,0.7843,
14886,Última Hora,"Latele cumple 18 años de historia, renovando y estrenando casa",2026-09-20 21:00:00-03:00,14885,Última Hora,2007 Oniria celebra su primer galardón,2026-09-20 21:00:00-03:00,0.7608,
14886,Última Hora,"Latele cumple 18 años de historia, renovando y estrenando casa",2026-09-20 21:00:00-03:00,15404,Extra,Kiara Coronel festeja los 2 años de TF Stream: “Somos los únicos con conductores preparados”,2026-09-20 21:00:00-03:00,0.7317,
15560,Última Hora,"Biblioteca Nacional: 139 años de memoria, libros y patrimonio",2026-09-20 21:00:00-03:00,14663,Diario Paraguayo Noticias,Instituciones paraguayas se adecuan a política de acceso a la información del BID | Diario Paraguayo,2026-09-19 21:00:00-03:00,0.7276,
15560,Última Hora,"Biblioteca Nacional: 139 años de memoria, libros y patrimonio",2026-09-20 21:00:00-03:00,14576,La Nación,La Nación / Proyectos financiados por el BID deberán ajustarse a nuevas reglas de acceso a la información,2026-09-19 21:00:00-03:00,0.7164,
15560,Última Hora,"Biblioteca Nacional: 139 años de memoria, libros y patrimonio",2026-09-20 21:00:00-03:00,14645,Diario Paraguayo Noticias,Proyectos financiados por el BID deberán ajustarse a nuevas reglas de acceso a la información | Diario Paraguayo,2026-09-19 21:00:00-03:00,0.7134,
15560,Última Hora,"Biblioteca Nacional: 139 años de memoria, libros y patrimonio",2026-09-20 21:00:00-03:00,15175,Última Hora,Orquesta de Cateura participa en dos actividades con proyectos independientes,2026-09-20 21:00:00-03:00,0.7028,
15560,Última Hora,"Biblioteca Nacional: 139 años de memoria, libros y patrimonio",2026-09-20 21:00:00-03:00,15106,The Asuncion Times,Historic Adoption Records Open Path To Finding Family Origins In Paraguay,2026-09-20 21:00:00-03:00,0.6959,
14868,Última Hora,Ataques hutíes contra Arabia Saudí propician “escalada peligrosa”,2026-09-20 21:00:00-03:00,15278,Red Digital San Pedro,Ataques hutíes contra Arabia Saudí propician “escalada peligrosa” - Red Digital San Pedro,2026-09-20 21:00:00-03:00,0.9891,
14868,Última Hora,Ataques hutíes contra Arabia Saudí propician “escalada peligrosa”,2026-09-20 21:00:00-03:00,14983,Diario Paraguayo Noticias,Ataques hutíes contra Arabia Saudí propician “escalada peligrosa” | Diario Paraguayo,2026-09-20 21:00:00-03:00,0.9837,
14868,Última Hora,Ataques hutíes contra Arabia Saudí propician “escalada peligrosa”,2026-09-20 21:00:00-03:00,15144,Diario Paraguayo Noticias,Liga Árabe advierte sobre escalada de tensiones | Diario Paraguayo,2026-09-20 21:00:00-03:00,0.9585,
14868,Última Hora,Ataques hutíes contra Arabia Saudí propician “escalada peligrosa”,2026-09-20 21:00:00-03:00,14836,ABC Color,Los hutíes dicen haber atacado “sitios sensibles” en la capital de Arabia Saudita - Mundo - ABC Color,2026-09-20 21:00:00-03:00,0.9015,
14868,Última Hora,Ataques hutíes contra Arabia Saudí propician “escalada peligrosa”,2026-09-20 21:00:00-03:00,15376,Megacadena,El Gobierno yemení frena el avance hutí en Taiz y Marib,2026-09-20 21:00:00-03:00,0.8472,
15177,Última Hora,Ñande Impro reúne en Asunción a figuras internacionales del teatro sin guion,2026-09-20 21:00:00-03:00,15290,Última Hora,Sobre una cama de rosas: Teatro total para una nueva generación,2026-09-20 21:00:00-03:00,0.792,
15177,Última Hora,Ñande Impro reúne en Asunción a figuras internacionales del teatro sin guion,2026-09-20 21:00:00-03:00,15109,The Asuncion Times,"Jorge Báez And ""Barrunto"" Take Top Honours At Premios Edda 2026 Theatre Awards",2026-09-20 21:00:00-03:00,0.7795,
15177,Última Hora,Ñande Impro reúne en Asunción a figuras internacionales del teatro sin guion,2026-09-20 21:00:00-03:00,15070,Caazapa Ahora,Pilar reunió a jóvenes artistas en la XXXII edición del Festival del País,2026-09-20 21:00:00-03:00,0.775,
15177,Última Hora,Ñande Impro reúne en Asunción a figuras internacionales del teatro sin guion,2026-09-20 21:00:00-03:00,15512,Diario Paraguayo Noticias,Sobre una cama de rosas: estreno teatral integrador | Diario Paraguayo,2026-09-20 21:00:00-03:00,0.7639,
15177,Última Hora,Ñande Impro reúne en Asunción a figuras internacionales del teatro sin guion,2026-09-20 21:00:00-03:00,15392,Diario Paraguayo Noticias,Festival de la Juventud en Ciudad del Este - 27 de sept | Diario Paraguayo,2026-09-20 21:00:00-03:00,0.7553,
14856,Última Hora,Alliana asume mando en ausencia de Peña y en plena crisis en HC,2026-09-20 21:00:00-03:00,15205,Resumen de Noticias,Alliana asume el gobierno ante fractura interna en HC,2026-09-20 21:00:00-03:00,0.9717,
14856,Última Hora,Alliana asume mando en ausencia de Peña y en plena crisis en HC,2026-09-20 21:00:00-03:00,15493,Última Hora,Cartes no se pronuncia y esta semana se podría dar una reunión con Alliana,2026-09-20 21:00:00-03:00,0.9225,
14856,Última Hora,Alliana asume mando en ausencia de Peña y en plena crisis en HC,2026-09-20 21:00:00-03:00,14896,La Nación,La Nación / Baruja ratifica la potestad de Alliana para la elección de su dupla tras las municipales,2026-09-20 21:00:00-03:00,0.9132,
14856,Última Hora,Alliana asume mando en ausencia de Peña y en plena crisis en HC,2026-09-20 21:00:00-03:00,15116,ABC Color,"Crisis en Honor Colorado: “Lo que se ve no se pregunta”, dice Beto Ovelar - Nacionales - ABC Color",2026-09-20 21:00:00-03:00,0.9114,
14856,Última Hora,Alliana asume mando en ausencia de Peña y en plena crisis en HC,2026-09-20 21:00:00-03:00,15162,ABC Color,Bachi Núñez niega crisis en Honor Colorado: “Es una disparidad de opiniones” - Política - ABC Color,2026-09-20 21:00:00-03:00,0.9096,
14729,La Nación,La Nación / Expo Kambuchi reunirá a artesanos y propuestas culturales en Tobatí,2026-09-19 21:00:00-03:00,14701,Diario Paraguayo Noticias,Expo Kambuchi 2026: artesanía y cultura en Tobatí | Diario Paraguayo,2026-09-19 21:00:00-03:00,0.984,
14729,La Nación,La Nación / Expo Kambuchi reunirá a artesanos y propuestas culturales en Tobatí,2026-09-19 21:00:00-03:00,15394,Diario Paraguayo Noticias,MAG realizará 8 ferias de agricultura familiar | Diario Paraguayo,2026-09-20 21:00:00-03:00,0.7633,
14729,La Nación,La Nación / Expo Kambuchi reunirá a artesanos y propuestas culturales en Tobatí,2026-09-19 21:00:00-03:00,15130,Resumen de Noticias,¿Dónde serán las ferias agrícolas esta semana?,2026-09-20 21:00:00-03:00,0.7539,
14729,La Nación,La Nación / Expo Kambuchi reunirá a artesanos y propuestas culturales en Tobatí,2026-09-19 21:00:00-03:00,15292,La Nación,La Nación / MAG prevé 8 ferias de la agricultura familiar en la semana de la primavera,2026-09-20 21:00:00-03:00,0.7472,
14729,La Nación,La Nación / Expo Kambuchi reunirá a artesanos y propuestas culturales en Tobatí,2026-09-19 21:00:00-03:00,14740,Diario Paraguayo Noticias,XV Feria de Aves de Sudamérica culmina con actividades | Diario Paraguayo,2026-09-19 21:00:00-03:00,0.7436,
14657,La Nación,La Nación / IPS Ingavi habilita un consultorio especializado en cirugía vascular,2026-09-19 21:00:00-03:00,14565,La Nación,La Nación / Canindeyú registra cerca de 60.000 atenciones médicas en agosto,2026-09-19 21:00:00-03:00,0.742,
14657,La Nación,La Nación / IPS Ingavi habilita un consultorio especializado en cirugía vascular,2026-09-19 21:00:00-03:00,15217,Megacadena,Maratón de Cirugías del IPS Ciudad del Este concluyó con 213 procedimientos a 181 pacientes,2026-09-20 21:00:00-03:00,0.7291,
14657,La Nación,La Nación / IPS Ingavi habilita un consultorio especializado en cirugía vascular,2026-09-19 21:00:00-03:00,14646,Diario Paraguayo Noticias,Canindeyú: 60.000 atenciones médicas en agosto | Diario Paraguayo,2026-09-19 21:00:00-03:00,0.7188,
14657,La Nación,La Nación / IPS Ingavi habilita un consultorio especializado en cirugía vascular,2026-09-19 21:00:00-03:00,14682,El Independiente,Ministro de salud llevará sus visitas sorpresa a hospitales de todo el país,2026-09-19 21:00:00-03:00,0.6997,
14657,La Nación,La Nación / IPS Ingavi habilita un consultorio especializado en cirugía vascular,2026-09-19 21:00:00-03:00,15573,Resumen de Noticias,“No sirve el hecho de ir a marcar y tomar tereré”: Fretes advierte controles estrictos a médicos,2026-09-20 21:00:00-03:00,0.6851,
14577,La Nación,La Nación / Dionisio Amarilla reivindica la unidad opositora y el cumplimiento de los acuerdos,2026-09-19 21:00:00-03:00,14643,Diario Paraguayo Noticias,Dionisio Amarilla reivindica la unidad opositora y el cumplimiento de los acuerdos | Diario Paraguayo,2026-09-19 21:00:00-03:00,0.9896,
14577,La Nación,La Nación / Dionisio Amarilla reivindica la unidad opositora y el cumplimiento de los acuerdos,2026-09-19 21:00:00-03:00,14661,Diario Paraguayo Noticias,Amarilla reivindica unidad opositora y cumplimiento de acuerdos | Diario Paraguayo,2026-09-19 21:00:00-03:00,0.9755,
14577,La Nación,La Nación / Dionisio Amarilla reivindica la unidad opositora y el cumplimiento de los acuerdos,2026-09-19 21:00:00-03:00,14630,ABC Color,ANR busca unidad en Ayolas y minimiza crisis de la cúpula nacional - Política - ABC Color,2026-09-19 21:00:00-03:00,0.8776,
14577,La Nación,La Nación / Dionisio Amarilla reivindica la unidad opositora y el cumplimiento de los acuerdos,2026-09-19 21:00:00-03:00,15120,ABC Color,Senador minimiza disputas internas en HC y apunta a los 10 distritos de Misiones - Política - ABC Color,2026-09-20 21:00:00-03:00,0.8675,
14577,La Nación,La Nación / Dionisio Amarilla reivindica la unidad opositora y el cumplimiento de los acuerdos,2026-09-19 21:00:00-03:00,15205,Resumen de Noticias,Alliana asume el gobierno ante fractura interna en HC,2026-09-20 21:00:00-03:00,0.8624,
14681,La Nación,La Nación / XV Feria de Aves de Sudamérica finaliza hoy con una atractiva agenda para la ciudadanía,2026-09-19 21:00:00-03:00,14703,Diario Paraguayo Noticias,XV Feria de Aves de Sudamérica finaliza hoy con una atractiva agenda para la ciudadanía | Diario Paraguayo,2026-09-19 21:00:00-03:00,0.9941,
14681,La Nación,La Nación / XV Feria de Aves de Sudamérica finaliza hoy con una atractiva agenda para la ciudadanía,2026-09-19 21:00:00-03:00,14740,Diario Paraguayo Noticias,XV Feria de Aves de Sudamérica culmina con actividades | Diario Paraguayo,2026-09-19 21:00:00-03:00,0.9872,
14681,La Nación,La Nación / XV Feria de Aves de Sudamérica finaliza hoy con una atractiva agenda para la ciudadanía,2026-09-19 21:00:00-03:00,14652,Última Hora,Más de 150 gua’a embellecen el cielo en el Departamento Central,2026-09-19 21:00:00-03:00,0.8016,
14681,La Nación,La Nación / XV Feria de Aves de Sudamérica finaliza hoy con una atractiva agenda para la ciudadanía,2026-09-19 21:00:00-03:00,14739,Diario Paraguayo Noticias,Naturaleza y aventura: propuesta de Senatur para jóvenes | Diario Paraguayo,2026-09-19 21:00:00-03:00,0.7945,
14681,La Nación,La Nación / XV Feria de Aves de Sudamérica finaliza hoy con una atractiva agenda para la ciudadanía,2026-09-19 21:00:00-03:00,14702,Diario Paraguayo Noticias,Naturaleza y aventura: la propuesta de la Senatur para los más jóvenes | Diario Paraguayo,2026-09-19 21:00:00-03:00,0.7866,
15294,La Nación,"La Nación / Senabico subastará inmuebles, vehículos y maquinaria pesada el 24 de septiembre",2026-09-20 21:00:00-03:00,14939,adn,Subasta pública de bienes incautados se realizará el próximo jueves - ADN Digital,2026-09-20 21:00:00-03:00,0.974,
15294,La Nación,"La Nación / Senabico subastará inmuebles, vehículos y maquinaria pesada el 24 de septiembre",2026-09-20 21:00:00-03:00,14904,5Días,Principales Empresas Adjudicadas en Licitaciones Públicas – Semana del 14 al 20 de septiembre de 2026,2026-09-20 21:00:00-03:00,0.7653,
15294,La Nación,"La Nación / Senabico subastará inmuebles, vehículos y maquinaria pesada el 24 de septiembre",2026-09-20 21:00:00-03:00,14906,5Días,Gobernaciones con Adjudicaciones – Semana del 14 al 20 de septiembre de 2026,2026-09-20 21:00:00-03:00,0.7647,
15294,La Nación,"La Nación / Senabico subastará inmuebles, vehículos y maquinaria pesada el 24 de septiembre",2026-09-20 21:00:00-03:00,14758,Amambay News,Juez de Capitán Bado enfrenta doble presión: imputación por subasta de bienes de “Cabeza Branca” y polémica por su matrimonio en Brasil - Amambay News,2026-09-19 21:00:00-03:00,0.7411,
15294,La Nación,"La Nación / Senabico subastará inmuebles, vehículos y maquinaria pesada el 24 de septiembre",2026-09-20 21:00:00-03:00,14905,5Días,Municipalidades con Mayor Monto Adjudicado en Paraguay – Semana del 14 al 20 de septiembre de 2026,2026-09-20 21:00:00-03:00,0.7255,
14892,La Nación,"Diario La Nación Edición impresa, 21 de setiembre de 2026",2026-09-20 21:00:00-03:00,14568,La Nación,"Diario La Nación Edición impresa, 20 de setiembre de 2026",2026-09-19 21:00:00-03:00,0.9851,
14892,La Nación,"Diario La Nación Edición impresa, 21 de setiembre de 2026",2026-09-20 21:00:00-03:00,15192,HOY,"Diario HOY | “Tenemos Honor Colorado para rato”, predice Bachi",2026-09-20 21:00:00-03:00,0.7708,
14892,La Nación,"Diario La Nación Edición impresa, 21 de setiembre de 2026",2026-09-20 21:00:00-03:00,15373,adn,"Larga vida a Honor Colorado, es lo que augura Bachi Núñez - ADN Digital",2026-09-20 21:00:00-03:00,0.757,
14892,La Nación,"Diario La Nación Edición impresa, 21 de setiembre de 2026",2026-09-20 21:00:00-03:00,14923,El Independiente,3×3 lunes 21de septiembre del 2026 por Benjamín Fernández Bogado,2026-09-20 21:00:00-03:00,0.7537,
14892,La Nación,"Diario La Nación Edición impresa, 21 de setiembre de 2026",2026-09-20 21:00:00-03:00,14906,5Días,Gobernaciones con Adjudicaciones – Semana del 14 al 20 de septiembre de 2026,2026-09-20 21:00:00-03:00,0.7457,
15188,La Nación,La Nación / Funcionarios de municipio fernandino denuncian cuatro meses de atraso salarial,2026-09-20 21:00:00-03:00,15339,Última Hora,Personal de blanco se moviliza en Misiones para exigir aumento salarial del 50%,2026-09-20 21:00:00-03:00,0.8257,
15188,La Nación,La Nación / Funcionarios de municipio fernandino denuncian cuatro meses de atraso salarial,2026-09-20 21:00:00-03:00,15119,ABC Color,San Ignacio: trabajadores de salud cierran la ruta PY01 y exigen aumento salarial del 50% - Nacionales - ABC Color,2026-09-20 21:00:00-03:00,0.819,
15188,La Nación,La Nación / Funcionarios de municipio fernandino denuncian cuatro meses de atraso salarial,2026-09-20 21:00:00-03:00,15135,Megacadena,Ortega cuestiona contrato colectivo firmado por Bello a días de las elecciones,2026-09-20 21:00:00-03:00,0.8131,
15188,La Nación,La Nación / Funcionarios de municipio fernandino denuncian cuatro meses de atraso salarial,2026-09-20 21:00:00-03:00,15553,Última Hora,Denuncian agresión a candidato a concejal y piden circuito cerrado,2026-09-20 21:00:00-03:00,0.8129,
15188,La Nación,La Nación / Funcionarios de municipio fernandino denuncian cuatro meses de atraso salarial,2026-09-20 21:00:00-03:00,14936,adn,Trabajadores de salud piden 50% de aumento y cifran reclamo en USD 103 millones - ADN Digital,2026-09-20 21:00:00-03:00,0.8069,
14656,La Nación,La Nación / Tragedia en Capiatá: discusión vecinal termina con un fallecido y un herido,2026-09-19 21:00:00-03:00,14853,ABC Color,Capiatá: hombre mató a tiros a joven por cruzar su cancha de vóley - Policiales - ABC Color,2026-09-20 21:00:00-03:00,0.9244,
14656,La Nación,La Nación / Tragedia en Capiatá: discusión vecinal termina con un fallecido y un herido,2026-09-19 21:00:00-03:00,14746,Amambay News,"Investigan crimen en Capiatá: un muerto, un herido detenido y dos aprehendidos - Amambay News",2026-09-19 21:00:00-03:00,0.8605,
14656,La Nación,La Nación / Tragedia en Capiatá: discusión vecinal termina con un fallecido y un herido,2026-09-19 21:00:00-03:00,14753,Popular,"Popular / Sábado sangriento: un muerto, un herido y varios detenidos",2026-09-19 21:00:00-03:00,0.8455,
14656,La Nación,La Nación / Tragedia en Capiatá: discusión vecinal termina con un fallecido y un herido,2026-09-19 21:00:00-03:00,15477,La Nación,La Nación / Caso muerte de hincha en Guarambaré: caen dos sospechosos durante allanamientos,2026-09-20 21:00:00-03:00,0.8313,
14656,La Nación,La Nación / Tragedia en Capiatá: discusión vecinal termina con un fallecido y un herido,2026-09-19 21:00:00-03:00,15467,ABC Color,Guarambaré: atrapan a presuntos implicados en crimen ocurrido tras un partido de fútbol - Policiales - ABC Color,2026-09-20 21:00:00-03:00,0.8094,
15349,La Nación,La Nación / MOPC solicita despejar franja de dominio ante avance de la obra de duplicación de la ruta PY01,2026-09-20 21:00:00-03:00,15517,Diario Paraguayo Noticias,MOPC solicita despejar franja de ruta PY01 | Diario Paraguayo,2026-09-20 21:00:00-03:00,0.9812,
15349,La Nación,La Nación / MOPC solicita despejar franja de dominio ante avance de la obra de duplicación de la ruta PY01,2026-09-20 21:00:00-03:00,15481,adn,MOPC pide retirar objetos de la franja de la PY01 por obras de duplicación - ADN Digital,2026-09-20 21:00:00-03:00,0.9559,
15349,La Nación,La Nación / MOPC solicita despejar franja de dominio ante avance de la obra de duplicación de la ruta PY01,2026-09-20 21:00:00-03:00,15307,Ahora CDE,El asfaltado de la ruta D065 entre San Cristóbal y Juan E. O’Leary avanza tras décadas de reclamos,2026-09-20 21:00:00-03:00,0.8128,
15349,La Nación,La Nación / MOPC solicita despejar franja de dominio ante avance de la obra de duplicación de la ruta PY01,2026-09-20 21:00:00-03:00,15455,Primera Plana,"Presentan avances del Proyecto de Duplicación de la Ruta PY07, financiado por Itaipú",2026-09-20 21:00:00-03:00,0.8066,
15349,La Nación,La Nación / MOPC solicita despejar franja de dominio ante avance de la obra de duplicación de la ruta PY01,2026-09-20 21:00:00-03:00,15211,adn,"Duplicación de la PY07 tendrá cuatro carriles, tres viaductos y costará hasta US$ 100 millones - ADN Digital",2026-09-20 21:00:00-03:00,0.8059,
14580,La Nación,La Nación / Otra victoria y clasificación,2026-09-19 21:00:00-03:00,14605,Resumen de Noticias,Team Paraguay suma 22 medallas en los Juegos Odesur 2026,2026-09-19 21:00:00-03:00,0.934,
14580,La Nación,La Nación / Otra victoria y clasificación,2026-09-19 21:00:00-03:00,15365,Resumen de Noticias,Albirroja Sub 20 avanza de manera invicta a semifinales de los Juegos Odesur,2026-09-20 21:00:00-03:00,0.9182,
14580,La Nación,La Nación / Otra victoria y clasificación,2026-09-19 21:00:00-03:00,15231,Crónica,[VÍDEO] Paraguay termina puntero de su grupo en los Odesur,2026-09-20 21:00:00-03:00,0.8765,
14580,La Nación,La Nación / Otra victoria y clasificación,2026-09-19 21:00:00-03:00,15456,Amambay News,Paraguay avanza invicto y espera rival - Amambay News,2026-09-20 21:00:00-03:00,0.8648,
14580,La Nación,La Nación / Otra victoria y clasificación,2026-09-19 21:00:00-03:00,15482,adn,Paraguay empata con Uruguay y avanza a semifinales del Odesur como líder de grupo - ADN Digital,2026-09-20 21:00:00-03:00,0.8521,
14768,La Nación,"La Nación / Neruda y Paraguay: un diálogo entre la poesía, el exilio y la memoria",2026-09-19 21:00:00-03:00,14748,Última Hora,"Patria Querida dice que Peña ""avergüenza"" a Paraguay por encuentro con Delcy Rodríguez",2026-09-19 21:00:00-03:00,0.7424,
14768,La Nación,"La Nación / Neruda y Paraguay: un diálogo entre la poesía, el exilio y la memoria",2026-09-19 21:00:00-03:00,14712,Amambay News,Patria Querida sostiene que el encuentro entre Santi y Delcy Rodríguez «avergüenza» al país - Amambay News,2026-09-19 21:00:00-03:00,0.7388,
14768,La Nación,"La Nación / Neruda y Paraguay: un diálogo entre la poesía, el exilio y la memoria",2026-09-19 21:00:00-03:00,14923,El Independiente,3×3 lunes 21de septiembre del 2026 por Benjamín Fernández Bogado,2026-09-20 21:00:00-03:00,0.7261,
14768,La Nación,"La Nación / Neruda y Paraguay: un diálogo entre la poesía, el exilio y la memoria",2026-09-19 21:00:00-03:00,15355,Itapúa en Noticias,"AGUAS DANZANTES, BUS TURÍSTICO Y LA RECUPERACIÓN DE LA ZONA BAJA: LAS PROPUESTAS DE NOVOSAD",2026-09-20 21:00:00-03:00,0.725,
14768,La Nación,"La Nación / Neruda y Paraguay: un diálogo entre la poesía, el exilio y la memoria",2026-09-19 21:00:00-03:00,14590,La Nación,La Nación / Fiestas patrias: distinguida cita en la Embajada de Chile,2026-09-19 21:00:00-03:00,0.7236,
15498,La Nación,La Nación / ¡No es visita! Paraguaya presume que su novio llega a su casa y hace de todo,2026-09-20 21:00:00-03:00,15325,ABC Color,"Orlando Gill y Meli Ávalos, enamorados en París - Gente - ABC Color",2026-09-20 21:00:00-03:00,0.7472,
15498,La Nación,La Nación / ¡No es visita! Paraguaya presume que su novio llega a su casa y hace de todo,2026-09-20 21:00:00-03:00,15449,Popular,Popular / ¡Celebraron su boda de plata!,2026-09-20 21:00:00-03:00,0.7415,
15498,La Nación,La Nación / ¡No es visita! Paraguaya presume que su novio llega a su casa y hace de todo,2026-09-20 21:00:00-03:00,14985,Diario Paraguayo Noticias,"Lo que tenés que saber: Iglesia critica omisión, venezolanos contra Peña y visitas sorpresas de Fretes | Diario Paraguayo",2026-09-20 21:00:00-03:00,0.7372,
15498,La Nación,La Nación / ¡No es visita! Paraguaya presume que su novio llega a su casa y hace de todo,2026-09-20 21:00:00-03:00,14977,Popular,Popular / Oiko ñemenda guasu de 95 parejas,2026-09-20 21:00:00-03:00,0.7335,
15498,La Nación,La Nación / ¡No es visita! Paraguaya presume que su novio llega a su casa y hace de todo,2026-09-20 21:00:00-03:00,14748,Última Hora,"Patria Querida dice que Peña ""avergüenza"" a Paraguay por encuentro con Delcy Rodríguez",2026-09-19 21:00:00-03:00,0.7328,
14894,La Nación,La Nación / Un paso más hacia la digitalización: BCP pone en marcha el CDA-d desde este lunes,2026-09-20 21:00:00-03:00,14990,Diario Paraguayo Noticias,Un paso más hacia la digitalización: BCP pone en marcha el CDA-d desde este lunes | Diario Paraguayo,2026-09-20 21:00:00-03:00,0.992,
14894,La Nación,La Nación / Un paso más hacia la digitalización: BCP pone en marcha el CDA-d desde este lunes,2026-09-20 21:00:00-03:00,15150,Diario Paraguayo Noticias,BCP activa sistema CDA-d para certificados digitales | Diario Paraguayo,2026-09-20 21:00:00-03:00,0.9815,
14894,La Nación,La Nación / Un paso más hacia la digitalización: BCP pone en marcha el CDA-d desde este lunes,2026-09-20 21:00:00-03:00,15472,Más Encarnación,BCP habilita los Certificados de Depósito de Ahorro 100% digitales,2026-09-20 21:00:00-03:00,0.9799,
14894,La Nación,La Nación / Un paso más hacia la digitalización: BCP pone en marcha el CDA-d desde este lunes,2026-09-20 21:00:00-03:00,15335,Última Hora,Adiós al CDA de papel: Paraguay entra en la era del CDA digital,2026-09-20 21:00:00-03:00,0.9643,
14894,La Nación,La Nación / Un paso más hacia la digitalización: BCP pone en marcha el CDA-d desde este lunes,2026-09-20 21:00:00-03:00,15514,Diario Paraguayo Noticias,CDA digitales: Paraguay moderniza inversiones | Diario Paraguayo,2026-09-20 21:00:00-03:00,0.9436,
14670,La Nación,La Nación / Vende sopa paraguaya en Argentina para cumplir su sueño: estudiar en la universidad,2026-09-19 21:00:00-03:00,15226,Extra,Joven salteño vende sopa paraguaya con la receta que le dio su abuela,2026-09-20 21:00:00-03:00,0.8752,
14670,La Nación,La Nación / Vende sopa paraguaya en Argentina para cumplir su sueño: estudiar en la universidad,2026-09-19 21:00:00-03:00,15157,San Lorenzo Py,"Don Felipe, el “Rey del bollo” que trabaja desde hace 25 años en las calles de San Lorenzo » San Lorenzo PY",2026-09-20 21:00:00-03:00,0.7402,
14670,La Nación,La Nación / Vende sopa paraguaya en Argentina para cumplir su sueño: estudiar en la universidad,2026-09-19 21:00:00-03:00,14827,ABC Color,Estudiar en el país de los títulos falsos: el amargo contraste de ser joven hoy en Paraguay - Nacionales - ABC Color,2026-09-20 21:00:00-03:00,0.7394,
14670,La Nación,La Nación / Vende sopa paraguaya en Argentina para cumplir su sueño: estudiar en la universidad,2026-09-19 21:00:00-03:00,14832,ABC Color,Día de la Juventud: un emprendedor que incursiona en la relojería - ABC en el Este - ABC Color,2026-09-20 21:00:00-03:00,0.7336,
14670,La Nación,La Nación / Vende sopa paraguaya en Argentina para cumplir su sueño: estudiar en la universidad,2026-09-19 21:00:00-03:00,15232,Crónica,Nuestro vori vori sigue mandando en el mundo 😋,2026-09-20 21:00:00-03:00,0.731,
15186,La Nación,La Nación / Campaña “Todos con Iván” busca alcanzar meta de G. 1.000 millones para su rehabilitación,2026-09-20 21:00:00-03:00,15400,Diario Paraguayo Noticias,Campaña solidaria para rehabilitación de Iván | Diario Paraguayo,2026-09-20 21:00:00-03:00,0.9704,
15186,La Nación,La Nación / Campaña “Todos con Iván” busca alcanzar meta de G. 1.000 millones para su rehabilitación,2026-09-20 21:00:00-03:00,15414,Crónica,La batalla de Iván recién comienza: buscan G. 1.000 millones para su recuperación,2026-09-20 21:00:00-03:00,0.9582,
15186,La Nación,La Nación / Campaña “Todos con Iván” busca alcanzar meta de G. 1.000 millones para su rehabilitación,2026-09-20 21:00:00-03:00,15577,Megacadena,Adolescente Iván sale de terapia intensiva tras ser atropellado al salir del colegio,2026-09-20 21:00:00-03:00,0.788,
15186,La Nación,La Nación / Campaña “Todos con Iván” busca alcanzar meta de G. 1.000 millones para su rehabilitación,2026-09-20 21:00:00-03:00,14936,adn,Trabajadores de salud piden 50% de aumento y cifran reclamo en USD 103 millones - ADN Digital,2026-09-20 21:00:00-03:00,0.7543,
15186,La Nación,La Nación / Campaña “Todos con Iván” busca alcanzar meta de G. 1.000 millones para su rehabilitación,2026-09-20 21:00:00-03:00,14695,Diario Paraguayo Noticias,Caacupé: Valenzuela critica a conductores que provocan accidentes y se dan a la fuga | Diario Paraguayo,2026-09-19 21:00:00-03:00,0.7343,
15187,La Nación,"La Nación / En violento asalto domiciliario, gavilla roba más de G. 20 millones en Minga Guazú",2026-09-20 21:00:00-03:00,15370,adn,Asaltantes vestidos de policías irrumpen en una casa y roban G. 20 millones - ADN Digital,2026-09-20 21:00:00-03:00,0.966,
15187,La Nación,"La Nación / En violento asalto domiciliario, gavilla roba más de G. 20 millones en Minga Guazú",2026-09-20 21:00:00-03:00,15174,Última Hora,Gavilla con un falso policía asalta a una familia en Minga Guazú y se lleva millonaria suma,2026-09-20 21:00:00-03:00,0.9644,
15187,La Nación,"La Nación / En violento asalto domiciliario, gavilla roba más de G. 20 millones en Minga Guazú",2026-09-20 21:00:00-03:00,14967,Megacadena,Asalto tipo comando en Minga Guazú: golpearon a un hombre y se llevaron millonario botín,2026-09-20 21:00:00-03:00,0.9496,
15187,La Nación,"La Nación / En violento asalto domiciliario, gavilla roba más de G. 20 millones en Minga Guazú",2026-09-20 21:00:00-03:00,15027,Ahora CDE,Encapuchados armados asaltan una vivienda y exigen dinero vinculado al accidente aéreo de Prosegur,2026-09-20 21:00:00-03:00,0.9489,
15187,La Nación,"La Nación / En violento asalto domiciliario, gavilla roba más de G. 20 millones en Minga Guazú",2026-09-20 21:00:00-03:00,15081,Itapúa en Noticias,MINGA GUAZÚ: FALSOS POLICÍAS SE LLEVAN G. 15 MILLONES Y R$ 5.000 TRAS VIOLENTO ASALTO,2026-09-20 21:00:00-03:00,0.9401,
14805,Ñanduti,Bonifacio Ríos: “La política es el cáncer de la academia”,2026-09-19 21:00:00-03:00,15192,HOY,"Diario HOY | “Tenemos Honor Colorado para rato”, predice Bachi",2026-09-20 21:00:00-03:00,0.7544,
14805,Ñanduti,Bonifacio Ríos: “La política es el cáncer de la academia”,2026-09-19 21:00:00-03:00,15432,Última Hora,"“Mantenerse en primera división es difícil"", advierte Bachi a Cesarito",2026-09-20 21:00:00-03:00,0.7532,
14805,Ñanduti,Bonifacio Ríos: “La política es el cáncer de la academia”,2026-09-19 21:00:00-03:00,15515,Diario Paraguayo Noticias,Figueredo respalda liderazgo de Honor Colorado | Diario Paraguayo,2026-09-20 21:00:00-03:00,0.752,
14805,Ñanduti,Bonifacio Ríos: “La política es el cáncer de la academia”,2026-09-19 21:00:00-03:00,15281,ABC Color,"Crisis en Honor Colorado: “Lo que se ve no se pregunta”, dice Beto Ovelar - Política - ABC Color",2026-09-20 21:00:00-03:00,0.7478,
14805,Ñanduti,Bonifacio Ríos: “La política es el cáncer de la academia”,2026-09-19 21:00:00-03:00,15116,ABC Color,"Crisis en Honor Colorado: “Lo que se ve no se pregunta”, dice Beto Ovelar - Nacionales - ABC Color",2026-09-20 21:00:00-03:00,0.7458,
15374,Ñanduti,Banco Continental integra la emisión y custodia en la nueva era del CDA Digital,2026-09-20 21:00:00-03:00,14723,Ñanduti,"Continental, preparado para liderar la nueva era del CDA Digital en Paraguay",2026-09-19 21:00:00-03:00,0.9718,
15374,Ñanduti,Banco Continental integra la emisión y custodia en la nueva era del CDA Digital,2026-09-20 21:00:00-03:00,14990,Diario Paraguayo Noticias,Un paso más hacia la digitalización: BCP pone en marcha el CDA-d desde este lunes | Diario Paraguayo,2026-09-20 21:00:00-03:00,0.9393,
15374,Ñanduti,Banco Continental integra la emisión y custodia en la nueva era del CDA Digital,2026-09-20 21:00:00-03:00,15150,Diario Paraguayo Noticias,BCP activa sistema CDA-d para certificados digitales | Diario Paraguayo,2026-09-20 21:00:00-03:00,0.9348,
15374,Ñanduti,Banco Continental integra la emisión y custodia en la nueva era del CDA Digital,2026-09-20 21:00:00-03:00,14894,La Nación,La Nación / Un paso más hacia la digitalización: BCP pone en marcha el CDA-d desde este lunes,2026-09-20 21:00:00-03:00,0.9323,
15374,Ñanduti,Banco Continental integra la emisión y custodia en la nueva era del CDA Digital,2026-09-20 21:00:00-03:00,15472,Más Encarnación,BCP habilita los Certificados de Depósito de Ahorro 100% digitales,2026-09-20 21:00:00-03:00,0.9297,
14747,Ñanduti,Paraguay y Venezuela anuncian una “nueva etapa” y apuntan a restablecer plenamente sus relaciones diplomáticas,2026-09-19 21:00:00-03:00,15072,QAP Chaco News,Paraguay y Venezuela reabren el diálogo - QAP CHACO NEWS,2026-09-20 21:00:00-03:00,0.9546,
14747,Ñanduti,Paraguay y Venezuela anuncian una “nueva etapa” y apuntan a restablecer plenamente sus relaciones diplomáticas,2026-09-19 21:00:00-03:00,15064,Oviedo Press,Peña se reúne con Delcy Rodríguez y abre camino para retomar relaciones con Venezuela - OviedoPress,2026-09-20 21:00:00-03:00,0.9537,
14747,Ñanduti,Paraguay y Venezuela anuncian una “nueva etapa” y apuntan a restablecer plenamente sus relaciones diplomáticas,2026-09-19 21:00:00-03:00,14686,El Independiente,Paraguay y Venezuela abren una nueva etapa con foco en comercio y cooperación,2026-09-19 21:00:00-03:00,0.9484,
14747,Ñanduti,Paraguay y Venezuela anuncian una “nueva etapa” y apuntan a restablecer plenamente sus relaciones diplomáticas,2026-09-19 21:00:00-03:00,14668,Última Hora,Peña inicia diálogo con Delcy para reanudar relaciones con Venezuela,2026-09-19 21:00:00-03:00,0.9455,
14747,Ñanduti,Paraguay y Venezuela anuncian una “nueva etapa” y apuntan a restablecer plenamente sus relaciones diplomáticas,2026-09-19 21:00:00-03:00,14604,Resumen de Noticias,Santiago Peña y Delcy Rodríguez firman documento para afianzar lazos bilaterales,2026-09-19 21:00:00-03:00,0.936,
14722,Ñanduti,Cooperativa Universitaria celebró la juventud con su primer Sunset Experience,2026-09-19 21:00:00-03:00,15102,Más Encarnación,"Color, Baile y Alegría marcaron la celebración de la Juventud y la Primavera en Encarnación",2026-09-20 21:00:00-03:00,0.8316,
14722,Ñanduti,Cooperativa Universitaria celebró la juventud con su primer Sunset Experience,2026-09-19 21:00:00-03:00,15152,Diario Paraguayo Noticias,Municipalidad de Asunción invita a jornada para jóvenes | Diario Paraguayo,2026-09-20 21:00:00-03:00,0.8203,
14722,Ñanduti,Cooperativa Universitaria celebró la juventud con su primer Sunset Experience,2026-09-19 21:00:00-03:00,15173,ABC Color,Comunidades rurales de Lima se unen mediante el deporte y reclaman un polideportivo - Nacionales - ABC Color,2026-09-20 21:00:00-03:00,0.8091,
14722,Ñanduti,Cooperativa Universitaria celebró la juventud con su primer Sunset Experience,2026-09-19 21:00:00-03:00,14895,La Nación,La Nación / La Municipalidad de Asunción invita a una jornada para jóvenes,2026-09-20 21:00:00-03:00,0.8076,
14722,Ñanduti,Cooperativa Universitaria celebró la juventud con su primer Sunset Experience,2026-09-19 21:00:00-03:00,15264,Oviedo Press,"Juventud ovetense tendrá teatro, formación y actividades comunitarias durante septiembre - OviedoPress",2026-09-20 21:00:00-03:00,0.8054,
15111,Ñanduti,Conductor murió en choque frontal en J. Augusto Saldívar: hallaron botellas con olor a cerveza en su vehículo,2026-09-20 21:00:00-03:00,14934,Resumen de Noticias,Choque frontal en J. Augusto Saldívar deja un fallecido,2026-09-20 21:00:00-03:00,0.8973,
15111,Ñanduti,Conductor murió en choque frontal en J. Augusto Saldívar: hallaron botellas con olor a cerveza en su vehículo,2026-09-20 21:00:00-03:00,14873,Última Hora,Violento choque frontal deja un fallecido en J. Augusto Saldívar,2026-09-20 21:00:00-03:00,0.8949,
15111,Ñanduti,Conductor murió en choque frontal en J. Augusto Saldívar: hallaron botellas con olor a cerveza en su vehículo,2026-09-20 21:00:00-03:00,14851,ABC Color,Accidente en J. Augusto Saldívar: conductor de 42 años falleció en un choque frontal - Policiales - ABC Color,2026-09-20 21:00:00-03:00,0.8928,
15111,Ñanduti,Conductor murió en choque frontal en J. Augusto Saldívar: hallaron botellas con olor a cerveza en su vehículo,2026-09-20 21:00:00-03:00,14987,Diario Paraguayo Noticias,Violento choque frontal deja un fallecido en J. Augusto Saldívar | Diario Paraguayo,2026-09-20 21:00:00-03:00,0.8841,
15111,Ñanduti,Conductor murió en choque frontal en J. Augusto Saldívar: hallaron botellas con olor a cerveza en su vehículo,2026-09-20 21:00:00-03:00,14903,NPY,Choque frontal en J. Augusto Saldívar deja un fallecido y a una familia que exige esclarecer el caso,2026-09-20 21:00:00-03:00,0.8778,
14808,Ñanduti,Patria Querida afirma que la visita de Santiago Peña a Delcy Rodríguez en Venezuela “avergüenza” al Paraguay,2026-09-19 21:00:00-03:00,14748,Última Hora,"Patria Querida dice que Peña ""avergüenza"" a Paraguay por encuentro con Delcy Rodríguez",2026-09-19 21:00:00-03:00,0.9722,
14808,Ñanduti,Patria Querida afirma que la visita de Santiago Peña a Delcy Rodríguez en Venezuela “avergüenza” al Paraguay,2026-09-19 21:00:00-03:00,14712,Amambay News,Patria Querida sostiene que el encuentro entre Santi y Delcy Rodríguez «avergüenza» al país - Amambay News,2026-09-19 21:00:00-03:00,0.9362,
14808,Ñanduti,Patria Querida afirma que la visita de Santiago Peña a Delcy Rodríguez en Venezuela “avergüenza” al Paraguay,2026-09-19 21:00:00-03:00,14668,Última Hora,Peña inicia diálogo con Delcy para reanudar relaciones con Venezuela,2026-09-19 21:00:00-03:00,0.899,
14808,Ñanduti,Patria Querida afirma que la visita de Santiago Peña a Delcy Rodríguez en Venezuela “avergüenza” al Paraguay,2026-09-19 21:00:00-03:00,14593,UNICANAL,Santiago Peña se reúne con Delcy Rodríguez en Venezuela | Unicanal,2026-09-19 21:00:00-03:00,0.8903,
14808,Ñanduti,Patria Querida afirma que la visita de Santiago Peña a Delcy Rodríguez en Venezuela “avergüenza” al Paraguay,2026-09-19 21:00:00-03:00,15072,QAP Chaco News,Paraguay y Venezuela reabren el diálogo - QAP CHACO NEWS,2026-09-20 21:00:00-03:00,0.8856,
15110,Ñanduti,"«Paraguay está en su mejor momento demográfico», afirma el director del INE en el Día de la Juventud y la Primavera",2026-09-20 21:00:00-03:00,15213,adn,"Demográficamente, nuestro país pasa por su mejor momento, porque la mayoría de la población es joven - ADN Digital",2026-09-20 21:00:00-03:00,0.9851,
15110,Ñanduti,"«Paraguay está en su mejor momento demográfico», afirma el director del INE en el Día de la Juventud y la Primavera",2026-09-20 21:00:00-03:00,15288,Última Hora,Día de la Juventud: ¿Cuándo Paraguay dejará de tener una mayoría de población joven?,2026-09-20 21:00:00-03:00,0.9509,
15110,Ñanduti,"«Paraguay está en su mejor momento demográfico», afirma el director del INE en el Día de la Juventud y la Primavera",2026-09-20 21:00:00-03:00,15513,Diario Paraguayo Noticias,Bono demográfico de Paraguay: oportunidades hasta 2050 | Diario Paraguayo,2026-09-20 21:00:00-03:00,0.9371,
15110,Ñanduti,"«Paraguay está en su mejor momento demográfico», afirma el director del INE en el Día de la Juventud y la Primavera",2026-09-20 21:00:00-03:00,15445,Megacadena,"Paraguay atraviesa su mejor momento demográfico, según el INE",2026-09-20 21:00:00-03:00,0.9359,
15110,Ñanduti,"«Paraguay está en su mejor momento demográfico», afirma el director del INE en el Día de la Juventud y la Primavera",2026-09-20 21:00:00-03:00,15545,ABC Color,"Paraguay atraviesa su mejor momento demográfico, según el INE - Nacionales - ABC Color",2026-09-20 21:00:00-03:00,0.9283,
14807,Ñanduti,Hombre es imputado tras agredir a su hijastro y arrojar una PlayStation por el balcón,2026-09-19 21:00:00-03:00,15037,TN Press,Imputan a cobarde que agredió a su pareja con bebé en brazos y golpeó a su hijastro de 13 años,2026-09-20 21:00:00-03:00,0.9576,
14807,Ñanduti,Hombre es imputado tras agredir a su hijastro y arrojar una PlayStation por el balcón,2026-09-19 21:00:00-03:00,15268,Concepción al Día,Discusión por una PlayStation terminó en una denuncia por violencia familiar - Concepción al Día,2026-09-20 21:00:00-03:00,0.9518,
14807,Ñanduti,Hombre es imputado tras agredir a su hijastro y arrojar una PlayStation por el balcón,2026-09-19 21:00:00-03:00,15008,Extra,Agredió a su familia y tiró la Play de su hijastro desde el balcón,2026-09-20 21:00:00-03:00,0.9508,
14807,Ñanduti,Hombre es imputado tras agredir a su hijastro y arrojar una PlayStation por el balcón,2026-09-19 21:00:00-03:00,15051,Amambay News,Aprehenden a funcionario público denunciado por violencia familiar en PJC - Amambay News,2026-09-20 21:00:00-03:00,0.7868,
14807,Ñanduti,Hombre es imputado tras agredir a su hijastro y arrojar una PlayStation por el balcón,2026-09-19 21:00:00-03:00,15193,NPY,Mujer fue brutalmente golpeada y su actual pareja es el principal sospechoso,2026-09-20 21:00:00-03:00,0.7695,
15115,Ñanduti,Lunes caluroso con tormentas y máxima de 35 grados: el martes la temperatura bajaría hasta 21 grados,2026-09-20 21:00:00-03:00,15058,Amambay Ahora,"La primavera es recibida con calor, lluvias y un posterior descenso",2026-09-20 21:00:00-03:00,0.8779,
15115,Ñanduti,Lunes caluroso con tormentas y máxima de 35 grados: el martes la temperatura bajaría hasta 21 grados,2026-09-20 21:00:00-03:00,15105,Red Digital San Pedro,"La primavera es recibida con calor, lluvias y un posterior descenso - Red Digital San Pedro",2026-09-20 21:00:00-03:00,0.8768,
15115,Ñanduti,Lunes caluroso con tormentas y máxima de 35 grados: el martes la temperatura bajaría hasta 21 grados,2026-09-20 21:00:00-03:00,14984,Diario Paraguayo Noticias,"La primavera es recibida con calor, lluvias y un posterior descenso | Diario Paraguayo",2026-09-20 21:00:00-03:00,0.8729,
15115,Ñanduti,Lunes caluroso con tormentas y máxima de 35 grados: el martes la temperatura bajaría hasta 21 grados,2026-09-20 21:00:00-03:00,14852,ABC Color,Lunes con tormentas en Paraguay: ¿Hasta qué día va a llover y cuándo volverá el fresco? - Clima - ABC Color,2026-09-20 21:00:00-03:00,0.8719,
15115,Ñanduti,Lunes caluroso con tormentas y máxima de 35 grados: el martes la temperatura bajaría hasta 21 grados,2026-09-20 21:00:00-03:00,14606,Resumen de Noticias,Prevén caluroso inicio de semana y luego frente frío,2026-09-19 21:00:00-03:00,0.8653,
15280,Ñanduti,Mades hace vista gorda a transformadores de la ANDE en evidente estado de contaminación en San Lorenzo,2026-09-20 21:00:00-03:00,15490,ABC Color,Denuncian contaminación por continuas quemazones en vertedero de Campo 9 - Nacionales - ABC Color,2026-09-20 21:00:00-03:00,0.7981,
15280,Ñanduti,Mades hace vista gorda a transformadores de la ANDE en evidente estado de contaminación en San Lorenzo,2026-09-20 21:00:00-03:00,15437,Telefuturo,Vecinos de Molino de Luque denuncian ola de robos,2026-09-20 21:00:00-03:00,0.7529,
15280,Ñanduti,Mades hace vista gorda a transformadores de la ANDE en evidente estado de contaminación en San Lorenzo,2026-09-20 21:00:00-03:00,15222,Megacadena,Incautan tanques de 45.000 litros en depósito vinculado a una maniobra con cheques robados,2026-09-20 21:00:00-03:00,0.7505,
15280,Ñanduti,Mades hace vista gorda a transformadores de la ANDE en evidente estado de contaminación en San Lorenzo,2026-09-20 21:00:00-03:00,15417,La Clave,"Tape Porã, contaminación e impunidad ante un Ministerio Público inoperante – Diario La Clave",2026-09-20 21:00:00-03:00,0.7485,
15280,Ñanduti,Mades hace vista gorda a transformadores de la ANDE en evidente estado de contaminación en San Lorenzo,2026-09-20 21:00:00-03:00,15024,Ahora CDE,HAMBRE CERO: Padres EXIGEN a gobernador LANDY TORRES garantías sobre la CALIDAD del almuerzo escolar,2026-09-20 21:00:00-03:00,0.727,
15114,Ñanduti,"Rusia Unida obtiene su mejor resultado histórico y revalida la mayoría constitucional en la Duma, según datos oficiales",2026-09-20 21:00:00-03:00,15440,adn,El partido de Putin logra un récord de escaños en Rusia - ADN Digital,2026-09-20 21:00:00-03:00,0.9246,
15114,Ñanduti,"Rusia Unida obtiene su mejor resultado histórico y revalida la mayoría constitucional en la Duma, según datos oficiales",2026-09-20 21:00:00-03:00,14956,Megacadena,Putin amplía su control del Parlamento ruso tras una elección cuestionada internacionalmente,2026-09-20 21:00:00-03:00,0.918,
15114,Ñanduti,"Rusia Unida obtiene su mejor resultado histórico y revalida la mayoría constitucional en la Duma, según datos oficiales",2026-09-20 21:00:00-03:00,14720,Amambay News,"El partido del Kremlin gana las elecciones con el 57,5 % de votos, según los primeros resultados - Amambay News",2026-09-19 21:00:00-03:00,0.8827,
15114,Ñanduti,"Rusia Unida obtiene su mejor resultado histórico y revalida la mayoría constitucional en la Duma, según datos oficiales",2026-09-20 21:00:00-03:00,14619,adn,Las elecciones en Rusia entran en su última jornada tras denuncias de fraude y una baja participación del electorado - ADN Digital,2026-09-19 21:00:00-03:00,0.8456,
15114,Ñanduti,"Rusia Unida obtiene su mejor resultado histórico y revalida la mayoría constitucional en la Duma, según datos oficiales",2026-09-20 21:00:00-03:00,14809,ABC Color,El partido de Putin se perfila ganador en elecciones rusas marcadas por ataque ucraniano - Mundo - ABC Color,2026-09-19 21:00:00-03:00,0.8408,
15112,Ñanduti,Alfaro convocó a 28 jugadores para los amistosos de Paraguay ante Bolivia y Colombia: varias caras nuevas en la lista,2026-09-20 21:00:00-03:00,15061,Oviedo Press,Alfaro da a conocer la lista de 28 convocados para el nuevo ciclo de la Albirroja - OviedoPress,2026-09-20 21:00:00-03:00,0.9743,
15112,Ñanduti,Alfaro convocó a 28 jugadores para los amistosos de Paraguay ante Bolivia y Colombia: varias caras nuevas en la lista,2026-09-20 21:00:00-03:00,14994,Diario Paraguayo Noticias,Convocatoria de Paraguay para amistosos ante Bolivia y Colombia | Diario Paraguayo,2026-09-20 21:00:00-03:00,0.9679,
15112,Ñanduti,Alfaro convocó a 28 jugadores para los amistosos de Paraguay ante Bolivia y Colombia: varias caras nuevas en la lista,2026-09-20 21:00:00-03:00,14897,La Nación,La Nación / Se inicia un nuevo ciclo,2026-09-20 21:00:00-03:00,0.9662,
15112,Ñanduti,Alfaro convocó a 28 jugadores para los amistosos de Paraguay ante Bolivia y Colombia: varias caras nuevas en la lista,2026-09-20 21:00:00-03:00,14931,Resumen de Noticias,Primera lista de Gustavo Alfaro en la Albirroja tras renovar,2026-09-20 21:00:00-03:00,0.9609,
15112,Ñanduti,Alfaro convocó a 28 jugadores para los amistosos de Paraguay ante Bolivia y Colombia: varias caras nuevas en la lista,2026-09-20 21:00:00-03:00,14962,Megacadena,Alfaro abre su segundo ciclo en la Albirroja con 28 convocados,2026-09-19 21:00:00-03:00,0.9605,
14806,Ñanduti,"94 meses sin pagar: acumula deuda de G. 58,6 millones por asistencia alimentaria",2026-09-19 21:00:00-03:00,14734,Megacadena,Imputan a un hombre por acumular deuda de G. 58 millones en asistencia alimentaria,2026-09-19 21:00:00-03:00,0.9691,
14806,Ñanduti,"94 meses sin pagar: acumula deuda de G. 58,6 millones por asistencia alimentaria",2026-09-19 21:00:00-03:00,15247,Ahora CDE,Imputan a hombre por no pagar asistencia alimentaria durante 94 meses,2026-09-20 21:00:00-03:00,0.9616,
14806,Ñanduti,"94 meses sin pagar: acumula deuda de G. 58,6 millones por asistencia alimentaria",2026-09-19 21:00:00-03:00,15259,Amambay News,Filizzola cuestiona Hambre Cero y denuncia uso político de recursos - Amambay News,2026-09-20 21:00:00-03:00,0.723,
14806,Ñanduti,"94 meses sin pagar: acumula deuda de G. 58,6 millones por asistencia alimentaria",2026-09-19 21:00:00-03:00,14870,Última Hora,Filizzola cuestiona Hambre Cero y denuncia uso político de recursos,2026-09-20 21:00:00-03:00,0.7218,
14806,Ñanduti,"94 meses sin pagar: acumula deuda de G. 58,6 millones por asistencia alimentaria",2026-09-19 21:00:00-03:00,14776,Popular,"Popular / ""Xuxa"" demandó a su ex paquita por ""malagradecida""",2026-09-19 21:00:00-03:00,0.7162,
14723,Ñanduti,"Continental, preparado para liderar la nueva era del CDA Digital en Paraguay",2026-09-19 21:00:00-03:00,15374,Ñanduti,Banco Continental integra la emisión y custodia en la nueva era del CDA Digital,2026-09-20 21:00:00-03:00,0.9718,
14723,Ñanduti,"Continental, preparado para liderar la nueva era del CDA Digital en Paraguay",2026-09-19 21:00:00-03:00,15150,Diario Paraguayo Noticias,BCP activa sistema CDA-d para certificados digitales | Diario Paraguayo,2026-09-20 21:00:00-03:00,0.9204,
14723,Ñanduti,"Continental, preparado para liderar la nueva era del CDA Digital en Paraguay",2026-09-19 21:00:00-03:00,14990,Diario Paraguayo Noticias,Un paso más hacia la digitalización: BCP pone en marcha el CDA-d desde este lunes | Diario Paraguayo,2026-09-20 21:00:00-03:00,0.9183,
14723,Ñanduti,"Continental, preparado para liderar la nueva era del CDA Digital en Paraguay",2026-09-19 21:00:00-03:00,14894,La Nación,La Nación / Un paso más hacia la digitalización: BCP pone en marcha el CDA-d desde este lunes,2026-09-20 21:00:00-03:00,0.9164,
14723,Ñanduti,"Continental, preparado para liderar la nueva era del CDA Digital en Paraguay",2026-09-19 21:00:00-03:00,15472,Más Encarnación,BCP habilita los Certificados de Depósito de Ahorro 100% digitales,2026-09-20 21:00:00-03:00,0.9156,
15113,Ñanduti,"La Unión Europea busca no quedarse atrás en inteligencia artificial, pero apuesta por una regulación robusta",2026-09-20 21:00:00-03:00,14915,5Días,Europa debate cómo competir en IA frente a EE.UU.,2026-09-20 21:00:00-03:00,0.9143,
15113,Ñanduti,"La Unión Europea busca no quedarse atrás en inteligencia artificial, pero apuesta por una regulación robusta",2026-09-20 21:00:00-03:00,15465,ABC Color,Líderes de 22 países e instituciones reclaman supervisión humana para la IA - Tecnología - ABC Color,2026-09-20 21:00:00-03:00,0.8587,
15113,Ñanduti,"La Unión Europea busca no quedarse atrás en inteligencia artificial, pero apuesta por una regulación robusta",2026-09-20 21:00:00-03:00,15357,5Días,La IA acelera más rápido que la economía que debe sostenerla,2026-09-20 21:00:00-03:00,0.7972,
15113,Ñanduti,"La Unión Europea busca no quedarse atrás en inteligencia artificial, pero apuesta por una regulación robusta",2026-09-20 21:00:00-03:00,14999,Diario Paraguayo Noticias,EE. UU. y China establecen diálogo sobre IA | Diario Paraguayo,2026-09-20 21:00:00-03:00,0.793,
15113,Ñanduti,"La Unión Europea busca no quedarse atrás en inteligencia artificial, pero apuesta por una regulación robusta",2026-09-20 21:00:00-03:00,15568,5Días,"El dilema de la IA ya no es cómo frenarla, sino quién la controla",2026-09-20 21:00:00-03:00,0.7929,
15429,Ñanduti,Imputan a las máximas autoridades de APA por presunta lesión de confianza por cerca de G 2.000 millones,2026-09-20 21:00:00-03:00,15565,La Nación,La Nación / Fiscalía imputa a cuatro directivos de APA por presunto desvío de casi G. 2.000 millones,2026-09-20 21:00:00-03:00,0.9351,
15429,Ñanduti,Imputan a las máximas autoridades de APA por presunta lesión de confianza por cerca de G 2.000 millones,2026-09-20 21:00:00-03:00,15018,El Observador,Estas son las pruebas por las cuales un Tribunal condenó a Hugo Javier y Robles - El Observador,2026-09-19 21:00:00-03:00,0.8021,
15429,Ñanduti,Imputan a las máximas autoridades de APA por presunta lesión de confianza por cerca de G 2.000 millones,2026-09-20 21:00:00-03:00,14622,ABC Color,Filizzola acusa a Peña y al cartismo de poner en riesgo los fondos públicos y del IPS - Política - ABC Color,2026-09-19 21:00:00-03:00,0.7911,
15429,Ñanduti,Imputan a las máximas autoridades de APA por presunta lesión de confianza por cerca de G 2.000 millones,2026-09-20 21:00:00-03:00,15329,ABC Color,Juicio de Miguel Prieto: Defensas cuestionan a fiscal por su falta de objetividad - Política - ABC Color,2026-09-20 21:00:00-03:00,0.783,
15429,Ñanduti,Imputan a las máximas autoridades de APA por presunta lesión de confianza por cerca de G 2.000 millones,2026-09-20 21:00:00-03:00,15363,Resumen de Noticias,Prieto atribuye disputa en Honor Colorado a “negocios”,2026-09-20 21:00:00-03:00,0.7797,
15192,HOY,"Diario HOY | “Tenemos Honor Colorado para rato”, predice Bachi",2026-09-20 21:00:00-03:00,15373,adn,"Larga vida a Honor Colorado, es lo que augura Bachi Núñez - ADN Digital",2026-09-20 21:00:00-03:00,0.9529,
15192,HOY,"Diario HOY | “Tenemos Honor Colorado para rato”, predice Bachi",2026-09-20 21:00:00-03:00,15432,Última Hora,"“Mantenerse en primera división es difícil"", advierte Bachi a Cesarito",2026-09-20 21:00:00-03:00,0.9457,
15192,HOY,"Diario HOY | “Tenemos Honor Colorado para rato”, predice Bachi",2026-09-20 21:00:00-03:00,15351,HOY,Diario HOY | Dos senadores de “Primera División” le presumen su antigüedad a César Sosa,2026-09-20 21:00:00-03:00,0.9287,
15192,HOY,"Diario HOY | “Tenemos Honor Colorado para rato”, predice Bachi",2026-09-20 21:00:00-03:00,15253,Amambay News,"Bachi Núñez minimiza la tensión en Honor Colorado: “Hay disparidad de opiniones, pero terminará en coincidencias” - Amambay News",2026-09-20 21:00:00-03:00,0.9155,
15192,HOY,"Diario HOY | “Tenemos Honor Colorado para rato”, predice Bachi",2026-09-20 21:00:00-03:00,15205,Resumen de Noticias,Alliana asume el gobierno ante fractura interna en HC,2026-09-20 21:00:00-03:00,0.9054,
15351,HOY,Diario HOY | Dos senadores de “Primera División” le presumen su antigüedad a César Sosa,2026-09-20 21:00:00-03:00,15192,HOY,"Diario HOY | “Tenemos Honor Colorado para rato”, predice Bachi",2026-09-20 21:00:00-03:00,0.9287,
15351,HOY,Diario HOY | Dos senadores de “Primera División” le presumen su antigüedad a César Sosa,2026-09-20 21:00:00-03:00,15572,Telefuturo,Conflicto en Honor Colorado por declaraciones de César Sosa,2026-09-20 21:00:00-03:00,0.9114,
15351,HOY,Diario HOY | Dos senadores de “Primera División” le presumen su antigüedad a César Sosa,2026-09-20 21:00:00-03:00,15432,Última Hora,"“Mantenerse en primera división es difícil"", advierte Bachi a Cesarito",2026-09-20 21:00:00-03:00,0.8996,
15351,HOY,Diario HOY | Dos senadores de “Primera División” le presumen su antigüedad a César Sosa,2026-09-20 21:00:00-03:00,15373,adn,"Larga vida a Honor Colorado, es lo que augura Bachi Núñez - ADN Digital",2026-09-20 21:00:00-03:00,0.8814,
15351,HOY,Diario HOY | Dos senadores de “Primera División” le presumen su antigüedad a César Sosa,2026-09-20 21:00:00-03:00,15297,Resumen de Noticias,“Lo que se ve no se pregunta”: Ovelar habla de crisis en Honor Colorado,2026-09-20 21:00:00-03:00,0.8747,
14618,adn,Cerro Porteño se adueña de la victoria en barrio Obrero - ADN Digital,2026-09-19 21:00:00-03:00,14737,Diario Paraguayo Noticias,Costas analiza victoria de Cerro Porteño ante Rubio Ñu | Diario Paraguayo,2026-09-19 21:00:00-03:00,0.86,
14618,adn,Cerro Porteño se adueña de la victoria en barrio Obrero - ADN Digital,2026-09-19 21:00:00-03:00,14698,Diario Paraguayo Noticias,"Costas, preocupado por las situaciones malogradas | Diario Paraguayo",2026-09-19 21:00:00-03:00,0.8556,
14618,adn,Cerro Porteño se adueña de la victoria en barrio Obrero - ADN Digital,2026-09-19 21:00:00-03:00,14996,Diario Paraguayo Noticias,Luqueño vence a Recoleta en fecha 11 del Clausura | Diario Paraguayo,2026-09-20 21:00:00-03:00,0.8371,
14618,adn,Cerro Porteño se adueña de la victoria en barrio Obrero - ADN Digital,2026-09-19 21:00:00-03:00,14901,La Nación,La Nación / Costas le ve mucho mejor a su equipo,2026-09-20 21:00:00-03:00,0.8317,
14618,adn,Cerro Porteño se adueña de la victoria en barrio Obrero - ADN Digital,2026-09-19 21:00:00-03:00,14775,La Tribuna,Luqueño derrota por la mínima a Recoleta en Itauguá,2026-09-19 21:00:00-03:00,0.8301,
14666,Crónica,Ho’a dos rapais con 45 mil reales falsos,2026-09-19 21:00:00-03:00,15004,Extra,Falsos policías entraron a la casa de un mecánico y llevaron sus ahorros,2026-09-20 21:00:00-03:00,0.8396,
14666,Crónica,Ho’a dos rapais con 45 mil reales falsos,2026-09-19 21:00:00-03:00,15078,Itapúa en Noticias,TRES ENCAPUCHADOS ENTRAN A UN MINIMERCADO Y SE LLEVAN G. 2 MILLONES,2026-09-20 21:00:00-03:00,0.8224,
14666,Crónica,Ho’a dos rapais con 45 mil reales falsos,2026-09-19 21:00:00-03:00,14976,Popular,Popular / Falsos polis asaltan a mecánico y le revientan la cabeza hógape,2026-09-20 21:00:00-03:00,0.8209,
14666,Crónica,Ho’a dos rapais con 45 mil reales falsos,2026-09-19 21:00:00-03:00,15081,Itapúa en Noticias,MINGA GUAZÚ: FALSOS POLICÍAS SE LLEVAN G. 15 MILLONES Y R$ 5.000 TRAS VIOLENTO ASALTO,2026-09-20 21:00:00-03:00,0.8131,
14666,Crónica,Ho’a dos rapais con 45 mil reales falsos,2026-09-19 21:00:00-03:00,15235,Crónica,Se hicieron pasar por polis y pelaron una vivienda,2026-09-20 21:00:00-03:00,0.8067,
14732,La Tribuna,EN VIVO: Luqueño vs Recoleta,2026-09-19 21:00:00-03:00,14775,La Tribuna,Luqueño derrota por la mínima a Recoleta en Itauguá,2026-09-19 21:00:00-03:00,0.9478,
14732,La Tribuna,EN VIVO: Luqueño vs Recoleta,2026-09-19 21:00:00-03:00,14798,Amambay News,Luqueño se recupera en el rentrée de Lucas Barrios y prolonga la crisis de Recoleta - Amambay News,2026-09-19 21:00:00-03:00,0.9102,
14732,La Tribuna,EN VIVO: Luqueño vs Recoleta,2026-09-19 21:00:00-03:00,14996,Diario Paraguayo Noticias,Luqueño vence a Recoleta en fecha 11 del Clausura | Diario Paraguayo,2026-09-20 21:00:00-03:00,0.9089,
14732,La Tribuna,EN VIVO: Luqueño vs Recoleta,2026-09-19 21:00:00-03:00,15030,Ahora CDE,Sportivo Luqueño vence 1-0 a Recoleta FC y cierra la primera rueda del Clausura con un respiro,2026-09-20 21:00:00-03:00,0.8906,
14732,La Tribuna,EN VIVO: Luqueño vs Recoleta,2026-09-19 21:00:00-03:00,14960,Megacadena,Ojeda da el triunfo a Luqueño en Itauguá en el regreso de Lucas Barrios como DT,2026-09-19 21:00:00-03:00,0.8903,
14696,Diario Paraguayo Noticias,Trump dice que los hutíes de Yemen aceptaron no luchar contra EEUU | Diario Paraguayo,2026-09-19 21:00:00-03:00,14678,Última Hora,Trump dice que los hutíes de Yemen aceptaron no luchar contra EEUU,2026-09-19 21:00:00-03:00,0.9875,
14696,Diario Paraguayo Noticias,Trump dice que los hutíes de Yemen aceptaron no luchar contra EEUU | Diario Paraguayo,2026-09-19 21:00:00-03:00,14736,Diario Paraguayo Noticias,Trump afirma acuerdo con hutíes de Yemen | Diario Paraguayo,2026-09-19 21:00:00-03:00,0.9742,
14696,Diario Paraguayo Noticias,Trump dice que los hutíes de Yemen aceptaron no luchar contra EEUU | Diario Paraguayo,2026-09-19 21:00:00-03:00,15376,Megacadena,El Gobierno yemení frena el avance hutí en Taiz y Marib,2026-09-20 21:00:00-03:00,0.8709,
14696,Diario Paraguayo Noticias,Trump dice que los hutíes de Yemen aceptaron no luchar contra EEUU | Diario Paraguayo,2026-09-19 21:00:00-03:00,14836,ABC Color,Los hutíes dicen haber atacado “sitios sensibles” en la capital de Arabia Saudita - Mundo - ABC Color,2026-09-20 21:00:00-03:00,0.8566,
14696,Diario Paraguayo Noticias,Trump dice que los hutíes de Yemen aceptaron no luchar contra EEUU | Diario Paraguayo,2026-09-19 21:00:00-03:00,14983,Diario Paraguayo Noticias,Ataques hutíes contra Arabia Saudí propician “escalada peligrosa” | Diario Paraguayo,2026-09-20 21:00:00-03:00,0.8401,
14697,Diario Paraguayo Noticias,Policía indaga ataque a tiros a una vivienda y el hallazgo de una motocicleta incinerada en Yby Yaú | Diario Paraguayo,2026-09-19 21:00:00-03:00,14727,Última Hora,Policía indaga ataque a tiros a una vivienda y el hallazgo de una motocicleta incinerada en Yby Yaú,2026-09-19 21:00:00-03:00,0.9798,
14697,Diario Paraguayo Noticias,Policía indaga ataque a tiros a una vivienda y el hallazgo de una motocicleta incinerada en Yby Yaú | Diario Paraguayo,2026-09-19 21:00:00-03:00,15370,adn,Asaltantes vestidos de policías irrumpen en una casa y roban G. 20 millones - ADN Digital,2026-09-20 21:00:00-03:00,0.8067,
14697,Diario Paraguayo Noticias,Policía indaga ataque a tiros a una vivienda y el hallazgo de una motocicleta incinerada en Yby Yaú | Diario Paraguayo,2026-09-19 21:00:00-03:00,15054,Amambay Ahora,Un motociclista muere tras chocar contra un cono de señalización en Cerro Corá,2026-09-20 21:00:00-03:00,0.8019,
14697,Diario Paraguayo Noticias,Policía indaga ataque a tiros a una vivienda y el hallazgo de una motocicleta incinerada en Yby Yaú | Diario Paraguayo,2026-09-19 21:00:00-03:00,15084,Itapúa en Noticias,MUJER DE 53 AÑOS PIERDE LA VIDA TRAS GRAVE SINIESTRO VIAL EN ITAPÚA,2026-09-20 21:00:00-03:00,0.8005,
14697,Diario Paraguayo Noticias,Policía indaga ataque a tiros a una vivienda y el hallazgo de una motocicleta incinerada en Yby Yaú | Diario Paraguayo,2026-09-19 21:00:00-03:00,14629,Itapúa en Noticias,ENCUENTRAN ABANDONADA EN UN MONTE LA MOTOCICLETA HURTADA EN CAMBYRETÁ,2026-09-19 21:00:00-03:00,0.7889,
14721,Concepción al Día,Concepción igualó ante Barreteña y deberá ganar para seguir en carrera - Concepción al Día,2026-09-19 21:00:00-03:00,14801,Oviedo Press,Caaguazú golpeó fuerte a Ovetense y quedó a un paso de las semifinales - OviedoPress,2026-09-19 21:00:00-03:00,0.8298,
14721,Concepción al Día,Concepción igualó ante Barreteña y deberá ganar para seguir en carrera - Concepción al Día,2026-09-19 21:00:00-03:00,14996,Diario Paraguayo Noticias,Luqueño vence a Recoleta en fecha 11 del Clausura | Diario Paraguayo,2026-09-20 21:00:00-03:00,0.8204,
14721,Concepción al Día,Concepción igualó ante Barreteña y deberá ganar para seguir en carrera - Concepción al Día,2026-09-19 21:00:00-03:00,14775,La Tribuna,Luqueño derrota por la mínima a Recoleta en Itauguá,2026-09-19 21:00:00-03:00,0.8138,
14721,Concepción al Día,Concepción igualó ante Barreteña y deberá ganar para seguir en carrera - Concepción al Día,2026-09-19 21:00:00-03:00,14617,adn,Cita dominical en el Defensores del Chaco - ADN Digital,2026-09-19 21:00:00-03:00,0.8099,
14721,Concepción al Día,Concepción igualó ante Barreteña y deberá ganar para seguir en carrera - Concepción al Día,2026-09-19 21:00:00-03:00,15030,Ahora CDE,Sportivo Luqueño vence 1-0 a Recoleta FC y cierra la primera rueda del Clausura con un respiro,2026-09-20 21:00:00-03:00,0.8053,
14786,Diario Paraguayo Noticias,Indert integra equipo para titulación de colonias centenarias | Diario Paraguayo,2026-09-19 21:00:00-03:00,14773,La Nación,La Nación / Indert integra equipo especial para titulación histórica de colonias centenarias,2026-09-19 21:00:00-03:00,0.9731,
14786,Diario Paraguayo Noticias,Indert integra equipo para titulación de colonias centenarias | Diario Paraguayo,2026-09-19 21:00:00-03:00,15267,Concepción al Día,Alemán Cué anuncia cierre de la ruta PY05 por reclamo de tierras - Concepción al Día,2026-09-20 21:00:00-03:00,0.804,
14786,Diario Paraguayo Noticias,Indert integra equipo para titulación de colonias centenarias | Diario Paraguayo,2026-09-19 21:00:00-03:00,14916,5Días,Comprar antes de que exista: cómo funciona hoy la inversión en pozo en Paraguay,2026-09-20 21:00:00-03:00,0.7935,
14786,Diario Paraguayo Noticias,Indert integra equipo para titulación de colonias centenarias | Diario Paraguayo,2026-09-19 21:00:00-03:00,15517,Diario Paraguayo Noticias,MOPC solicita despejar franja de ruta PY01 | Diario Paraguayo,2026-09-20 21:00:00-03:00,0.793,
14786,Diario Paraguayo Noticias,Indert integra equipo para titulación de colonias centenarias | Diario Paraguayo,2026-09-19 21:00:00-03:00,15080,Itapúa en Noticias,"EMPLEO, INDUSTRIAS Y ADULTOS MAYORES MARCAN LA VISIÓN DE FUTURO PARA CAMBYRETÁ",2026-09-20 21:00:00-03:00,0.7925,
15363,Resumen de Noticias,Prieto atribuye disputa en Honor Colorado a “negocios”,2026-09-20 21:00:00-03:00,14822,ABC Color,Miguel Prieto: “Honor Colorado está usando al BCP como garrote” - Política - ABC Color,2026-09-20 21:00:00-03:00,0.9588,
15363,Resumen de Noticias,Prieto atribuye disputa en Honor Colorado a “negocios”,2026-09-20 21:00:00-03:00,15329,ABC Color,Juicio de Miguel Prieto: Defensas cuestionan a fiscal por su falta de objetividad - Política - ABC Color,2026-09-20 21:00:00-03:00,0.8641,
15363,Resumen de Noticias,Prieto atribuye disputa en Honor Colorado a “negocios”,2026-09-20 21:00:00-03:00,14622,ABC Color,Filizzola acusa a Peña y al cartismo de poner en riesgo los fondos públicos y del IPS - Política - ABC Color,2026-09-19 21:00:00-03:00,0.853,
15363,Resumen de Noticias,Prieto atribuye disputa en Honor Colorado a “negocios”,2026-09-20 21:00:00-03:00,15165,ABC Color,Senador denuncia “favoritismo fuerte y grosero” hacia Ueno Bank y exige transparencia al BCP - Política - ABC Color,2026-09-20 21:00:00-03:00,0.8452,
15363,Resumen de Noticias,Prieto atribuye disputa en Honor Colorado a “negocios”,2026-09-20 21:00:00-03:00,15550,Última Hora,"Titular del BCP, Baruja y Marco Riquelme integran la comitiva de Peña en EEUU",2026-09-20 21:00:00-03:00,0.8358,
14610,adn,"Por culpa de irresponsables, colapsó el sistema 911 - ADN Digital",2026-09-19 21:00:00-03:00,14980,Popular,Popular / 80% de llamadas al 911 son bromas o descuidos jeko,2026-09-20 21:00:00-03:00,0.9345,
14610,adn,"Por culpa de irresponsables, colapsó el sistema 911 - ADN Digital",2026-09-19 21:00:00-03:00,15117,ABC Color,Alerta Mafe: estas son las personas reportadas como desaparecidas en los últimos días - Nacionales - ABC Color,2026-09-20 21:00:00-03:00,0.6737,
14610,adn,"Por culpa de irresponsables, colapsó el sistema 911 - ADN Digital",2026-09-19 21:00:00-03:00,15532,Itapúa en Noticias,MÁS DE 300 PACIENTES FUERON ATENDIDOS EN EL HRE ESTE FIN DE SEMANA,2026-09-20 21:00:00-03:00,0.6724,
14610,adn,"Por culpa de irresponsables, colapsó el sistema 911 - ADN Digital",2026-09-19 21:00:00-03:00,14820,ABC Color,Día de la Juventud: cómo protegerse del ciberacoso y el grooming - Policiales - ABC Color,2026-09-20 21:00:00-03:00,0.6697,
14610,adn,"Por culpa de irresponsables, colapsó el sistema 911 - ADN Digital",2026-09-19 21:00:00-03:00,15268,Concepción al Día,Discusión por una PlayStation terminó en una denuncia por violencia familiar - Concepción al Día,2026-09-20 21:00:00-03:00,0.6697,
15099,Más Encarnación,Mujer es aprehendida tras dañar a pedradas una bodega en Encarnación,2026-09-20 21:00:00-03:00,15083,Itapúa en Noticias,APREHENDEN A MUJER TRAS PRESUNTAMENTE CAUSAR DAÑOS EN UNA BODEGA DE ENCARNACIÓN,2026-09-20 21:00:00-03:00,0.9294,
15099,Más Encarnación,Mujer es aprehendida tras dañar a pedradas una bodega en Encarnación,2026-09-20 21:00:00-03:00,15227,Extra,Joven armó un sarambi y atacó a piedrazos el negocio de su novio de 56 años,2026-09-20 21:00:00-03:00,0.9159,
15099,Más Encarnación,Mujer es aprehendida tras dañar a pedradas una bodega en Encarnación,2026-09-20 21:00:00-03:00,15093,Más Encarnación,Hombre con dos órdenes de captura por hurto agravado es detenido tras agredir a su pareja en Tomás Romero Pereira,2026-09-20 21:00:00-03:00,0.7904,
15099,Más Encarnación,Mujer es aprehendida tras dañar a pedradas una bodega en Encarnación,2026-09-20 21:00:00-03:00,15193,NPY,Mujer fue brutalmente golpeada y su actual pareja es el principal sospechoso,2026-09-20 21:00:00-03:00,0.7867,
15099,Más Encarnación,Mujer es aprehendida tras dañar a pedradas una bodega en Encarnación,2026-09-20 21:00:00-03:00,15039,TN Press,"Brasileña intentó hurtar una escalera de su ex patrón en Bo. Obrero, y quedó detenida",2026-09-20 21:00:00-03:00,0.7831,
15257,Amambay News,Fretes anuncia visitas sorpresa a hospitales públicos de todo el país - Amambay News,2026-09-20 21:00:00-03:00,14682,El Independiente,Ministro de salud llevará sus visitas sorpresa a hospitales de todo el país,2026-09-19 21:00:00-03:00,0.9693,
15257,Amambay News,Fretes anuncia visitas sorpresa a hospitales públicos de todo el país - Amambay News,2026-09-20 21:00:00-03:00,14985,Diario Paraguayo Noticias,"Lo que tenés que saber: Iglesia critica omisión, venezolanos contra Peña y visitas sorpresas de Fretes | Diario Paraguayo",2026-09-20 21:00:00-03:00,0.8451,
15257,Amambay News,Fretes anuncia visitas sorpresa a hospitales públicos de todo el país - Amambay News,2026-09-20 21:00:00-03:00,15573,Resumen de Noticias,“No sirve el hecho de ir a marcar y tomar tereré”: Fretes advierte controles estrictos a médicos,2026-09-20 21:00:00-03:00,0.8244,
15257,Amambay News,Fretes anuncia visitas sorpresa a hospitales públicos de todo el país - Amambay News,2026-09-20 21:00:00-03:00,14858,Última Hora,"Lo que tenés que saber: Iglesia critica omisión, venezolanos contra Peña y visitas sorpresas de Fretes",2026-09-20 21:00:00-03:00,0.8182,
15257,Amambay News,Fretes anuncia visitas sorpresa a hospitales públicos de todo el país - Amambay News,2026-09-20 21:00:00-03:00,15539,ABC Color,Fretes busca más control a médicos tras reajuste: “No sirve ir a marcar y tomar tereré” - Nacionales - ABC Color,2026-09-20 21:00:00-03:00,0.8157,
15572,Telefuturo,Conflicto en Honor Colorado por declaraciones de César Sosa,2026-09-20 21:00:00-03:00,15351,HOY,Diario HOY | Dos senadores de “Primera División” le presumen su antigüedad a César Sosa,2026-09-20 21:00:00-03:00,0.9114,
15572,Telefuturo,Conflicto en Honor Colorado por declaraciones de César Sosa,2026-09-20 21:00:00-03:00,15281,ABC Color,"Crisis en Honor Colorado: “Lo que se ve no se pregunta”, dice Beto Ovelar - Política - ABC Color",2026-09-20 21:00:00-03:00,0.8632,
15572,Telefuturo,Conflicto en Honor Colorado por declaraciones de César Sosa,2026-09-20 21:00:00-03:00,15297,Resumen de Noticias,“Lo que se ve no se pregunta”: Ovelar habla de crisis en Honor Colorado,2026-09-20 21:00:00-03:00,0.8619,
15572,Telefuturo,Conflicto en Honor Colorado por declaraciones de César Sosa,2026-09-20 21:00:00-03:00,15192,HOY,"Diario HOY | “Tenemos Honor Colorado para rato”, predice Bachi",2026-09-20 21:00:00-03:00,0.8609,
15572,Telefuturo,Conflicto en Honor Colorado por declaraciones de César Sosa,2026-09-20 21:00:00-03:00,15116,ABC Color,"Crisis en Honor Colorado: “Lo que se ve no se pregunta”, dice Beto Ovelar - Nacionales - ABC Color",2026-09-20 21:00:00-03:00,0.8589,
15130,Resumen de Noticias,¿Dónde serán las ferias agrícolas esta semana?,2026-09-20 21:00:00-03:00,15292,La Nación,La Nación / MAG prevé 8 ferias de la agricultura familiar en la semana de la primavera,2026-09-20 21:00:00-03:00,0.9633,
15130,Resumen de Noticias,¿Dónde serán las ferias agrícolas esta semana?,2026-09-20 21:00:00-03:00,15394,Diario Paraguayo Noticias,MAG realizará 8 ferias de agricultura familiar | Diario Paraguayo,2026-09-20 21:00:00-03:00,0.959,
15130,Resumen de Noticias,¿Dónde serán las ferias agrícolas esta semana?,2026-09-20 21:00:00-03:00,15318,ABC Color,Abasto Este y Abasto Norte reciben la primavera con colorido paseo de las flores - Negocios - ABC Color,2026-09-20 21:00:00-03:00,0.8066,
15130,Resumen de Noticias,¿Dónde serán las ferias agrícolas esta semana?,2026-09-20 21:00:00-03:00,15348,La Nación,La Nación / MAG entrega implementos agrícolas por más de G. 700 millones a productores de Eugenio A. Garay,2026-09-20 21:00:00-03:00,0.7808,
15130,Resumen de Noticias,¿Dónde serán las ferias agrícolas esta semana?,2026-09-20 21:00:00-03:00,15286,ABC Color,Semana de celebraciones por el aniversario 43° de Tomás Romero Pereira - Viajes - ABC Color,2026-09-20 21:00:00-03:00,0.775,
14959,Megacadena,La lesión que frenó el ingreso de Derlis González,2026-09-19 21:00:00-03:00,15299,La Tribuna,¿Qué le pasó a Derlis González? La insólita lesión que lo dejó fuera contra San Lorenzo,2026-09-20 21:00:00-03:00,0.9391,
14959,Megacadena,La lesión que frenó el ingreso de Derlis González,2026-09-19 21:00:00-03:00,15399,Diario Paraguayo Noticias,Sánchez explica lesión de Derlis González en Olimpia | Diario Paraguayo,2026-09-20 21:00:00-03:00,0.9388,
14959,Megacadena,La lesión que frenó el ingreso de Derlis González,2026-09-19 21:00:00-03:00,14778,Popular,Popular / ¡Qué mala pata! Derlis se lesionó cuando iba a entrar,2026-09-19 21:00:00-03:00,0.8996,
14959,Megacadena,La lesión que frenó el ingreso de Derlis González,2026-09-19 21:00:00-03:00,15011,Crónica,[VIDEO] ¡No puede seeeeer! ¿Por qué “Vitamina” se agarró con la hinchada?,2026-09-20 21:00:00-03:00,0.8907,
14959,Megacadena,La lesión que frenó el ingreso de Derlis González,2026-09-19 21:00:00-03:00,14755,Popular,Popular / Olimpia goleó y ya sueña con adueñarse de la punta en el clásico blanco y negro,2026-09-19 21:00:00-03:00,0.8887,
14675,Itapúa en Noticias,TRES PERSONAS ABANDONAN ANIMAL VACUNO TRAS HUIR DE LA POLICÍA EN ALTO VERÁ,2026-09-19 21:00:00-03:00,15073,Concepción al Día,Faenan una vaca preñada en estancia de San Carlos del Apa - Concepción al Día,2026-09-20 21:00:00-03:00,0.8316,
14675,Itapúa en Noticias,TRES PERSONAS ABANDONAN ANIMAL VACUNO TRAS HUIR DE LA POLICÍA EN ALTO VERÁ,2026-09-19 21:00:00-03:00,15077,Itapúa en Noticias,“CAZAN” CAMIONETAS EN ITAPÚA Y LAS ESCONDEN EN CAAZAPÁ,2026-09-20 21:00:00-03:00,0.7939,
14675,Itapúa en Noticias,TRES PERSONAS ABANDONAN ANIMAL VACUNO TRAS HUIR DE LA POLICÍA EN ALTO VERÁ,2026-09-19 21:00:00-03:00,15078,Itapúa en Noticias,TRES ENCAPUCHADOS ENTRAN A UN MINIMERCADO Y SE LLEVAN G. 2 MILLONES,2026-09-20 21:00:00-03:00,0.7693,
14675,Itapúa en Noticias,TRES PERSONAS ABANDONAN ANIMAL VACUNO TRAS HUIR DE LA POLICÍA EN ALTO VERÁ,2026-09-19 21:00:00-03:00,14674,Itapúa en Noticias,HOMBRE RESULTA HERIDO CON UN CUCHILLO DURANTE FORCEJEO EN CORONEL BOGADO,2026-09-19 21:00:00-03:00,0.7671,
14675,Itapúa en Noticias,TRES PERSONAS ABANDONAN ANIMAL VACUNO TRAS HUIR DE LA POLICÍA EN ALTO VERÁ,2026-09-19 21:00:00-03:00,15051,Amambay News,Aprehenden a funcionario público denunciado por violencia familiar en PJC - Amambay News,2026-09-20 21:00:00-03:00,0.7599,
15134,La Tribuna,Drones ucranianos golpean Moscú ante el cierre electoral de Putin,2026-09-20 21:00:00-03:00,14809,ABC Color,El partido de Putin se perfila ganador en elecciones rusas marcadas por ataque ucraniano - Mundo - ABC Color,2026-09-19 21:00:00-03:00,0.9531,
15134,La Tribuna,Drones ucranianos golpean Moscú ante el cierre electoral de Putin,2026-09-20 21:00:00-03:00,14757,Pedro Juan Digital,Rusia asegura que el intento de Kiev de atacar Moscú durante los comicios legislativos no tuvo éxito,2026-09-19 21:00:00-03:00,0.9147,
15134,La Tribuna,Drones ucranianos golpean Moscú ante el cierre electoral de Putin,2026-09-20 21:00:00-03:00,14619,adn,Las elecciones en Rusia entran en su última jornada tras denuncias de fraude y una baja participación del electorado - ADN Digital,2026-09-19 21:00:00-03:00,0.8933,
15134,La Tribuna,Drones ucranianos golpean Moscú ante el cierre electoral de Putin,2026-09-20 21:00:00-03:00,14720,Amambay News,"El partido del Kremlin gana las elecciones con el 57,5 % de votos, según los primeros resultados - Amambay News",2026-09-19 21:00:00-03:00,0.872,
15134,La Tribuna,Drones ucranianos golpean Moscú ante el cierre electoral de Putin,2026-09-20 21:00:00-03:00,15440,adn,El partido de Putin logra un récord de escaños en Rusia - ADN Digital,2026-09-20 21:00:00-03:00,0.8519,
14777,Popular,Popular / Peregrinos que iban a visitar a la Virgen de Aparecida cayeron con su bus en un barranco,2026-09-19 21:00:00-03:00,15245,La Clave,Cuatro personas mueren en accidentes durante el fin de semana en Alto Paraná – Diario La Clave,2026-09-20 21:00:00-03:00,0.7645,
14777,Popular,Popular / Peregrinos que iban a visitar a la Virgen de Aparecida cayeron con su bus en un barranco,2026-09-19 21:00:00-03:00,15084,Itapúa en Noticias,MUJER DE 53 AÑOS PIERDE LA VIDA TRAS GRAVE SINIESTRO VIAL EN ITAPÚA,2026-09-20 21:00:00-03:00,0.7522,
14777,Popular,Popular / Peregrinos que iban a visitar a la Virgen de Aparecida cayeron con su bus en un barranco,2026-09-19 21:00:00-03:00,15075,Concepción al Día,Vehículo vuelca sobre la ruta PY05 y deja dos personas heridas - Concepción al Día,2026-09-20 21:00:00-03:00,0.7483,
14777,Popular,Popular / Peregrinos que iban a visitar a la Virgen de Aparecida cayeron con su bus en un barranco,2026-09-19 21:00:00-03:00,14987,Diario Paraguayo Noticias,Violento choque frontal deja un fallecido en J. Augusto Saldívar | Diario Paraguayo,2026-09-20 21:00:00-03:00,0.7478,
14777,Popular,Popular / Peregrinos que iban a visitar a la Virgen de Aparecida cayeron con su bus en un barranco,2026-09-19 21:00:00-03:00,15054,Amambay Ahora,Un motociclista muere tras chocar contra un cono de señalización en Cerro Corá,2026-09-20 21:00:00-03:00,0.7455,
14793,Amambay News,Meteorología anuncia ráfagas de hasta 90 km/h y posterior descenso de temperatura - Amambay News,2026-09-19 21:00:00-03:00,14582,La Nación,La Nación / Un domingo caluroso dará paso a tormentas y frente frío,2026-09-19 21:00:00-03:00,0.8994,
14793,Amambay News,Meteorología anuncia ráfagas de hasta 90 km/h y posterior descenso de temperatura - Amambay News,2026-09-19 21:00:00-03:00,15032,Ahora CDE,El ingreso de la primavera llega acompañado por un frente frío que provocará tormentas severas y marcado descenso térmico,2026-09-20 21:00:00-03:00,0.8888,
14793,Amambay News,Meteorología anuncia ráfagas de hasta 90 km/h y posterior descenso de temperatura - Amambay News,2026-09-19 21:00:00-03:00,15023,CDE Hot,"Inicio de primavera soleado, luego lluvia y descenso de la temperatura",2026-09-20 21:00:00-03:00,0.8882,
14793,Amambay News,Meteorología anuncia ráfagas de hasta 90 km/h y posterior descenso de temperatura - Amambay News,2026-09-19 21:00:00-03:00,14922,El Independiente,Asunción llegará a 34 °C antes de las lluvias y el descenso de temperatura,2026-09-20 21:00:00-03:00,0.8806,
14793,Amambay News,Meteorología anuncia ráfagas de hasta 90 km/h y posterior descenso de temperatura - Amambay News,2026-09-19 21:00:00-03:00,14802,Oviedo Press,La primavera llegará con tormentas y fuertes ráfagas de viento al departamento Caaguazú - OviedoPress,2026-09-19 21:00:00-03:00,0.878,
15303,Crónica,"¡Aprovechá, que es gratis! SNPP ofrece cursos de IA, marketing y más",2026-09-20 21:00:00-03:00,15509,Megacadena,Semana de la Juventud: SNPP ofrece talleres virtuales gratuitos,2026-09-20 21:00:00-03:00,0.9445,
15303,Crónica,"¡Aprovechá, que es gratis! SNPP ofrece cursos de IA, marketing y más",2026-09-20 21:00:00-03:00,15540,ABC Color,Talleres virtuales gratuitos por la Semana de la Juventud - Nacionales - ABC Color,2026-09-20 21:00:00-03:00,0.9296,
15303,Crónica,"¡Aprovechá, que es gratis! SNPP ofrece cursos de IA, marketing y más",2026-09-20 21:00:00-03:00,15410,Crónica,ANDE habilita 230 plazas para aprendices,2026-09-20 21:00:00-03:00,0.777,
15303,Crónica,"¡Aprovechá, que es gratis! SNPP ofrece cursos de IA, marketing y más",2026-09-20 21:00:00-03:00,14895,La Nación,La Nación / La Municipalidad de Asunción invita a una jornada para jóvenes,2026-09-20 21:00:00-03:00,0.7651,
15303,Crónica,"¡Aprovechá, que es gratis! SNPP ofrece cursos de IA, marketing y más",2026-09-20 21:00:00-03:00,15152,Diario Paraguayo Noticias,Municipalidad de Asunción invita a jornada para jóvenes | Diario Paraguayo,2026-09-20 21:00:00-03:00,0.7602,
14964,Megacadena,"Falta de futuro, poco diálogo y menos oportunidades: psiquiatra explica por qué empeora la salud mental juvenil",2026-09-20 21:00:00-03:00,14874,Última Hora,Jóvenes denuncian injusticias y reclaman oportunidades reales,2026-09-20 21:00:00-03:00,0.7422,
14964,Megacadena,"Falta de futuro, poco diálogo y menos oportunidades: psiquiatra explica por qué empeora la salud mental juvenil",2026-09-20 21:00:00-03:00,15494,Última Hora,Estudiantes presentan conclusiones sobre la educación pública y anuncian audiencia en Diputados,2026-09-20 21:00:00-03:00,0.7401,
14964,Megacadena,"Falta de futuro, poco diálogo y menos oportunidades: psiquiatra explica por qué empeora la salud mental juvenil",2026-09-20 21:00:00-03:00,14724,ABC Color,Jóvenes alzan su voz y reclaman protagonismo en la Iglesia y la sociedad - Nacionales - ABC Color,2026-09-19 21:00:00-03:00,0.7379,
14964,Megacadena,"Falta de futuro, poco diálogo y menos oportunidades: psiquiatra explica por qué empeora la salud mental juvenil",2026-09-20 21:00:00-03:00,15518,Diario Paraguayo Noticias,Más allá del Club de los 27: la historia de Presley Gerber | Diario Paraguayo,2026-09-20 21:00:00-03:00,0.7221,
14964,Megacadena,"Falta de futuro, poco diálogo y menos oportunidades: psiquiatra explica por qué empeora la salud mental juvenil",2026-09-20 21:00:00-03:00,15255,Amambay News,Alertan sobre infartos a edades cada vez más tempranas - Amambay News,2026-09-20 21:00:00-03:00,0.719,
