article_id,url,old_published_at,new_published_at,raw_metadata,status,error
2353,https://www.masencarnacion.com/articulo/eby-inicia-entrega-de-recursos-para-apoyo-pequenos-productores-de-itapua,,,,NO_PRECISE_DATE_ALREADY_NULL,
2354,https://www.masencarnacion.com/articulo/llega-paseo-repsur-la-operacion-primavera-que-vuele-todo,,,,NO_PRECISE_DATE_ALREADY_NULL,
2355,https://www.masencarnacion.com/articulo/pillan-marihuana-vip-procedente-de-estados-unidos,,,,NO_PRECISE_DATE_ALREADY_NULL,
2356,https://www.masencarnacion.com/articulo/brutal-asalto-atacaron-con-machete-adolescente-para-quitarle-el-celular,,,,NO_PRECISE_DATE_ALREADY_NULL,
2357,https://www.masencarnacion.com/articulo/renuncian-20-medicos-al-hospital-de-cde-y-25-de-san-pablo,,,,NO_PRECISE_DATE_ALREADY_NULL,
2358,https://www.masencarnacion.com/articulo/impulsan-el-handball-en-san-isidro-con-una-escuela-totalmente-gratuita,,,,NO_PRECISE_DATE_ALREADY_NULL,
2359,https://www.masencarnacion.com/articulo/avanzan-las-obras-de-la-ruta-py18-entre-cruce-kimex-y-kressburgo,,,,NO_PRECISE_DATE_ALREADY_NULL,
2360,https://www.masencarnacion.com/articulo/inflacion-de-agosto-cierra-en-0-y-mantiene-tendencia-la-baja-en-2026,,,,NO_PRECISE_DATE_ALREADY_NULL,
2361,https://www.masencarnacion.com/articulo/aprehenden-un-hombre-y-recuperan-una-garrafa-presuntamente-hurtada-en-cambyreta,,,,NO_PRECISE_DATE_ALREADY_NULL,
2362,https://www.masencarnacion.com/articulo/impulsan-proyecto-para-endurecer-penas-contra-maltratadores-de-animales,,,,NO_PRECISE_DATE_ALREADY_NULL,
2363,https://www.masencarnacion.com/articulo/aprehenden-un-hombre-tras-presunto-intento-de-hurto-de-una-motocicleta-en-encarnacion,,,,NO_PRECISE_DATE_ALREADY_NULL,
2364,https://www.masencarnacion.com/articulo/imponente-apertura-de-la-22-libroferia-encarnacion-reune-escritores-artistas-y-familias,,,,NO_PRECISE_DATE_ALREADY_NULL,
2365,https://www.masencarnacion.com/articulo/senad-lanza-restaurar-para-recuperar-bosques-destruidos-tras-operativo-nueva-alianza-57,,,,NO_PRECISE_DATE_ALREADY_NULL,
2366,https://www.masencarnacion.com/articulo/dos-personas-resultan-lesionadas-tras-choque-contra-camiones-en-jose-leandro-oviedo,,,,NO_PRECISE_DATE_ALREADY_NULL,
2367,https://www.masencarnacion.com/articulo/municipios-de-itapua-reciben-aporte-de-la-eby-para-fortalecer-la-produccion-familiar,,,,NO_PRECISE_DATE_ALREADY_NULL,
2368,https://www.masencarnacion.com/articulo/motociclista-resulto-herido-tras-chocar-contra-un-automovil-en-la-ruta-py06,,,,NO_PRECISE_DATE_ALREADY_NULL,
2369,https://www.masencarnacion.com/articulo/cambyreta-intensifica-la-asistencia-familias-afectadas-por-el-temporal,,,,NO_PRECISE_DATE_ALREADY_NULL,
2370,https://www.masencarnacion.com/articulo/quinta-feria-de-comidas-en-cambyreta,,,,NO_PRECISE_DATE_ALREADY_NULL,
2371,https://www.masencarnacion.com/articulo/mas-de-100-policias-expulsados-por-distintos-delitos-en-los-ultimos-tres-anos,,,,NO_PRECISE_DATE_ALREADY_NULL,
2372,https://www.masencarnacion.com/articulo/itapua-busca-consolidarse-como-epicentro-de-grandes-eventos-deportivos-tras-el-exito-del-rally,,,,NO_PRECISE_DATE_ALREADY_NULL,
2373,https://www.masencarnacion.com/articulo/el-mundo-de-sofi-personas-con-ame-transforman-sus-vivencias-en-un-cuento,,,,NO_PRECISE_DATE_ALREADY_NULL,
2374,https://www.masencarnacion.com/articulo/jovenes-en-moto-mueren-al-caer-un-arroyo-en-medio-de-la-neblina,,,,NO_PRECISE_DATE_ALREADY_NULL,
2375,https://www.masencarnacion.com/articulo/choque-frontal-en-la-ruta-py08-deja-un-fallecido-en-yuty,,,,NO_PRECISE_DATE_ALREADY_NULL,
2376,https://www.masencarnacion.com/articulo/muere-apunalada-la-vicepresidenta-de-bank-america-durante-ataque-en-times-square,,,,NO_PRECISE_DATE_ALREADY_NULL,
2377,https://www.masencarnacion.com/articulo/presidente-ordena-bombardeo-y-elimina-20-guerrilleros-en-colombia,,,,NO_PRECISE_DATE_ALREADY_NULL,
2378,https://www.masencarnacion.com/articulo/brasil-operativo-contra-una-red-delictiva-vinculada-futbolistas,,,,NO_PRECISE_DATE_ALREADY_NULL,
2379,https://www.masencarnacion.com/articulo/muere-harald-v-de-noruega-el-rey-mas-longevo-de-europa,,,,NO_PRECISE_DATE_ALREADY_NULL,
2380,https://www.masencarnacion.com/articulo/nepal-enfrenta-una-tragedia-inundaciones-dejan-95-muertos-y-cientos-de-desaparecidos,,,,NO_PRECISE_DATE_ALREADY_NULL,
2381,https://www.masencarnacion.com/articulo/estados-unidos-reporta-sus-dos-primeras-muertes-por-sarampion-en-2026-ambas-personas-no-estaban-vacunadas,,,,NO_PRECISE_DATE_ALREADY_NULL,
2382,https://www.masencarnacion.com/articulo/pescadores-rescatan-perro-que-nadaba-solo-15-km-de-costa,,,,NO_PRECISE_DATE_ALREADY_NULL,
2383,https://www.masencarnacion.com/articulo/inusuales-nevadas-sorprenden-en-casi-todos-los-departamentos-de-bolivia,,,,NO_PRECISE_DATE_ALREADY_NULL,
2384,https://www.masencarnacion.com/articulo/cambyreta-y-salud-coordinan-acciones-para-fortalecer-las-usf-del-distrito,,,,NO_PRECISE_DATE_ALREADY_NULL,
2385,https://www.masencarnacion.com/articulo/tragedia-en-la-ruta-py-08-motociclista-muere-tras-violento-choque-frontal,,,,NO_PRECISE_DATE_ALREADY_NULL,
2386,https://www.masencarnacion.com/articulo/oncologa-del-incan-denuncia-sobrecarga-de-trabajo-solo-8-medicos-atienden-hasta-42-pacientes-por-turno-en-medio-de-la-crisis,,,,NO_PRECISE_DATE_ALREADY_NULL,
2387,https://www.masencarnacion.com/articulo/messi-anuncia-su-retiro-de-la-seleccion-duele-en-el-alma-pero-es-el-momento,,,,NO_PRECISE_DATE_ALREADY_NULL,
2388,https://www.masencarnacion.com/articulo/mas-de-300-medicos-presentaron-su-renuncia-esto-no-es-una-extorsion,,,,NO_PRECISE_DATE_ALREADY_NULL,
2389,https://www.masencarnacion.com/articulo/maruca-la-perrita-que-se-encarino-con-el-canonero-paraguay-y-encontro-un-hogar-en-la-armada,,,,NO_PRECISE_DATE_ALREADY_NULL,
2390,https://www.masencarnacion.com/articulo/con-mucho-orgullo-angiru-guido-penayo-presento-el-tradicional-vori-vori-en-taiwan,,,,NO_PRECISE_DATE_ALREADY_NULL,
2391,https://www.masencarnacion.com/articulo/barlo-el-pequeno-tripulante-que-navega-con-la-armada-paraguaya,,,,NO_PRECISE_DATE_ALREADY_NULL,
2392,https://www.masencarnacion.com/articulo/al-mejor-estilo-odd-su-equipo-clasifico-y-entro-al-vestuario-repartir-plata,,,,NO_PRECISE_DATE_ALREADY_NULL,
2393,https://www.masencarnacion.com/articulo/aparecieron-extranas-luces-rojas-en-el-cielo-y-creen-que-extraterrestres-visitaron-paraguay,,,,NO_PRECISE_DATE_ALREADY_NULL,
2394,https://www.masencarnacion.com/articulo/el-paraguayo-que-trabaja-de-jardinero-en-la-casa-del-hombre-arana-es-algo-extraordinario,,,,NO_PRECISE_DATE_ALREADY_NULL,
2395,https://www.masencarnacion.com/articulo/jokodor-recibio-de-orlando-gill-su-guante-y-regalitos,,,,NO_PRECISE_DATE_ALREADY_NULL,
2396,https://www.masencarnacion.com/articulo/hoy-es-el-dia-mundial-de-perro-en-promedio-975000-familias-paraguayas-tienen-un-peludito,,,,NO_PRECISE_DATE_ALREADY_NULL,
2397,https://www.masencarnacion.com/articulo/che-companero-kue-lloro-tras-cruce-con-milva-y-jessica-torres,,,,NO_PRECISE_DATE_ALREADY_NULL,
2398,https://www.masencarnacion.com/articulo/larissa-riquelme-asegura-que-messi-intento-acercarse-ella-hubo-un-ping-pong-con-el,,,,NO_PRECISE_DATE_ALREADY_NULL,
2399,https://www.masencarnacion.com/articulo/la-intima-confesion-que-por-primera-vez-hizo-lari-perdi-un-hijo-con-fabbro,,,,NO_PRECISE_DATE_ALREADY_NULL,
2400,https://www.masencarnacion.com/articulo/tito-torres-ya-es-predicador-hablo-sobre-como-ser-un-buen-hombre,,,,NO_PRECISE_DATE_ALREADY_NULL,
2401,https://www.masencarnacion.com/articulo/se-casa-el-novio-de-laschi-mauricio-magalhaes-dara-el-si-el-sabado-brasilena,,,,NO_PRECISE_DATE_ALREADY_NULL,
2402,https://www.masencarnacion.com/articulo/un-amor-de-pelicula-tom-holland-y-zendaya-habrian-dado-el-si-en-secreto,,,,NO_PRECISE_DATE_ALREADY_NULL,
2403,https://www.masencarnacion.com/articulo/la-apf-se-solidariza-con-marilina-bogado-tras-quedar-fuera-del-mundial-2026,,,,NO_PRECISE_DATE_ALREADY_NULL,
2404,https://www.masencarnacion.com/articulo/laurys-dyva-y-rosy-alderete-demoradas-en-aeropuerto-de-los-angeles-de-pelicula-fue,,,,NO_PRECISE_DATE_ALREADY_NULL,
2405,https://www.masencarnacion.com/articulo/alerta-por-la-escoba-de-bruja-de-la-mandioca-enfermedad-que-amenaza-paraguay,,,,NO_PRECISE_DATE_ALREADY_NULL,
2406,https://www.masencarnacion.com/articulo/el-nino-riesgo-de-plagas-y-enfermedades-en-cultivos,,,,NO_PRECISE_DATE_ALREADY_NULL,
2407,https://www.masencarnacion.com/articulo/arroz-lluvias-de-el-nino-podrian-recortar-hasta-20-el-rendimiento,,,,NO_PRECISE_DATE_ALREADY_NULL,
2408,https://www.masencarnacion.com/articulo/japon-levanta-medidas-de-control-reforzado-sobre-chia-paraguaya,,,,NO_PRECISE_DATE_ALREADY_NULL,
2409,https://www.masencarnacion.com/articulo/el-eucalipto-gana-terreno-en-itapua-como-fuente-de-biomasa-para-la-agroindustria,,,,NO_PRECISE_DATE_ALREADY_NULL,
2410,https://www.masencarnacion.com/articulo/sector-fruticola-alerta-por-perdida-de-competitividad-y-costos-crecientes,,,,NO_PRECISE_DATE_ALREADY_NULL,
2411,https://www.masencarnacion.com/articulo/cosecha-de-maiz-avanza-con-menores-rindes-y-baja-rentabilidad,,,,NO_PRECISE_DATE_ALREADY_NULL,
2412,https://www.masencarnacion.com/articulo/alertan-productores-proteger-los-cultivos-ante-el-ingreso-de-tormentas,,,,NO_PRECISE_DATE_ALREADY_NULL,
2413,https://www.masencarnacion.com/articulo/septiembre-abre-una-etapa-de-mayor-dinamismo-economico-en-itapua,,,,NO_PRECISE_DATE_ALREADY_NULL,
2414,https://www.masencarnacion.com/articulo/la-previa-del-wrc-rally-del-paraguay-se-vivio-pura-adrenalina,,,,NO_PRECISE_DATE_ALREADY_NULL,
2415,https://www.masencarnacion.com/articulo/rally-proyecta-un-derrame-economico-de-usd-200-millones,,,,NO_PRECISE_DATE_ALREADY_NULL,
2416,https://www.masencarnacion.com/articulo/sector-ovino-en-itapua-experimenta-un-crecimiento-sostenido,,,,NO_PRECISE_DATE_ALREADY_NULL,
2417,https://www.masencarnacion.com/articulo/mundial-de-rally-gastronomia-genera-unos-3000-empleos,,,,NO_PRECISE_DATE_ALREADY_NULL,
2418,https://www.masencarnacion.com/articulo/eventos-internacionales-impulsan-el-crecimiento-hotelero,,,,NO_PRECISE_DATE_ALREADY_NULL,
2419,https://www.masencarnacion.com/articulo/remesas-el-dinero-de-los-migrantes-paraguayos-se-esfuma-en-el-dia-dia,,,,NO_PRECISE_DATE_ALREADY_NULL,
2420,https://www.masencarnacion.com/articulo/muere-los-98-anos-el-cantante-paraguayo-johnny-torales-de-los-3-sudamericanos,,,,NO_PRECISE_DATE_ALREADY_NULL,
2421,https://www.masencarnacion.com/articulo/murio-la-actriz-hayden-panettiere-estrella-de-las-series-heroes-y-nashville,,,,NO_PRECISE_DATE_ALREADY_NULL,
2422,https://www.masencarnacion.com/articulo/un-solo-autor-registro-canciones-que-no-le-pertenecen-su-nombre,,,,NO_PRECISE_DATE_ALREADY_NULL,
2423,https://www.masencarnacion.com/articulo/kchiporros-considerados-para-nominacion-los-latin-grammy,,,,NO_PRECISE_DATE_ALREADY_NULL,
2424,https://www.masencarnacion.com/articulo/orgullo-paraguayo-berta-rojas-es-distinguida-con-el-premio-honorifico-jose-tomas-2026,,,,NO_PRECISE_DATE_ALREADY_NULL,
2425,https://www.masencarnacion.com/articulo/muere-los-94-anos-plas-johnson-saxofonista-del-tema-de-la-pantera-rosa,,,,NO_PRECISE_DATE_ALREADY_NULL,
2426,https://www.masencarnacion.com/articulo/nacio-myla-la-hija-de-nadia-ferreira-y-marc-anthony,,,,NO_PRECISE_DATE_ALREADY_NULL,
2427,https://www.masencarnacion.com/articulo/murio-el-actor-sam-neill-recordado-por-parque-jurasico,,,,NO_PRECISE_DATE_ALREADY_NULL,
2428,https://www.masencarnacion.com/articulo/hombre-convierte-residuos-plasticos-en-combustible-con-una-maquina-creada-por-el,,,,NO_PRECISE_DATE_ALREADY_NULL,
2429,https://www.masencarnacion.com/articulo/ola-de-bloqueos-en-whatsapp-miles-de-usuarios-ven-su-cuenta-en-revision,,,,NO_PRECISE_DATE_ALREADY_NULL,
2430,https://www.masencarnacion.com/articulo/whatsapp-incorpora-nombres-de-usuario-para-chatear-sin-compartir-el-numero-de-telefono,,,,NO_PRECISE_DATE_ALREADY_NULL,
2431,https://www.masencarnacion.com/articulo/whatsapp-prueba-llamadas-grupales-desde-navegadores-web,,,,NO_PRECISE_DATE_ALREADY_NULL,
2432,https://www.masencarnacion.com/articulo/android-lanza-una-funcion-que-detecta-llamadas-fraudulentas-creadas-con-inteligencia-artificial,,,,NO_PRECISE_DATE_ALREADY_NULL,
2433,https://www.masencarnacion.com/articulo/lanzaron-una-aplicacion-que-mide-el-tiempo-de-demora-en-el-puente-posadas-encarnacion,,,,NO_PRECISE_DATE_ALREADY_NULL,
2434,https://www.masencarnacion.com/articulo/que-es-un-groomer-la-peligrosa-forma-de-acoso-sexual-ninos-y-adolescentes-que-crece-en-internet,,,,NO_PRECISE_DATE_ALREADY_NULL,
2435,https://www.masencarnacion.com/articulo/meta-condenada-indemnizar-una-joven-adicta-instagram,,,,NO_PRECISE_DATE_ALREADY_NULL,
2436,https://www.masencarnacion.com/articulo/salud-cardiaca-en-adolescentes-prevenir-desde-temprana-edad,,,,NO_PRECISE_DATE_ALREADY_NULL,
2437,https://www.masencarnacion.com/articulo/pastillas-para-prevenir-el-vih-destacan-por-su-efectividad-pero-no-reemplazan-al-preservativo,,,,NO_PRECISE_DATE_ALREADY_NULL,
2438,https://www.masencarnacion.com/articulo/el-uso-de-inyectables-para-bajar-de-peso-mitos-riesgos-y-realidades,,,,NO_PRECISE_DATE_ALREADY_NULL,
2439,https://www.masencarnacion.com/articulo/historico-primera-reconstruccion-craneal-con-protesis-de-titanio-3d-en-el-sanatorio-la-trinidad,,,,NO_PRECISE_DATE_ALREADY_NULL,
2440,https://www.masencarnacion.com/articulo/el-verano-puede-generar-estres-y-ansiedad-para-quienes-no-pueden-ir-de-vacaciones,,,,NO_PRECISE_DATE_ALREADY_NULL,
2441,https://www.masencarnacion.com/articulo/la-disfuncion-erectil-es-un-problema-de-la-vida-moderna-dice-urologo,,,,NO_PRECISE_DATE_ALREADY_NULL,
2442,https://www.masencarnacion.com/articulo/dia-mundial-de-la-zoonosis-recuerdan-tres-enfermedades-prevenibles-que-afectan-humanos,,,,NO_PRECISE_DATE_ALREADY_NULL,
2443,https://www.masencarnacion.com/articulo/san-juan-ara-saludable-recomendaciones-para-disfrutar-sin-excesos,,,,NO_PRECISE_DATE_ALREADY_NULL,
2587,https://www.masencarnacion.com/articulo/ips-amplia-la-atencion-de-laboratorio-con-servicio-los-sabados,,,,NO_PRECISE_DATE_ALREADY_NULL,
2588,https://www.masencarnacion.com/articulo/justicia-movil-acerco-servicios-publicos-comunidades-indigenas-de-itapua,,,,NO_PRECISE_DATE_ALREADY_NULL,
2589,https://www.masencarnacion.com/articulo/soroka-propone-reducir-al-5-las-regalias-biotecnologicas-de-la-soja,,,,NO_PRECISE_DATE_ALREADY_NULL,
2590,https://www.masencarnacion.com/articulo/cuatro-menores-fueron-dados-de-alta-tras-intoxicacion-por-presuntos-brownies-con-marihuana,,,,NO_PRECISE_DATE_ALREADY_NULL,
2591,https://www.masencarnacion.com/articulo/cae-supuesto-asaltante-buscado-por-violentos-robos-con-machete-en-asuncion,,,,NO_PRECISE_DATE_ALREADY_NULL,
2592,https://www.masencarnacion.com/articulo/detienen-dos-extranjeros-con-44-presuntos-huevos-de-guacamayo-adheridos-al-cuerpo-en-el-aeropuerto,,,,NO_PRECISE_DATE_ALREADY_NULL,
2593,https://www.masencarnacion.com/articulo/joven-pasero-fue-asesinado-durante-confuso-episodio-en-territorio-argentino,,,,NO_PRECISE_DATE_ALREADY_NULL,
2594,https://www.masencarnacion.com/articulo/motociclista-fallece-tras-choque-con-policia-ebrio,,,,NO_PRECISE_DATE_ALREADY_NULL,
2595,https://www.masencarnacion.com/articulo/aprehenden-un-hombre-tras-intento-de-hurto-en-una-motocicleta-en-la-placita,,,,NO_PRECISE_DATE_ALREADY_NULL,
2596,https://www.masencarnacion.com/articulo/cambyreta-lanza-promocion-para-ponerse-al-dia-con-los-impuestos,,,,NO_PRECISE_DATE_ALREADY_NULL,
2597,https://www.masencarnacion.com/articulo/incautan-camion-con-48-cerdos-sin-documentacion-sanitaria-y-aprehenden-dos-hombres-en-caazapa,,,,NO_PRECISE_DATE_ALREADY_NULL,
2598,https://www.masencarnacion.com/articulo/fumigan-hospital-de-alto-parana-por-invasion-de-pulgas-en-area-neonatal,,,,NO_PRECISE_DATE_ALREADY_NULL,
2599,https://www.masencarnacion.com/articulo/contundencia-de-trinidense-en-villeta,,,,NO_PRECISE_DATE_ALREADY_NULL,
2600,https://www.masencarnacion.com/articulo/rally-del-paraguay-supero-las-metas-previstas-y-ya-proyecta-novedades-para-2027,,,,NO_PRECISE_DATE_ALREADY_NULL,
2601,https://www.masencarnacion.com/articulo/olimpia-y-guarani-firman-una-paridad-que-sirve-de-poco,,,,NO_PRECISE_DATE_ALREADY_NULL,
2602,https://www.masencarnacion.com/articulo/hospitalizan-12-alumnos-por-desmayarse-en-una-escuela-tras-desayunar,,,,NO_PRECISE_DATE_ALREADY_NULL,
2603,https://www.masencarnacion.com/articulo/nacional-golea-libertad-y-se-mete-en-la-pelea-por-la-punta,,,,NO_PRECISE_DATE_ALREADY_NULL,
2604,https://www.masencarnacion.com/articulo/hombre-es-aprehendido-tras-agredir-su-expareja-y-su-exsuegro-en-cambyreta,,,,NO_PRECISE_DATE_ALREADY_NULL,
2687,https://www.masencarnacion.com/articulo/hace-14-anos-emprendedoras-de-aregua-llegan-encarnacion-con-sus-delicias-de-frutilla,,,,NO_PRECISE_DATE_ALREADY_NULL,
2688,https://www.masencarnacion.com/articulo/examen-de-escribanos-solo-64-de-1415-postulantes-lograron-el-puntaje-minimo,,,,NO_PRECISE_DATE_ALREADY_NULL,
2689,https://www.masencarnacion.com/articulo/sancionan-22-personas-y-multan-al-club-olimpia-por-los-hechos-de-violencia-ocurridos-durante-el-clasico-del-mes-de-abril,,,,NO_PRECISE_DATE_ALREADY_NULL,
2713,https://www.masencarnacion.com/articulo/hurtan-una-toyota-fortuner-en-el-circuito-comercial-de-encarnacion,,,,NO_PRECISE_DATE_ALREADY_NULL,
2714,https://www.masencarnacion.com/articulo/docentes-de-educacion-superior-publica-reclaman-nivelacion-salarial,,,,NO_PRECISE_DATE_ALREADY_NULL,
2746,https://www.masencarnacion.com/articulo/libroferia-encarnacion-despliega-intensa-jornada-cultural-en-su-tercer-dia,,,,NO_PRECISE_DATE_ALREADY_NULL,
2747,https://www.masencarnacion.com/articulo/la-uni-otorga-el-titulo-de-doctor-honoris-causa-al-investigador-espanol-jesus-martinez-frias,,,,NO_PRECISE_DATE_ALREADY_NULL,
2783,https://www.masencarnacion.com/articulo/fiscalizan-tenencia-responsable-de-mascotas-en-san-antonio-ypekuru,,,,NO_PRECISE_DATE_ALREADY_NULL,
2784,https://www.masencarnacion.com/articulo/jornada-de-asistencia-medica-y-veterinaria-beneficia-vecinos-de-san-antonio-ypekuru,,,,NO_PRECISE_DATE_ALREADY_NULL,
2874,https://www.masencarnacion.com/articulo/voraz-incendio-destruye-cuatro-casillas-en-el-circuito-comercial-de-alberdi,,,,NO_PRECISE_DATE_ALREADY_NULL,
2875,https://www.masencarnacion.com/articulo/fiscalia-allana-vivienda-e-incauta-brownies-en-investigacion-por-supuesta-intoxicacion-de-cuatro-menores,,,,NO_PRECISE_DATE_ALREADY_NULL,
2881,https://www.masencarnacion.com/articulo/continuan-los-trabajos-de-mantenimiento-vial-en-cambyreta,,,,NO_PRECISE_DATE_ALREADY_NULL,
2882,https://www.masencarnacion.com/articulo/aeropuerto-de-encarnacion-registro-cerca-de-2000-pasajeros-durante-el-rally-del-paraguay,,,,NO_PRECISE_DATE_ALREADY_NULL,
2938,https://www.masencarnacion.com/articulo/jalee-ha-javy-plazape-la-plaza-de-armas-se-convirtio-en-un-aula-viva-para-promover-la-lectura,,,,NO_PRECISE_DATE_ALREADY_NULL,
2939,https://www.masencarnacion.com/articulo/transformacion-penitenciaria-para-dignificar-las-personas-privadas-de-libertad,,,,NO_PRECISE_DATE_ALREADY_NULL,
2940,https://www.masencarnacion.com/articulo/inicia-campana-de-siembra-de-soja-en-paraguay-apuntando-consolidar-niveles-records-de-produccion,,,,NO_PRECISE_DATE_ALREADY_NULL,
2941,https://www.masencarnacion.com/articulo/allanan-farmacias-tras-detectar-venta-de-adelgazantes-falsificados-en-cde,,,,NO_PRECISE_DATE_ALREADY_NULL,
2942,https://www.masencarnacion.com/articulo/detuvieron-en-luque-presunto-integrante-del-comando-vermelho,,,,NO_PRECISE_DATE_ALREADY_NULL,
2943,https://www.masencarnacion.com/articulo/hallan-adolescente-con-orden-de-busqueda-en-el-puente-encarnacion-posadas,,,,NO_PRECISE_DATE_ALREADY_NULL,
2944,https://www.masencarnacion.com/articulo/libroferia-encarnacion-conmemora-90-anos-de-la-inmigracion-japonesa-en-paraguay,,,,NO_PRECISE_DATE_ALREADY_NULL,
2945,https://www.masencarnacion.com/articulo/eliminaran-diferencias-entre-contratados-y-nombrados-medicos-ganaran-mas-huelga-se-define-hoy,,,,NO_PRECISE_DATE_ALREADY_NULL,
3005,https://www.masencarnacion.com/articulo/operativo-fiscal-y-policial-en-comercio-de-encarnacion-tras-denuncia-por-presunta-estafa,,,,NO_PRECISE_DATE_ALREADY_NULL,
3376,https://www.masencarnacion.com/articulo/titular-de-la-dnit-descarta-cambios-en-impuestos-y-maquila-hasta-2028,,,,NO_PRECISE_DATE_ALREADY_NULL,
3377,https://www.masencarnacion.com/articulo/academia-rocemi-celebra-18-anos-de-trayectoria-con-una-variada-agenda-cultural-en-encarnacion,,,,NO_PRECISE_DATE_ALREADY_NULL,
3378,https://www.masencarnacion.com/articulo/paraguay-fortalece-su-cooperacion-cientifica-internacional-con-investigaciones-en-archivos-del-vaticano,,,,NO_PRECISE_DATE_ALREADY_NULL,
3379,https://www.masencarnacion.com/articulo/uni-reune-estudiantes-e-investigadores-en-congreso-multidisciplinario-para-impulsar-la-ciencia-en-itapua,,,,NO_PRECISE_DATE_ALREADY_NULL,
3380,https://www.masencarnacion.com/articulo/motociclista-resulta-lesionada-tras-accidente-registrado-en-el-centro-de-encarnacion,,,,NO_PRECISE_DATE_ALREADY_NULL,
3381,https://www.masencarnacion.com/articulo/san-roque-tendra-una-nueva-pista-multidisciplinaria-tras-consagrarse-campeon-de-mi-barrio-mi-pasion,,,,NO_PRECISE_DATE_ALREADY_NULL,
3382,https://www.masencarnacion.com/articulo/medicos-rechazan-propuesta-y-llaman-nueva-huelga,,,,NO_PRECISE_DATE_ALREADY_NULL,
3383,https://www.masencarnacion.com/articulo/madrugada-de-violencia-en-ciudad-del-este-persecucion-disparos-tres-detenidos-y-un-arsenal,,,,NO_PRECISE_DATE_ALREADY_NULL,
3384,https://www.masencarnacion.com/articulo/de-encarnacion-tokio-un-libro-que-lleva-los-sabores-y-recuerdos-de-paraguay-al-corazon-de-japon,,,,NO_PRECISE_DATE_ALREADY_NULL,
3385,https://www.masencarnacion.com/articulo/joven-fue-aprehendido-con-cables-y-un-medidor-de-ande-en-san-isidro,,,,NO_PRECISE_DATE_ALREADY_NULL,
3386,https://www.masencarnacion.com/articulo/municipalidad-de-encarnacion-amplia-la-atencion-contribuyentes-durante-los-sabados-de-septiembre,,,,NO_PRECISE_DATE_ALREADY_NULL,
3387,https://www.masencarnacion.com/articulo/se-viene-un-marcado-descenso-de-temperatura-preven-minimas-de-hasta-4-c-en-zonas-rurales,,,,NO_PRECISE_DATE_ALREADY_NULL,
3388,https://www.masencarnacion.com/articulo/fifa-acusa-uefa-de-tramar-una-campana-de-desprestigio,,,,NO_PRECISE_DATE_ALREADY_NULL,
3389,https://www.masencarnacion.com/articulo/allanan-casa-en-ypane-y-hallan-un-fusil-de-asalto,,,,NO_PRECISE_DATE_ALREADY_NULL,
3390,https://www.masencarnacion.com/articulo/jornada-gratuita-de-vacunacion-para-mascotas-se-realiza-en-san-isidro,,,,NO_PRECISE_DATE_ALREADY_NULL,
3391,https://www.masencarnacion.com/articulo/recuperan-motocicleta-que-habia-sido-denunciada-como-hurtada-en-edelira,,,,NO_PRECISE_DATE_ALREADY_NULL,
3392,https://www.masencarnacion.com/articulo/el-ciclon-despierta-y-derrota-recoleta-con-doblete-de-vegetti,,,,NO_PRECISE_DATE_ALREADY_NULL,
3393,https://www.masencarnacion.com/articulo/aprehenden-un-hombre-acusado-de-amenazar-de-muerte-su-hija-con-un-machete-en-cambyreta,,,,NO_PRECISE_DATE_ALREADY_NULL,
3394,https://www.masencarnacion.com/articulo/snpp-habilita-nuevos-cursos-gratuitos-para-septiembre-en-encarnacion-y-cambyreta,,,,NO_PRECISE_DATE_ALREADY_NULL,
3395,https://www.masencarnacion.com/articulo/reino-unido-responde-milei-y-blinda-su-posicion-sobre-las-malvinas-son-britanicas,,,,NO_PRECISE_DATE_ALREADY_NULL,
3547,https://www.masencarnacion.com/articulo/juro-nueva-embajadora-del-paraguay-ante-eeuu-y-anuncia-agenda-para-consolidar-momento-dorado-de-las-relaciones,,,,NO_PRECISE_DATE_ALREADY_NULL,
3816,https://www.masencarnacion.com/articulo/garrapatas-bordo-avion-que-salio-de-asuncion-rumbo-espana-aterriza-de-emergencia-en-brasil,,,,NO_PRECISE_DATE_ALREADY_NULL,
3817,https://www.masencarnacion.com/articulo/juntos-hacemos-mas-bomberos-voluntarios-anuncian-su-colecta-anual,,,,NO_PRECISE_DATE_ALREADY_NULL,
3818,https://www.masencarnacion.com/articulo/estudiantes-del-john-f-kennedy-se-movilizaron-en-apoyo-mymba-uni,,,,NO_PRECISE_DATE_ALREADY_NULL,
3819,https://www.masencarnacion.com/articulo/44-emprendedores-encarnacenos-se-reunen-para-impulsar-la-produccion-local-en-la-plaza-de-armas,,,,NO_PRECISE_DATE_ALREADY_NULL,
3820,https://www.masencarnacion.com/articulo/jovenes-voluntarios-impulsan-la-colecta-anual-de-techo-paraguay-en-encarnacion,,,,NO_PRECISE_DATE_ALREADY_NULL,
3821,https://www.masencarnacion.com/articulo/alerta-por-fenomeno-el-nino-pronostican-mucha-lluvia-en-poco-tiempo,,,,NO_PRECISE_DATE_ALREADY_NULL,
3822,https://www.masencarnacion.com/articulo/magistral-triunfo-de-joshua-duerksen-en-monza-el-templo-de-la-velocidad,,,,NO_PRECISE_DATE_ALREADY_NULL,
3823,https://www.masencarnacion.com/articulo/proponen-el-segundo-domingo-de-septiembre-como-dia-nacional-de-la-sopa-paraguaya,,,,NO_PRECISE_DATE_ALREADY_NULL,
3824,https://www.masencarnacion.com/articulo/una-noche-de-tradicion-y-cultura-japonesa-se-vivio-en-encarnacion,,,,NO_PRECISE_DATE_ALREADY_NULL,
3825,https://www.masencarnacion.com/articulo/ultimos-dias-de-la-xxii-libroferia-encarnacion-con-una-gran-agenda-cultural,,,,NO_PRECISE_DATE_ALREADY_NULL,
3826,https://www.masencarnacion.com/articulo/motociclista-fallece-tras-impactar-contra-un-perro-en-san-juan-del-parana,,,,NO_PRECISE_DATE_ALREADY_NULL,
3827,https://www.masencarnacion.com/articulo/docente-muere-tras-un-desesperado-traslado-en-la-carroceria-de-una-camioneta-en-cde,,,,NO_PRECISE_DATE_ALREADY_NULL,
3828,https://www.masencarnacion.com/articulo/de-centro-terapeutico-supuesto-aguantadero-vecinos-denuncian-abandono-e-inseguridad-en-un-predio-de-encarnacion,,,,NO_PRECISE_DATE_ALREADY_NULL,
3829,https://www.masencarnacion.com/articulo/34-premio-karumbe-reconocieron-quienes-dejaron-una-huella-en-encarnacion,,,,NO_PRECISE_DATE_ALREADY_NULL,
3830,https://www.masencarnacion.com/articulo/avanzan-las-obras-del-techado-de-la-pergola-en-el-santuario-de-la-virgen-de-itacua,,,,NO_PRECISE_DATE_ALREADY_NULL,
3831,https://www.masencarnacion.com/articulo/contribuyentes-encarnacenos-podran-acceder-importantes-descuentos-hasta-fin-de-mes,,,,NO_PRECISE_DATE_ALREADY_NULL,
3832,https://www.masencarnacion.com/articulo/casa-raiz-itapua-abrio-sus-puertas-con-una-nueva-propuesta-para-vivir-e-invertir-en-el-sur-del-paraguay,,,,NO_PRECISE_DATE_ALREADY_NULL,
3833,https://www.masencarnacion.com/articulo/mujer-habria-sido-victima-de-maltrato-por-parte-de-su-propio-hijo-en-san-pedro-del-parana,,,,NO_PRECISE_DATE_ALREADY_NULL,
3834,https://www.masencarnacion.com/articulo/cinco-detenidos-tras-procedimiento-fiscal-por-presunta-invasion-de-inmueble-en-obligado,,,,NO_PRECISE_DATE_ALREADY_NULL,
3835,https://www.masencarnacion.com/articulo/incautan-cuatro-toneladas-de-cerdos-vivos-ingresados-de-contrabando,,,,NO_PRECISE_DATE_ALREADY_NULL,
3836,https://www.masencarnacion.com/articulo/ordenan-captura-de-fisioterapeuta-imputado-por-presunto-abuso-infantil,,,,NO_PRECISE_DATE_ALREADY_NULL,
3837,https://www.masencarnacion.com/articulo/gobierno-conmemora-el-dia-del-agente-de-policia-y-proyecta-40000-efectivos-para-fin-de-ano,,,,NO_PRECISE_DATE_ALREADY_NULL,
3838,https://www.masencarnacion.com/articulo/investigan-presunta-deforestacion-de-bosque-nativo-en-san-joaquin,,,,NO_PRECISE_DATE_ALREADY_NULL,
3839,https://www.masencarnacion.com/articulo/renuncian-15-neonatologos-del-materno-infantil-de-santisima-trinidad,,,,NO_PRECISE_DATE_ALREADY_NULL,
3840,https://www.masencarnacion.com/articulo/hay-acuerdo-gustavo-alfaro-sigue-al-frente-de-la-albirroja,,,,NO_PRECISE_DATE_ALREADY_NULL,
4328,https://www.masencarnacion.com/articulo/ejecutan-requisa-general-en-la-excarcel-de-tacumbu,,,,NO_PRECISE_DATE_ALREADY_NULL,
4329,https://www.masencarnacion.com/articulo/municipalidad-de-cambyreta-reafirma-su-apoyo-iniciativas-solidarias,,,,NO_PRECISE_DATE_ALREADY_NULL,
4330,https://www.masencarnacion.com/articulo/hay-algo-que-no-cierra-ministro-del-interior-sostiene-que-se-investigara-que-provoco-las-graves-lesiones-de-hugo-javier,,,,NO_PRECISE_DATE_ALREADY_NULL,
4331,https://www.masencarnacion.com/articulo/asalto-armado-en-natalio-delincuentes-se-llevaron-dinero-armas-y-un-vehiculo-de-una-chacra,,,,NO_PRECISE_DATE_ALREADY_NULL,
4332,https://www.masencarnacion.com/articulo/yaguaron-inaugura-un-museo-dedicado-banda-peteke-peteke,,,,NO_PRECISE_DATE_ALREADY_NULL,
4333,https://www.masencarnacion.com/articulo/el-vikingo-del-sur-emociono-itapua-durante-el-wrc,,,,NO_PRECISE_DATE_ALREADY_NULL,
4334,https://www.masencarnacion.com/articulo/persecucion-policial-en-encarnacion-culmino-con-la-detencion-de-hombre-buscado-por-violencia-familiar,,,,NO_PRECISE_DATE_ALREADY_NULL,
4335,https://www.masencarnacion.com/articulo/adulto-mayor-fue-brutalmente-golpeado-por-dos-hombres-que-ingresaron-su-propiedad-en-encarnacion,,,,NO_PRECISE_DATE_ALREADY_NULL,
4337,https://www.masencarnacion.com/articulo/dos-uruguayos-detenidos-por-hurto-turista-argentina-en-un-restaurante-de-encarnacion,,,,NO_PRECISE_DATE_ALREADY_NULL,
4338,https://www.masencarnacion.com/articulo/fatal-accidente-joven-pierde-la-vida-tras-impactar-contra-un-perro,,,,NO_PRECISE_DATE_ALREADY_NULL,
4339,https://www.masencarnacion.com/articulo/unas-300-joyas-sobre-ruedas-brillaron-en-el-encuentro-de-vehiculos-clasicos-y-antiguos-de-encarnacion,,,,NO_PRECISE_DATE_ALREADY_NULL,
4340,https://www.masencarnacion.com/articulo/tragedia-en-mexico-explosion-de-pirotecnia-deja-nueve-muertos-durante-una-fiesta-patronal,,,,NO_PRECISE_DATE_ALREADY_NULL,
4341,https://www.masencarnacion.com/articulo/sabores-de-taiwan-conquisto-paladares-en-encarnacion-con-lo-mejor-de-la-cocina-gourmet-taiwanesa,,,,NO_PRECISE_DATE_ALREADY_NULL,
4342,https://www.masencarnacion.com/articulo/trasladan-de-urgencia-hugo-javier-tras-sufrir-una-caida-en-la-carcel-medicos-sospechan-de-un-acv,,,,NO_PRECISE_DATE_ALREADY_NULL,
4343,https://www.masencarnacion.com/articulo/detienen-en-itacurubi-exsecretario-de-sebastian-marset-durante-operacion-nexus-ii,,,,NO_PRECISE_DATE_ALREADY_NULL,
4344,https://www.masencarnacion.com/articulo/con-la-ilusion-de-miles-de-ninos-arranco-la-septima-edicion-de-goles-por-mi-barrio-en-villa-alegre,,,,NO_PRECISE_DATE_ALREADY_NULL,
4345,https://www.masencarnacion.com/articulo/pescadores-capturan-una-raya-de-90-kilos-en-tacuaras-neembucu,,,,NO_PRECISE_DATE_ALREADY_NULL,
4549,https://www.masencarnacion.com/articulo/exponer-alguien-en-redes-puede-acarrear-consecuencias-legales,,,,NO_PRECISE_DATE_ALREADY_NULL,
4550,https://www.masencarnacion.com/articulo/nino-sufrio-quemaduras-durante-quema-de-basura-y-debio-ser-trasladado-en-avion,,,,NO_PRECISE_DATE_ALREADY_NULL,
4588,https://www.masencarnacion.com/articulo/conectados-sin-violencia-impulsan-proyecto-para-promover-la-paz-en-las-aulas-de-itapua,,,,NO_PRECISE_DATE_ALREADY_NULL,
4589,https://www.masencarnacion.com/articulo/vecinos-redujeron-hombre-que-intento-asaltar-una-joven-en-parada-de-omnibus-en-encarnacion,,,,NO_PRECISE_DATE_ALREADY_NULL,
4590,https://www.masencarnacion.com/articulo/jaime-hinterleitner-acompano-almuerzo-solidario-y-entrega-de-g-2-millones-al-rotary-club-cambyreta,,,,NO_PRECISE_DATE_ALREADY_NULL,
4701,https://www.masencarnacion.com/articulo/fue-visitar-la-tumba-de-su-hijo-y-descubrio-que-le-habian-sustraido-el-craneo,,,,NO_PRECISE_DATE_ALREADY_NULL,
4702,https://www.masencarnacion.com/articulo/lapachos-en-flor-destacan-paraguay-en-sudamerica,,,,NO_PRECISE_DATE_ALREADY_NULL,
4703,https://www.masencarnacion.com/articulo/huertas-circulares-generan-gran-ahorro-para-familias-productoras-de-central,,,,NO_PRECISE_DATE_ALREADY_NULL,
4801,https://www.masencarnacion.com/articulo/santuario-de-la-virgen-de-itacua-mantiene-abiertas-sus-puertas-con-una-activa-agenda-liturgica,,,,NO_PRECISE_DATE_ALREADY_NULL,
4802,https://www.masencarnacion.com/articulo/administrador-del-cementerio-de-encarnacion-reconoce-fallas-de-seguridad-tras-nuevo-caso-de-profanacion,,,,NO_PRECISE_DATE_ALREADY_NULL,
4803,https://www.masencarnacion.com/articulo/paraguay-avanza-en-astrobiologia-y-geologia-planetaria-para-formar-capacidades-cientificas-locales,,,,NO_PRECISE_DATE_ALREADY_NULL,
4884,https://www.masencarnacion.com/articulo/tortoleros-hurtan-objetos-de-dos-vehiculos-en-camposanto-mientras-duenos-estaban-en-un-sepelio,,,,NO_PRECISE_DATE_ALREADY_NULL,
4885,https://www.masencarnacion.com/articulo/amplian-la-infraestructura-de-la-comisaria-114-de-chaipe-con-apoyo-de-vecinos,,,,NO_PRECISE_DATE_ALREADY_NULL,
4886,https://www.masencarnacion.com/articulo/rocemi-una-trayectoria-de-innovacion-cultural-que-impulsa-el-teatro-el-cine-y-la-formacion-artistica-desde-itapua,,,,NO_PRECISE_DATE_ALREADY_NULL,
4985,https://www.masencarnacion.com/articulo/descartan-acv-hugo-javier-tuvo-un-trauma-craneoencefalico,,,,NO_PRECISE_DATE_ALREADY_NULL,
5008,https://www.masencarnacion.com/articulo/muestra-plastica-pedagogica-llega-cambyreta,,,,NO_PRECISE_DATE_ALREADY_NULL,
5009,https://www.masencarnacion.com/articulo/operativo-drop-cinco-allanamientos-simultaneos-desbaratan-presunta-red-de-microtrafico,,,,NO_PRECISE_DATE_ALREADY_NULL,
5010,https://www.masencarnacion.com/articulo/hombre-muere-calcinado-en-incendio-que-afecto-varias-casas-precarias-en-san-lorenzo,,,,NO_PRECISE_DATE_ALREADY_NULL,
5053,https://www.masencarnacion.com/articulo/joven-perdio-el-control-de-su-automovil-y-termino-impactando-contra-un-arbol,2026-09-06T21:00:00-03:00,2026-09-06T21:00:00-03:00,,REQUEST_ERROR,404 Client Error: Not Found for url: https://www.masencarnacion.com/404
5054,https://www.masencarnacion.com/articulo/ataque-armado-con-mas-de-20-disparos-deja-un-herido-en-alto-vera-atacantes-amenazaron-con-eliminar-allegados-de-hombre-asesinado-en-julio,,,,NO_PRECISE_DATE_ALREADY_NULL,
5055,https://www.masencarnacion.com/articulo/grave-accidente-de-transito-en-natalio-deja-un-motociclista-con-amputacion-de-pierna,,,,NO_PRECISE_DATE_ALREADY_NULL,
5132,https://www.masencarnacion.com/articulo/vuelco-de-vehiculo-deja-danos-materiales-en-ruta-alternativa-de-carlos-lopez,,,,NO_PRECISE_DATE_ALREADY_NULL,
5133,https://www.masencarnacion.com/articulo/camioneta-choca-contra-animal-vacuno-en-la-ruta-la-altura-de-tavai-en-general-delgado,,,,NO_PRECISE_DATE_ALREADY_NULL,
5134,https://www.masencarnacion.com/articulo/joven-perdio-el-control-de-su-automovil-y-termino-impactando-contra-un-arbol-3,,,,NO_PRECISE_DATE_ALREADY_NULL,
5135,https://www.masencarnacion.com/articulo/hombre-incendia-motocicleta-tras-discusion-con-su-pareja-en-cambyreta,,,,NO_PRECISE_DATE_ALREADY_NULL,
5136,https://www.masencarnacion.com/articulo/hallan-cuerpo-semicalcinado-junto-un-automovil-en-pedro-juan-caballero,,,,NO_PRECISE_DATE_ALREADY_NULL,
5168,https://www.masencarnacion.com/articulo/donacion-de-un-joven-de-20-anos-brinda-una-nueva-oportunidad-pacientes-en-lista-de-espera,,,,NO_PRECISE_DATE_ALREADY_NULL,
5169,https://www.masencarnacion.com/articulo/isepol-habilita-este-lunes-las-preinscripciones-para-el-colegio-de-policia-2027,,,,NO_PRECISE_DATE_ALREADY_NULL,
5198,https://www.masencarnacion.com/articulo/el-gobierno-apunta-disenar-politicas-publicas-nutricionales-con-encuestas-nivel-nacional,,,,NO_PRECISE_DATE_ALREADY_NULL,
5199,https://www.masencarnacion.com/articulo/orgullo-encarnaceno-con-solo-8-anos-sabrina-benitez-fue-convocada-por-cerro-porteno-handball,,,,NO_PRECISE_DATE_ALREADY_NULL,
5707,https://www.masencarnacion.com/articulo/frustran-ingreso-de-marihuana-en-carcel-de-maxima-seguridad-de-emboscada,,,,NO_PRECISE_DATE_ALREADY_NULL,
5708,https://www.masencarnacion.com/articulo/vuelve-la-champions-seis-partidos-abren-la-nueva-temporada-europea,,,,NO_PRECISE_DATE_ALREADY_NULL,
5709,https://www.masencarnacion.com/articulo/avanza-la-construccion-del-tunel-ferroviario-regino-espinola-en-cambyreta,,,,NO_PRECISE_DATE_ALREADY_NULL,
5710,https://www.masencarnacion.com/articulo/supuestos-piratas-del-asfalto-asaltan-camion-y-se-llevan-productos-electronicos,,,,NO_PRECISE_DATE_ALREADY_NULL,
5711,https://www.masencarnacion.com/articulo/abogado-de-hugo-javier-descarta-hipotesis-de-atentado,,,,NO_PRECISE_DATE_ALREADY_NULL,
5712,https://www.masencarnacion.com/articulo/supervisan-construccion-de-centro-para-atencion-de-salud-mental-y-adicciones-en-encarnacion,,,,NO_PRECISE_DATE_ALREADY_NULL,
5713,https://www.masencarnacion.com/articulo/allanamiento-en-luque-incautan-drogas-un-arma-y-detienen-un-policia,,,,NO_PRECISE_DATE_ALREADY_NULL,
5714,https://www.masencarnacion.com/articulo/vela-encendida-provoca-incendio-que-destruye-una-vivienda-de-asuncion,,,,NO_PRECISE_DATE_ALREADY_NULL,
5715,https://www.masencarnacion.com/articulo/joven-resulta-lesionada-tras-choque-entre-motocicletas-sobre-la-ruta-py01-en-coronel-bogado,,,,NO_PRECISE_DATE_ALREADY_NULL,
5716,https://www.masencarnacion.com/articulo/eby-inicia-refaccion-integral-de-la-iglesia-buen-pastor-en-encarnacion,,,,NO_PRECISE_DATE_ALREADY_NULL,
5717,https://www.masencarnacion.com/articulo/fabricante-de-buses-electricos-se-instalara-en-paraguay,,,,NO_PRECISE_DATE_ALREADY_NULL,
5718,https://www.masencarnacion.com/articulo/el-ips-inicia-censo-digital-para-conocer-la-situacion-de-jubilados-y-pensionados,,,,NO_PRECISE_DATE_ALREADY_NULL,
5719,https://www.masencarnacion.com/articulo/fiscalia-imputa-dos-extranjeros-por-hurto-y-uso-de-identidades-falsas-en-encarnacion,,,,NO_PRECISE_DATE_ALREADY_NULL,
5720,https://www.masencarnacion.com/articulo/mas-de-200-anestesiologos-presentan-renuncia-en-medio-de-reclamos-laborales,,,,NO_PRECISE_DATE_ALREADY_NULL,
5721,https://www.masencarnacion.com/articulo/un-accidente-por-dia-y-preocupa-el-alcohol-al-volante-en-encarnacion,,,,NO_PRECISE_DATE_ALREADY_NULL,
5722,https://www.masencarnacion.com/articulo/dnit-estudia-cobrar-5-de-iva-la-tirzepatida,,,,NO_PRECISE_DATE_ALREADY_NULL,
5723,https://www.masencarnacion.com/articulo/incautan-insignias-falsificadas-de-la-policia-la-armada-y-otras-entidades,,,,NO_PRECISE_DATE_ALREADY_NULL,
5724,https://www.masencarnacion.com/articulo/cambyreta-refuerza-los-trabajos-de-limpieza-y-mantenimiento-en-espacios-publicos,,,,NO_PRECISE_DATE_ALREADY_NULL,
5725,https://www.masencarnacion.com/articulo/guaranisat-2-paraguay-se-alista-para-lanzar-al-espacio-su-segundo-nanosatelite-en-octubre,,,,NO_PRECISE_DATE_ALREADY_NULL,
5726,https://www.masencarnacion.com/articulo/hugo-javier-permanece-sedado-en-terapia-las-proximas-72-horas-seran-cruciales,,,,NO_PRECISE_DATE_ALREADY_NULL,
5727,https://www.masencarnacion.com/articulo/yaguarete-con-su-cria-sorprende-pobladores-de-san-pedro-del-parana,,,,NO_PRECISE_DATE_ALREADY_NULL,
5774,https://www.masencarnacion.com/articulo/enconcursa-continuan-los-procesos-de-seleccion-en-la-municipalidad-de-encarnacion,,,,NO_PRECISE_DATE_ALREADY_NULL,
5775,https://www.masencarnacion.com/articulo/segunda-feria-de-empleo-se-realizara-este-viernes-en-encarnacion,,,,NO_PRECISE_DATE_ALREADY_NULL,
5819,https://www.masencarnacion.com/articulo/cambyreta-fortalece-su-agenda-cultural-mediante-convenio-con-apsecart,,,,NO_PRECISE_DATE_ALREADY_NULL,
5820,https://www.masencarnacion.com/articulo/convocan-acto-por-el-139-aniversario-de-la-anr-en-capitan-miranda,,,,NO_PRECISE_DATE_ALREADY_NULL,
5821,https://www.masencarnacion.com/articulo/capitan-miranda-inicia-construccion-de-nuevo-hito-distrital-en-acceso-trinidad,,,,NO_PRECISE_DATE_ALREADY_NULL,
5822,https://www.masencarnacion.com/articulo/eby-verifica-obras-en-la-plaza-arroyo-pora-y-anuncia-segunda-etapa,,,,NO_PRECISE_DATE_ALREADY_NULL,
5823,https://www.masencarnacion.com/articulo/cambyreta-presenta-muestra-plastica-que-vincula-arte-y-educacion,,,,NO_PRECISE_DATE_ALREADY_NULL,
6027,https://www.masencarnacion.com/articulo/26-dias-de-las-elecciones-remesowski-asegura-que-el-trabajo-habla-por-nosotros,,,,NO_PRECISE_DATE_ALREADY_NULL,
6028,https://www.masencarnacion.com/articulo/denuncian-joven-por-arrojar-residuos-en-la-publica-en-cambyreta,,,,NO_PRECISE_DATE_ALREADY_NULL,
6029,https://www.masencarnacion.com/articulo/mujer-da-luz-dentro-de-una-ambulancia-de-bomberos-durante-traslado-en-tomas-romero-pereira,,,,NO_PRECISE_DATE_ALREADY_NULL,
6030,https://www.masencarnacion.com/articulo/hugo-javier-contrajo-meningitis-bacteriana-confirman-analisis,,,,NO_PRECISE_DATE_ALREADY_NULL,
6031,https://www.masencarnacion.com/articulo/hinterleitner-verifica-obras-en-arroyo-pora-y-espiritu-santo-junto-al-director-de-la-eby,,,,NO_PRECISE_DATE_ALREADY_NULL,
6032,https://www.masencarnacion.com/articulo/caso-hugo-javier-fiscalia-apunta-preliminarmente-una-caida-en-el-sanitario-de-la-carcel-la-esperanza,,,,NO_PRECISE_DATE_ALREADY_NULL,
6033,https://www.masencarnacion.com/articulo/mas-de-150-personas-culminan-curso-de-ingles-tras-cuatro-meses-de-capacitacion-en-encarnacion,,,,NO_PRECISE_DATE_ALREADY_NULL,
6034,https://www.masencarnacion.com/articulo/detienen-tres-hombres-armados-tras-huida-al-monte-en-san-pedro,,,,NO_PRECISE_DATE_ALREADY_NULL,
6035,https://www.masencarnacion.com/articulo/eby-inicia-perforacion-de-pozo-profundo-que-garantizara-agua-potable-familias-de-repatriacion-itapua,,,,NO_PRECISE_DATE_ALREADY_NULL,
6036,https://www.masencarnacion.com/articulo/medico-forense-confirma-gravedad-de-lesiones-de-hugo-javier-pero-no-determina-causa-exacta,,,,NO_PRECISE_DATE_ALREADY_NULL,
6075,https://www.masencarnacion.com/articulo/menor-de-13-anos-en-grave-estado-tras-recibir-un-disparo-en-la-cabeza,,,,NO_PRECISE_DATE_ALREADY_NULL,
6076,https://www.masencarnacion.com/articulo/detienen-hombre-con-orden-de-captura-por-supuesta-violencia-familiar-en-san-pedro-del-parana,,,,NO_PRECISE_DATE_ALREADY_NULL,
6077,https://www.masencarnacion.com/articulo/detienen-un-presidiario-miembro-del-pcc-fugado-de-la-penitenciaria-de-pedro-juan-caballero,,,,NO_PRECISE_DATE_ALREADY_NULL,
6111,https://www.masencarnacion.com/articulo/arranca-la-expocientec-2026-en-encarnacion,,,,NO_PRECISE_DATE_ALREADY_NULL,
6112,https://www.masencarnacion.com/articulo/inmobiliaria-del-este-inaugura-su-nueva-casa-central-e-inicia-una-nueva-etapa-en-su-historia,,,,NO_PRECISE_DATE_ALREADY_NULL,
6113,https://www.masencarnacion.com/articulo/recaudacion-tributaria-aumenta-24-en-agosto-pese-caida-de-ingresos-aduaneros,,,,NO_PRECISE_DATE_ALREADY_NULL,
6230,https://www.masencarnacion.com/articulo/no-todo-es-ciencia-la-expocientec-tiene-un-rincon-para-los-amantes-de-la-lectura,,,,NO_PRECISE_DATE_ALREADY_NULL,
6268,https://www.masencarnacion.com/articulo/detienen-joven-con-orden-de-captura-en-cambyreta-2,,,,NO_PRECISE_DATE_ALREADY_NULL,
6269,https://www.masencarnacion.com/articulo/recuperan-en-san-pedro-del-parana-un-vehiculo-que-habria-sido-utilizado-en-un-asalto,,,,NO_PRECISE_DATE_ALREADY_NULL,
6684,https://www.masencarnacion.com/articulo/bcp-presentara-nueva-familia-de-billetes-del-guarani,2026-09-07T21:00:00-03:00,2026-09-07T21:00:00-03:00,,REQUEST_ERROR,404 Client Error: Not Found for url: https://www.masencarnacion.com/404
6685,https://www.masencarnacion.com/articulo/intervienen-foco-de-microtrafico-en-villa-hayes-e-incautan-mas-de-400-dosis-de-crack,,,,NO_PRECISE_DATE_ALREADY_NULL,
6686,https://www.masencarnacion.com/articulo/seis-anos-sin-noticias-de-oscar-denis-la-impotencia-de-una-familia-sin-respuestas,,,,NO_PRECISE_DATE_ALREADY_NULL,
6687,https://www.masencarnacion.com/articulo/comerciantes-exigen-justicia-tras-millonaria-estafa-en-el-circuito-comercial-de-encarnacion,,,,NO_PRECISE_DATE_ALREADY_NULL,
6688,https://www.masencarnacion.com/articulo/bomberos-de-encarnacion-salvan-una-nina-de-2-anos-que-se-atraganto-mientras-comia,,,,NO_PRECISE_DATE_ALREADY_NULL,
6689,https://www.masencarnacion.com/articulo/salud-de-hugo-javier-al-tercer-dia-de-su-internacion-sigue-en-coma-inducido-pero-algunas-senales-son-alentadoras,,,,NO_PRECISE_DATE_ALREADY_NULL,
6690,https://www.masencarnacion.com/articulo/vecinos-felices-y-agradecidos-por-la-refaccion-de-la-iglesia-buen-pastor,,,,NO_PRECISE_DATE_ALREADY_NULL,
6691,https://www.masencarnacion.com/articulo/trabajador-muere-aplastado-por-cosechadora-al-mando-de-su-hijo,,,,NO_PRECISE_DATE_ALREADY_NULL,
6692,https://www.masencarnacion.com/articulo/luis-yd-revela-que-habria-provocado-el-incendio-en-su-quinta,,,,NO_PRECISE_DATE_ALREADY_NULL,
6693,https://www.masencarnacion.com/articulo/nino-de-3-anos-muere-ahogado-en-una-piscina-de-casa-quinta,,,,NO_PRECISE_DATE_ALREADY_NULL,
6694,https://www.masencarnacion.com/articulo/estudiante-habria-sido-brutalmente-agredido-por-una-persona-ajena-la-institucion,,,,NO_PRECISE_DATE_ALREADY_NULL,
6695,https://www.masencarnacion.com/articulo/clausuran-carniceria-por-irregularidades-sanitarias-en-encarnacion,,,,NO_PRECISE_DATE_ALREADY_NULL,
6696,https://www.masencarnacion.com/articulo/hurtan-automovil-estacionado-frente-una-vivienda-del-b-san-blas-de-carmen-del-parana,,,,NO_PRECISE_DATE_ALREADY_NULL,
6697,https://www.masencarnacion.com/articulo/senad-detiene-presunto-microtraficante-y-decomisa-cocaina-marihuana-y-un-arma-en-yuty,,,,NO_PRECISE_DATE_ALREADY_NULL,
6698,https://www.masencarnacion.com/articulo/refuerzan-controles-para-frenar-ingreso-ilegal-de-pollos-huevos-y-carne-de-cerdo,,,,NO_PRECISE_DATE_ALREADY_NULL,
6699,https://www.masencarnacion.com/articulo/pena-promulga-donacion-de-us-1-millon-para-impulsar-proyecto-logistico-en-itapua,,,,NO_PRECISE_DATE_ALREADY_NULL,
6700,https://www.masencarnacion.com/articulo/detienen-hombre-con-orden-de-captura-vigente-en-el-b-arroyo-pora,,,,NO_PRECISE_DATE_ALREADY_NULL,
6701,https://www.masencarnacion.com/articulo/ministro-de-educacion-asigna-nuevo-titular-del-cones,,,,NO_PRECISE_DATE_ALREADY_NULL,
6702,https://www.masencarnacion.com/articulo/camioneta-se-incendia-parcialmente-en-una-vivienda-de-edelira-km-21,,,,NO_PRECISE_DATE_ALREADY_NULL,
6703,https://www.masencarnacion.com/articulo/detienen-dos-ciudadanos-brasilenos-por-estafa-con-perfumes-valuados-en-9-millones-de-guaranies,,,,NO_PRECISE_DATE_ALREADY_NULL,
6778,https://www.masencarnacion.com/articulo/motociclista-resulta-herido-tras-chocar-contra-un-automovil-en-cambyreta,,,,NO_PRECISE_DATE_ALREADY_NULL,
6779,https://www.masencarnacion.com/articulo/indignacion-en-encarnacion-por-presunto-asesinato-de-un-carpincho,,,,NO_PRECISE_DATE_ALREADY_NULL,
6780,https://www.masencarnacion.com/articulo/capitan-miranda-mantiene-obras-viales-y-apunta-cerrar-gestion-con-mas-proyectos-concluidos,,,,NO_PRECISE_DATE_ALREADY_NULL,
6781,https://www.masencarnacion.com/articulo/bcp-presentara-nva-familia-de-billetes-del-guarani,,,,NO_PRECISE_DATE_ALREADY_NULL,
6993,https://www.masencarnacion.com/articulo/centro-odontologico-del-hre-supera-las-9300-atenciones-gratuitas,,,,NO_PRECISE_DATE_ALREADY_NULL,
6994,https://www.masencarnacion.com/articulo/che-roga-pora-gobierno-entrego-110-viviendas-familias-de-luque-limpio-y-j-saldivar,,,,NO_PRECISE_DATE_ALREADY_NULL,
6995,https://www.masencarnacion.com/articulo/cambyreta-ofrece-beneficios-para-regularizar-el-impuesto-inmobiliario-y-la-patente-comercial,,,,NO_PRECISE_DATE_ALREADY_NULL,
6996,https://www.masencarnacion.com/articulo/ueno-bank-informa-la-opinion-publica,,,,NO_PRECISE_DATE_ALREADY_NULL,
6997,https://www.masencarnacion.com/articulo/movida-tropical-acompana-hugo-javier-con-vigilia-y-campanas,,,,NO_PRECISE_DATE_ALREADY_NULL,
6998,https://www.masencarnacion.com/articulo/pena-niega-quiebre-politico-habla-de-ueno-y-responde-sobre-informe-pisa,,,,NO_PRECISE_DATE_ALREADY_NULL,
6999,https://www.masencarnacion.com/articulo/hallan-muerto-interno-de-28-anos-en-carcel-de-misiones,,,,NO_PRECISE_DATE_ALREADY_NULL,
7000,https://www.masencarnacion.com/articulo/continuan-los-trabajos-de-mantenimiento-vial-en-cambyreta-2,,,,NO_PRECISE_DATE_ALREADY_NULL,
7027,https://www.masencarnacion.com/articulo/entre-telas-y-maquinas-de-coser-mujeres-de-encarnacion-construyen-nuevas-oportunidades,,,,NO_PRECISE_DATE_ALREADY_NULL,
7065,https://www.masencarnacion.com/articulo/realizaran-jornada-de-castracion-gratuita-para-mascotas-en-mburika,,,,NO_PRECISE_DATE_ALREADY_NULL,
7066,https://www.masencarnacion.com/articulo/operativo-py-guapy-deja-dos-detenidos-en-ciudad-del-este,,,,NO_PRECISE_DATE_ALREADY_NULL,
7067,https://www.masencarnacion.com/articulo/baking-party-llega-encarnacion-un-innovador-curso-de-reposteria-creativa,,,,NO_PRECISE_DATE_ALREADY_NULL,
7518,https://www.masencarnacion.com/articulo/usf-cambyreta-centro-incorpora-nuevo-equipamiento-para-fortalecer-su-laboratorio,,,,NO_PRECISE_DATE_ALREADY_NULL,
7519,https://www.masencarnacion.com/articulo/hurtos-de-vehiculos-con-similares-caracteristicas-ponen-en-alerta-itapua,,,,NO_PRECISE_DATE_ALREADY_NULL,
7520,https://www.masencarnacion.com/articulo/cambyreta-amplia-apoyo-productores-con-trabajos-de-preparacion-de-suelo,,,,NO_PRECISE_DATE_ALREADY_NULL,
7521,https://www.masencarnacion.com/articulo/denuncian-hurto-de-vehiculo-en-barrio-n-2-de-general-artigas,,,,NO_PRECISE_DATE_ALREADY_NULL,
7522,https://www.masencarnacion.com/articulo/el-que-no-cuida-su-puesto-sera-cambiado-advierte-director-policial,,,,NO_PRECISE_DATE_ALREADY_NULL,
7524,https://www.masencarnacion.com/articulo/alta-estadistica-de-personas-autoeliminadas-en-itapua-mas-de-30-casos-en-el-2026,,,,NO_PRECISE_DATE_ALREADY_NULL,
7525,https://www.masencarnacion.com/articulo/fiscalia-logra-condena-de-30-anos-de-prision-mas-5-anos-de-medidas-de-seguridad-por-abuso-sexual-en-ninos,,,,NO_PRECISE_DATE_ALREADY_NULL,
7526,https://www.masencarnacion.com/articulo/vandalizaron-vehiculo-de-abogada-que-representa-victimas-de-la-mafia-de-los-pagares,,,,NO_PRECISE_DATE_ALREADY_NULL,
7527,https://www.masencarnacion.com/articulo/hombre-muere-calcinado-tras-incendio-que-destruyo-por-completo-su-vivienda,,,,NO_PRECISE_DATE_ALREADY_NULL,
7528,https://www.masencarnacion.com/articulo/paciente-ebrio-termino-los-golpes-con-guardias-en-hospital-de-luque,,,,NO_PRECISE_DATE_ALREADY_NULL,
7529,https://www.masencarnacion.com/articulo/hallan-caleta-con-explosivos-y-municiones-en-estancia-donde-fue-secuestrado-felix-urbieta,,,,NO_PRECISE_DATE_ALREADY_NULL,
7530,https://www.masencarnacion.com/articulo/conajzar-alerta-sobre-sorteos-ilegales-con-premios-de-alto-valor,,,,NO_PRECISE_DATE_ALREADY_NULL,
7531,https://www.masencarnacion.com/articulo/pavimentacion-del-tramo-kressburgo-carlos-lopez-alcanza-70-de-avance-en-itapua,,,,NO_PRECISE_DATE_ALREADY_NULL,
7532,https://www.masencarnacion.com/articulo/docentes-iran-paro-nacional-por-recorte-de-fondos,,,,NO_PRECISE_DATE_ALREADY_NULL,
7533,https://www.masencarnacion.com/articulo/senad-detiene-dos-jovenes-por-distribucion-de-cocaina-y-marihuana-premium-en-lambare,,,,NO_PRECISE_DATE_ALREADY_NULL,
7643,https://www.masencarnacion.com/articulo/conocida-vendedora-de-terere-de-encarnacion-pide-ayuda-su-hija-lucha-por-su-vida-y-necesita-una-cirugia-urgente,,,,NO_PRECISE_DATE_ALREADY_NULL,
7644,https://www.masencarnacion.com/articulo/vecinos-de-sagrada-familia-rompen-el-silencio-y-denuncian-hartazgo-por-la-inseguridad,,,,NO_PRECISE_DATE_ALREADY_NULL,
7645,https://www.masencarnacion.com/articulo/yamil-esgaib-visito-al-companero-de-celda-de-hugo-javier-y-descarta-que-haya-sido-un-ataque,,,,NO_PRECISE_DATE_ALREADY_NULL,
7646,https://www.masencarnacion.com/articulo/policia-impulsa-operativo-anti-motochorros-en-ciudad-del-este,,,,NO_PRECISE_DATE_ALREADY_NULL,
7647,https://www.masencarnacion.com/articulo/granizada-causa-millonarias-perdidas-en-cultivos-de-soja-y-trigo-en-iruna,,,,NO_PRECISE_DATE_ALREADY_NULL,
7648,https://www.masencarnacion.com/articulo/cruzo-en-rojo-y-provoco-fuerte-accidente-en-plena-avenida-irrazabal,,,,NO_PRECISE_DATE_ALREADY_NULL,
7649,https://www.masencarnacion.com/articulo/incendio-destruye-dos-motocicletas-en-barrio-san-blas-de-coronel-bogado,,,,NO_PRECISE_DATE_ALREADY_NULL,
7650,https://www.masencarnacion.com/articulo/senatur-presenta-nuevos-paquetes-turisticos-para-conocer-paraguay,,,,NO_PRECISE_DATE_ALREADY_NULL,
7651,https://www.masencarnacion.com/articulo/gobernadores-de-la-anr-piden-tregua-interna-de-cara-las-municipales-2026,,,,NO_PRECISE_DATE_ALREADY_NULL,
7652,https://www.masencarnacion.com/articulo/adolescente-muere-apunalado-en-pastoreo-supuesto-autor-fue-detenido,,,,NO_PRECISE_DATE_ALREADY_NULL,
7653,https://www.masencarnacion.com/articulo/senabico-habilita-exhibicion-de-vehiculos-para-subasta,,,,NO_PRECISE_DATE_ALREADY_NULL,
7654,https://www.masencarnacion.com/articulo/dos-motociclistas-resultan-heridos-tras-violenta-colision-en-ita-paso,,,,NO_PRECISE_DATE_ALREADY_NULL,
7655,https://www.masencarnacion.com/articulo/municipales-2026-tsje-inicia-control-de-materiales-y-utiles-electorales,,,,NO_PRECISE_DATE_ALREADY_NULL,
7656,https://www.masencarnacion.com/articulo/exjefe-de-gabinete-de-hugo-javier-se-entrega,,,,NO_PRECISE_DATE_ALREADY_NULL,
7657,https://www.masencarnacion.com/articulo/paraguay-apuesta-por-la-astrobiologia-y-la-ingenieria-planetaria-para-fortalecer-la-ciencia-nacional,,,,NO_PRECISE_DATE_ALREADY_NULL,
7658,https://www.masencarnacion.com/articulo/hospital-regional-de-encarnacion-refuerza-la-atencion-integral-en-la-prevencion-de-la-autoeliminacion,,,,NO_PRECISE_DATE_ALREADY_NULL,
7659,https://www.masencarnacion.com/articulo/masiva-participacion-en-la-caminata-caminamos-por-la-vida-en-capitan-miranda,,,,NO_PRECISE_DATE_ALREADY_NULL,
7660,https://www.masencarnacion.com/articulo/hospital-regional-de-encarnacion-culmina-programa-de-prevencion-de-la-autoeliminacion,,,,NO_PRECISE_DATE_ALREADY_NULL,
7661,https://www.masencarnacion.com/articulo/municipio-insta-transportistas-y-contribuyentes-aprovechar-descuentos-de-septiembre,,,,NO_PRECISE_DATE_ALREADY_NULL,
7662,https://www.masencarnacion.com/articulo/agentes-de-transito-rinden-examen-fisico-como-parte-del-proceso-de-ascenso-en-encarnacion,,,,NO_PRECISE_DATE_ALREADY_NULL,
7663,https://www.masencarnacion.com/articulo/municipio-y-ande-retiran-cables-aereos-para-mejorar-la-imagen-urbana-de-encarnacion,,,,NO_PRECISE_DATE_ALREADY_NULL,
8297,https://www.masencarnacion.com/articulo/2-de-mayo-y-libertad-se-enfrentan-por-la-cima-del-clausura,,,,NO_PRECISE_DATE_ALREADY_NULL,
8299,https://www.masencarnacion.com/articulo/imputan-y-piden-prision-para-pastor-colombiano-que-habria-abusado-de-jovenes-en-estado-de-indefension,,,,NO_PRECISE_DATE_ALREADY_NULL,
8300,https://www.masencarnacion.com/articulo/hombre-con-tobillera-por-violencia-familiar-asegura-que-la-supuesta-victima-es-quien-se-le-acerca,,,,NO_PRECISE_DATE_ALREADY_NULL,
8301,https://www.masencarnacion.com/articulo/pena-y-alliana-mandan-mensaje-de-unidad-partidaria,,,,NO_PRECISE_DATE_ALREADY_NULL,
8302,https://www.masencarnacion.com/articulo/argentina-fbi-detecta-charla-de-adolescente-con-ia-sobre-tiroteo-escolar-y-termina-en-allanamiento,,,,NO_PRECISE_DATE_ALREADY_NULL,
8304,https://www.masencarnacion.com/articulo/detienen-hombre-tras-recibir-dinero-en-entrega-vigilada-por-presunta-extorsion-en-ciudad-del-este,,,,NO_PRECISE_DATE_ALREADY_NULL,
8305,https://www.masencarnacion.com/articulo/fiscalia-de-itapua-busca-unificar-criterios-de-actuacion-y-destaca-balance-positivo-tras-el-wrc,,,,NO_PRECISE_DATE_ALREADY_NULL,
8307,https://www.masencarnacion.com/articulo/la-armada-suma-tecnologia-para-reforzar-el-control-en-los-rios,,,,NO_PRECISE_DATE_ALREADY_NULL,
8308,https://www.masencarnacion.com/articulo/cae-un-hombre-en-su-intento-de-robar-en-la-patrulla-caminera,,,,NO_PRECISE_DATE_ALREADY_NULL,
8309,https://www.masencarnacion.com/articulo/bcp-aclara-que-disenos-de-nuevos-billetes-que-circulan-en-redes-son-falsos,,,,NO_PRECISE_DATE_ALREADY_NULL,
8311,https://www.masencarnacion.com/articulo/turquia-habilita-ocho-frigorificos-paraguayos-para-la-exportacion-de-la-carne-bovina,,,,NO_PRECISE_DATE_ALREADY_NULL,
8312,https://www.masencarnacion.com/articulo/un-videojuego-con-sello-paraguayo-llega-hoy-playstation-xbox-y-pc,,,,NO_PRECISE_DATE_ALREADY_NULL,
8313,https://www.masencarnacion.com/articulo/conductora-fallece-tras-volcar-su-vehiculo-en-yasy-cany,,,,NO_PRECISE_DATE_ALREADY_NULL,
8314,https://www.masencarnacion.com/articulo/conductor-alcoholizado-choco-contra-un-automovil-estacionado-en-encarnacion,,,,NO_PRECISE_DATE_ALREADY_NULL,
8315,https://www.masencarnacion.com/articulo/detienen-joven-argentino-tras-ser-sorprendido-presuntamente-hurtando-repuestos-de-motocicletas,,,,NO_PRECISE_DATE_ALREADY_NULL,
8316,https://www.masencarnacion.com/articulo/rescatan-en-brasil-otra-paraguaya-victima-de-trata,,,,NO_PRECISE_DATE_ALREADY_NULL,
8317,https://www.masencarnacion.com/articulo/aprehenden-un-hombre-sindicado-de-hurtar-productos-de-peluqueria-en-cambyreta,,,,NO_PRECISE_DATE_ALREADY_NULL,
8318,https://www.masencarnacion.com/articulo/crimen-de-maria-fernanda-condenan-8-anos-de-prision-al-joven-acusado,,,,NO_PRECISE_DATE_ALREADY_NULL,
8319,https://www.masencarnacion.com/articulo/mujer-de-75-anos-muere-atropellada-por-un-camion-en-el-barrio-la-paz-de-encarnacion,,,,NO_PRECISE_DATE_ALREADY_NULL,
8360,https://www.masencarnacion.com/articulo/28-inspectores-de-transito-de-encarnacion-rinden-examen-para-ascender-de-rango,,,,NO_PRECISE_DATE_ALREADY_NULL,
8400,https://www.masencarnacion.com/articulo/ministerio-de-justicia-concreta-la-primera-aplicacion-de-monitoreo-electronico-una-mujer-privada-de-libertad,,,,NO_PRECISE_DATE_ALREADY_NULL,
8401,https://www.masencarnacion.com/articulo/migraciones-registra-3000-procedimientos-de-seguridad-migratoria-hasta-agosto,,,,NO_PRECISE_DATE_ALREADY_NULL,
8489,https://www.masencarnacion.com/articulo/expo-belleza-reunira-barberos-y-peluqueros-en-una-jornada-solidaria-por-el-hogar-santa-maria,,,,NO_PRECISE_DATE_ALREADY_NULL,
8490,https://www.masencarnacion.com/articulo/hogar-de-ancianos-santa-maria-busca-apoyo-para-sostener-mas-de-40-adultos-mayores,,,,NO_PRECISE_DATE_ALREADY_NULL,
8491,https://www.masencarnacion.com/articulo/pese-al-clima-productores-de-nueva-alborada-llegan-con-productos-frescos-encarnacion,,,,NO_PRECISE_DATE_ALREADY_NULL,
8492,https://www.masencarnacion.com/articulo/mujer-denuncia-despido-laboral-mientras-estaba-embarazada-y-pide-justicia,,,,NO_PRECISE_DATE_ALREADY_NULL,
8496,https://www.masencarnacion.com/articulo/barberias-de-encarnacion-transforman-el-cuidado-masculino-y-ganan-espacio-como-tendencia,,,,NO_PRECISE_DATE_ALREADY_NULL,
8499,https://www.masencarnacion.com/articulo/encarnacion-y-posadas-presentan-agenda-conjunta-por-el-centenario-del-ciclon-de-encarnacion,,,,NO_PRECISE_DATE_ALREADY_NULL,
8500,https://www.masencarnacion.com/articulo/puente-de-la-amistad-tendra-cierre-parcial-por-reparaciones,,,,NO_PRECISE_DATE_ALREADY_NULL,
8604,https://www.masencarnacion.com/articulo/el-olvido-en-la-vejez-cuando-el-abandono-familiar-se-convierte-en-una-dolorosa-realidad,,,,NO_PRECISE_DATE_ALREADY_NULL,
8733,https://www.masencarnacion.com/articulo/promociones-imperdibles-para-equipar-tu-hogar,,,,NO_PRECISE_DATE_ALREADY_NULL,
8734,https://www.masencarnacion.com/articulo/cambyreta-invita-su-feria-de-productores-y-emprendedores-este-sabado,,,,NO_PRECISE_DATE_ALREADY_NULL,
8735,https://www.masencarnacion.com/articulo/recuperan-motocicleta-que-habia-sido-denunciada-como-hurtada-en-encarnacion,,,,NO_PRECISE_DATE_ALREADY_NULL,
8736,https://www.masencarnacion.com/articulo/precio-de-combustibles-estiman-ajuste-de-hasta-g-800-por-litro,,,,NO_PRECISE_DATE_ALREADY_NULL,
8737,https://www.masencarnacion.com/articulo/volvio-al-hospital-que-le-salvo-la-vida-pero-esta-vez-con-un-gracias-en-las-manos,,,,NO_PRECISE_DATE_ALREADY_NULL,
8738,https://www.masencarnacion.com/articulo/evolucion-favorable-medicos-observan-senales-de-mejoria-en-el-cuadro-de-hugo-javier,,,,NO_PRECISE_DATE_ALREADY_NULL,
8739,https://www.masencarnacion.com/articulo/obras-que-dan-resultados-el-agua-corre-y-las-canalizaciones-funcionan-en-cinco-barrios-de-cambyreta,,,,NO_PRECISE_DATE_ALREADY_NULL,
8740,https://www.masencarnacion.com/articulo/cartes-niega-distanciamiento-con-pena-y-advierte-contra-la-indisciplina-en-la-anr,,,,NO_PRECISE_DATE_ALREADY_NULL,
8741,https://www.masencarnacion.com/articulo/municipalidad-de-capitan-miranda-respalda-al-deportivo-miranda-con-aporte-economico,,,,NO_PRECISE_DATE_ALREADY_NULL,
8782,https://www.masencarnacion.com/articulo/eeuu-sanciona-grupos-que-financian-aliados-de-iran,,,,NO_PRECISE_DATE_ALREADY_NULL,
8783,https://www.masencarnacion.com/articulo/los-miercoles-el-centro-odontologico-del-hre-brinda-atencion-exclusiva-personas-con-discapacidad,,,,NO_PRECISE_DATE_ALREADY_NULL,
8813,https://www.masencarnacion.com/articulo/un-viernes-con-sabor-solidaridad,,,,NO_PRECISE_DATE_ALREADY_NULL,
9332,https://www.masencarnacion.com/articulo/todo-listo-para-una-jornada-de-running-y-solidaridad-en-encarnacion,,,,NO_PRECISE_DATE_ALREADY_NULL,
9333,https://www.masencarnacion.com/articulo/pesar-del-clima-la-pasion-por-la-danza-los-trajo-nuevamente-encarnacion,,,,NO_PRECISE_DATE_ALREADY_NULL,
9334,https://www.masencarnacion.com/articulo/productoras-de-nueva-alborada-llegan-encarnacion-con-productos-frescos-y-piden-el-apoyo-de-la-ciudadania,,,,NO_PRECISE_DATE_ALREADY_NULL,
9335,https://www.masencarnacion.com/articulo/crece-la-preocupacion-por-el-lento-avance-de-las-obras-en-la-ruta-graneros-del-sur,,,,NO_PRECISE_DATE_ALREADY_NULL,
9336,https://www.masencarnacion.com/articulo/cerca-de-40-bailarines-preparan-un-gran-espectaculo-por-la-juventud-y-la-primavera-en-capitan-miranda,,,,NO_PRECISE_DATE_ALREADY_NULL,
9337,https://www.masencarnacion.com/articulo/mas-de-1800-ninos-ponen-en-marcha-la-7-edicion-de-goles-por-mi-barrio,,,,NO_PRECISE_DATE_ALREADY_NULL,
9338,https://www.masencarnacion.com/articulo/bebe-indigena-presentaba-cuadro-de-desnutricion-y-muere-durante-traslado-de-pjc-asuncion,,,,NO_PRECISE_DATE_ALREADY_NULL,
9339,https://www.masencarnacion.com/articulo/patrulla-caminera-reitera-que-las-motos-no-deben-circular-por-la-vereda,,,,NO_PRECISE_DATE_ALREADY_NULL,
9340,https://www.masencarnacion.com/articulo/gustavo-alfaro-renovara-su-contrato-con-la-albirroja,,,,NO_PRECISE_DATE_ALREADY_NULL,
9341,https://www.masencarnacion.com/articulo/motociclista-muere-tras-impactar-contra-la-parte-trasera-de-un-camion-en-pirapey,,,,NO_PRECISE_DATE_ALREADY_NULL,
9342,https://www.masencarnacion.com/articulo/vecinos-de-capitan-miranda-exigen-lomadas-ante-el-peligroso-cruce-lopoja,,,,NO_PRECISE_DATE_ALREADY_NULL,
9343,https://www.masencarnacion.com/articulo/la-escuela-adela-speratti-prepara-su-segundo-festival-internacional-en-obligado,,,,NO_PRECISE_DATE_ALREADY_NULL,
9344,https://www.masencarnacion.com/articulo/armada-paraguaya-conmemora-su-dia-y-rinde-homenaje-la-virgen-stella-maris,,,,NO_PRECISE_DATE_ALREADY_NULL,
9345,https://www.masencarnacion.com/articulo/el-parque-de-la-salud-se-pone-punto-para-recibir-la-primavera-en-encarnacion,,,,NO_PRECISE_DATE_ALREADY_NULL,
9346,https://www.masencarnacion.com/articulo/remesowski-llama-la-unidad-colorada-y-reivindica-el-trabajo-realizado-de-cara-al-4-de-octubre,,,,NO_PRECISE_DATE_ALREADY_NULL,
9347,https://www.masencarnacion.com/articulo/el-partido-colorado-conmemoro-139-anos-de-historia-con-un-acto-y-reconocimientos-en-encarnacion,,,,NO_PRECISE_DATE_ALREADY_NULL,
9348,https://www.masencarnacion.com/articulo/tragico-accidente-en-cde-camionero-pierde-la-vida-tras-violento-vuelco-en-rotonda,,,,NO_PRECISE_DATE_ALREADY_NULL,
9349,https://www.masencarnacion.com/articulo/detienen-paraguaya-con-11-kilos-de-cocaina-adheridos-al-cuerpo,,,,NO_PRECISE_DATE_ALREADY_NULL,
9350,https://www.masencarnacion.com/articulo/detienen-en-la-placita-municipal-un-hombre-con-orden-de-captura-por-hurto-agravado,,,,NO_PRECISE_DATE_ALREADY_NULL,
9351,https://www.masencarnacion.com/articulo/joven-fue-aprehendido-con-presunta-cocaina-durante-unas-olimpiadas-estudiantiles-en-coronel-bogado,,,,NO_PRECISE_DATE_ALREADY_NULL,
9352,https://www.masencarnacion.com/articulo/ironman-703-llega-encarnacion-y-pone-paraguay-en-el-mapa-mundial-del-triatlon,,,,NO_PRECISE_DATE_ALREADY_NULL,
10130,https://www.masencarnacion.com/articulo/tsje-inicia-auditoria-de-maletines-electorales-de-cara-las-municipales-2026,,,,NO_PRECISE_DATE_ALREADY_NULL,
10131,https://www.masencarnacion.com/articulo/hugo-javier-ya-respira-solo-y-hasta-pregunto-por-madre,,,,NO_PRECISE_DATE_ALREADY_NULL,
10132,https://www.masencarnacion.com/articulo/policia-reporta-17-aprehendidos-y-detenidos-durante-operativos-en-itapua,,,,NO_PRECISE_DATE_ALREADY_NULL,
10133,https://www.masencarnacion.com/articulo/candidato-promete-moteles-gratis-si-gana-en-itaugua,,,,NO_PRECISE_DATE_ALREADY_NULL,
10134,https://www.masencarnacion.com/articulo/mujer-recibe-un-disparo-en-el-rostro-tras-confuso-episodio-en-capiata,,,,NO_PRECISE_DATE_ALREADY_NULL,
10135,https://www.masencarnacion.com/articulo/mujer-fue-detenida-luego-de-asesinar-punaladas-su-concubino-en-san-pedro-2,,,,NO_PRECISE_DATE_ALREADY_NULL,
10136,https://www.masencarnacion.com/articulo/docentes-volverian-reunirse-el-martes-con-autoridades-para-debatir-aumento-salarial,,,,NO_PRECISE_DATE_ALREADY_NULL,
10137,https://www.masencarnacion.com/articulo/indonesia-al-menos-seis-muertos-y-129-desaparecidos-tras-el-naufragio-de-un-barco,,,,NO_PRECISE_DATE_ALREADY_NULL,
10138,https://www.masencarnacion.com/articulo/tribunal-revoca-decision-sobre-plazo-de-45-dias-la-eby-y-establece-que-no-es-organo-de-control,,,,NO_PRECISE_DATE_ALREADY_NULL,
10139,https://www.masencarnacion.com/articulo/el-diesel-aumenta-hasta-g11100-por-litro-en-los-emblemas-privados,,,,NO_PRECISE_DATE_ALREADY_NULL,
10140,https://www.masencarnacion.com/articulo/denuncio-su-propio-hijo-por-hurto-y-la-policia-termino-aprehendiendolo,,,,NO_PRECISE_DATE_ALREADY_NULL,
10141,https://www.masencarnacion.com/articulo/mujer-fue-detenida-luego-de-asesinar-punaladas-su-concubino-en-san-pedro,,,,NO_PRECISE_DATE_ALREADY_NULL,
10142,https://www.masencarnacion.com/articulo/caen-jovenes-tras-profanar-tumbas-en-cementerio-los-raparon-como-castigo,,,,NO_PRECISE_DATE_ALREADY_NULL,
10143,https://www.masencarnacion.com/articulo/el-papa-leon-xiv-celebra-su-71-cumpleanos-con-una-jornada-de-trabajo-normal,,,,NO_PRECISE_DATE_ALREADY_NULL,
10144,https://www.masencarnacion.com/articulo/aprehenden-un-hombre-y-recuperan-herramientas-hurtadas-en-ita-paso,,,,NO_PRECISE_DATE_ALREADY_NULL,
10145,https://www.masencarnacion.com/articulo/matias-galarza-hizo-su-debut-en-el-inter-miami,,,,NO_PRECISE_DATE_ALREADY_NULL,
10146,https://www.masencarnacion.com/articulo/subseccional-n-2-valentin-britez-conmemoro-aniversario-del-partido-colorado,,,,NO_PRECISE_DATE_ALREADY_NULL,
10147,https://www.masencarnacion.com/articulo/miles-marchan-en-brasil-favor-de-la-reeleccion-de-lula,,,,NO_PRECISE_DATE_ALREADY_NULL,
10148,https://www.masencarnacion.com/articulo/capitan-miranda-vibro-al-ritmo-de-la-juventud-con-una-multitudinaria-caravana-estudiantil,,,,NO_PRECISE_DATE_ALREADY_NULL,
10149,https://www.masencarnacion.com/articulo/paraguay-campeon-del-mundo-la-albirroja-c15-conquista-el-mundial-de-futbol-de-salon,,,,NO_PRECISE_DATE_ALREADY_NULL,
10150,https://www.masencarnacion.com/articulo/aprehenden-un-hombre-tras-agredir-una-mujer-en-la-terminal-de-omnibus-de-encarnacion,,,,NO_PRECISE_DATE_ALREADY_NULL,
10151,https://www.masencarnacion.com/articulo/multitudinaria-participacion-en-el-encuentro-ciudadano-la-ciudad-que-se-viene,2026-09-13T21:00:00-03:00,2026-09-13T21:00:00-03:00,,REQUEST_ERROR,404 Client Error: Not Found for url: https://www.masencarnacion.com/404
10152,https://www.masencarnacion.com/articulo/en-3-semanas-llegaran-los-medicamentos-ips-anuncian,,,,NO_PRECISE_DATE_ALREADY_NULL,
10153,https://www.masencarnacion.com/articulo/alpha-taekwondo-club-celebro-con-exito-su-examen-de-graduacion-de-cinturon-negro,,,,NO_PRECISE_DATE_ALREADY_NULL,
10199,https://www.masencarnacion.com/articulo/incineran-2800-kilos-de-marihuana-incautados-tras-vuelco-de-camion,,,,NO_PRECISE_DATE_ALREADY_NULL,
10200,https://www.masencarnacion.com/articulo/estudiantes-de-encarnacion-ponen-en-valor-la-memoria-historica-100-anos-del-ciclon,,,,NO_PRECISE_DATE_ALREADY_NULL,
10243,https://www.masencarnacion.com/articulo/municipalidad-de-cambyreta-entrega-g-150-millones-para-obras-comunitarias-en-barrio-valdez,,,,NO_PRECISE_DATE_ALREADY_NULL,
10244,https://www.masencarnacion.com/articulo/mujer-es-baleada-tras-discusion-y-forcejeo-con-su-pareja-en-capiata,,,,NO_PRECISE_DATE_ALREADY_NULL,
10245,https://www.masencarnacion.com/articulo/mirtha-legrand-recibio-el-alta-medica-tras-una-semana-internada,,,,NO_PRECISE_DATE_ALREADY_NULL,
10246,https://www.masencarnacion.com/articulo/misterio-en-paso-yobai-vaca-aparecio-muerta-sin-ojos-ni-lengua-y-con-cola-atada,,,,NO_PRECISE_DATE_ALREADY_NULL,
10247,https://www.masencarnacion.com/articulo/aprehenden-un-hombre-tras-denuncia-de-presunto-abuso-sexual-contra-una-nina-en-bella-vista,,,,NO_PRECISE_DATE_ALREADY_NULL,
10248,https://www.masencarnacion.com/articulo/agosto-fue-el-mes-mas-caluroso-jamas-registrado-nivel-mundial-segun-copernicus,,,,NO_PRECISE_DATE_ALREADY_NULL,
10291,https://www.masencarnacion.com/articulo/aprehenden-hombre-tras-protagonizar-presunto-episodio-de-violencia-familiar-en-chaipe,,,,NO_PRECISE_DATE_ALREADY_NULL,
10292,https://www.masencarnacion.com/articulo/municipalidad-de-encarnacion-habilita-atencion-los-sabados-y-ofrece-descuentos-de-hasta-el-50,,,,NO_PRECISE_DATE_ALREADY_NULL,
10293,https://www.masencarnacion.com/articulo/inauguran-historica-pista-deportiva-en-la-escuela-domingo-robledo-del-barrio-santo-domingo,,,,NO_PRECISE_DATE_ALREADY_NULL,
10294,https://www.masencarnacion.com/articulo/luis-yd-donara-su-ultimo-salario-como-intendente-los-bomberos-voluntarios,,,,NO_PRECISE_DATE_ALREADY_NULL,
10295,https://www.masencarnacion.com/articulo/pmt-destaca-fin-de-semana-tranquilo-y-con-pocos-incidentes-viales-en-encarnacion,,,,NO_PRECISE_DATE_ALREADY_NULL,
11044,https://www.masencarnacion.com/articulo/japon-supera-por-primera-vez-las-100000-personas-de-100-anos-o-mas,,,,NO_PRECISE_DATE_ALREADY_NULL,
11045,https://www.masencarnacion.com/articulo/hugo-javier-en-terapia-pero-sin-sedantes-ni-respirador,,,,NO_PRECISE_DATE_ALREADY_NULL,
11046,https://www.masencarnacion.com/articulo/trabajo-y-oportunidades-jovenes-participan-de-feria-laboral-en-encarnacion,,,,NO_PRECISE_DATE_ALREADY_NULL,
11047,https://www.masencarnacion.com/articulo/escuela-y-colegio-de-santo-domingo-cuentan-con-moderna-pista-deportiva,,,,NO_PRECISE_DATE_ALREADY_NULL,
11048,https://www.masencarnacion.com/articulo/petropar-ataja-por-una-semana-la-quinta-suba-de-combustibles,,,,NO_PRECISE_DATE_ALREADY_NULL,
11049,https://www.masencarnacion.com/articulo/hombre-fue-herido-con-un-arma-blanca-al-intentar-auxiliar-su-sobrina-en-san-pedro-del-parana,,,,NO_PRECISE_DATE_ALREADY_NULL,
11050,https://www.masencarnacion.com/articulo/presentan-la-1-corrida-de-la-juventud-5k-en-san-juan-del-parana,,,,NO_PRECISE_DATE_ALREADY_NULL,
11051,https://www.masencarnacion.com/articulo/contenedor-con-25000-kilos-de-carne-fue-localizado-en-capitan-meza,,,,NO_PRECISE_DATE_ALREADY_NULL,
11052,https://www.masencarnacion.com/articulo/keiji-ishibashi-encarnacion-va-ir-hacia-adelante,,,,NO_PRECISE_DATE_ALREADY_NULL,
11053,https://www.masencarnacion.com/articulo/uti-de-adultos-del-hgi-378-pacientes-superaron-cuidados-intensivos-en-lo-que-va-de-2026,,,,NO_PRECISE_DATE_ALREADY_NULL,
11054,https://www.masencarnacion.com/articulo/orgullo-carmeno-facundo-barreto-se-consagra-campeon-del-mundo-con-paraguay,,,,NO_PRECISE_DATE_ALREADY_NULL,
11055,https://www.masencarnacion.com/articulo/cambyreta-destina-recursos-para-apoyar-estudiantes-en-campamento-nacional-de-turismo,,,,NO_PRECISE_DATE_ALREADY_NULL,
11366,https://www.masencarnacion.com/articulo/natalidad-cae-en-paraguay-y-poblacion-tiende-envejecer,,,,NO_PRECISE_DATE_ALREADY_NULL,
11367,https://www.masencarnacion.com/articulo/joven-motociclista-resulta-herida-tras-choque-con-retroexcavadora-en-arroyo-pora,,,,NO_PRECISE_DATE_ALREADY_NULL,
11368,https://www.masencarnacion.com/articulo/furia-natural-revive-en-pantalla-el-ciclon-que-azoto-encarnacion,,,,NO_PRECISE_DATE_ALREADY_NULL,
11369,https://www.masencarnacion.com/articulo/capturan-excontador-municipal-de-jesus-condenado-por-corrupcion,,,,NO_PRECISE_DATE_ALREADY_NULL,
11370,https://www.masencarnacion.com/articulo/paraguay-celebra-el-dia-de-la-polca-paraguaya,,,,NO_PRECISE_DATE_ALREADY_NULL,
11371,https://www.masencarnacion.com/articulo/mades-custodia-migracion-de-cardumenes-y-refuerza-controles-de-pesca-en-cauces-hidricos,,,,NO_PRECISE_DATE_ALREADY_NULL,
11372,https://www.masencarnacion.com/articulo/nuevo-presidente-del-ips-priorizara-medicamentos-y-servicios-para-asegurados,,,,NO_PRECISE_DATE_ALREADY_NULL,
11373,https://www.masencarnacion.com/articulo/gobierno-entrega-mas-de-1000-titulos-de-propiedad-campesinos,,,,NO_PRECISE_DATE_ALREADY_NULL,
11374,https://www.masencarnacion.com/articulo/tras-dejar-la-intendencia-luis-yd-quiere-volver-vestir-el-uniforme-de-bombero,,,,NO_PRECISE_DATE_ALREADY_NULL,
11375,https://www.masencarnacion.com/articulo/prevencion-de-la-autoeliminacion-promueven-la-escucha-activa-y-el-acompanamiento-en-encarnacion,,,,NO_PRECISE_DATE_ALREADY_NULL,
11376,https://www.masencarnacion.com/articulo/avanza-el-proyecto-de-la-primera-plaza-ecologica-de-cambyreta,,,,NO_PRECISE_DATE_ALREADY_NULL,
11377,https://www.masencarnacion.com/articulo/motociclista-resulto-herida-tras-colision-con-un-automovil-en-coronel-bogado,,,,NO_PRECISE_DATE_ALREADY_NULL,
11378,https://www.masencarnacion.com/articulo/camioneta-volco-tras-reventon-de-neumatico-y-dejo-dos-heridos-en-general-artigas,,,,NO_PRECISE_DATE_ALREADY_NULL,
11379,https://www.masencarnacion.com/articulo/imputan-y-ordenan-detencion-de-altos-mandos-de-senad-vinculados-lalo-gomes,,,,NO_PRECISE_DATE_ALREADY_NULL,
11380,https://www.masencarnacion.com/articulo/inicia-la-construccion-de-la-nueva-losa-de-la-capilla-virgen-del-rosario,,,,NO_PRECISE_DATE_ALREADY_NULL,
11381,https://www.masencarnacion.com/articulo/chambito-llega-encarnacion-y-busca-prestadores-de-servicios-durante-feria-de-empleo,,,,NO_PRECISE_DATE_ALREADY_NULL,
11382,https://www.masencarnacion.com/articulo/delincuentes-hurtan-celulares-de-alta-gama-de-un-local-comercial-en-encarnacion,,,,NO_PRECISE_DATE_ALREADY_NULL,
11383,https://www.masencarnacion.com/articulo/siete-casillas-destruidas-y-primer-piso-de-un-shopping-afectado-es-el-saldo-del-incendio-en-cde,,,,NO_PRECISE_DATE_ALREADY_NULL,
11384,https://www.masencarnacion.com/articulo/le-arranco-sus-pertenencias-mientras-esperaba-el-omnibus-y-termino-aprehendido,,,,NO_PRECISE_DATE_ALREADY_NULL,
11436,https://www.masencarnacion.com/articulo/nuevas-jornadas-oftalmologicas-llegan-encarnacion-con-precampana-para-cirugnias-de-cataratas,,,,NO_PRECISE_DATE_ALREADY_NULL,
11437,https://www.masencarnacion.com/articulo/cartes-confirma-baruja-como-dupla-de-alliana-para-2028,,,,NO_PRECISE_DATE_ALREADY_NULL,
11438,https://www.masencarnacion.com/articulo/subsidio-para-adultos-mayores-subira-en-2027,,,,NO_PRECISE_DATE_ALREADY_NULL,
11466,https://www.masencarnacion.com/articulo/septiembre-amarillo-invitan-un-encuentro-para-hablar-del-valor-de-la-vida,,,,NO_PRECISE_DATE_ALREADY_NULL,
11467,https://www.masencarnacion.com/articulo/nueva-comision-para-fortalecer-las-acciones-de-prevencion-y-cuidado-de-la-salud-mental-en-encarnacion,,,,NO_PRECISE_DATE_ALREADY_NULL,
11594,https://www.masencarnacion.com/articulo/fiesta-patronal-de-la-iglesia-ortodoxa-de-alborada-ii-se-realizara-el-20-de-septiembre,,,,NO_PRECISE_DATE_ALREADY_NULL,
12034,https://www.masencarnacion.com/articulo/estudiantes-de-encarnacion-presentaron-mas-de-40-proyectos-en-una-feria-de-ciencias,,,,NO_PRECISE_DATE_ALREADY_NULL,
12035,https://www.masencarnacion.com/articulo/color-alegria-y-juventud-se-apoderan-del-colegio-san-roque-de-encarnacion,,,,NO_PRECISE_DATE_ALREADY_NULL,
12036,https://www.masencarnacion.com/articulo/tragedia-en-los-angeles-cae-un-helicoptero-de-la-cadena-nbc-y-mueren-tres-personas,,,,NO_PRECISE_DATE_ALREADY_NULL,
12037,https://www.masencarnacion.com/articulo/encarnacion-ya-conoce-sus-rivales-para-el-nacional-c13-de-futbol-de-salon,,,,NO_PRECISE_DATE_ALREADY_NULL,
12038,https://www.masencarnacion.com/articulo/llaman-becarios-de-itapua-presentar-documentos-para-acceder-al-segundo-desembolso,,,,NO_PRECISE_DATE_ALREADY_NULL,
12039,https://www.masencarnacion.com/articulo/messi-su-ultimo-partido-con-la-albiceleste-el-6-de-octubre,,,,NO_PRECISE_DATE_ALREADY_NULL,
12040,https://www.masencarnacion.com/articulo/piden-ayuda-para-juan-quien-necesita-reunir-g-24-millones-para-una-cirugia-cardiaca,,,,NO_PRECISE_DATE_ALREADY_NULL,
12041,https://www.masencarnacion.com/articulo/gobierno-presentara-propuesta-salarial-mejorada-al-gremio-docente,,,,NO_PRECISE_DATE_ALREADY_NULL,
12042,https://www.masencarnacion.com/articulo/viceministro-de-salud-pide-disculpas-publicas-y-pone-su-cargo-disposicion,,,,NO_PRECISE_DATE_ALREADY_NULL,
12043,https://www.masencarnacion.com/articulo/lanzan-licitacion-para-mejorar-cocinas-y-comedores-escolares-en-itapua,,,,NO_PRECISE_DATE_ALREADY_NULL,
12044,https://www.masencarnacion.com/articulo/boca-juniors-sobrevive-la-reaccion-de-sao-paulo-y-se-planta-en-semifinales,,,,NO_PRECISE_DATE_ALREADY_NULL,
12045,https://www.masencarnacion.com/articulo/cambyreta-impulsa-la-produccion-local-con-entrega-de-plantines-para-huertas-familiares,,,,NO_PRECISE_DATE_ALREADY_NULL,
12046,https://www.masencarnacion.com/articulo/el-hospital-general-de-itapua-realiza-jornadas-de-cirugias-de-cataratas-con-tecnicas-especializadas,,,,NO_PRECISE_DATE_ALREADY_NULL,
12047,https://www.masencarnacion.com/articulo/colapsa-edificio-en-gaza-20-muertos-y-60-desaparecidos,,,,NO_PRECISE_DATE_ALREADY_NULL,
12048,https://www.masencarnacion.com/articulo/gobierno-convoca-paraguayos-interesados-en-trabajar-en-espana,,,,NO_PRECISE_DATE_ALREADY_NULL,
12049,https://www.masencarnacion.com/articulo/tragedia-aerea-en-brasil-dos-paraguayos-murieron-calcinados-al-caer-avion,,,,NO_PRECISE_DATE_ALREADY_NULL,
12050,https://www.masencarnacion.com/articulo/nuevo-modus-operandi-cargaron-una-motocicleta-en-una-furgoneta-y-la-hurtaron-de-un-supermercado,,,,NO_PRECISE_DATE_ALREADY_NULL,
12051,https://www.masencarnacion.com/articulo/reunion-clave-entre-cartes-y-alliana-hoy,,,,NO_PRECISE_DATE_ALREADY_NULL,
12052,https://www.masencarnacion.com/articulo/eparacion-de-canerias-sobre-la-ruta-14-en-cambyreta-se-realiza-en-trabajo-conjunto-con-la-essap,,,,NO_PRECISE_DATE_ALREADY_NULL,
12053,https://www.masencarnacion.com/articulo/ips-encarnacion-espera-que-la-nueva-presidencia-de-continuidad-los-proyectos-pendientes,,,,NO_PRECISE_DATE_ALREADY_NULL,
12054,https://www.masencarnacion.com/articulo/joven-fue-atacada-mientras-dormia-y-baleada-por-un-encapuchado,,,,NO_PRECISE_DATE_ALREADY_NULL,
12055,https://www.masencarnacion.com/articulo/sobrina-de-lalo-se-entrega-la-policia,,,,NO_PRECISE_DATE_ALREADY_NULL,
12056,https://www.masencarnacion.com/articulo/zapateros-en-descalce-piden-apoyar-lo-nacional-y-frenar-ingreso-de-productos-chinos,,,,NO_PRECISE_DATE_ALREADY_NULL,
12288,https://www.masencarnacion.com/articulo/paraguaya-fallecio-tras-derrumbe-de-edificio-en-brasil,,,,NO_PRECISE_DATE_ALREADY_NULL,
12289,https://www.masencarnacion.com/articulo/tres-nominaciones-para-berta-rojas-en-el-latin-grammy-2026,,,,NO_PRECISE_DATE_ALREADY_NULL,
12290,https://www.masencarnacion.com/articulo/elevan-mas-de-28-anos-la-condena-contra-marcelo-piloto-por-el-crimen-en-la-agrupacion,,,,NO_PRECISE_DATE_ALREADY_NULL,
12291,https://www.masencarnacion.com/articulo/un-fallecido-en-triple-choque-en-la-ruta-py08-san-pedro,,,,NO_PRECISE_DATE_ALREADY_NULL,
12292,https://www.masencarnacion.com/articulo/pena-seria-el-segundo-presidente-en-visitar-venezuela-tras-la-caida-de-maduro,,,,NO_PRECISE_DATE_ALREADY_NULL,
12293,https://www.masencarnacion.com/articulo/pornografia-infantil-revelan-modus-operandi-de-psicologo-brasileno,,,,NO_PRECISE_DATE_ALREADY_NULL,
12294,https://www.masencarnacion.com/articulo/operacion-paso-bravo-asesta-golpe-de-usd-6-millones-al-narcotrafico-con-el-decomiso-de-mas-de-40000-kg-de-marihuana,,,,NO_PRECISE_DATE_ALREADY_NULL,
12295,https://www.masencarnacion.com/articulo/hugo-javier-hizo-al-pelo-y-pidio-escuchar-musica-en-su-recuperacion-es-un-signo-muy-positivo,,,,NO_PRECISE_DATE_ALREADY_NULL,
12296,https://www.masencarnacion.com/articulo/gobierno-inaugura-octavo-centro-de-atencion-la-primera-infancia-en-san-estanislao,,,,NO_PRECISE_DATE_ALREADY_NULL,
12297,https://www.masencarnacion.com/articulo/avanza-el-proyecto-del-primer-parque-ecologico-de-cambyreta-en-el-barrio-los-maestros,,,,NO_PRECISE_DATE_ALREADY_NULL,
12335,https://www.masencarnacion.com/articulo/policia-intensifica-barreras-de-control-en-distintos-puntos-de-itapua,,,,NO_PRECISE_DATE_ALREADY_NULL,
12336,https://www.masencarnacion.com/articulo/mas-de-800-embarazos-adolescentes-en-itapua-generan-preocupacion-y-refuerzan-el-llamado-la-prevencion,,,,NO_PRECISE_DATE_ALREADY_NULL,
12337,https://www.masencarnacion.com/articulo/100-anos-del-ciclon-de-encarnacion-el-teatro-vuelve-contar-la-tragedia-de-aquel-20-de-septiembre,,,,NO_PRECISE_DATE_ALREADY_NULL,
12370,https://www.masencarnacion.com/articulo/adultos-mayores-conquistan-las-tablas-teatrales-en-itapua,,,,NO_PRECISE_DATE_ALREADY_NULL,
12839,https://www.masencarnacion.com/articulo/delincuentes-ingresan-una-vivienda-y-roban-pertenencias-mientras-la-familia-acompanaba-un-familiar-internado,,,,NO_PRECISE_DATE_ALREADY_NULL,
12840,https://www.masencarnacion.com/articulo/movil-mujer-acerca-servicios-gratuitos-de-salud-y-asistencia-social-al-barrio-chino,,,,NO_PRECISE_DATE_ALREADY_NULL,
12841,https://www.masencarnacion.com/articulo/cuatro-vehiculos-estuvieron-involucrados-en-siniestro-fatal-sobre-la-avenida-victor-matiauda,,,,NO_PRECISE_DATE_ALREADY_NULL,
12842,https://www.masencarnacion.com/articulo/inauguran-sistema-de-agua-potable-en-3-de-mayo-pradera-alta,,,,NO_PRECISE_DATE_ALREADY_NULL,
12843,https://www.masencarnacion.com/articulo/jornada-de-dermatologia-y-radioocologia-en-la-uni,,,,NO_PRECISE_DATE_ALREADY_NULL,
12844,https://www.masencarnacion.com/articulo/encarnacion-se-prepara-la-13-edicion-de-la-tradicional-carrera-de-triciclos,,,,NO_PRECISE_DATE_ALREADY_NULL,
12845,https://www.masencarnacion.com/articulo/exintendente-de-jesus-de-tavarangue-seguira-preso-en-caso-de-presunta-violacion-de-ley-de-armas,,,,NO_PRECISE_DATE_ALREADY_NULL,
12846,https://www.masencarnacion.com/articulo/motociclista-fallece-tras-violento-accidente-en-la-avenida-victor-matiauda,,,,NO_PRECISE_DATE_ALREADY_NULL,
12847,https://www.masencarnacion.com/articulo/estudiantes-clasifica-semis-con-final-dramatico,,,,NO_PRECISE_DATE_ALREADY_NULL,
12848,https://www.masencarnacion.com/articulo/allanan-vivienda-en-mayor-otano-y-detienen-hombre-con-orden-de-captura,,,,NO_PRECISE_DATE_ALREADY_NULL,
12849,https://www.masencarnacion.com/articulo/carlos-pereira-plantea-acciones-ante-la-falta-de-agua-y-las-perdidas-de-la-essap,,,,NO_PRECISE_DATE_ALREADY_NULL,
12850,https://www.masencarnacion.com/articulo/nuevo-sistema-de-agua-potable-beneficia-familias-del-barrio-santa-rita,,,,NO_PRECISE_DATE_ALREADY_NULL,
12851,https://www.masencarnacion.com/articulo/joven-madre-muere-atropellada-cuando-iba-al-dentista-en-minga-guazu,,,,NO_PRECISE_DATE_ALREADY_NULL,
12852,https://www.masencarnacion.com/articulo/operativo-dinastia-padre-e-hijo-detenidos-por-presunto-fraude-con-vehiculos,,,,NO_PRECISE_DATE_ALREADY_NULL,
12853,https://www.masencarnacion.com/articulo/desmantelan-celda-de-un-recluso-que-distribuiria-drogas-dentro-de-la-carcel-de-pedro-juan-caballero,,,,NO_PRECISE_DATE_ALREADY_NULL,
12854,https://www.masencarnacion.com/articulo/presentan-libro-que-rescata-historias-del-ciclon-que-devasto-encarnacion-en-1926,,,,NO_PRECISE_DATE_ALREADY_NULL,
12855,https://www.masencarnacion.com/articulo/condenan-30-anos-de-prision-al-autor-del-feminicidio-de-karen-gissel-melgarejo,,,,NO_PRECISE_DATE_ALREADY_NULL,
12856,https://www.masencarnacion.com/articulo/funcionarios-de-copaco-detenidos-por-robar-cables-de-la-entidad,,,,NO_PRECISE_DATE_ALREADY_NULL,
12857,https://www.masencarnacion.com/articulo/municipalidad-realiza-trabajos-de-mantenimiento-en-paso-vehicular-entre-santa-maria-y-san-pedro,,,,NO_PRECISE_DATE_ALREADY_NULL,
12858,https://www.masencarnacion.com/articulo/senad-allana-vivienda-y-encuentra-11-paquetes-de-supuesta-base-enterrados-en-nueva-alborada,,,,NO_PRECISE_DATE_ALREADY_NULL,
12859,https://www.masencarnacion.com/articulo/historico-la-espada-de-san-miguel-arcangel-dejara-italia-y-viene-paraguay,,,,NO_PRECISE_DATE_ALREADY_NULL,
12860,https://www.masencarnacion.com/articulo/gobierno-acuerda-reajuste-salarial-del-5-para-los-docentes-desde-2027,,,,NO_PRECISE_DATE_ALREADY_NULL,
12861,https://www.masencarnacion.com/articulo/fundador-de-tiktok-ya-es-el-hombre-mas-rico-de-asia,,,,NO_PRECISE_DATE_ALREADY_NULL,
13025,https://www.masencarnacion.com/articulo/ser-jdkfjg,2026-09-16T21:00:00-03:00,2026-09-16T21:00:00-03:00,,REQUEST_ERROR,404 Client Error: Not Found for url: https://www.masencarnacion.com/404
13551,https://www.masencarnacion.com/articulo/accidente-en-la-autopista-nu-guasu-deja-un-motociclista-fallecido,,,,NO_PRECISE_DATE_ALREADY_NULL,
13552,https://www.masencarnacion.com/articulo/quema-de-basura-termina-en-incendio-de-pastizal-cerca-de-la-placita-municipal,,,,NO_PRECISE_DATE_ALREADY_NULL,
13553,https://www.masencarnacion.com/articulo/refuerzan-la-seguridad-vial-frente-escuelas-de-cambyreta-con-nuevos-reductores-de-velocidad,,,,NO_PRECISE_DATE_ALREADY_NULL,
13554,https://www.masencarnacion.com/articulo/abandonan-camioneta-con-presunta-marihuana-tras-persecucion-en-ybyrarobana,,,,NO_PRECISE_DATE_ALREADY_NULL,
13555,https://www.masencarnacion.com/articulo/primavera-las-flores-de-estacion-llegan-los-viveros-para-renovar-jardines-y-balcones,,,,NO_PRECISE_DATE_ALREADY_NULL,
13556,https://www.masencarnacion.com/articulo/14-nuevos-agentes-se-incorporan-la-pmt-y-27-inspectores-ascienden-de-grado-en-encarnacion,,,,NO_PRECISE_DATE_ALREADY_NULL,
13557,https://www.masencarnacion.com/articulo/juventud-paraguaya-15-millones-tienen-entre-15-y-29-anos,,,,NO_PRECISE_DATE_ALREADY_NULL,
13558,https://www.masencarnacion.com/articulo/descubren-una-nueva-especie-de-gato-silvestre-en-los-bosques-de-bolivia,,,,NO_PRECISE_DATE_ALREADY_NULL,
13559,https://www.masencarnacion.com/articulo/nacional-y-2-de-mayo-dos-candidatos-que-buscan-avivar-la-ilusion,,,,NO_PRECISE_DATE_ALREADY_NULL,
13560,https://www.masencarnacion.com/articulo/luis-yd-anuncia-pedido-de-reivindicacion-salarial-para-agentes-de-seguridad-y-transito,,,,NO_PRECISE_DATE_ALREADY_NULL,
13561,https://www.masencarnacion.com/articulo/ceremonia-liturgica-en-honor-santa-rosa-reunio-agentes-de-la-policia-municipal,,,,NO_PRECISE_DATE_ALREADY_NULL,
13562,https://www.masencarnacion.com/articulo/perforan-pozo-artesiano-para-abastecer-de-agua-potable-al-barrio-san-isidro-de-encarnacion,,,,NO_PRECISE_DATE_ALREADY_NULL,
13563,https://www.masencarnacion.com/articulo/carlos-pereira-impulsa-salud-mental-sin-puertas-como-espacio-de-escucha-y-prevencion,,,,NO_PRECISE_DATE_ALREADY_NULL,
13564,https://www.masencarnacion.com/articulo/capitan-miranda-inaugura-nueva-pista-deportiva-multifuncional-para-fortalecer-el-deporte-local,,,,NO_PRECISE_DATE_ALREADY_NULL,
13565,https://www.masencarnacion.com/articulo/municipalidad-de-cambyreta-fortalece-el-servicio-de-emergencia-con-importante-aporte-los-bomberos-voluntarios,,,,NO_PRECISE_DATE_ALREADY_NULL,
13566,https://www.masencarnacion.com/articulo/vaticano-buscara-una-nominacion-los-oscar-por-primera-vez-en-la-historia,,,,NO_PRECISE_DATE_ALREADY_NULL,
13567,https://www.masencarnacion.com/articulo/cheba-propone-que-comerciantes-participen-en-la-planificacion-de-encarnacion,,,,NO_PRECISE_DATE_ALREADY_NULL,
13568,https://www.masencarnacion.com/articulo/avanza-la-conectividad-satelital-para-400-escuelas-del-interior,,,,NO_PRECISE_DATE_ALREADY_NULL,
13569,https://www.masencarnacion.com/articulo/se-entrega-exjefe-de-senad-buscado-por-caso-filtracion-lalo,,,,NO_PRECISE_DATE_ALREADY_NULL,
13570,https://www.masencarnacion.com/articulo/lamentamos-lo-ocurrido-directora-se-pronuncia-tras-incidente-con-alumno,,,,NO_PRECISE_DATE_ALREADY_NULL,
13571,https://www.masencarnacion.com/articulo/micro-con-alumnos-paraguayos-choco-en-brasil,,,,NO_PRECISE_DATE_ALREADY_NULL,
13572,https://www.masencarnacion.com/articulo/incautan-vehiculo-de-alta-gama-en-el-puente-de-la-amistad,,,,NO_PRECISE_DATE_ALREADY_NULL,
13573,https://www.masencarnacion.com/articulo/clases-normales-hoy-tras-acuerdo-unanime-con-docentes,,,,NO_PRECISE_DATE_ALREADY_NULL,
13574,https://www.masencarnacion.com/articulo/se-busca-recuperar-las-dunas-de-san-cosme-y-damian,,,,NO_PRECISE_DATE_ALREADY_NULL,
13593,https://www.masencarnacion.com/articulo/investigan-caso-de-mordedura-de-perro-difundido-en-redes-sociales-en-cambyreta,,,,NO_PRECISE_DATE_ALREADY_NULL,
13594,https://www.masencarnacion.com/articulo/dos-hombres-con-orden-de-captura-fueron-detenidos-en-ciudad-nueva,,,,NO_PRECISE_DATE_ALREADY_NULL,
13595,https://www.masencarnacion.com/articulo/hugo-javier-vuelve-alimentarse-por-boca-y-logra-ponerse-de-pie-con-asistencia,,,,NO_PRECISE_DATE_ALREADY_NULL,
13596,https://www.masencarnacion.com/articulo/dialogo-entre-gobierno-y-bancos-ratifica-solidez-del-sistema-financiero-y-predisposicion-la-transparencia,,,,NO_PRECISE_DATE_ALREADY_NULL,
13597,https://www.masencarnacion.com/articulo/isaias-fretes-jura-como-nuevo-ministro-de-salud,,,,NO_PRECISE_DATE_ALREADY_NULL,
13598,https://www.masencarnacion.com/articulo/reaparece-el-amenazado-yetapa-de-collar-en-la-reserva-yacyreta,,,,NO_PRECISE_DATE_ALREADY_NULL,
13599,https://www.masencarnacion.com/articulo/localizan-vehiculo-utilizado-para-asaltar-joven-despojado-de-usd-15000,,,,NO_PRECISE_DATE_ALREADY_NULL,
13600,https://www.masencarnacion.com/articulo/atacan-balazos-una-vivienda-y-dejan-nota-de-amenaza-en-yby-yau,,,,NO_PRECISE_DATE_ALREADY_NULL,
13601,https://www.masencarnacion.com/articulo/denuncian-supuesta-agresion-estudiante-en-capitan-miranda,,,,NO_PRECISE_DATE_ALREADY_NULL,
13602,https://www.masencarnacion.com/articulo/interpol-detiene-sospechoso-de-trata-de-personas-requerido-por-bolivia,,,,NO_PRECISE_DATE_ALREADY_NULL,
13603,https://www.masencarnacion.com/articulo/rio-paraguay-baja-mientras-el-parana-registra-un-repunte,,,,NO_PRECISE_DATE_ALREADY_NULL,
13833,https://www.masencarnacion.com/articulo/desconocidos-se-hacen-pasar-por-consultores-o-vinculados-al-mades-para-estafar,,,,NO_PRECISE_DATE_ALREADY_NULL,
13872,https://www.masencarnacion.com/articulo/la-primavera-llega-paseo-repsur-con-promociones-para-renovar-tu-hogar,,,,NO_PRECISE_DATE_ALREADY_NULL,
13873,https://www.masencarnacion.com/articulo/vecinos-de-santa-cruz-exigen-reductores-de-velocidad-ante-los-constantes-siniestros-viales,,,,NO_PRECISE_DATE_ALREADY_NULL,
13889,https://www.masencarnacion.com/articulo/vivimos-con-miedo-vecinos-de-santa-cruz-claman-por-mayor-seguridad-ante-los-constantes-hurtos,,,,NO_PRECISE_DATE_ALREADY_NULL,
14244,https://www.masencarnacion.com/articulo/boysnet-importados-festejo-sus-30-anos-con-grandes-premios,,,,NO_PRECISE_DATE_ALREADY_NULL,
14245,https://www.masencarnacion.com/articulo/recuperan-camioneta-denunciada-como-hurtada-en-coronel-bogado,,,,NO_PRECISE_DATE_ALREADY_NULL,
14246,https://www.masencarnacion.com/articulo/tribunal-condena-25-anos-un-hombre-por-abuso-sexual-sistematico-de-dos-hermanas,,,,NO_PRECISE_DATE_ALREADY_NULL,
14247,https://www.masencarnacion.com/articulo/conductor-huyo-pie-y-dejo-mil-kilos-de-marihuana,,,,NO_PRECISE_DATE_ALREADY_NULL,
14248,https://www.masencarnacion.com/articulo/mirtha-legrand-fue-nuevamente-internada,,,,NO_PRECISE_DATE_ALREADY_NULL,
14249,https://www.masencarnacion.com/articulo/temporal-con-fuertes-vientos-y-granizo-golpea-la-ciudad--belen-en-concepcion,,,,NO_PRECISE_DATE_ALREADY_NULL,
14466,https://www.masencarnacion.com/articulo/detienen-presunto-asaltante-tras-robo-en-una-farmacia-de-san-pedro,,,,NO_PRECISE_DATE_ALREADY_NULL,
14467,https://www.masencarnacion.com/articulo/el-ciclon-de-encarnacion-100-anos-de-una-tragedia-que-marco-para-siempre-la-ciudad,,,,NO_PRECISE_DATE_ALREADY_NULL,
14468,https://www.masencarnacion.com/articulo/unae-da-inicio-los-juegos-universitarios-2026-con-una-noche-de-color-y-talento,,,,NO_PRECISE_DATE_ALREADY_NULL,
14469,https://www.masencarnacion.com/articulo/encarnacion-invita-recorrer-90-anos-de-historia-y-cultura-japonesa-traves-del-arte,,,,NO_PRECISE_DATE_ALREADY_NULL,
15085,https://www.masencarnacion.com/articulo/encarnacion-en-marcha-presento-su-agenda-legislativa-y-formalizo-un-pacto-de-unidad,,,,NO_PRECISE_DATE_ALREADY_NULL,
15086,https://www.masencarnacion.com/articulo/rescatan-dos-paraguayas-en-peru-que-fueron-enganadas-con-falsas-ofertas-de-trabajo,,,,NO_PRECISE_DATE_ALREADY_NULL,
15087,https://www.masencarnacion.com/articulo/padres-toman-escuela-en-capiata-por-despojo-de-rubros-docentes-y-falta-de-director,,,,NO_PRECISE_DATE_ALREADY_NULL,
15088,https://www.masencarnacion.com/articulo/alertan-sobre-infartos-edades-cada-vez-mas-tempranas,,,,NO_PRECISE_DATE_ALREADY_NULL,
15089,https://www.masencarnacion.com/articulo/investigan-terrible-asesinato-joven-fue-encontrado-muerto-con-una-mano-amputada,,,,NO_PRECISE_DATE_ALREADY_NULL,
15090,https://www.masencarnacion.com/articulo/lo-volvio-hacer-el-vorivori-se-ubica-en-el-puesto-1-entre-las-mejores-sopas-del-mundo,,,,NO_PRECISE_DATE_ALREADY_NULL,
15091,https://www.masencarnacion.com/articulo/dia-de-la-juventud-paraguay-registra-reduccion-de-informalidad-laboral-juvenil-en-32-puntos-entre-2022-y-2025,,,,NO_PRECISE_DATE_ALREADY_NULL,
15092,https://www.masencarnacion.com/articulo/hombre-irrumpe-en-vivienda-de-su-expareja-y-corta-el-suministro-electrico-con-un-machetillo-en-san-juan-del-parana,,,,NO_PRECISE_DATE_ALREADY_NULL,
15093,https://www.masencarnacion.com/articulo/hombre-con-dos-ordenes-de-captura-por-hurto-agravado-es-detenido-tras-agredir-su-pareja-en-tomas-romero-pereira,,,,NO_PRECISE_DATE_ALREADY_NULL,
15094,https://www.masencarnacion.com/articulo/alfaro-convoca-28-jugadores-para-amistoso-de-fecha-fifa,,,,NO_PRECISE_DATE_ALREADY_NULL,
15095,https://www.masencarnacion.com/articulo/violento-choque-frontal-deja-un-fallecido-en-j-augusto-saldivar,,,,NO_PRECISE_DATE_ALREADY_NULL,
15096,https://www.masencarnacion.com/articulo/conductor-en-presunto-estado-de-ebriedad-es-aprehendido-por-escandalo-y-resistencia-en-barrio-san-roque,,,,NO_PRECISE_DATE_ALREADY_NULL,
15097,https://www.masencarnacion.com/articulo/santiago-pena-y-delcy-rodriguez-firman-documento-para-afianzar-lazos-bilaterales,,,,NO_PRECISE_DATE_ALREADY_NULL,
15098,https://www.masencarnacion.com/articulo/pronto-dog-el-balanceado-preferido-para-alimentar-las-mascotas,,,,NO_PRECISE_DATE_ALREADY_NULL,
15099,https://www.masencarnacion.com/articulo/mujer-es-aprehendida-tras-danar-pedradas-una-bodega-en-encarnacion,,,,NO_PRECISE_DATE_ALREADY_NULL,
15100,https://www.masencarnacion.com/articulo/proponen-regular-la-tenencia-de-perros-potencialmente-peligrosos,,,,NO_PRECISE_DATE_ALREADY_NULL,
15101,https://www.masencarnacion.com/articulo/persecucion-tras-asalto-termina-con-un-detenido-y-una-camioneta-recuperada-en-maria-auxiliadora,,,,NO_PRECISE_DATE_ALREADY_NULL,
15102,https://www.masencarnacion.com/articulo/color-baile-y-alegria-marcaron-la-celebracion-de-la-juventud-y-la-primavera-en-encarnacion,,,,NO_PRECISE_DATE_ALREADY_NULL,
15103,https://www.masencarnacion.com/articulo/discusion-por-celos-termina-con-un-hombre-herido-con-un-cuchillo-en-coronel-bogado,,,,NO_PRECISE_DATE_ALREADY_NULL,
15104,https://www.masencarnacion.com/articulo/100-anos-de-la-tragedia-encarnacion-recordo-al-ciclon-de-1926-que-marco-su-historia,,,,NO_PRECISE_DATE_ALREADY_NULL,
15159,https://www.masencarnacion.com/articulo/candidatas-de-encarnacion-en-marcha-proponen-presupuesto-exclusivo-para-fortalecer-el-albergue-municipal-de-mujeres,,,,NO_PRECISE_DATE_ALREADY_NULL,
15160,https://www.masencarnacion.com/articulo/transferencia-por-error-alertan-sobre-maniobra-delictiva,,,,NO_PRECISE_DATE_ALREADY_NULL,
15272,https://www.masencarnacion.com/articulo/controles-de-transito-dejan-siete-vehiculos-demorados-y-seis-alcotest-positivos-en-encarnacion,,,,NO_PRECISE_DATE_ALREADY_NULL,
15273,https://www.masencarnacion.com/articulo/migraciones-detalla-apertura-del-puente-de-la-integracion-y-negocia-rebaja-de-tarjeta-vecinal,,,,NO_PRECISE_DATE_ALREADY_NULL,
15274,https://www.masencarnacion.com/articulo/roban-una-camioneta-en-coronel-bogado-y-la-recuperan-en-una-zona-boscosa-de-caazapa,,,,NO_PRECISE_DATE_ALREADY_NULL,
15275,https://www.masencarnacion.com/articulo/aspirantes-suboficiales-de-la-policia-celebran-la-primavera-y-la-juventud-con-competencias-deportivas-en-itapua,,,,NO_PRECISE_DATE_ALREADY_NULL,
15276,https://www.masencarnacion.com/articulo/fiebre-de-la-flor-amarilla-se-instala-en-la-plaza-de-armas-de-encarnacion,,,,NO_PRECISE_DATE_ALREADY_NULL,
15277,https://www.masencarnacion.com/articulo/encarnacion-entrega-las-laves-de-la-ciudad-las-autoridades-juveniles,,,,NO_PRECISE_DATE_ALREADY_NULL,
15366,https://www.masencarnacion.com/articulo/de-cada-100-electores-27-son-jovenes-segun-la-justicia-electoral,,,,NO_PRECISE_DATE_ALREADY_NULL,
15367,https://www.masencarnacion.com/articulo/pagos-de-salarios-y-beneficios-sociales-de-setiembre-comenzaran-este-miercoles-23,,,,NO_PRECISE_DATE_ALREADY_NULL,
15424,https://www.masencarnacion.com/articulo/feriado-por-batalla-de-boqueron-pasa-al-lunes-28-de-septiembre,,,,NO_PRECISE_DATE_ALREADY_NULL,
15425,https://www.masencarnacion.com/articulo/hurtan-automovil-estacionado-frente-un-inquilinato-en-villa-del-maestro,,,,NO_PRECISE_DATE_ALREADY_NULL,
15471,https://www.masencarnacion.com/articulo/hugo-javier-sigue-mejorando-pero-aun-no-podra-prestar-declaracion,,,,NO_PRECISE_DATE_ALREADY_NULL,
15472,https://www.masencarnacion.com/articulo/bcp-habilita-los-certificados-de-deposito-de-ahorro-100-digitales,,,,NO_PRECISE_DATE_ALREADY_NULL,
15473,https://www.masencarnacion.com/articulo/jovenes-los-mas-afectados-por-siniestros-viales,,,,NO_PRECISE_DATE_ALREADY_NULL,
15485,https://www.masencarnacion.com/articulo/28-adultos-mayores-de-cambyreta-acceden-la-pension-universal-mediante-la-entrega-de-tarjetas,,,,NO_PRECISE_DATE_ALREADY_NULL,
15533,https://www.masencarnacion.com/articulo/recuperan-objetos-hurtados-y-detienen-joven-con-orden-de-captura-en-cambyreta,,,,NO_PRECISE_DATE_ALREADY_NULL,
15534,https://www.masencarnacion.com/articulo/ejecutan-trabajos-de-mantenimiento-vial-en-el-barrio-san-rafael-de-cambyreta,,,,NO_PRECISE_DATE_ALREADY_NULL,
15535,https://www.masencarnacion.com/articulo/delincuentes-ingresan-un-comercio-y-se-llevan-talonarios-de-cheques-en-cambyreta,,,,NO_PRECISE_DATE_ALREADY_NULL,
15536,https://www.masencarnacion.com/articulo/accidente-destruye-semaforo-en-el-barrio-san-pedro-y-la-reposicion-podria-demorar-una-semana,,,,NO_PRECISE_DATE_ALREADY_NULL,
15537,https://www.masencarnacion.com/articulo/el-asesino-multiple-misionero-gusano-menocchio-rompio-el-silencio-hablo-de-su-vida-en-posadas-los-crimenes-sus-negocios-en-paraguay-y-los-lazos-politicos,,,,NO_PRECISE_DATE_ALREADY_NULL,
15829,https://www.masencarnacion.com/articulo/anuncian-nuevo-centro-de-salud-y-puesto-de-seguridad-para-el-barrio-san-isidro,,,,NO_PRECISE_DATE_ALREADY_NULL,
15830,https://www.masencarnacion.com/articulo/flores-de-tiza-revive-la-memoria-del-ciclon-de-1926-en-la-universidad-catolica,,,,NO_PRECISE_DATE_ALREADY_NULL,
15831,https://www.masencarnacion.com/articulo/centro-medico-municipal-padre-jose-kreusser-cumple-un-ano-con-mas-de-6000-atenciones,,,,NO_PRECISE_DATE_ALREADY_NULL,
15832,https://www.masencarnacion.com/articulo/paraguay-se-casa-prepara-su-segunda-edicion-con-mas-matrimonios-civiles-gratuitos,,,,NO_PRECISE_DATE_ALREADY_NULL,
15833,https://www.masencarnacion.com/articulo/millonario-robo-delincuentes-armados-asaltan-motel-y-vivienda-en-san-pedro-del-parana,,,,NO_PRECISE_DATE_ALREADY_NULL,
15834,https://www.masencarnacion.com/articulo/cooperativa-puerta-inaugura-local-propio-en-encarnacion-y-celebra-35-anos-de-trayectoria,,,,NO_PRECISE_DATE_ALREADY_NULL,
15835,https://www.masencarnacion.com/articulo/la-batalla-de-curupayty-cumple-160-anos-como-una-de-las-victorias-mas-contundentes-de-paraguay,,,,NO_PRECISE_DATE_ALREADY_NULL,
15836,https://www.masencarnacion.com/articulo/tiroteo-frente-un-colegio-en-turquia-deja-11-estudiantes-heridos,,,,NO_PRECISE_DATE_ALREADY_NULL,
15837,https://www.masencarnacion.com/articulo/definen-proyecto-que-prohibe-celulares-en-las-escuelas,,,,NO_PRECISE_DATE_ALREADY_NULL,
15838,https://www.masencarnacion.com/articulo/bomberos-se-preparan-para-su-colecta-anual-y-fijan-meta-de-g-150-millones-en-encarnacion,,,,NO_PRECISE_DATE_ALREADY_NULL,
15839,https://www.masencarnacion.com/articulo/otro-brasileno-es-victima-de-la-banda-del-grindr-en-ciudad-del-este,,,,NO_PRECISE_DATE_ALREADY_NULL,
15840,https://www.masencarnacion.com/articulo/tormenta-dejo-su-paso-casas-destechadas-y-pobladores-sin-luz-en-puerto-casado,,,,NO_PRECISE_DATE_ALREADY_NULL,
15841,https://www.masencarnacion.com/articulo/cambyreta-reactiva-la-oficina-regional-de-repatriados-para-asistir-connacionales,,,,NO_PRECISE_DATE_ALREADY_NULL,
15842,https://www.masencarnacion.com/articulo/isaias-fretes-realiza-primera-visita-sorpresa-como-ministro-y-verifica-estado-del-hospital-de-trauma,,,,NO_PRECISE_DATE_ALREADY_NULL,
15843,https://www.masencarnacion.com/articulo/delcy-y-trump-tendran-su-primer-cara-cara-desde-caida-de-maduro,,,,NO_PRECISE_DATE_ALREADY_NULL,
15844,https://www.masencarnacion.com/articulo/aumentan-siniestros-causados-por-ebrios-y-estos-no-son-sancionados,,,,NO_PRECISE_DATE_ALREADY_NULL,
15845,https://www.masencarnacion.com/articulo/sector-salud-marcha-por-aumento-salarial-del-50-para-45000-trabajadore,,,,NO_PRECISE_DATE_ALREADY_NULL,
15846,https://www.masencarnacion.com/articulo/tsje-inicia-despliegue-de-casi-18000-maquinas-de-votacion-para-las-municipales-2026,,,,NO_PRECISE_DATE_ALREADY_NULL,
15847,https://www.masencarnacion.com/articulo/proyectan-una-gran-arena-hotel-y-shopping-en-la-costanera-norte-de-asuncion,,,,NO_PRECISE_DATE_ALREADY_NULL,
15848,https://www.masencarnacion.com/articulo/mujer-resulta-con-quemaduras-tras-presunto-incidente-en-su-vivienda-en-trinidad,,,,NO_PRECISE_DATE_ALREADY_NULL,
15849,https://www.masencarnacion.com/articulo/disparos-contra-una-vivienda-generan-alarma-en-el-barrio-san-isidro-de-encarnacion,,,,NO_PRECISE_DATE_ALREADY_NULL,
16148,https://www.masencarnacion.com/articulo/ppl-fallece-en-el-penal-de-pedro-juan-caballero,,,,NO_PRECISE_DATE_ALREADY_NULL,
16149,https://www.masencarnacion.com/articulo/itapua-registra-un-importante-movimiento-de-nacimientos-y-fortalece-la-inscripcion-de-recien-nacidos,,,,NO_PRECISE_DATE_ALREADY_NULL,
16240,https://www.masencarnacion.com/articulo/chatarra-cero-policia-busca-retirar-17481-vehiculos-abandonados-en-comisarias,,,,NO_PRECISE_DATE_ALREADY_NULL,
16241,https://www.masencarnacion.com/articulo/paraguay-reune-expertos-iberoamericanos-en-congreso-de-medicina-legal--ciencias-forenses,,,,NO_PRECISE_DATE_ALREADY_NULL,
16242,https://www.masencarnacion.com/articulo/municipales-2026-se-podra-votar-con-cedula-vencida,,,,NO_PRECISE_DATE_ALREADY_NULL,
16318,https://www.masencarnacion.com/articulo/el-911-recibe-mas-de-4000-llamadas-innecesarias-al-dia,,,,NO_PRECISE_DATE_ALREADY_NULL,
16319,https://www.masencarnacion.com/articulo/joshua-duerksen-hace-historia-es-el-primer-paraguayo-en-conducir-un-formula-1,,,,NO_PRECISE_DATE_ALREADY_NULL,
16352,https://www.masencarnacion.com/articulo/ips-y-salud-reciben-indicaciones-para-afinar-coordinacion-y-lograr-una-mejora-en-la-atencion-medica,,,,NO_PRECISE_DATE_ALREADY_NULL,
16353,https://www.masencarnacion.com/articulo/dos-aprehendidos-y-objetos-recuperados-tras-hurto-domiciliario-en-mayor-otano,,,,NO_PRECISE_DATE_ALREADY_NULL,
16354,https://www.masencarnacion.com/articulo/mas-de-3000-nuevos-incorporados-en-septiembre-para-pagos-de-pension-de-adultos-mayores,,,,NO_PRECISE_DATE_ALREADY_NULL,
16379,https://www.masencarnacion.com/articulo/denuncian-red-de-ciberacoso-con-imagenes-manipuladas-por-ia-en-la-una,,,,NO_PRECISE_DATE_ALREADY_NULL,
16380,https://www.masencarnacion.com/articulo/los-109-anos-fallece-el-penultimo-excombatiente-de-la-guerra-del-chaco,,,,NO_PRECISE_DATE_ALREADY_NULL,
16418,https://www.masencarnacion.com/articulo/hallan-caja-fuerte-y-cheques-robados-candidato-concejal-de-santa-rosa-del-monday,,,,NO_PRECISE_DATE_ALREADY_NULL,
16419,https://www.masencarnacion.com/articulo/nancy-berndt-de-pereira-plantea-fortalecer-la-salud-mediante-una-administracion-responsable-de-los-recursos-municipales,,,,NO_PRECISE_DATE_ALREADY_NULL,
16420,https://www.masencarnacion.com/articulo/hugo-javier-mantiene-conversaciones-cortas-reconoce-musica-y-sigue-mejorando-afirman-desde-el-hospital-de-itaugua,,,,NO_PRECISE_DATE_ALREADY_NULL,
16455,https://www.masencarnacion.com/articulo/encarnacion-se-posiciona-entre-las-mejores-ciudades-del-mundo-para-el-triatlon-de-elite,,,,NO_PRECISE_DATE_ALREADY_NULL,
16456,https://www.masencarnacion.com/articulo/ebrio-al-volante-arrolla-y-mata-guardia-que-esperaba-bus-para-ir-trabajar-en-capiata,,,,NO_PRECISE_DATE_ALREADY_NULL,
16485,https://www.masencarnacion.com/articulo/museo-memoria-viva-realizo-el-sorteo-de-la-rifa-pro-sanitarios,,,,NO_PRECISE_DATE_ALREADY_NULL,
16620,https://www.masencarnacion.com/articulo/conversatorio-juridico-aborda-la-evolucion-de-la-prueba-cientifica-y-la-independencia-institucional,,,,NO_PRECISE_DATE_ALREADY_NULL,
16736,https://www.masencarnacion.com/articulo/paraguayo-fue-detenido-con-13-kilos-de-cocaina-en-el-puente-san-roque,,,,NO_PRECISE_DATE_ALREADY_NULL,
16737,https://www.masencarnacion.com/articulo/del-productor-la-mesa-lanzan-feria-de-la-agricultura-familiar-en-encarnacion,,,,NO_PRECISE_DATE_ALREADY_NULL,
16738,https://www.masencarnacion.com/articulo/por-un-boquete-entraron-robar-g-500-millones-de-la-joyeria-de-un-rumano-en-asuncion,,,,NO_PRECISE_DATE_ALREADY_NULL,
16739,https://www.masencarnacion.com/articulo/fiscalia-general-designo-agentes-fiscales-para-intervenir-en-delitos-electorales-durante-las-elecciones-municipales-2026,,,,NO_PRECISE_DATE_ALREADY_NULL,
16740,https://www.masencarnacion.com/articulo/nuevo-ministro-de-salud-anuncia-que-por-ahora-no-habra-cambios-en-hospitales,,,,NO_PRECISE_DATE_ALREADY_NULL,
16741,https://www.masencarnacion.com/articulo/testigos-de-jehova-ya-aceptan-transfusiones-de-los-componentes-de-la-sangre,,,,NO_PRECISE_DATE_ALREADY_NULL,
16742,https://www.masencarnacion.com/articulo/refuerzan-operativo-en-el-parana-para-proteger-cardumen-de-dorado-que-esta-por-ingresar-paraguay,,,,NO_PRECISE_DATE_ALREADY_NULL,
16743,https://www.masencarnacion.com/articulo/septima-region-sanitaria-prepara-plan-de-contingencia-ante-el-fenomeno-de-el-nino,,,,NO_PRECISE_DATE_ALREADY_NULL,
16744,https://www.masencarnacion.com/articulo/ultimo-testigo-aporta-dato-controversial-sobre-la-muerte-de-maradona,,,,NO_PRECISE_DATE_ALREADY_NULL,
16745,https://www.masencarnacion.com/articulo/camionero-muere-de-infarto-en-vuelco-de-camion-con-granos-en-los-cedrales,,,,NO_PRECISE_DATE_ALREADY_NULL,
16746,https://www.masencarnacion.com/articulo/el-30-de-accidentados-quedan-discapacitados-mayoria-jovenes,,,,NO_PRECISE_DATE_ALREADY_NULL,
16747,https://www.masencarnacion.com/articulo/policia-incauta-motocicleta-hurtada-con-chapa-adulterada-en-cambyreta,,,,NO_PRECISE_DATE_ALREADY_NULL,
16748,https://www.masencarnacion.com/articulo/detienen-mujer-con-orden-de-captura-por-presunta-estafa-informatica-en-bella-vista,,,,NO_PRECISE_DATE_ALREADY_NULL,
16749,https://www.masencarnacion.com/articulo/sol-de-america-destroza-al-2-de-mayo-y-avanza-cuartos-de-final-de-la-copa-paraguay,,,,NO_PRECISE_DATE_ALREADY_NULL,
16750,https://www.masencarnacion.com/articulo/recuperan-motocicleta-hurtada-tras-persecucion-policial-en-san-juan-del-parana,,,,NO_PRECISE_DATE_ALREADY_NULL,
16751,https://www.masencarnacion.com/articulo/paraguay-y-peru-primeros-en-avanzar-con-pacto-contra-el-crimen-organizado,,,,NO_PRECISE_DATE_ALREADY_NULL,
16752,https://www.masencarnacion.com/articulo/policia-recupera-objetos-hurtados-y-detiene-presunto-autor-en-encarnacion,,,,NO_PRECISE_DATE_ALREADY_NULL,
16753,https://www.masencarnacion.com/articulo/balean-camioneta-de-candidato-intendente-de-ypane-perdio-el-control-y-termino-en-una-canaleta,,,,NO_PRECISE_DATE_ALREADY_NULL,
17006,https://www.masencarnacion.com/articulo/inician-obras-de-empedrado-en-el-barrio-la-amistad-de-cambyreta,,,,NO_PRECISE_DATE_ALREADY_NULL,
17007,https://www.masencarnacion.com/articulo/pena-estamos-para-ayudar-venezuela-hacer-esa-transicion-democratica,,,,NO_PRECISE_DATE_ALREADY_NULL,
17008,https://www.masencarnacion.com/articulo/prohibicion-de-celulares-en-las-escuelas-tendra-sancion-ficta-el-viernes,,,,NO_PRECISE_DATE_ALREADY_NULL,
17027,https://www.masencarnacion.com/articulo/congolenas-fueron-detenidas-con-pasaportes-ajenos-en-silvio-pettirossi,,,,NO_PRECISE_DATE_ALREADY_NULL,
17070,https://www.masencarnacion.com/articulo/san-pedro-del-parana-se-consolida-como-polo-productor-de-cebolla-en-itapua,,,,NO_PRECISE_DATE_ALREADY_NULL,
17071,https://www.masencarnacion.com/articulo/cierre-temporal-del-puente-san-pedro-por-trabajos-de-mantenimiento,,,,NO_PRECISE_DATE_ALREADY_NULL,
17072,https://www.masencarnacion.com/articulo/inauguran-tanque-elevado-de-25-mil-litros-para-mejorar-el-suministro-de-agua-en-cambyreta,,,,NO_PRECISE_DATE_ALREADY_NULL,
17120,https://www.masencarnacion.com/articulo/narcocampamentos-capturan-tres-personas-en-concepcion,,,,NO_PRECISE_DATE_ALREADY_NULL,
17121,https://www.masencarnacion.com/articulo/paraguayo-de-74-anos-es-rescatado-en-brasil,,,,NO_PRECISE_DATE_ALREADY_NULL,
17160,https://www.masencarnacion.com/articulo/avanza-la-construccion-de-un-tanque-de-agua-de-250000-litros-en-cambyreta,,,,NO_PRECISE_DATE_ALREADY_NULL,
17161,https://www.masencarnacion.com/articulo/inician-obras-de-empedrado-en-acceso-al-barrio-santa-rita-de-cambyreta,,,,NO_PRECISE_DATE_ALREADY_NULL,
17162,https://www.masencarnacion.com/articulo/rotay-club-encarnacion-norte-entrega-sillas-de-ruedas-cenade,,,,NO_PRECISE_DATE_ALREADY_NULL,
17205,https://www.masencarnacion.com/articulo/roban-150-millones-de-guaranies-una-pareja-mediante-un-engano,,,,NO_PRECISE_DATE_ALREADY_NULL,
17334,https://www.masencarnacion.com/articulo/caso-hugo-javier-plantean-recurrir-peritos-internacionales-para-esclarecer-causa-de-lesiones,,,,NO_PRECISE_DATE_ALREADY_NULL,
17335,https://www.masencarnacion.com/articulo/dnit-intercepta-dos-cargas-sospechosas-en-encomienda-proveniente-de-miami,,,,NO_PRECISE_DATE_ALREADY_NULL,
17336,https://www.masencarnacion.com/articulo/peluqueros-que-aprendieron-el-oficio-de-forma-empirica-podran-certificar-sus-conocimientos,,,,NO_PRECISE_DATE_ALREADY_NULL,
17337,https://www.masencarnacion.com/articulo/por-que-hugo-javier-ve-fantasmas-la-explicacion-medica-del-hospital-de-itaugua,,,,NO_PRECISE_DATE_ALREADY_NULL,
17338,https://www.masencarnacion.com/articulo/hospital-de-itapua-atendio-mas-de-8000-argentinos-de-forma-gratuita-en-su-primer-ano,,,,NO_PRECISE_DATE_ALREADY_NULL,
17339,https://www.masencarnacion.com/articulo/bachi-nunez-voy-ser-presidente-del-olimpia,,,,NO_PRECISE_DATE_ALREADY_NULL,
17340,https://www.masencarnacion.com/articulo/santiago-pena-plantea-ante-las-naciones-unidas-el-fortalecimiento-del-multilateralismo-y-mayor-pragmatismo,,,,NO_PRECISE_DATE_ALREADY_NULL,
17341,https://www.masencarnacion.com/articulo/investigan-la-muerte-de-un-perro-en-puerto-obligado-habria-sido-atacado-tiros,,,,NO_PRECISE_DATE_ALREADY_NULL,
17342,https://www.masencarnacion.com/articulo/operativo-caazapa-ii-senad-erradica-37-hectareas-de-marihuana-y-destruye-mas-de-36-toneladas-de-droga,,,,NO_PRECISE_DATE_ALREADY_NULL,
17475,https://www.masencarnacion.com/articulo/companeros-regalan-una-moto-profesor-de-danza-tras-robo,,,,NO_PRECISE_DATE_ALREADY_NULL,
17476,https://www.masencarnacion.com/articulo/reconoceran-nuevos-profesionales-en-cuidado-de-adultos-mayores-en-encarnacion,,,,NO_PRECISE_DATE_ALREADY_NULL,
17477,https://www.masencarnacion.com/articulo/museo-memoria-viva-evalua-cobrar-entrada-para-financiar-mejoras,,,,NO_PRECISE_DATE_ALREADY_NULL,
17528,https://www.masencarnacion.com/articulo/despues-de-las-seis-encarnacion-despide-septiembre-con-musica-y-talento-joven,,,,NO_PRECISE_DATE_ALREADY_NULL,
17744,https://www.masencarnacion.com/articulo/capitan-miranda-prepara-su-gran-fiesta-de-la-juventud-y-primavera,,,,NO_PRECISE_DATE_ALREADY_NULL,
17745,https://www.masencarnacion.com/articulo/jesse-joy-se-separan-en-plena-gira-yo-quiero-seguir-co-ustedes,,,,NO_PRECISE_DATE_ALREADY_NULL,
17746,https://www.masencarnacion.com/articulo/1200-policias-seran-desplegados-en-itapua-durante-las-elecciones-municipales,,,,NO_PRECISE_DATE_ALREADY_NULL,
17747,https://www.masencarnacion.com/articulo/tragedia-en-aregua-nina-asmatica-sufrio-crisis-y-llego-sin-vida,,,,NO_PRECISE_DATE_ALREADY_NULL,
17748,https://www.masencarnacion.com/articulo/estudiantes-rescatan-la-memoria-del-ciclon-de-1926-con-un-concurso-de-historia-en-encarnacion,,,,NO_PRECISE_DATE_ALREADY_NULL,
17749,https://www.masencarnacion.com/articulo/ejecutan-operacion-aurelia-con-varios-allanamientos-contra-una-red-de-trafico-de-oro-y-piedras-valiosas,,,,NO_PRECISE_DATE_ALREADY_NULL,
17750,https://www.masencarnacion.com/articulo/senad-incauta-droga-sintetica-valuada-en-casi-usd-140000-que-fue-enviada-desde-belgica,,,,NO_PRECISE_DATE_ALREADY_NULL,
17751,https://www.masencarnacion.com/articulo/conatel-y-koica-avanzan-en-un-proyecto-para-modernizar-el-sistema-911,,,,NO_PRECISE_DATE_ALREADY_NULL,
17752,https://www.masencarnacion.com/articulo/inician-obras-de-empedrado-para-mejorar-el-acceso-la-escuela-san-jose-en-capitan-miranda,,,,NO_PRECISE_DATE_ALREADY_NULL,
17753,https://www.masencarnacion.com/articulo/conductora-resulta-lesionada-tras-chocar-contra-un-vehiculo-estacionado-en-cambyreta,,,,NO_PRECISE_DATE_ALREADY_NULL,
17754,https://www.masencarnacion.com/articulo/camion-y-tractor-agricola-colisionaron-sobre-la-ruta-py07-en-san-rafael-del-parana,,,,NO_PRECISE_DATE_ALREADY_NULL,
17755,https://www.masencarnacion.com/articulo/tres-personas-resultaron-lesionadas-tras-colision-entre-motocicletas-en-general-delgado,,,,NO_PRECISE_DATE_ALREADY_NULL,
17756,https://www.masencarnacion.com/articulo/aprehenden-un-hombre-y-recuperan-objetos-denunciados-como-hurtados-en-ita-paso,,,,NO_PRECISE_DATE_ALREADY_NULL,
17757,https://www.masencarnacion.com/articulo/cuatro-hombres-armados-asaltaron-una-vivienda-y-maniataron-dos-adultos-mayores-en-general-artigas,,,,NO_PRECISE_DATE_ALREADY_NULL,
17758,https://www.masencarnacion.com/articulo/paraguay-vence-chile-y-va-por-el-oro-ante-argentina-en-los-juegos-suramericanos,,,,NO_PRECISE_DATE_ALREADY_NULL,
17759,https://www.masencarnacion.com/articulo/petropar-aumenta-el-precio-del-diesel-y-de-la-nafta,,,,NO_PRECISE_DATE_ALREADY_NULL,
17976,https://www.masencarnacion.com/articulo/tercera-edicion-de-la-correcaminata-del-colegio-john-f-kennedy-reunio-400-corredores-en-encarnacion,,,,NO_PRECISE_DATE_ALREADY_NULL,
17977,https://www.masencarnacion.com/articulo/la-fuerza-aerea-suma-un-avion-para-asistencia-en-emergencias-y-ayuda-humanitaria,,,,NO_PRECISE_DATE_ALREADY_NULL,
18047,https://www.masencarnacion.com/articulo/senado-pide-informes-por-incidente-de-hugo-javier-en-tacumbu,,,,NO_PRECISE_DATE_ALREADY_NULL,
18048,https://www.masencarnacion.com/articulo/hallan-casi-32-kilos-de-pasta-base-ocultos-en-un-camion-en-ciudad-del-este-y-detienen-al-conductor,,,,NO_PRECISE_DATE_ALREADY_NULL,
18049,https://www.masencarnacion.com/articulo/motociclista-de-14-anos-resulta-lesionado-tras-caer-en-una-rotonda-de-pirapo,,,,NO_PRECISE_DATE_ALREADY_NULL,
18050,https://www.masencarnacion.com/articulo/centro-veterinario-libertad-incorpora-servicio-de-laboratorio-para-mascotas-en-encarnacion,,,,NO_PRECISE_DATE_ALREADY_NULL,
18051,https://www.masencarnacion.com/articulo/crianza-digital-brindan-charla-familias-sobre-proteccion-de-ninos-y-adolescentes-en-internet,,,,NO_PRECISE_DATE_ALREADY_NULL,
18052,https://www.masencarnacion.com/articulo/requisan-marihuana-bebidas-alcoholicas-y-armas-blancas-en-la-penitenciaria-de-concepcion,,,,NO_PRECISE_DATE_ALREADY_NULL,
18053,https://www.masencarnacion.com/articulo/aprehenden-un-hombre-por-supuesto-hurto-y-descubren-que-tenia-orden-de-captura-en-chaipe,,,,NO_PRECISE_DATE_ALREADY_NULL,
18091,https://www.masencarnacion.com/articulo/fiscalia-de-eeuu-rechaza-liberar-bajo-fianza-la-esposa-de-nicolas-maduro-por-riesgo-de-fuga-extremo,,,,NO_PRECISE_DATE_ALREADY_NULL,
18092,https://www.masencarnacion.com/articulo/festival-nacional-del-pescado-fue-presentado-oficialmente-en-encarnacion,,,,NO_PRECISE_DATE_ALREADY_NULL,
18093,https://www.masencarnacion.com/articulo/encarnacion-fc-renueva-el-optimismo-tras-victoria-ante-capiata,,,,NO_PRECISE_DATE_ALREADY_NULL,
18223,https://www.masencarnacion.com/articulo/conductor-alcoholizado-habria-atropellado-barrera-de-control-y-protagonizo-persecucion-en-pirapo,,,,NO_PRECISE_DATE_ALREADY_NULL,
18248,https://www.masencarnacion.com/articulo/senad-destruye-16-hectareas-de-supuesta-marihuana-en-caazapa,,,,NO_PRECISE_DATE_ALREADY_NULL,
18249,https://www.masencarnacion.com/articulo/piscicultura-sigue-siendo-un-sustento-diario-para-familias-de-san-cosme-y-damian,,,,NO_PRECISE_DATE_ALREADY_NULL,
18397,https://www.masencarnacion.com/articulo/bomberos-voluntarios-de-encarnacion-superan-ampliamente-la-meta-y-agradecen-el-apoyo-ciudadano,,,,NO_PRECISE_DATE_ALREADY_NULL,
18398,https://www.masencarnacion.com/articulo/dos-personas-resultaron-lesionadas-tras-choque-entre-un-automovil-y-una-motocicleta-en-encarnacion,,,,NO_PRECISE_DATE_ALREADY_NULL,
18399,https://www.masencarnacion.com/articulo/verifican-obras-viales-para-mejorar-la-conectividad-en-arroyo-pora,,,,NO_PRECISE_DATE_ALREADY_NULL,
18400,https://www.masencarnacion.com/articulo/invitan-conocer-y-promover-el-programa-de-familias-acogedoras-en-itapua,,,,NO_PRECISE_DATE_ALREADY_NULL,
18401,https://www.masencarnacion.com/articulo/san-juan-del-parana-suma-infraestructura-para-fortalecer-el-acceso-al-agua-potable,,,,NO_PRECISE_DATE_ALREADY_NULL,
18402,https://www.masencarnacion.com/articulo/paraguay-avanza-para-exportar-carne-bovina-mexico,,,,NO_PRECISE_DATE_ALREADY_NULL,
18403,https://www.masencarnacion.com/articulo/explotacion-sexual-concentra-la-mayoria-de-las-denuncias-de-trata-de-personas-en-paraguay,,,,NO_PRECISE_DATE_ALREADY_NULL,
18404,https://www.masencarnacion.com/articulo/colegio-de-san-pedro-prohibe-celulares-y-reporta-mejoras,,,,NO_PRECISE_DATE_ALREADY_NULL,
18405,https://www.masencarnacion.com/articulo/cambyreta-fortalece-la-gestion-de-licencias-de-conducir-y-es-destacado-como-distrito-modelo,,,,NO_PRECISE_DATE_ALREADY_NULL,
18406,https://www.masencarnacion.com/articulo/inician-obra-de-empedrado-en-el-barrio-8-de-diciembre-de-san-juan-del-parana,,,,NO_PRECISE_DATE_ALREADY_NULL,
18407,https://www.masencarnacion.com/articulo/piscicultura-sigue-siendo-un-sustento-diario-para-familias-de-san-cosme-y-damian-2,,,,NO_PRECISE_DATE_ALREADY_NULL,
18408,https://www.masencarnacion.com/articulo/cambyreta-cumple-con-la-rendicion-de-cuentas-de-royalties-y-compensaciones,,,,NO_PRECISE_DATE_ALREADY_NULL,
18881,https://www.masencarnacion.com/articulo/retiran-un-ataud-de-un-deposito-y-lo-dejan-en-el-exterior-del-cementerio-de-coronel-bogado,,,,NO_PRECISE_DATE_ALREADY_NULL,
18882,https://www.masencarnacion.com/articulo/jornada-de-bioimpedancia-se-realiza-en-el-hospital-regional-de-encarnacion,,,,NO_PRECISE_DATE_ALREADY_NULL,
18884,https://www.masencarnacion.com/articulo/hospital-regional-de-encarnacion-pide-reforzar-la-seguridad-tras-incidentes,,,,NO_PRECISE_DATE_ALREADY_NULL,
18885,https://www.masencarnacion.com/articulo/furor-total-se-agotaron-en-menos-de-dos-horas-las-entradas-para-la-despedida-de-lionel-messi,,,,NO_PRECISE_DATE_ALREADY_NULL,
18886,https://www.masencarnacion.com/articulo/vestidos-como-policias-irrumpen-vivienda-de-un-camionero-lo-esposan-y-roban-dinero-en-mra,,,,NO_PRECISE_DATE_ALREADY_NULL,
18888,https://www.masencarnacion.com/articulo/tifon-en-japon-deja-al-menos-12-muertos-en-dujuan,,,,NO_PRECISE_DATE_ALREADY_NULL,
18889,https://www.masencarnacion.com/articulo/nuevos-beneficiarios-de-adultos-mayores-cobran-hoy,,,,NO_PRECISE_DATE_ALREADY_NULL,
18890,https://www.masencarnacion.com/articulo/camion-volco-tras-impactar-contra-una-columna-de-la-ande-en-encarnacion,,,,NO_PRECISE_DATE_ALREADY_NULL,
18892,https://www.masencarnacion.com/articulo/allanamiento-en-san-juan-del-parana-deja-un-detenido-e-incautacion-de-presunta-marihuana,,,,NO_PRECISE_DATE_ALREADY_NULL,
18895,https://www.masencarnacion.com/articulo/imputan-sospechoso-de-abusar-de-un-nino-de-13-anos-en-hernandarias,,,,NO_PRECISE_DATE_ALREADY_NULL,
18899,https://www.masencarnacion.com/articulo/atentado-domicilio-criminal-quemo-vehiculo-de-un-periodista,,,,NO_PRECISE_DATE_ALREADY_NULL,
19196,https://www.masencarnacion.com/articulo/encarnacion-sera-sede-del-intercre-2026-con-tres-dias-de-actividades-deportivas-y-culturales,,,,NO_PRECISE_DATE_ALREADY_NULL,
19217,https://www.masencarnacion.com/articulo/capitan-miranda-prepara-una-nueva-edicion-del-festival-encuentro-de-cultura,,,,NO_PRECISE_DATE_ALREADY_NULL,
19218,https://www.masencarnacion.com/articulo/uni-incorpora-20-brazos-roboticos-para-fortalecer-la-formacion-tecnologica,,,,NO_PRECISE_DATE_ALREADY_NULL,
19245,https://www.masencarnacion.com/articulo/tesoros-de-itapua-reune-productos-y-sabores-que-representan-la-identidad-del-departamento,,,,NO_PRECISE_DATE_ALREADY_NULL,
19246,https://www.masencarnacion.com/articulo/aprehenden-adolescente-con-motocicleta-y-bolsa-con-presunta-hoja-de-coca,,,,NO_PRECISE_DATE_ALREADY_NULL,
19268,https://www.masencarnacion.com/articulo/playa-san-jose-se-prepara-para-recibir-visitantes-durante-la-temporada-primavera-verano,,,,NO_PRECISE_DATE_ALREADY_NULL,
19717,https://www.masencarnacion.com/articulo/unae-verde-realizo-su-octava-edicion-con-enfoque-en-educacion-ambiental-y-sostenibilidad,,,,NO_PRECISE_DATE_ALREADY_NULL,
19718,https://www.masencarnacion.com/articulo/mag-refuerza-asistencia-pequenos-productores-ante-el-fenomeno-de-el-nino,,,,NO_PRECISE_DATE_ALREADY_NULL,
19719,https://www.masencarnacion.com/articulo/itapua-buscan-identificar-y-documentar-adultos-mayores-sin-cedula,,,,NO_PRECISE_DATE_ALREADY_NULL,
19720,https://www.masencarnacion.com/articulo/delincuentes--ingresado-una-vivienda-y-se-llevaron-varios-objetos-en-encarnacion,,,,NO_PRECISE_DATE_ALREADY_NULL,
19721,https://www.masencarnacion.com/articulo/incautan-cerca-de-800-kilos-de-marihuana-en-una-vivienda,,,,NO_PRECISE_DATE_ALREADY_NULL,
19722,https://www.masencarnacion.com/articulo/alliana-firma-decretos-por-mas-de-g-180000-millones-para-hospitales-rutas-y-rios,,,,NO_PRECISE_DATE_ALREADY_NULL,
19723,https://www.masencarnacion.com/articulo/itapuenses-martin-abud-y-facundo-dehnike-conquistan-el-oro-para-paraguay,,,,NO_PRECISE_DATE_ALREADY_NULL,
19724,https://www.masencarnacion.com/articulo/lula-prohibe-apuestas-deportivas-en-linea-en-brasil-dias-de-ir-elecciones,,,,NO_PRECISE_DATE_ALREADY_NULL,
20239,https://www.masencarnacion.com/articulo/pelea-entre-cunados-termina-con-un-herido-de-arma-blanca-en-cambyreta,,,,NO_PRECISE_DATE_ALREADY_NULL,
20240,https://www.masencarnacion.com/articulo/motociclista-muere-tras-chocar-contra-un-cartel-en-maria-auxiliadora,,,,NO_PRECISE_DATE_ALREADY_NULL,
20241,https://www.masencarnacion.com/articulo/choque-entre-automovil-y-motocicleta-deja-una-menor-fallecida-en-obligado,,,,NO_PRECISE_DATE_ALREADY_NULL,
20242,https://www.masencarnacion.com/articulo/volco-y-desaparecio-encuentran-un-automovil-sin-ocupantes-en-coronel-bogado,,,,NO_PRECISE_DATE_ALREADY_NULL,
20507,https://www.masencarnacion.com/articulo/un-fallecido-y-dos-heridos-tras-aparatoso-vuelco-cerca-del-asuncion-golf-club,,,,NO_PRECISE_DATE_ALREADY_NULL,
20591,https://www.masencarnacion.com/articulo/multitudinaria-participacion-en-una-nueva-edicion-de-la-tradicional-carrera-de-triciclos,,,,NO_PRECISE_DATE_ALREADY_NULL,
20592,https://www.masencarnacion.com/articulo/adolescente-de-17-anos-fue-aprehendido-tras-persecucion-y-recuperacion-de-motocicleta-hurtada,,,,NO_PRECISE_DATE_ALREADY_NULL,
20593,https://www.masencarnacion.com/articulo/miggymania-triunfo-albirrojo-ante-bolivia,,,,NO_PRECISE_DATE_ALREADY_NULL,
20594,https://www.masencarnacion.com/articulo/casino-carnaval-premio-sus-clientes-con-la-promocion-primavera,,,,NO_PRECISE_DATE_ALREADY_NULL,
20595,https://www.masencarnacion.com/articulo/cambyreta-da-el-primer-paso-para-la-construccion-de-la-primera-plaza-ecologica-de-itapua,,,,NO_PRECISE_DATE_ALREADY_NULL,
20596,https://www.masencarnacion.com/articulo/hombre-habria-intentado-agredir-su-hermano-menor-y-luego-ataco-con-un-machete-policias,,,,NO_PRECISE_DATE_ALREADY_NULL,
20898,https://www.masencarnacion.com/articulo/tsje-desplegara-casi-18000-maquinas-de-votacion-para-los-comicios-del-4-de-octubre,,,,NO_PRECISE_DATE_ALREADY_NULL,
20899,https://www.masencarnacion.com/articulo/mujeres-baleadas-en-eusebio-ayala-sobreviviente-fue-trasladada-al-hospital-de-trauma,,,,NO_PRECISE_DATE_ALREADY_NULL,
20900,https://www.masencarnacion.com/articulo/mejoras-en-chaipe-cheba-destaca-hechos-concretos-frente-las-necesidades-de-los-barrios,,,,NO_PRECISE_DATE_ALREADY_NULL,
20901,https://www.masencarnacion.com/articulo/monica-scheid-encara-la-recta-final-de-campana-en-nueva-alborada,2026-09-27T21:00:00-03:00,2026-09-27T21:00:00-03:00,,REQUEST_ERROR,404 Client Error: Not Found for url: https://www.masencarnacion.com/404
20902,https://www.masencarnacion.com/articulo/una-donacion-puede-alimentar-una-familia-colecta-nacional-llega-encarnacion,,,,NO_PRECISE_DATE_ALREADY_NULL,
20903,https://www.masencarnacion.com/articulo/intimidaron-una-mujer-con-un-arma-y-dispararon-contra-su-celular-en-alto-vera,,,,NO_PRECISE_DATE_ALREADY_NULL,
20904,https://www.masencarnacion.com/articulo/grupo-lince-intensifico-controles-en-itapua-y-retiro-28-motocicletas-de-circulacion,,,,NO_PRECISE_DATE_ALREADY_NULL,
20905,https://www.masencarnacion.com/articulo/camioneta-con-personas-sobre-el-techo-fue-retenida-en-la-costanera-de-encarnacion,,,,NO_PRECISE_DATE_ALREADY_NULL,
20906,https://www.masencarnacion.com/articulo/matan-una-mujer-y-hieren-otra-en-eusebio-ayala,,,,NO_PRECISE_DATE_ALREADY_NULL,
20925,https://www.masencarnacion.com/articulo/monica-scheid-encara-la-recta-final-campana-en-nueva-alborada,,,,NO_PRECISE_DATE_ALREADY_NULL,
20959,https://www.masencarnacion.com/articulo/cambyreta-se-prepara-para-celebrar-san-miguel-arcangel-con-fe-tradicion-y-solidaridad,,,,NO_PRECISE_DATE_ALREADY_NULL,
21371,https://www.masencarnacion.com/articulo/inverfin-celebra-30-anos-con-grandes-promociones-y-sorteo-una-hilux-0-km,,,,NO_PRECISE_DATE_ALREADY_NULL,
21372,https://www.masencarnacion.com/articulo/vacunas-adelgazantes-pueden-representar-riesgos-para-el-corazon-sin-controles-medicos,,,,NO_PRECISE_DATE_ALREADY_NULL,
21373,https://www.masencarnacion.com/articulo/dia-mundial-del-corazon-alertan-sobre-los-factores-de-riesgo-y-la-importancia-de-los-controles,,,,NO_PRECISE_DATE_ALREADY_NULL,
21374,https://www.masencarnacion.com/articulo/elecciones-en-brasil-2026-aseguran-que-lula-tiene-una-leve-ventaja-sobre-flavio-bolsonaro,,,,NO_PRECISE_DATE_ALREADY_NULL,
21375,https://www.masencarnacion.com/articulo/hugo-javier-evoluciona-de-forma-favorable-pero-el-cuadro-neurologico-podria-persistir-por-meses,,,,NO_PRECISE_DATE_ALREADY_NULL,
21376,https://www.masencarnacion.com/articulo/incendio-afecta-seis-viviendas-utilizadas-como-inquilinato-en-el-barrio-santa-maria-de-encarnacion,,,,NO_PRECISE_DATE_ALREADY_NULL,
21377,https://www.masencarnacion.com/articulo/joven-de-20-anos-pierde-el-control-de-su-vehiculo-choca-contra-semaforo-y-columna-de-ande,,,,NO_PRECISE_DATE_ALREADY_NULL,
21378,https://www.masencarnacion.com/articulo/alliana-posterga-para-noviembre-la-definicion-de-su-dupla,,,,NO_PRECISE_DATE_ALREADY_NULL,
21379,https://www.masencarnacion.com/articulo/argentina-iniciara-arbitraje-por-explotacion-petrolera-en-malvinas,,,,NO_PRECISE_DATE_ALREADY_NULL,
21380,https://www.masencarnacion.com/articulo/lider-de-una-red-que-roba-vehiculos-en-brasil-para-utilizar-en-el-narcotrafico-es-buscado-en-pjc,,,,NO_PRECISE_DATE_ALREADY_NULL,
21555,https://www.masencarnacion.com/articulo/motociclista-quedo-herida-tras-ser-rozada-por-un-automovil-que-se-dio-la-fuga-en-cambyreta,,,,NO_PRECISE_DATE_ALREADY_NULL,
21556,https://www.masencarnacion.com/articulo/san-miguel-arcangel-reune-fieles-en-cambyreta-en-una-jornada-de-fe-y-tradicion,,,,NO_PRECISE_DATE_ALREADY_NULL,
21557,https://www.masencarnacion.com/articulo/presentan-proyecto-para-construir-el-nuevo-edificio-de-la-direccion-departamental-de-educacion-de-itapua,,,,NO_PRECISE_DATE_ALREADY_NULL,
21558,https://www.masencarnacion.com/articulo/jaime-hinterleitner-se-muestra-confiado-de-cara-las-elecciones-municipales-en-cambyreta,,,,NO_PRECISE_DATE_ALREADY_NULL,
21559,https://www.masencarnacion.com/articulo/olimpia-y-la-municipalidad-de-encarnacion-firman-convenio-para-impulsar-el-deporte-y-el-desarrollo-comunitario,,,,NO_PRECISE_DATE_ALREADY_NULL,
21560,https://www.masencarnacion.com/articulo/javier-pereira-asegura-que-trabajara-con-los-intendentes-electos-sin-distincion-de-color-politico,,,,NO_PRECISE_DATE_ALREADY_NULL,
21573,https://www.masencarnacion.com/articulo/educacion-de-itapua-analiza-resultados-de-pisa-y-proyecto-de-nuevo-edificio,,,,NO_PRECISE_DATE_ALREADY_NULL,
21726,https://www.masencarnacion.com/articulo/llaman-la-solidaridad-para-culminar-las-obras-en-la-pergola-del-santuario-de-itacua,,,,NO_PRECISE_DATE_ALREADY_NULL,
21727,https://www.masencarnacion.com/articulo/el-jardin-de-la-profe-fide-flores-que-mantienen-viva-su-memoria-en-la-costanera-de-encarnacion,,,,NO_PRECISE_DATE_ALREADY_NULL,
21769,https://www.masencarnacion.com/articulo/jovenes-universitarios-de-tres-departamentos-llegan-itapua-para-disputar-los-jupy,,,,NO_PRECISE_DATE_ALREADY_NULL,
21770,https://www.masencarnacion.com/articulo/por-tercera-vez-entran-en-mi-casa-familia-denuncia-hurto-domiciliario-en-cambyreta,,,,NO_PRECISE_DATE_ALREADY_NULL,
22227,https://www.masencarnacion.com/articulo/fallece-conocido-actor-de-telenovelas-mexicanas,,,,NO_PRECISE_DATE_ALREADY_NULL,
22228,https://www.masencarnacion.com/articulo/cambyreta-impulsa-conversatorios-para-prevenir-las-adicciones-entre-jovenes,,,,NO_PRECISE_DATE_ALREADY_NULL,
22229,https://www.masencarnacion.com/articulo/policia-recupera-herramientas-hurtadas-y-aprehende-un-hombre-en-yatytay,,,,NO_PRECISE_DATE_ALREADY_NULL,
22230,https://www.masencarnacion.com/articulo/este-sabado-se-realiza-la-colecta-nacional-de-alimentos-2026,,,,NO_PRECISE_DATE_ALREADY_NULL,
22231,https://www.masencarnacion.com/articulo/culminan-magnificamente-los-juegos-universitarios-unae-isede-2026,,,,NO_PRECISE_DATE_ALREADY_NULL,
22232,https://www.masencarnacion.com/articulo/roque-santa-cruz-entre-las-figuras-de-mayor-productividad-sin-pelota,,,,NO_PRECISE_DATE_ALREADY_NULL,
22233,https://www.masencarnacion.com/articulo/independiente-y-nacional-por-un-lugar-en-cuartos,,,,NO_PRECISE_DATE_ALREADY_NULL,
22234,https://www.masencarnacion.com/articulo/vuelo-de-flydubai-israel-desviado-por-pelea-entre-pilotos,,,,NO_PRECISE_DATE_ALREADY_NULL,
22235,https://www.masencarnacion.com/articulo/mas-de-3000-plantines-de-tomate-llegan-pequenos-productores-de-itapua,,,,NO_PRECISE_DATE_ALREADY_NULL,
22236,https://www.masencarnacion.com/articulo/nancy-berndt-entra-en-la-recta-final-de-la-campana-rumbo-las-elecciones-en-cambyreta,,,,NO_PRECISE_DATE_ALREADY_NULL,
22237,https://www.masencarnacion.com/articulo/itaipu-volvera-abrir-las-compuertas-del-vertedero-el-fin-de-semana,,,,NO_PRECISE_DATE_ALREADY_NULL,
22238,https://www.masencarnacion.com/articulo/ultimo-dia-encarnacion-mantiene-descuentos-para-regularizar-deudas-tributarias,,,,NO_PRECISE_DATE_ALREADY_NULL,
22239,https://www.masencarnacion.com/articulo/hugo-javier-saldra-de-alta-pronto-y-se-ira-su-casa-para-la-rehabilitacion,,,,NO_PRECISE_DATE_ALREADY_NULL,
22240,https://www.masencarnacion.com/articulo/productores-de-25-distritos-llegan-encarnacion-con-productos-frescos-de-la-agricultura-familiar,,,,NO_PRECISE_DATE_ALREADY_NULL,
22241,https://www.masencarnacion.com/articulo/identifican-profugo-ligado-al-crimen-de-rebeca-martinez,,,,NO_PRECISE_DATE_ALREADY_NULL,
22242,https://www.masencarnacion.com/articulo/senad-y-codi-ftc-asestan-golpe-de-usd-7-millones-al-narcotrafico-en-amambay,,,,NO_PRECISE_DATE_ALREADY_NULL,
22243,https://www.masencarnacion.com/articulo/jovenes-crean-bots-para-aprender-matematicas-y-fisica-en-guarani,,,,NO_PRECISE_DATE_ALREADY_NULL,
22244,https://www.masencarnacion.com/articulo/descartan-que-camioneta-hallada-sea-la-utilizada-para-crimen-en-eusebio-ayala,,,,NO_PRECISE_DATE_ALREADY_NULL,
22245,https://www.masencarnacion.com/articulo/mision-en-eeuu-deja-inversiones-por-usd-1000-millones,,,,NO_PRECISE_DATE_ALREADY_NULL,
22246,https://www.masencarnacion.com/articulo/justicia-condena-16-anos-de-carcel-la-hija-de-alejandro-ramos,,,,NO_PRECISE_DATE_ALREADY_NULL,
22247,https://www.masencarnacion.com/articulo/doble-homicidio-en-san-pedro-del-parana-dos-jovenes-fueron-asesinados-tiros,,,,NO_PRECISE_DATE_ALREADY_NULL,
22248,https://www.masencarnacion.com/articulo/orgullo-paraguayo-e-itapuense-juanjo-villalba-conquista-la-plata-en-el-sudamericano-de-mtb,,,,NO_PRECISE_DATE_ALREADY_NULL,
22308,https://www.masencarnacion.com/articulo/remesowski-verifica-avance-de-obras-en-la-escuela-john-f-kennedy-de-encarnacion,,,,NO_PRECISE_DATE_ALREADY_NULL,
22309,https://www.masencarnacion.com/articulo/vecinos-de-kaaguy-rory-denuncian-acumulacion-de-basuras-los-costados-del-camino-real,,,,NO_PRECISE_DATE_ALREADY_NULL,
22348,https://www.masencarnacion.com/articulo/residentas-llega-las-tablas-con-un-homenaje-las-mujeres-paraguayas,,,,NO_PRECISE_DATE_ALREADY_NULL,
22349,https://www.masencarnacion.com/articulo/extirpan-quiste-de-30-centimetros-y-76-kilos-en-hospital-de-presidente-franco,,,,NO_PRECISE_DATE_ALREADY_NULL,
22473,https://www.masencarnacion.com/articulo/jopara-para-espantar-al-karai-octubre-este-1-de-octubre,,,,NO_PRECISE_DATE_ALREADY_NULL,
22500,https://www.masencarnacion.com/articulo/cerro-porteno-sabe-que-no-puede-fallar-en-la-copa-de-todos,,,,NO_PRECISE_DATE_ALREADY_NULL,
22501,https://www.masencarnacion.com/articulo/multaran-con-g-117077-quienes-no-voten-en-las-municipales-2026,,,,NO_PRECISE_DATE_ALREADY_NULL,
22515,https://www.masencarnacion.com/articulo/temporal-dejo-su-paso-200-casas-danadas-vacas-y-miles-de-pollitos-muertos-en-caaguazu,,,,NO_PRECISE_DATE_ALREADY_NULL,
22516,https://www.masencarnacion.com/articulo/primavera-patios-baldios-y-una-vieja-costumbre-que-puede-terminar-en-incendios-y-alimanas-en-las-casas,,,,NO_PRECISE_DATE_ALREADY_NULL,
22517,https://www.masencarnacion.com/articulo/santiago-pena-destaca-la-confianza-en-paraguay-para-atraer-inversiones-millonarias,,,,NO_PRECISE_DATE_ALREADY_NULL,
22702,https://www.masencarnacion.com/articulo/itapua-busca-incorporar-seis-nuevos-tesoros-anua-de-cara-la-temporada-alta,,,,NO_PRECISE_DATE_ALREADY_NULL,
22703,https://www.masencarnacion.com/articulo/alerta-por-robo-de-celulares-hasta-6000-denuncias-al-ano,,,,NO_PRECISE_DATE_ALREADY_NULL,
22704,https://www.masencarnacion.com/articulo/encarnacion-despierta-interes-de-inversores-de-emiratos-arabes,,,,NO_PRECISE_DATE_ALREADY_NULL,
22705,https://www.masencarnacion.com/articulo/buscan-proteger-la-identidad-y-el-origen-de-la-yerba-mate-paraguaya,,,,NO_PRECISE_DATE_ALREADY_NULL,
22706,https://www.masencarnacion.com/articulo/municipales-venta-de-alcohol-quedara-prohibida-desde-el-sabado,,,,NO_PRECISE_DATE_ALREADY_NULL,
22707,https://www.masencarnacion.com/articulo/israel-investiga-como-ataque-terrorista-el-incidente-en-el-vuelo-del-fly-dubai,,,,NO_PRECISE_DATE_ALREADY_NULL,
22708,https://www.masencarnacion.com/articulo/desaparecer-de-la-casa-el-nuevo-reto-entre-jovenes-que-genera-preocupacion-en-paraguay,,,,NO_PRECISE_DATE_ALREADY_NULL,
22978,https://www.masencarnacion.com/articulo/denuncian-que-grabaron-videos-intimos-en-el-cerro-yaguaron,,,,NO_PRECISE_DATE_ALREADY_NULL,
22979,https://www.masencarnacion.com/articulo/dos-personas-resultan-lesionadas-tras-choque-entre-motocicleta-y-camion-en-carmen-del-parana,,,,NO_PRECISE_DATE_ALREADY_NULL,
22980,https://www.masencarnacion.com/articulo/cerro-porteno-114-anos-de-pasion-y-amor-incondicional,,,,NO_PRECISE_DATE_ALREADY_NULL,
22981,https://www.masencarnacion.com/articulo/aprehenden-un-joven-tras-denuncia-por-hurto-de-un-compresor-en-cambyreta,,,,NO_PRECISE_DATE_ALREADY_NULL,
22982,https://www.masencarnacion.com/articulo/disparo-en-nueva-alborada-deja-un-hombre-herido-y-un-aprehendido,,,,NO_PRECISE_DATE_ALREADY_NULL,
22983,https://www.masencarnacion.com/articulo/llegan-los-utiles-electorales-para-las-municipales-del-domingo-en-encarnacion,,,,NO_PRECISE_DATE_ALREADY_NULL,
22984,https://www.masencarnacion.com/articulo/hombre-muere-durante-incendio-de-una-vivienda-precaria-en-encarnacion,,,,NO_PRECISE_DATE_ALREADY_NULL,
23018,https://www.masencarnacion.com/articulo/mirtha-legrand-mejora-y-ya-se-encuentra-en-una-habitacion-comun,,,,NO_PRECISE_DATE_ALREADY_NULL,
23019,https://www.masencarnacion.com/articulo/mec-registro-titulos-de-medicina-con-notas-modificadas-y-documentos-vencidos,,,,NO_PRECISE_DATE_ALREADY_NULL,
23020,https://www.masencarnacion.com/articulo/quince-intendentes-buscan-la-reeleccion-este-domingo-en-itapua,,,,NO_PRECISE_DATE_ALREADY_NULL,
23021,https://www.masencarnacion.com/articulo/escandalo-en-portugal-con-cristiano-ronaldo-se-peleo-con-el-dt-y-dejo-la-concentracion,,,,NO_PRECISE_DATE_ALREADY_NULL,
23050,https://www.masencarnacion.com/articulo/inician-obra-de-empedrado-en-cuatro-potrero-con-inversion-de-g-380-millones,,,,NO_PRECISE_DATE_ALREADY_NULL,
23051,https://www.masencarnacion.com/articulo/audio-de-marset-desata-detencion-de-fiscal-general-y-otras-autoridades-en-bolivia,,,,NO_PRECISE_DATE_ALREADY_NULL,
23052,https://www.masencarnacion.com/articulo/san-ignacio-trabajadores-quedaron-atrapados-por-desmoronamiento-de-tierra,,,,NO_PRECISE_DATE_ALREADY_NULL,
23053,https://www.masencarnacion.com/articulo/inauguran-nueva-usf-en-el-barrio-cuatro-potrero-de-encarnacion,,,,NO_PRECISE_DATE_ALREADY_NULL,
23296,https://www.masencarnacion.com/articulo/olimpia-y-luqueno-buscan-avanzar-en-la-copa-paraguay,,,,NO_PRECISE_DATE_ALREADY_NULL,
23297,https://www.masencarnacion.com/articulo/paraguay-revive-la-tradicion-del-jopara-para-ahuyentar-la-escasez-del-karai-octubre,,,,NO_PRECISE_DATE_ALREADY_NULL,
23298,https://www.masencarnacion.com/articulo/cambyreta-celebra-el-arte-y-la-identidad-cultural-en-karai-octubre-con-la-presencia-del-intendente-claudio-chavez-quedo-habilitada,,,,NO_PRECISE_DATE_ALREADY_NULL,
23299,https://www.masencarnacion.com/articulo/pmt-de-cambyreta-reforzara-su-presencia-en-los-puntos-de-votacion-este-domingo,,,,NO_PRECISE_DATE_ALREADY_NULL,
23300,https://www.masencarnacion.com/articulo/accidente-sobre-la-ruta-14-deja-una-persona-herida-en-cambyreta,,,,NO_PRECISE_DATE_ALREADY_NULL,
23301,https://www.masencarnacion.com/articulo/itapua-fortalece-su-red-de-salud-con-nuevas-usf-y-centros-asistenciales,,,,NO_PRECISE_DATE_ALREADY_NULL,
23302,https://www.masencarnacion.com/articulo/mbaeichapa-jaiporavota-nane-candidato-kuerape,,,,NO_PRECISE_DATE_ALREADY_NULL,
23303,https://www.masencarnacion.com/articulo/iran-confirma-74-latigazos-la-cantante-parastoo-ahmadi-por-actuar-sin-velo,,,,NO_PRECISE_DATE_ALREADY_NULL,
23304,https://www.masencarnacion.com/articulo/cambyreta-crea-secretaria-de-prevencion-y-tratamiento-de-adicciones,,,,NO_PRECISE_DATE_ALREADY_NULL,
23305,https://www.masencarnacion.com/articulo/octubre-rosa-une-prevencion-con-nanduti-y-ao-poi,,,,NO_PRECISE_DATE_ALREADY_NULL,
23306,https://www.masencarnacion.com/articulo/intercre-2026-reune-delegaciones-de-siete-centros-regionales-de-educacion-en-encarnacion,,,,NO_PRECISE_DATE_ALREADY_NULL,
23307,https://www.masencarnacion.com/articulo/tsje-reglamenta-el-voto-asistido-para-el-domingo,,,,NO_PRECISE_DATE_ALREADY_NULL,
23308,https://www.masencarnacion.com/articulo/seis-hombres-armados-golpearon-una-victima-y-se-llevaron-g-40-millones-en-capiibary,,,,NO_PRECISE_DATE_ALREADY_NULL,
23346,https://www.masencarnacion.com/articulo/confirman-pago-de-aguinaldo-jubilados-del-ips,,,,NO_PRECISE_DATE_ALREADY_NULL,
23347,https://www.masencarnacion.com/articulo/mbaeichapa-jaiporavota-nane-candidato-kuerape-2,,,,NO_PRECISE_DATE_ALREADY_NULL,
23348,https://www.masencarnacion.com/articulo/amigas-apostaron-g-20-millones-por-sus-candidatos,,,,NO_PRECISE_DATE_ALREADY_NULL,
23383,https://www.masencarnacion.com/articulo/compleja-cirugia-cervical-realizada-en-ips-marca-hito-medico-mundial,,,,NO_PRECISE_DATE_ALREADY_NULL,
23384,https://www.masencarnacion.com/articulo/cruzo-desde-posadas-y-termino-detenido-en-encarnacion-por-una-orden-de-captura,,,,NO_PRECISE_DATE_ALREADY_NULL,
23385,https://www.masencarnacion.com/articulo/camioneta-se-incendia-en-predio-de-fiscalia-barrial-y-presumen-cortocircuito,,,,NO_PRECISE_DATE_ALREADY_NULL,
23437,https://www.masencarnacion.com/articulo/cambyreta-brinda-atencion-integral-y-bienestar-sus-adultos-mayores,,,,NO_PRECISE_DATE_ALREADY_NULL,
23438,https://www.masencarnacion.com/articulo/ciudad-argentina-declara-al-guarani-como-lengua-cooficial,,,,NO_PRECISE_DATE_ALREADY_NULL,
23476,https://www.masencarnacion.com/articulo/invitan-aprender-reposteria-navidena-en-el-cpv-san-pedro,,,,NO_PRECISE_DATE_ALREADY_NULL,
23477,https://www.masencarnacion.com/articulo/la-dnit-cerro-setiembre-con-una-recaudacion-de-mas-al-alza,,,,NO_PRECISE_DATE_ALREADY_NULL,
23478,https://www.masencarnacion.com/articulo/nace-el-club-de-vegetarianos-del-sur-una-comunidad-que-apuesta-por-una-alimentacion-mas-consciente,,,,NO_PRECISE_DATE_ALREADY_NULL,
23535,https://www.masencarnacion.com/articulo/buscan-que-encarnacion-amplie-su-oferta-gastronomica-para-personas-vegetarianas,,,,NO_PRECISE_DATE_ALREADY_NULL,
24201,https://www.masencarnacion.com/articulo/estudiantes-de-cambyreta-se-capacitan-en-herramientas-digitales-con-canva,,,,NO_PRECISE_DATE_ALREADY_NULL,
24202,https://www.masencarnacion.com/articulo/mujeres-de-pirapo-se-capacitan-en-elaboracion-de-alimentos-base-de-mandioca,,,,NO_PRECISE_DATE_ALREADY_NULL,
24203,https://www.masencarnacion.com/articulo/despliegan-amplio-operativo-de-seguridad-para-las-elecciones-municipales-en-itapua,,,,NO_PRECISE_DATE_ALREADY_NULL,
24204,https://www.masencarnacion.com/articulo/hallan-en-nanawa-una-camioneta-hurtada-en-encarnacion-en-el-marco-de-la-investigacion-del-crimen-de-eusebio-ayala,,,,NO_PRECISE_DATE_ALREADY_NULL,
24205,https://www.masencarnacion.com/articulo/hallan-incinerado-en-zona-rural-de-natalio-un-vehiculo-denunciado-como-hurtado,,,,NO_PRECISE_DATE_ALREADY_NULL,
24206,https://www.masencarnacion.com/articulo/adolescente-fue-atacada-por-cuatro-estudiantes-en-plena-calle-en-asuncion,,,,NO_PRECISE_DATE_ALREADY_NULL,
24207,https://www.masencarnacion.com/articulo/matan-balazos-chofer-de-plataforma-tras-presunto-intento-de-asalto,,,,NO_PRECISE_DATE_ALREADY_NULL,
24208,https://www.masencarnacion.com/articulo/junta-de-saneamiento-de-cambyreta-centro-garantiza-provision-de-agua-potable-700-usuarios,,,,NO_PRECISE_DATE_ALREADY_NULL,
24209,https://www.masencarnacion.com/articulo/inician-obras-de-una-subcomisaria-y-farmacia-social-en-san-isidro-pradera-alta,,,,NO_PRECISE_DATE_ALREADY_NULL,
24210,https://www.masencarnacion.com/articulo/paraguay-enfrenta-colombia-en-su-segundo-amistoso-post-mundial,,,,NO_PRECISE_DATE_ALREADY_NULL,
24211,https://www.masencarnacion.com/articulo/fiscal-general-es-electo-director-del-instituto-de-ministerios-publicos-de-iberoamerica,,,,NO_PRECISE_DATE_ALREADY_NULL,
24212,https://www.masencarnacion.com/articulo/inician-la-construccion-de-la-primera-clinica-veterinaria-publica-de-encarnacion,,,,NO_PRECISE_DATE_ALREADY_NULL,
24213,https://www.masencarnacion.com/articulo/municipio-de-encarnacion-destaca-trabajo-conjunto-para-asistir-personas-en-situacion-de-vulnerabilidad,,,,NO_PRECISE_DATE_ALREADY_NULL,
24214,https://www.masencarnacion.com/articulo/inician-construccion-de-nueva-sede-de-la-comisaria-24-de-cambyreta,,,,NO_PRECISE_DATE_ALREADY_NULL,
24215,https://www.masencarnacion.com/articulo/denuncian-el-hurto-de-un-automovil-estacionado-en-inmediaciones-de-la-plaza-los-pioneros,,,,NO_PRECISE_DATE_ALREADY_NULL,
24216,https://www.masencarnacion.com/articulo/joshua-ficha-por-hitech-y-seguira-en-la-f2-en-el-2027,,,,NO_PRECISE_DATE_ALREADY_NULL,
24217,https://www.masencarnacion.com/articulo/allanamiento-antidrogas-en-aregua-deja-tres-personas-privadas-de-libertad,,,,NO_PRECISE_DATE_ALREADY_NULL,
24218,https://www.masencarnacion.com/articulo/incautan-20-kilos-de-pasta-base-de-cocaina-procedente-de-bolivia,,,,NO_PRECISE_DATE_ALREADY_NULL,
24219,https://www.masencarnacion.com/articulo/23-personas-accederan-al-voto-en-casa-este-domingo-en-encarnacion,,,,NO_PRECISE_DATE_ALREADY_NULL,
24220,https://www.masencarnacion.com/articulo/santiago-pena-llama-votar-este-domingo-que-cada-paraguayo-haga-oir-su-voz,,,,NO_PRECISE_DATE_ALREADY_NULL,
24221,https://www.masencarnacion.com/articulo/terneros-atacados-en-misiones-preocupan-y-se-sospecha-de-puma-o-yaguarete,,,,NO_PRECISE_DATE_ALREADY_NULL,
24222,https://www.masencarnacion.com/articulo/brasil-prueba-control-biometrico-de-la-mano-en-el-puente-de-la-amistad,,,,NO_PRECISE_DATE_ALREADY_NULL,
24223,https://www.masencarnacion.com/articulo/bolivia-amenaza-con-detener-al-fiscal-general-interino-en-medio-de-una-crisis-institucional,,,,NO_PRECISE_DATE_ALREADY_NULL,
24224,https://www.masencarnacion.com/articulo/luqueno-elimina-olimpia-en-los-penales,,,,NO_PRECISE_DATE_ALREADY_NULL,
24225,https://www.masencarnacion.com/articulo/guaranisat-2-paraguay-lanza-su-segundo-satelite,,,,NO_PRECISE_DATE_ALREADY_NULL,
24306,https://www.masencarnacion.com/articulo/chile-podria-abrir-su-mercado-la-carne-porcina-paraguaya,,,,NO_PRECISE_DATE_ALREADY_NULL,
24307,https://www.masencarnacion.com/articulo/recuperan-en-encarnacion-una-motocicleta-denunciada-como-hurtada,,,,NO_PRECISE_DATE_ALREADY_NULL,
24308,https://www.masencarnacion.com/articulo/elecciones-2026-alcohol-podra-venderse-solo-hasta-las-1859-del-sabado,,,,NO_PRECISE_DATE_ALREADY_NULL,
24342,https://www.masencarnacion.com/articulo/el-parque-automotor-paraguayo-crecio-139-y-eleva-la-venta-de-combustibles,,,,NO_PRECISE_DATE_ALREADY_NULL,
24367,https://www.masencarnacion.com/articulo/gobierno-brinda-reconocimiento-al-team-paraguay-que-logro-37-medallas-en-los-juegos-suramericanos,,,,NO_PRECISE_DATE_ALREADY_NULL,
24368,https://www.masencarnacion.com/articulo/murio-el-bebe-cuya-madre-denuncio-el-robo-de-g-8-millones-en-el-albergue-del-ips,,,,NO_PRECISE_DATE_ALREADY_NULL,
24369,https://www.masencarnacion.com/articulo/persecucion-policial-termina-con-vuelco-y-cinco-aprehendidos-en-santa-fe-del-parana,,,,NO_PRECISE_DATE_ALREADY_NULL,
24505,https://www.masencarnacion.com/articulo/intercre-2026-cerro-en-encarnacion-con-una-jornada-de-premiacion-y-celebracion-juvenil,,,,NO_PRECISE_DATE_ALREADY_NULL,
24506,https://www.masencarnacion.com/articulo/paseo-repsur-renueva-su-oferta-para-la-temporada-primavera-verano,,,,NO_PRECISE_DATE_ALREADY_NULL,
24507,https://www.masencarnacion.com/articulo/denuncian-el-hurto-de-una-motocicleta-en-la-colectora-de-la-ruta-6-en-encarnacion,,,,NO_PRECISE_DATE_ALREADY_NULL,
24508,https://www.masencarnacion.com/articulo/nina-resulta-herida-tras-caer-muralla-de-escuela-en-guarambare,,,,NO_PRECISE_DATE_ALREADY_NULL,
24509,https://www.masencarnacion.com/articulo/identificaciones-refuerza-atencion-para-facilitar-retiro-de-cedulas-antes-de-las-elecciones,,,,NO_PRECISE_DATE_ALREADY_NULL,
24510,https://www.masencarnacion.com/articulo/unas-42-parejas-dan-el-si-en-altos-el-valor-mas-grande-es-el-amor-dice-monsenor-valenzuela,,,,NO_PRECISE_DATE_ALREADY_NULL,
24841,https://www.masencarnacion.com/articulo/el-club-la-concordia-fortalece-el-handball-y-ya-reune-mas-de-80-deportistas,,,,NO_PRECISE_DATE_ALREADY_NULL,
24842,https://www.masencarnacion.com/articulo/todavia-no-retiraste-tu-cedula-identificaciones-amplia-su-atencion-este-fin-de-semana,,,,NO_PRECISE_DATE_ALREADY_NULL,
24843,https://www.masencarnacion.com/articulo/incendio-estructural-afecto-local-de-reparacion-de-electrodomesticos,,,,NO_PRECISE_DATE_ALREADY_NULL,
24844,https://www.masencarnacion.com/articulo/cambyreta-suma-un-nuevo-espacio-para-el-deporte-con-la-inauguracion-de-la-pista-del-club-la-concordia,,,,NO_PRECISE_DATE_ALREADY_NULL,
24845,https://www.masencarnacion.com/articulo/san-roque-de-cambyreta-estrena-cancha-multiuso-y-suma-un-nuevo-espacio-para-el-deporte,,,,NO_PRECISE_DATE_ALREADY_NULL,
24846,https://www.masencarnacion.com/articulo/crimen-eusebio-ayala-ordenan-captura-internacional-para-chule-rodriguez,,,,NO_PRECISE_DATE_ALREADY_NULL,
25187,https://www.masencarnacion.com/articulo/uso-credencial-ajena-para-ser-presidente-de-mesa-y-fue-detenido-en-ciudad-del-este,,,,NO_PRECISE_DATE_ALREADY_NULL,
25188,https://www.masencarnacion.com/articulo/estragos-por-granizos-hospital-del-cancer-opera-al-70-y-reubica-pacientes-tras-destrozos,,,,NO_PRECISE_DATE_ALREADY_NULL,
25189,https://www.masencarnacion.com/articulo/el-mensaje-de-cartes-en-los-comicios-el-que-no-es-colorado-que-vote-tambien-por-el-partido,,,,NO_PRECISE_DATE_ALREADY_NULL,
25191,https://www.masencarnacion.com/articulo/elecciones-municipales-2026-estas-son-las-prohibiciones-durante-la-jornada-electoral,,,,NO_PRECISE_DATE_ALREADY_NULL,
25192,https://www.masencarnacion.com/articulo/conoce-los-candidatos-intendente-de-los-30-distritos-de-itapua,,,,NO_PRECISE_DATE_ALREADY_NULL,
25193,https://www.masencarnacion.com/articulo/cambyreta-elige-hoy-su-proximo-intendente-en-las-elecciones-municipales-2026,,,,NO_PRECISE_DATE_ALREADY_NULL,
25194,https://www.masencarnacion.com/articulo/encarnacion-elige-hoy-sus-nuevas-autoridades-municipales,,,,NO_PRECISE_DATE_ALREADY_NULL,
25195,https://www.masencarnacion.com/articulo/municipales-2026-trep-preve-difundir-primeros-resultados-desde-las-2000-horas,,,,NO_PRECISE_DATE_ALREADY_NULL,
25197,https://www.masencarnacion.com/articulo/aprehenden-dos-hombres-tras-frustrado-intento-de-robo-en-un-comercio-de-hohenau,,,,NO_PRECISE_DATE_ALREADY_NULL,
25198,https://www.masencarnacion.com/articulo/mas-de-5-millones-de-electores-estan-habilitados-para-votar-en-las-municipales-2026,,,,NO_PRECISE_DATE_ALREADY_NULL,
25737,https://www.masencarnacion.com/articulo/encarnacion-retoma-su-ritmo-tras-la-jornada-de-elecciones-municipales,,,,NO_PRECISE_DATE_ALREADY_NULL,
25738,https://www.masencarnacion.com/articulo/residentas-sube-escena-para-financiar-su-gira-cordoba,,,,NO_PRECISE_DATE_ALREADY_NULL,
25739,https://www.masencarnacion.com/articulo/comunicadora-sufrio-doble-hurto-en-su-vivienda-de-cambyreta-ingresaron-dos-noches-seguidas,,,,NO_PRECISE_DATE_ALREADY_NULL,
25740,https://www.masencarnacion.com/articulo/cae-un-sospechoso-del-caso-de-mujeres-baleadas-tras-enfrentarse-la-policia-en-borja,,,,NO_PRECISE_DATE_ALREADY_NULL,
25741,https://www.masencarnacion.com/articulo/encarnacion-cerro-el-fin-de-semana-con-transito-tranquilo-y-sin-incidentes-graves,,,,NO_PRECISE_DATE_ALREADY_NULL,
25742,https://www.masencarnacion.com/articulo/candidato-fallece-de-un-infarto-tras-enterarse-de-su-victoria,,,,NO_PRECISE_DATE_ALREADY_NULL,
25743,https://www.masencarnacion.com/articulo/candidato-que-prometio-motel-gratis-cumple-promesa,,,,NO_PRECISE_DATE_ALREADY_NULL,
25744,https://www.masencarnacion.com/articulo/contundente-victoria-colorada-itapua-consolida-colym-soroka,,,,NO_PRECISE_DATE_ALREADY_NULL,
25745,https://www.masencarnacion.com/articulo/unae-prepara-el-viii-congreso-de-ciencia-diseno-y-tecnologia-con-mas-de-60-comunicaciones-cientificas,,,,NO_PRECISE_DATE_ALREADY_NULL,
25746,https://www.masencarnacion.com/articulo/elecciones-municipales-fiscalia-confirma-18-detenidos-por-fraude-y-compra-de-votos,,,,NO_PRECISE_DATE_ALREADY_NULL,
25747,https://www.masencarnacion.com/articulo/hallan-clavos-miguelito-durante-la-jornada-electoral-en-nueva-alborada,,,,NO_PRECISE_DATE_ALREADY_NULL,
25748,https://www.masencarnacion.com/articulo/itapua-vivio-una-jornada-electoral-con-normalidad-y-algunos-incidentes-menores,,,,NO_PRECISE_DATE_ALREADY_NULL,
25749,https://www.masencarnacion.com/articulo/la-anr-obtiene-mayoria-absoluta-en-la-junta-municipal-de-encarnacion,,,,NO_PRECISE_DATE_ALREADY_NULL,
25750,https://www.masencarnacion.com/articulo/aprehenden-un-hombre-por-presunta-exposicion-peligro-del-transito-y-perturbacion-de-la-paz-publica-en-la-paz,,,,NO_PRECISE_DATE_ALREADY_NULL,
25751,https://www.masencarnacion.com/articulo/la-anr-recupera-la-intendencia-de-encarnacion-con-la-victoria-de-sebastian-remesowski,,,,NO_PRECISE_DATE_ALREADY_NULL,
25752,https://www.masencarnacion.com/articulo/aprehenden-una-mujer-por-presunta-perturbacion-de-la-paz-publica-en-fram,,,,NO_PRECISE_DATE_ALREADY_NULL,
25753,https://www.masencarnacion.com/articulo/itapua-22-municipios-quedan-en-manos-de-la-anr-y-8-seran-gobernados-por-alianzas,,,,NO_PRECISE_DATE_ALREADY_NULL,
25795,https://www.masencarnacion.com/articulo/facu-gonzalez-joven-electo-como-concejal-municipal-de-encarnacion,,,,NO_PRECISE_DATE_ALREADY_NULL,
25796,https://www.masencarnacion.com/articulo/bomberos-continuan-colecta-nacional-y-buscan-reunir-g-150-millones-en-encarnacion,,,,NO_PRECISE_DATE_ALREADY_NULL,
25797,https://www.masencarnacion.com/articulo/monica-scheid-se-impone-y-gana-la-intendencia-nueva-alborada,,,,NO_PRECISE_DATE_ALREADY_NULL,
25798,https://www.masencarnacion.com/articulo/bomberos-voluntarios-del-paraguay-conmemoran-48-anos-al-servicio-de-la-ciudadania,,,,NO_PRECISE_DATE_ALREADY_NULL,
25805,https://www.masencarnacion.com/articulo/jaime-hinterleitner-se-impone-en-cambyreta-y-vuelve-la-intendencia,,,,NO_PRECISE_DATE_ALREADY_NULL,
25873,https://www.masencarnacion.com/articulo/suscriben-convenio-para-facilitar-el-acceso-la-justicia-de-personas-con-discapacidad,,,,NO_PRECISE_DATE_ALREADY_NULL,
25926,https://www.masencarnacion.com/articulo/detienen-en-guaira-sospechoso-del-crimen-de-rebeca-martinez,,,,NO_PRECISE_DATE_ALREADY_NULL,
25927,https://www.masencarnacion.com/articulo/83-anos-de-su-creacion-el-guarani-tiene-una-nueva-familia-de-billetes,,,,NO_PRECISE_DATE_ALREADY_NULL,
25928,https://www.masencarnacion.com/articulo/centro-quirurgico-del-hgi-supera-las-7400-cirugias-desde-su-habilitacion,,,,NO_PRECISE_DATE_ALREADY_NULL,
26008,https://www.masencarnacion.com/articulo/salud-activo-plan-de-contingencia-ante-danos-causados-por-temporal-en-hospitales,,,,NO_PRECISE_DATE_ALREADY_NULL,
26009,https://www.masencarnacion.com/articulo/alliana-descarta-descabalgar-y-confirma-nombres-para-encuesta-de-la-chapa,,,,NO_PRECISE_DATE_ALREADY_NULL,
26058,https://www.masencarnacion.com/articulo/sapatu-un-lado-fue-detenido-tras-presunta-tentativa-de-robo-agravado-en-hohenau,,,,NO_PRECISE_DATE_ALREADY_NULL,
26059,https://www.masencarnacion.com/articulo/red-vial-nacional-cuenta-con-mas-de-78000-km-de-caminos-el-84-sin-pavimento-segun-inventario-actualizado,,,,NO_PRECISE_DATE_ALREADY_NULL,
26060,https://www.masencarnacion.com/articulo/paraguay-concluye-fortalecimiento-de-su-fuerza-aera-con-arribo-de-sexto-avion-super-tucano,,,,NO_PRECISE_DATE_ALREADY_NULL,
26098,https://www.masencarnacion.com/articulo/que-cuidarse-se-ponga-de-moda-el-hgi-inicia-actividades-por-octubre-rosa,,,,NO_PRECISE_DATE_ALREADY_NULL,
26099,https://www.masencarnacion.com/articulo/tribunales-electorales-iniciaron-el-juzgamiento-de-actas-de-las-municipales-2026,,,,NO_PRECISE_DATE_ALREADY_NULL,
26131,https://www.masencarnacion.com/articulo/detienen-en-encarnacion-joven-que-contaba-con-orden-de-captura-por-supuesta-estafa,,,,NO_PRECISE_DATE_ALREADY_NULL,
26568,https://www.masencarnacion.com/articulo/la-pastoral-en-itapua-que-vence-las-adicciones-con-arte-y-deporte,,,,NO_PRECISE_DATE_ALREADY_NULL,
26569,https://www.masencarnacion.com/articulo/detienen-joven-investigado-por-un-supuesto-homicidio-en-puerto-obligado,,,,NO_PRECISE_DATE_ALREADY_NULL,
26570,https://www.masencarnacion.com/articulo/feria-cientifica-y-tecnologica-del-cree-se-inicia-este-miercoles-en-encarnacion,,,,NO_PRECISE_DATE_ALREADY_NULL,
26571,https://www.masencarnacion.com/articulo/encarnacion-registra-cerca-de-1000-accidentes-de-transito-por-ano,,,,NO_PRECISE_DATE_ALREADY_NULL,
26572,https://www.masencarnacion.com/articulo/truco-mano-termina-en-disparo-y-un-hombre-resulta-herido-en-obligado,,,,NO_PRECISE_DATE_ALREADY_NULL,
26573,https://www.masencarnacion.com/articulo/contraloria-alerta-sobre-1711-carreras-sin-acreditacion-vigente,,,,NO_PRECISE_DATE_ALREADY_NULL,
26574,https://www.masencarnacion.com/articulo/club-de-leones-impulsa-jornadas-gratuitas-de-atencion-oftalmologica-en-encarnacion,,,,NO_PRECISE_DATE_ALREADY_NULL,
26575,https://www.masencarnacion.com/articulo/clausura-dos-partidos-con-un-olimpia-que-solo-piensa-en-recuperar-la-punta,,,,NO_PRECISE_DATE_ALREADY_NULL,
26577,https://www.masencarnacion.com/articulo/jaumina-fest-22-anos-de-prision-por-el-tiroteo-en-el-que-murio-vita-aranda,,,,NO_PRECISE_DATE_ALREADY_NULL,
26578,https://www.masencarnacion.com/articulo/incendio-destruye-vivienda-en-pirapey-mientras-la-familia-se-encontraba-cenando,,,,NO_PRECISE_DATE_ALREADY_NULL,
26579,https://www.masencarnacion.com/articulo/paraguay-se-casa-2026-prepara-las-parejas-para-dar-el-si,,,,NO_PRECISE_DATE_ALREADY_NULL,
26580,https://www.masencarnacion.com/articulo/temporal-dejo-cortes-de-energia-en-varios-distritos-de-itapua,,,,NO_PRECISE_DATE_ALREADY_NULL,
26581,https://www.masencarnacion.com/articulo/advierten-que-el-nino-podria-ser-mas-violento-en-diciembre,,,,NO_PRECISE_DATE_ALREADY_NULL,
26582,https://www.masencarnacion.com/articulo/nino-ingiere-moneda-de-g-500-y-medicos-logran-retirarla-del-esofago,,,,NO_PRECISE_DATE_ALREADY_NULL,
26584,https://www.masencarnacion.com/articulo/detienen-junior-peluquero-presunto-autor-moral-del-crimen-en-eusebio-ayala,,,,NO_PRECISE_DATE_ALREADY_NULL,
26585,https://www.masencarnacion.com/articulo/nuevos-disenos-san-roque-baja-del-billete-de-g100000-al-de-g-5000,,,,NO_PRECISE_DATE_ALREADY_NULL,
26586,https://www.masencarnacion.com/articulo/pacientes-destacan-la-buena-atencion-en-el-hospital-regional-de-encarnacion,,,,NO_PRECISE_DATE_ALREADY_NULL,
26587,https://www.masencarnacion.com/articulo/nueva-york-declara-emergencia-sanitaria-por-sarampion,,,,NO_PRECISE_DATE_ALREADY_NULL,
26588,https://www.masencarnacion.com/articulo/salud-recibe-equipos-para-fotalecer-capacidades-de-ambulancias,,,,NO_PRECISE_DATE_ALREADY_NULL,
26589,https://www.masencarnacion.com/articulo/carmen-del-parana-capturan-hombre-sindicado-como-autor-de-varios-hurtos,,,,NO_PRECISE_DATE_ALREADY_NULL,
26590,https://www.masencarnacion.com/articulo/el-2-festeja-en-la-olla-y-deja-herido-cerro,,,,NO_PRECISE_DATE_ALREADY_NULL,
26615,https://www.masencarnacion.com/articulo/muestra-pictorica-reune-tres-miradas-en-la-galeria-pedro-aguero,,,,NO_PRECISE_DATE_ALREADY_NULL,
26646,https://www.masencarnacion.com/articulo/el-cree-se-corona-campeon-del-intercre-2026-y-el-trofeo-se-queda-en-encarnacion,,,,NO_PRECISE_DATE_ALREADY_NULL,
26647,https://www.masencarnacion.com/articulo/preocupa-ocupacion-de-veredas-por-vendedores-informales-en-acceso-al-barrio-san-isidro,,,,NO_PRECISE_DATE_ALREADY_NULL,
26685,https://www.masencarnacion.com/articulo/conductor-ebrio-cae-durante-control-policial-en-cde,,,,NO_PRECISE_DATE_ALREADY_NULL,
26686,https://www.masencarnacion.com/articulo/regulacion-del-voto-asistido-se-implemento-con-exito-destaca-el-tsje,,,,NO_PRECISE_DATE_ALREADY_NULL,
26934,https://www.masencarnacion.com/articulo/salud-ofrece-cirugias-gratis-ante-27000-casos-de-ceguera-por-cataratas,,,,NO_PRECISE_DATE_ALREADY_NULL,
26935,https://www.masencarnacion.com/articulo/soledad-nunez-es-proclamada-intendenta-de-asuncion,,,,NO_PRECISE_DATE_ALREADY_NULL,
26936,https://www.masencarnacion.com/articulo/policia-confirma-venganza-como-movil-del-asesinato-de-rebeca,,,,NO_PRECISE_DATE_ALREADY_NULL,
26937,https://www.masencarnacion.com/articulo/una-mujer-muere-electrocutada-en-un-gallinero-de-minga-guazu,,,,NO_PRECISE_DATE_ALREADY_NULL,
26938,https://www.masencarnacion.com/articulo/octubre-rosa-estos-son-los-lugares-de-itapua-donde-podes-realizarte-una-mamografia,,,,NO_PRECISE_DATE_ALREADY_NULL,
26939,https://www.masencarnacion.com/articulo/bebe-de-dos-meses-muere-tras-atragantarse-con-leche-en-nueva-germania,,,,NO_PRECISE_DATE_ALREADY_NULL,
26940,https://www.masencarnacion.com/articulo/cambyreta-habilita-un-puente-de-madera-y-piedra-bruta-para-mejorar-la-conectividad-de-la-comunidad,,,,NO_PRECISE_DATE_ALREADY_NULL,
26941,https://www.masencarnacion.com/articulo/carne-paraguaya-caen-las-faenas-pero-precios-en-el-exterior-suben-un-20,,,,NO_PRECISE_DATE_ALREADY_NULL,
26942,https://www.masencarnacion.com/articulo/cambyreta-realizara-una-jornada-de-castracion-gratuita-para-mascotas-en-mburika,,,,NO_PRECISE_DATE_ALREADY_NULL,
26943,https://www.masencarnacion.com/articulo/colorados-con-mayoria-en-junta-municipal-de-carmen-del-parana-paredes-mantiene-su-liderazgo,,,,NO_PRECISE_DATE_ALREADY_NULL,
26944,https://www.masencarnacion.com/articulo/defensa-de-hugo-javier-pide-prision-domiciliaria-por-secuelas-neurologicas,,,,NO_PRECISE_DATE_ALREADY_NULL,
26945,https://www.masencarnacion.com/articulo/mas-de-4600-cirugias-gineco-obstetricas-fueron-realizadas-en-el-hospital-general-de-itapua,,,,NO_PRECISE_DATE_ALREADY_NULL,
26980,https://www.masencarnacion.com/articulo/incendio-la-vivienda-de-su-hermano-tras-consumir-bebidas-alcoholicas-segun-la-policia,,,,NO_PRECISE_DATE_ALREADY_NULL,
26981,https://www.masencarnacion.com/articulo/comerciante-de-hohenau-descubrio-de-madrugada-que-su-local-habia-sido-hurtado,,,,NO_PRECISE_DATE_ALREADY_NULL,
27019,https://www.masencarnacion.com/articulo/vida-de-los-biomas-llega-encarnacion-con-una-experiencia-educativa-inmersiva,,,,NO_PRECISE_DATE_ALREADY_NULL,
27245,https://www.masencarnacion.com/articulo/jornada-de-bienestar-acompano-pacientes-oncologicos-en-el-hospital-general-de-itapua,,,,NO_PRECISE_DATE_ALREADY_NULL,
27246,https://www.masencarnacion.com/articulo/investigan-extrana-muerte-de-una-nina-de-2-anos-que-fue-hallada-sin-vida-en-brazos-de-su-madre,,,,NO_PRECISE_DATE_ALREADY_NULL,
27247,https://www.masencarnacion.com/articulo/limpieza-en-cerro-porteno-el-club-rajaria-jugadores-acusados-de-farristas-y-planilleros,,,,NO_PRECISE_DATE_ALREADY_NULL,
27248,https://www.masencarnacion.com/articulo/escuela-taller-de-encarnacion-ofrece-cursos-rapidos-con-cupos-limitados,,,,NO_PRECISE_DATE_ALREADY_NULL,
27249,https://www.masencarnacion.com/articulo/remesowski-plantea-dialogo-con-carlos-pereira-y-destaca-proyectos-de-la-alianza,,,,NO_PRECISE_DATE_ALREADY_NULL,
27250,https://www.masencarnacion.com/articulo/incendio-afecto-edificio-de-la-defensa-publica-en-asuncion,,,,NO_PRECISE_DATE_ALREADY_NULL,
27251,https://www.masencarnacion.com/articulo/shakira-y-pique-discuten-en-un-juzgado-el-regimen-de-visitas-de-sus-hijos,,,,NO_PRECISE_DATE_ALREADY_NULL,
27252,https://www.masencarnacion.com/articulo/voto-asistido-principal-fuente-de-incidentes-en-las-municipales-segun-oea,,,,NO_PRECISE_DATE_ALREADY_NULL,
27253,https://www.masencarnacion.com/articulo/rio-parana-crecida-pone-en-alerta-vecinos-de-la-zona-baja-de-cde,,,,NO_PRECISE_DATE_ALREADY_NULL,
27254,https://www.masencarnacion.com/articulo/temporal-ingresaria-al-pais-desde-las-primeras-horas-del-jueves,,,,NO_PRECISE_DATE_ALREADY_NULL,
27255,https://www.masencarnacion.com/articulo/detienen-un-hombre-que-incumplia-arresto-domiciliario-tras-intentar-robar-en-una-vivienda-de-encarnacion,,,,NO_PRECISE_DATE_ALREADY_NULL,
27256,https://www.masencarnacion.com/articulo/intendente-electo-se-reunio-con-el-presidente-de-la-republica-para-tratar-proyectos-y-trabajo-conjunto-en-beneficio-de-encarnacion,,,,NO_PRECISE_DATE_ALREADY_NULL,
27257,https://www.masencarnacion.com/articulo/empleada-robo-la-alcancia-kurei-de-su-patrona-y-se-habria-llevado-g-60-millones,,,,NO_PRECISE_DATE_ALREADY_NULL,
27258,https://www.masencarnacion.com/articulo/reacondicionan-la-usf-del-barrio-la-amistad-en-cambyreta,,,,NO_PRECISE_DATE_ALREADY_NULL,
27259,https://www.masencarnacion.com/articulo/interceptan-camion-de-cocaina-destinada-consumidores-de-central,,,,NO_PRECISE_DATE_ALREADY_NULL,
27260,https://www.masencarnacion.com/articulo/capturan-en-cambyreta-un-joven-sindicado-por-el-hurto-de-herramientas-de-albanileria,,,,NO_PRECISE_DATE_ALREADY_NULL,
27261,https://www.masencarnacion.com/articulo/los-voy-extranar-messi-pone-fin-su-etapa-con-argentina-entre-ovaciones-y-lagrimas,,,,NO_PRECISE_DATE_ALREADY_NULL,
27262,https://www.masencarnacion.com/articulo/joven-motociclista-resulta-herido-tras-chocar-contra-una-camioneta-en-obligado,,,,NO_PRECISE_DATE_ALREADY_NULL,
27263,https://www.masencarnacion.com/articulo/bcp-desmiente-supuesta-intervencion-en-el-sistema-financiero,,,,NO_PRECISE_DATE_ALREADY_NULL,
27264,https://www.masencarnacion.com/articulo/detienen-un-joven-en-san-juan-por-presunto-hurto-de-cables-de-cobre,,,,NO_PRECISE_DATE_ALREADY_NULL,
27483,https://www.masencarnacion.com/articulo/hallan-muerto-punaladas-un-hombre-y-sospechan-de-su-exnovia,,,,NO_PRECISE_DATE_ALREADY_NULL,
27484,https://www.masencarnacion.com/articulo/inhabilitan-15-municipios-por-entregar-registros-sin-examen-conductores,,,,NO_PRECISE_DATE_ALREADY_NULL,
27485,https://www.masencarnacion.com/articulo/mas-de-50-ninos-participan-de-la-escuela-municipal-de-futsal-en-capitan-miranda,,,,NO_PRECISE_DATE_ALREADY_NULL,
27527,https://www.masencarnacion.com/articulo/expo-ceuce-2026-reune-estudiantes-familias-y-ciudadania-en-encarnacion,,,,NO_PRECISE_DATE_ALREADY_NULL,
27528,https://www.masencarnacion.com/articulo/mirtha-legrand-recibio-el-alta-medica-y-seguira-su-recuperacion-en-la-casa,,,,NO_PRECISE_DATE_ALREADY_NULL,
27529,https://www.masencarnacion.com/articulo/becker-destaca-obras-y-proyecta-cerrar-su-gestion-con-8-kilometros-de-empedrado,,,,NO_PRECISE_DATE_ALREADY_NULL,
27530,https://www.masencarnacion.com/articulo/hallan-cadaver-de-hombre-desaparecido-desde-enero-en-un-pozo-de-presidente-franco,,,,NO_PRECISE_DATE_ALREADY_NULL,
27575,https://www.masencarnacion.com/articulo/corte-suspende-juez-que-ordeno-rematar-parte-de-una-narcoestancia,,,,NO_PRECISE_DATE_ALREADY_NULL,
27576,https://www.masencarnacion.com/articulo/arranco-la-feria-cientifica-y-tecnologica-del-cree-en-encarnacion,,,,NO_PRECISE_DATE_ALREADY_NULL,
27615,https://www.masencarnacion.com/articulo/corecaminata-solidaria-se-realizara-el-18-de-octubre-beneficio-de-cenade-y-aspi,,,,REQUEST_ERROR,404 Client Error: Not Found for url: https://www.masencarnacion.com/404
27616,https://www.masencarnacion.com/articulo/inverfin-celebra-30-anos-con-sorteos-beneficios-y--toyota-hilux-0-km,,,,NO_PRECISE_DATE_ALREADY_NULL,
27617,https://www.masencarnacion.com/articulo/se-hizo-pasar-por-lince-y-entro-una-escuela-hablar-de-sexualidad,,,,NO_PRECISE_DATE_ALREADY_NULL,
27618,https://www.masencarnacion.com/articulo/disponen-libertad-para-ex-vocalista-de-pipa-para-tabaco,,,,NO_PRECISE_DATE_ALREADY_NULL,
