article_id,url,old_published_at,new_published_at,raw_metadata,status,error
2353,https://www.masencarnacion.com/articulo/eby-inicia-entrega-de-recursos-para-apoyo-pequenos-productores-de-itapua,2026-07-01T21:00:00-03:00,,,NO_PRECISE_DATE_CLEARED,
2354,https://www.masencarnacion.com/articulo/llega-paseo-repsur-la-operacion-primavera-que-vuele-todo,2026-05-07T21:00:00-03:00,,,NO_PRECISE_DATE_CLEARED,
2355,https://www.masencarnacion.com/articulo/pillan-marihuana-vip-procedente-de-estados-unidos,2026-09-01T21:00:00-03:00,,,NO_PRECISE_DATE_CLEARED,
2356,https://www.masencarnacion.com/articulo/brutal-asalto-atacaron-con-machete-adolescente-para-quitarle-el-celular,2026-09-01T21:00:00-03:00,,,NO_PRECISE_DATE_CLEARED,
2357,https://www.masencarnacion.com/articulo/renuncian-20-medicos-al-hospital-de-cde-y-25-de-san-pablo,2026-09-01T21:00:00-03:00,,,NO_PRECISE_DATE_CLEARED,
2358,https://www.masencarnacion.com/articulo/impulsan-el-handball-en-san-isidro-con-una-escuela-totalmente-gratuita,2026-09-01T21:00:00-03:00,,,NO_PRECISE_DATE_CLEARED,
2359,https://www.masencarnacion.com/articulo/avanzan-las-obras-de-la-ruta-py18-entre-cruce-kimex-y-kressburgo,2026-08-30T21:00:00-03:00,,,NO_PRECISE_DATE_CLEARED,
2360,https://www.masencarnacion.com/articulo/inflacion-de-agosto-cierra-en-0-y-mantiene-tendencia-la-baja-en-2026,2026-08-30T21:00:00-03:00,,,NO_PRECISE_DATE_CLEARED,
2361,https://www.masencarnacion.com/articulo/aprehenden-un-hombre-y-recuperan-una-garrafa-presuntamente-hurtada-en-cambyreta,2026-09-01T21:00:00-03:00,,,NO_PRECISE_DATE_CLEARED,
2362,https://www.masencarnacion.com/articulo/impulsan-proyecto-para-endurecer-penas-contra-maltratadores-de-animales,2026-09-01T21:00:00-03:00,,,NO_PRECISE_DATE_CLEARED,
2363,https://www.masencarnacion.com/articulo/aprehenden-un-hombre-tras-presunto-intento-de-hurto-de-una-motocicleta-en-encarnacion,2026-09-01T21:00:00-03:00,,,NO_PRECISE_DATE_CLEARED,
2364,https://www.masencarnacion.com/articulo/imponente-apertura-de-la-22-libroferia-encarnacion-reune-escritores-artistas-y-familias,2026-09-01T21:00:00-03:00,,,NO_PRECISE_DATE_CLEARED,
2365,https://www.masencarnacion.com/articulo/senad-lanza-restaurar-para-recuperar-bosques-destruidos-tras-operativo-nueva-alianza-57,2026-08-30T21:00:00-03:00,,,NO_PRECISE_DATE_CLEARED,
2366,https://www.masencarnacion.com/articulo/dos-personas-resultan-lesionadas-tras-choque-contra-camiones-en-jose-leandro-oviedo,2026-09-01T21:00:00-03:00,,,NO_PRECISE_DATE_CLEARED,
2367,https://www.masencarnacion.com/articulo/municipios-de-itapua-reciben-aporte-de-la-eby-para-fortalecer-la-produccion-familiar,2026-08-17T21:00:00-03:00,,,NO_PRECISE_DATE_CLEARED,
2368,https://www.masencarnacion.com/articulo/motociclista-resulto-herido-tras-chocar-contra-un-automovil-en-la-ruta-py06,2026-09-01T21:00:00-03:00,,,NO_PRECISE_DATE_CLEARED,
2369,https://www.masencarnacion.com/articulo/cambyreta-intensifica-la-asistencia-familias-afectadas-por-el-temporal,2026-08-23T21:00:00-03:00,,,NO_PRECISE_DATE_CLEARED,
2370,https://www.masencarnacion.com/articulo/quinta-feria-de-comidas-en-cambyreta,2026-09-01T21:00:00-03:00,,,NO_PRECISE_DATE_CLEARED,
2371,https://www.masencarnacion.com/articulo/mas-de-100-policias-expulsados-por-distintos-delitos-en-los-ultimos-tres-anos,2026-09-01T21:00:00-03:00,,,NO_PRECISE_DATE_CLEARED,
2372,https://www.masencarnacion.com/articulo/itapua-busca-consolidarse-como-epicentro-de-grandes-eventos-deportivos-tras-el-exito-del-rally,2026-09-01T21:00:00-03:00,,,NO_PRECISE_DATE_CLEARED,
2373,https://www.masencarnacion.com/articulo/el-mundo-de-sofi-personas-con-ame-transforman-sus-vivencias-en-un-cuento,2026-09-01T21:00:00-03:00,,,NO_PRECISE_DATE_CLEARED,
2374,https://www.masencarnacion.com/articulo/jovenes-en-moto-mueren-al-caer-un-arroyo-en-medio-de-la-neblina,2026-09-01T21:00:00-03:00,,,NO_PRECISE_DATE_CLEARED,
2375,https://www.masencarnacion.com/articulo/choque-frontal-en-la-ruta-py08-deja-un-fallecido-en-yuty,2026-08-31T21:00:00-03:00,,,NO_PRECISE_DATE_CLEARED,
2376,https://www.masencarnacion.com/articulo/muere-apunalada-la-vicepresidenta-de-bank-america-durante-ataque-en-times-square,2026-08-31T21:00:00-03:00,,,NO_PRECISE_DATE_CLEARED,
2377,https://www.masencarnacion.com/articulo/presidente-ordena-bombardeo-y-elimina-20-guerrilleros-en-colombia,2026-08-31T21:00:00-03:00,,,NO_PRECISE_DATE_CLEARED,
2378,https://www.masencarnacion.com/articulo/brasil-operativo-contra-una-red-delictiva-vinculada-futbolistas,2026-08-31T21:00:00-03:00,,,NO_PRECISE_DATE_CLEARED,
2379,https://www.masencarnacion.com/articulo/muere-harald-v-de-noruega-el-rey-mas-longevo-de-europa,2026-08-27T21:00:00-03:00,,,NO_PRECISE_DATE_CLEARED,
2380,https://www.masencarnacion.com/articulo/nepal-enfrenta-una-tragedia-inundaciones-dejan-95-muertos-y-cientos-de-desaparecidos,2026-08-25T21:00:00-03:00,,,NO_PRECISE_DATE_CLEARED,
2381,https://www.masencarnacion.com/articulo/estados-unidos-reporta-sus-dos-primeras-muertes-por-sarampion-en-2026-ambas-personas-no-estaban-vacunadas,2026-08-25T21:00:00-03:00,,,NO_PRECISE_DATE_CLEARED,
2382,https://www.masencarnacion.com/articulo/pescadores-rescatan-perro-que-nadaba-solo-15-km-de-costa,2026-08-24T21:00:00-03:00,,,NO_PRECISE_DATE_CLEARED,
2383,https://www.masencarnacion.com/articulo/inusuales-nevadas-sorprenden-en-casi-todos-los-departamentos-de-bolivia,2026-08-24T21:00:00-03:00,,,NO_PRECISE_DATE_CLEARED,
2384,https://www.masencarnacion.com/articulo/cambyreta-y-salud-coordinan-acciones-para-fortalecer-las-usf-del-distrito,2026-08-23T21:00:00-03:00,,,NO_PRECISE_DATE_CLEARED,
2385,https://www.masencarnacion.com/articulo/tragedia-en-la-ruta-py-08-motociclista-muere-tras-violento-choque-frontal,2026-09-01T21:00:00-03:00,,,NO_PRECISE_DATE_CLEARED,
2386,https://www.masencarnacion.com/articulo/oncologa-del-incan-denuncia-sobrecarga-de-trabajo-solo-8-medicos-atienden-hasta-42-pacientes-por-turno-en-medio-de-la-crisis,2026-08-31T21:00:00-03:00,,,NO_PRECISE_DATE_CLEARED,
2387,https://www.masencarnacion.com/articulo/messi-anuncia-su-retiro-de-la-seleccion-duele-en-el-alma-pero-es-el-momento,2026-06-17T21:00:00-03:00,,,NO_PRECISE_DATE_CLEARED,
2388,https://www.masencarnacion.com/articulo/mas-de-300-medicos-presentaron-su-renuncia-esto-no-es-una-extorsion,2026-08-30T21:00:00-03:00,,,NO_PRECISE_DATE_CLEARED,
2389,https://www.masencarnacion.com/articulo/maruca-la-perrita-que-se-encarino-con-el-canonero-paraguay-y-encontro-un-hogar-en-la-armada,2026-08-31T21:00:00-03:00,,,NO_PRECISE_DATE_CLEARED,
2390,https://www.masencarnacion.com/articulo/con-mucho-orgullo-angiru-guido-penayo-presento-el-tradicional-vori-vori-en-taiwan,2026-08-27T21:00:00-03:00,,,NO_PRECISE_DATE_CLEARED,
2391,https://www.masencarnacion.com/articulo/barlo-el-pequeno-tripulante-que-navega-con-la-armada-paraguaya,2023-06-11T21:00:00-03:00,,,NO_PRECISE_DATE_CLEARED,
2392,https://www.masencarnacion.com/articulo/al-mejor-estilo-odd-su-equipo-clasifico-y-entro-al-vestuario-repartir-plata,2026-08-18T21:00:00-03:00,,,NO_PRECISE_DATE_CLEARED,
2393,https://www.masencarnacion.com/articulo/aparecieron-extranas-luces-rojas-en-el-cielo-y-creen-que-extraterrestres-visitaron-paraguay,2026-08-16T21:00:00-03:00,,,NO_PRECISE_DATE_CLEARED,
2394,https://www.masencarnacion.com/articulo/el-paraguayo-que-trabaja-de-jardinero-en-la-casa-del-hombre-arana-es-algo-extraordinario,2026-08-12T21:00:00-03:00,,,NO_PRECISE_DATE_CLEARED,
2395,https://www.masencarnacion.com/articulo/jokodor-recibio-de-orlando-gill-su-guante-y-regalitos,2026-07-05T21:00:00-03:00,,,NO_PRECISE_DATE_CLEARED,
2396,https://www.masencarnacion.com/articulo/hoy-es-el-dia-mundial-de-perro-en-promedio-975000-familias-paraguayas-tienen-un-peludito,2026-07-20T21:00:00-03:00,,,NO_PRECISE_DATE_CLEARED,
2397,https://www.masencarnacion.com/articulo/che-companero-kue-lloro-tras-cruce-con-milva-y-jessica-torres,2026-08-27T21:00:00-03:00,,,NO_PRECISE_DATE_CLEARED,
2398,https://www.masencarnacion.com/articulo/larissa-riquelme-asegura-que-messi-intento-acercarse-ella-hubo-un-ping-pong-con-el,2026-08-26T21:00:00-03:00,,,NO_PRECISE_DATE_CLEARED,
2399,https://www.masencarnacion.com/articulo/la-intima-confesion-que-por-primera-vez-hizo-lari-perdi-un-hijo-con-fabbro,2024-02-21T21:00:00-03:00,,,NO_PRECISE_DATE_CLEARED,
2400,https://www.masencarnacion.com/articulo/tito-torres-ya-es-predicador-hablo-sobre-como-ser-un-buen-hombre,2024-01-30T21:00:00-03:00,,,NO_PRECISE_DATE_CLEARED,
2401,https://www.masencarnacion.com/articulo/se-casa-el-novio-de-laschi-mauricio-magalhaes-dara-el-si-el-sabado-brasilena,2026-03-31T21:00:00-03:00,,,NO_PRECISE_DATE_CLEARED,
2402,https://www.masencarnacion.com/articulo/un-amor-de-pelicula-tom-holland-y-zendaya-habrian-dado-el-si-en-secreto,2026-06-16T21:00:00-03:00,,,NO_PRECISE_DATE_CLEARED,
2403,https://www.masencarnacion.com/articulo/la-apf-se-solidariza-con-marilina-bogado-tras-quedar-fuera-del-mundial-2026,2026-06-12T21:00:00-03:00,,,NO_PRECISE_DATE_CLEARED,
2404,https://www.masencarnacion.com/articulo/laurys-dyva-y-rosy-alderete-demoradas-en-aeropuerto-de-los-angeles-de-pelicula-fue,2026-06-11T21:00:00-03:00,,,NO_PRECISE_DATE_CLEARED,
2405,https://www.masencarnacion.com/articulo/alerta-por-la-escoba-de-bruja-de-la-mandioca-enfermedad-que-amenaza-paraguay,2026-08-17T21:00:00-03:00,,,NO_PRECISE_DATE_CLEARED,
2406,https://www.masencarnacion.com/articulo/el-nino-riesgo-de-plagas-y-enfermedades-en-cultivos,2026-02-05T21:00:00-03:00,,,NO_PRECISE_DATE_CLEARED,
2407,https://www.masencarnacion.com/articulo/arroz-lluvias-de-el-nino-podrian-recortar-hasta-20-el-rendimiento,2026-08-12T21:00:00-03:00,,,NO_PRECISE_DATE_CLEARED,
2408,https://www.masencarnacion.com/articulo/japon-levanta-medidas-de-control-reforzado-sobre-chia-paraguaya,2026-02-05T21:00:00-03:00,,,NO_PRECISE_DATE_CLEARED,
2409,https://www.masencarnacion.com/articulo/el-eucalipto-gana-terreno-en-itapua-como-fuente-de-biomasa-para-la-agroindustria,2026-02-09T21:00:00-03:00,,,NO_PRECISE_DATE_CLEARED,
2410,https://www.masencarnacion.com/articulo/sector-fruticola-alerta-por-perdida-de-competitividad-y-costos-crecientes,2026-07-28T21:00:00-03:00,,,NO_PRECISE_DATE_CLEARED,
2411,https://www.masencarnacion.com/articulo/cosecha-de-maiz-avanza-con-menores-rindes-y-baja-rentabilidad,2026-07-27T21:00:00-03:00,,,NO_PRECISE_DATE_CLEARED,
2412,https://www.masencarnacion.com/articulo/alertan-productores-proteger-los-cultivos-ante-el-ingreso-de-tormentas,2026-07-19T21:00:00-03:00,,,NO_PRECISE_DATE_CLEARED,
2413,https://www.masencarnacion.com/articulo/septiembre-abre-una-etapa-de-mayor-dinamismo-economico-en-itapua,2026-08-31T21:00:00-03:00,,,NO_PRECISE_DATE_CLEARED,
2414,https://www.masencarnacion.com/articulo/la-previa-del-wrc-rally-del-paraguay-se-vivio-pura-adrenalina,2022-12-04T21:00:00-03:00,,,NO_PRECISE_DATE_CLEARED,
2415,https://www.masencarnacion.com/articulo/rally-proyecta-un-derrame-economico-de-usd-200-millones,2026-08-23T21:00:00-03:00,,,NO_PRECISE_DATE_CLEARED,
2416,https://www.masencarnacion.com/articulo/sector-ovino-en-itapua-experimenta-un-crecimiento-sostenido,2025-10-28T21:00:00-03:00,,,NO_PRECISE_DATE_CLEARED,
2417,https://www.masencarnacion.com/articulo/mundial-de-rally-gastronomia-genera-unos-3000-empleos,2026-08-17T21:00:00-03:00,,,NO_PRECISE_DATE_CLEARED,
2418,https://www.masencarnacion.com/articulo/eventos-internacionales-impulsan-el-crecimiento-hotelero,2026-08-13T21:00:00-03:00,,,NO_PRECISE_DATE_CLEARED,
2419,https://www.masencarnacion.com/articulo/remesas-el-dinero-de-los-migrantes-paraguayos-se-esfuma-en-el-dia-dia,2026-08-09T21:00:00-03:00,,,NO_PRECISE_DATE_CLEARED,
2420,https://www.masencarnacion.com/articulo/muere-los-98-anos-el-cantante-paraguayo-johnny-torales-de-los-3-sudamericanos,2026-08-20T21:00:00-03:00,,,NO_PRECISE_DATE_CLEARED,
2421,https://www.masencarnacion.com/articulo/murio-la-actriz-hayden-panettiere-estrella-de-las-series-heroes-y-nashville,2026-01-22T21:00:00-03:00,,,NO_PRECISE_DATE_CLEARED,
2422,https://www.masencarnacion.com/articulo/un-solo-autor-registro-canciones-que-no-le-pertenecen-su-nombre,2026-08-11T21:00:00-03:00,,,NO_PRECISE_DATE_CLEARED,
2423,https://www.masencarnacion.com/articulo/kchiporros-considerados-para-nominacion-los-latin-grammy,2022-03-10T21:00:00-03:00,,,NO_PRECISE_DATE_CLEARED,
2424,https://www.masencarnacion.com/articulo/orgullo-paraguayo-berta-rojas-es-distinguida-con-el-premio-honorifico-jose-tomas-2026,2026-07-24T21:00:00-03:00,,,NO_PRECISE_DATE_CLEARED,
2425,https://www.masencarnacion.com/articulo/muere-los-94-anos-plas-johnson-saxofonista-del-tema-de-la-pantera-rosa,2026-07-21T21:00:00-03:00,,,NO_PRECISE_DATE_CLEARED,
2426,https://www.masencarnacion.com/articulo/nacio-myla-la-hija-de-nadia-ferreira-y-marc-anthony,2026-01-27T21:00:00-03:00,,,NO_PRECISE_DATE_CLEARED,
2427,https://www.masencarnacion.com/articulo/murio-el-actor-sam-neill-recordado-por-parque-jurasico,2026-01-22T21:00:00-03:00,,,NO_PRECISE_DATE_CLEARED,
2428,https://www.masencarnacion.com/articulo/hombre-convierte-residuos-plasticos-en-combustible-con-una-maquina-creada-por-el,2026-07-29T21:00:00-03:00,,,NO_PRECISE_DATE_CLEARED,
2429,https://www.masencarnacion.com/articulo/ola-de-bloqueos-en-whatsapp-miles-de-usuarios-ven-su-cuenta-en-revision,2024-10-23T21:00:00-03:00,,,NO_PRECISE_DATE_CLEARED,
2430,https://www.masencarnacion.com/articulo/whatsapp-incorpora-nombres-de-usuario-para-chatear-sin-compartir-el-numero-de-telefono,2024-10-23T21:00:00-03:00,,,NO_PRECISE_DATE_CLEARED,
2431,https://www.masencarnacion.com/articulo/whatsapp-prueba-llamadas-grupales-desde-navegadores-web,2026-06-17T21:00:00-03:00,,,NO_PRECISE_DATE_CLEARED,
2432,https://www.masencarnacion.com/articulo/android-lanza-una-funcion-que-detecta-llamadas-fraudulentas-creadas-con-inteligencia-artificial,2022-02-03T21:00:00-03:00,,,NO_PRECISE_DATE_CLEARED,
2433,https://www.masencarnacion.com/articulo/lanzaron-una-aplicacion-que-mide-el-tiempo-de-demora-en-el-puente-posadas-encarnacion,2026-03-22T21:00:00-03:00,,,NO_PRECISE_DATE_CLEARED,
2434,https://www.masencarnacion.com/articulo/que-es-un-groomer-la-peligrosa-forma-de-acoso-sexual-ninos-y-adolescentes-que-crece-en-internet,2026-03-17T21:00:00-03:00,,,NO_PRECISE_DATE_CLEARED,
2435,https://www.masencarnacion.com/articulo/meta-condenada-indemnizar-una-joven-adicta-instagram,2025-09-21T21:00:00-03:00,,,NO_PRECISE_DATE_CLEARED,
2436,https://www.masencarnacion.com/articulo/salud-cardiaca-en-adolescentes-prevenir-desde-temprana-edad,2026-08-20T21:00:00-03:00,,,NO_PRECISE_DATE_CLEARED,
2437,https://www.masencarnacion.com/articulo/pastillas-para-prevenir-el-vih-destacan-por-su-efectividad-pero-no-reemplazan-al-preservativo,2025-11-30T21:00:00-03:00,,,NO_PRECISE_DATE_CLEARED,
2438,https://www.masencarnacion.com/articulo/el-uso-de-inyectables-para-bajar-de-peso-mitos-riesgos-y-realidades,2026-07-28T21:00:00-03:00,,,NO_PRECISE_DATE_CLEARED,
2439,https://www.masencarnacion.com/articulo/historico-primera-reconstruccion-craneal-con-protesis-de-titanio-3d-en-el-sanatorio-la-trinidad,2026-05-20T21:00:00-03:00,,,NO_PRECISE_DATE_CLEARED,
2440,https://www.masencarnacion.com/articulo/el-verano-puede-generar-estres-y-ansiedad-para-quienes-no-pueden-ir-de-vacaciones,2026-07-20T21:00:00-03:00,,,NO_PRECISE_DATE_CLEARED,
2441,https://www.masencarnacion.com/articulo/la-disfuncion-erectil-es-un-problema-de-la-vida-moderna-dice-urologo,2022-01-13T21:00:00-03:00,,,NO_PRECISE_DATE_CLEARED,
2442,https://www.masencarnacion.com/articulo/dia-mundial-de-la-zoonosis-recuerdan-tres-enfermedades-prevenibles-que-afectan-humanos,2026-07-05T21:00:00-03:00,,,NO_PRECISE_DATE_CLEARED,
2443,https://www.masencarnacion.com/articulo/san-juan-ara-saludable-recomendaciones-para-disfrutar-sin-excesos,2026-06-22T21:00:00-03:00,,,NO_PRECISE_DATE_CLEARED,
2587,https://www.masencarnacion.com/articulo/ips-amplia-la-atencion-de-laboratorio-con-servicio-los-sabados,2026-08-19T21:00:00-03:00,,,NO_PRECISE_DATE_CLEARED,
2588,https://www.masencarnacion.com/articulo/justicia-movil-acerco-servicios-publicos-comunidades-indigenas-de-itapua,2026-08-31T21:00:00-03:00,,,NO_PRECISE_DATE_CLEARED,
2589,https://www.masencarnacion.com/articulo/soroka-propone-reducir-al-5-las-regalias-biotecnologicas-de-la-soja,2026-09-02T21:00:00-03:00,,,NO_PRECISE_DATE_CLEARED,
2590,https://www.masencarnacion.com/articulo/cuatro-menores-fueron-dados-de-alta-tras-intoxicacion-por-presuntos-brownies-con-marihuana,2026-09-02T21:00:00-03:00,,,NO_PRECISE_DATE_CLEARED,
2591,https://www.masencarnacion.com/articulo/cae-supuesto-asaltante-buscado-por-violentos-robos-con-machete-en-asuncion,2026-09-02T21:00:00-03:00,,,NO_PRECISE_DATE_CLEARED,
2592,https://www.masencarnacion.com/articulo/detienen-dos-extranjeros-con-44-presuntos-huevos-de-guacamayo-adheridos-al-cuerpo-en-el-aeropuerto,2026-09-02T21:00:00-03:00,,,NO_PRECISE_DATE_CLEARED,
2593,https://www.masencarnacion.com/articulo/joven-pasero-fue-asesinado-durante-confuso-episodio-en-territorio-argentino,2026-09-02T21:00:00-03:00,,,NO_PRECISE_DATE_CLEARED,
2594,https://www.masencarnacion.com/articulo/motociclista-fallece-tras-choque-con-policia-ebrio,2026-09-02T21:00:00-03:00,,,NO_PRECISE_DATE_CLEARED,
2595,https://www.masencarnacion.com/articulo/aprehenden-un-hombre-tras-intento-de-hurto-en-una-motocicleta-en-la-placita,2026-09-02T21:00:00-03:00,,,NO_PRECISE_DATE_CLEARED,
2596,https://www.masencarnacion.com/articulo/cambyreta-lanza-promocion-para-ponerse-al-dia-con-los-impuestos,2026-08-24T21:00:00-03:00,,,NO_PRECISE_DATE_CLEARED,
2597,https://www.masencarnacion.com/articulo/incautan-camion-con-48-cerdos-sin-documentacion-sanitaria-y-aprehenden-dos-hombres-en-caazapa,2026-09-02T21:00:00-03:00,,,NO_PRECISE_DATE_CLEARED,
2598,https://www.masencarnacion.com/articulo/fumigan-hospital-de-alto-parana-por-invasion-de-pulgas-en-area-neonatal,2026-09-02T21:00:00-03:00,,,NO_PRECISE_DATE_CLEARED,
2599,https://www.masencarnacion.com/articulo/contundencia-de-trinidense-en-villeta,2026-09-02T21:00:00-03:00,,,NO_PRECISE_DATE_CLEARED,
2600,https://www.masencarnacion.com/articulo/rally-del-paraguay-supero-las-metas-previstas-y-ya-proyecta-novedades-para-2027,2026-08-31T21:00:00-03:00,,,NO_PRECISE_DATE_CLEARED,
2601,https://www.masencarnacion.com/articulo/olimpia-y-guarani-firman-una-paridad-que-sirve-de-poco,2026-09-02T21:00:00-03:00,,,NO_PRECISE_DATE_CLEARED,
2602,https://www.masencarnacion.com/articulo/hospitalizan-12-alumnos-por-desmayarse-en-una-escuela-tras-desayunar,2026-09-02T21:00:00-03:00,,,NO_PRECISE_DATE_CLEARED,
2603,https://www.masencarnacion.com/articulo/nacional-golea-libertad-y-se-mete-en-la-pelea-por-la-punta,2026-09-02T21:00:00-03:00,,,NO_PRECISE_DATE_CLEARED,
2604,https://www.masencarnacion.com/articulo/hombre-es-aprehendido-tras-agredir-su-expareja-y-su-exsuegro-en-cambyreta,2026-09-02T21:00:00-03:00,,,NO_PRECISE_DATE_CLEARED,
2687,https://www.masencarnacion.com/articulo/hace-14-anos-emprendedoras-de-aregua-llegan-encarnacion-con-sus-delicias-de-frutilla,2026-09-02T21:00:00-03:00,,,NO_PRECISE_DATE_CLEARED,
2688,https://www.masencarnacion.com/articulo/examen-de-escribanos-solo-64-de-1415-postulantes-lograron-el-puntaje-minimo,2026-09-02T21:00:00-03:00,,,NO_PRECISE_DATE_CLEARED,
2689,https://www.masencarnacion.com/articulo/sancionan-22-personas-y-multan-al-club-olimpia-por-los-hechos-de-violencia-ocurridos-durante-el-clasico-del-mes-de-abril,2026-09-02T21:00:00-03:00,,,NO_PRECISE_DATE_CLEARED,
2713,https://www.masencarnacion.com/articulo/hurtan-una-toyota-fortuner-en-el-circuito-comercial-de-encarnacion,2026-09-02T21:00:00-03:00,,,NO_PRECISE_DATE_CLEARED,
2714,https://www.masencarnacion.com/articulo/docentes-de-educacion-superior-publica-reclaman-nivelacion-salarial,2026-09-02T21:00:00-03:00,,,NO_PRECISE_DATE_CLEARED,
2746,https://www.masencarnacion.com/articulo/libroferia-encarnacion-despliega-intensa-jornada-cultural-en-su-tercer-dia,2026-07-10T21:00:00-03:00,,,NO_PRECISE_DATE_CLEARED,
2747,https://www.masencarnacion.com/articulo/la-uni-otorga-el-titulo-de-doctor-honoris-causa-al-investigador-espanol-jesus-martinez-frias,2026-09-02T21:00:00-03:00,,,NO_PRECISE_DATE_CLEARED,
2783,https://www.masencarnacion.com/articulo/fiscalizan-tenencia-responsable-de-mascotas-en-san-antonio-ypekuru,2026-09-02T21:00:00-03:00,,,NO_PRECISE_DATE_CLEARED,
2784,https://www.masencarnacion.com/articulo/jornada-de-asistencia-medica-y-veterinaria-beneficia-vecinos-de-san-antonio-ypekuru,2026-08-24T21:00:00-03:00,,,NO_PRECISE_DATE_CLEARED,
2874,https://www.masencarnacion.com/articulo/voraz-incendio-destruye-cuatro-casillas-en-el-circuito-comercial-de-alberdi,2026-09-02T21:00:00-03:00,,,NO_PRECISE_DATE_CLEARED,
2875,https://www.masencarnacion.com/articulo/fiscalia-allana-vivienda-e-incauta-brownies-en-investigacion-por-supuesta-intoxicacion-de-cuatro-menores,2026-09-02T21:00:00-03:00,,,NO_PRECISE_DATE_CLEARED,
2881,https://www.masencarnacion.com/articulo/continuan-los-trabajos-de-mantenimiento-vial-en-cambyreta,2026-08-28T21:00:00-03:00,,,NO_PRECISE_DATE_CLEARED,
2882,https://www.masencarnacion.com/articulo/aeropuerto-de-encarnacion-registro-cerca-de-2000-pasajeros-durante-el-rally-del-paraguay,2026-09-02T21:00:00-03:00,,,NO_PRECISE_DATE_CLEARED,
2938,https://www.masencarnacion.com/articulo/jalee-ha-javy-plazape-la-plaza-de-armas-se-convirtio-en-un-aula-viva-para-promover-la-lectura,2026-09-02T21:00:00-03:00,,,NO_PRECISE_DATE_CLEARED,
2939,https://www.masencarnacion.com/articulo/transformacion-penitenciaria-para-dignificar-las-personas-privadas-de-libertad,2026-09-01T21:00:00-03:00,,,NO_PRECISE_DATE_CLEARED,
2940,https://www.masencarnacion.com/articulo/inicia-campana-de-siembra-de-soja-en-paraguay-apuntando-consolidar-niveles-records-de-produccion,2026-09-01T21:00:00-03:00,,,NO_PRECISE_DATE_CLEARED,
2941,https://www.masencarnacion.com/articulo/allanan-farmacias-tras-detectar-venta-de-adelgazantes-falsificados-en-cde,2026-09-02T21:00:00-03:00,,,NO_PRECISE_DATE_CLEARED,
2942,https://www.masencarnacion.com/articulo/detuvieron-en-luque-presunto-integrante-del-comando-vermelho,2026-09-02T21:00:00-03:00,,,NO_PRECISE_DATE_CLEARED,
2943,https://www.masencarnacion.com/articulo/hallan-adolescente-con-orden-de-busqueda-en-el-puente-encarnacion-posadas,2026-09-02T21:00:00-03:00,,,NO_PRECISE_DATE_CLEARED,
2944,https://www.masencarnacion.com/articulo/libroferia-encarnacion-conmemora-90-anos-de-la-inmigracion-japonesa-en-paraguay,2025-09-03T21:00:00-03:00,,,NO_PRECISE_DATE_CLEARED,
2945,https://www.masencarnacion.com/articulo/eliminaran-diferencias-entre-contratados-y-nombrados-medicos-ganaran-mas-huelga-se-define-hoy,2026-09-01T21:00:00-03:00,,,NO_PRECISE_DATE_CLEARED,
3005,https://www.masencarnacion.com/articulo/operativo-fiscal-y-policial-en-comercio-de-encarnacion-tras-denuncia-por-presunta-estafa,2026-09-02T21:00:00-03:00,,,NO_PRECISE_DATE_CLEARED,
3376,https://www.masencarnacion.com/articulo/titular-de-la-dnit-descarta-cambios-en-impuestos-y-maquila-hasta-2028,2026-09-03T21:00:00-03:00,,,NO_PRECISE_DATE_CLEARED,
3377,https://www.masencarnacion.com/articulo/academia-rocemi-celebra-18-anos-de-trayectoria-con-una-variada-agenda-cultural-en-encarnacion,2026-09-03T21:00:00-03:00,,,NO_PRECISE_DATE_CLEARED,
3378,https://www.masencarnacion.com/articulo/paraguay-fortalece-su-cooperacion-cientifica-internacional-con-investigaciones-en-archivos-del-vaticano,2026-09-03T21:00:00-03:00,,,NO_PRECISE_DATE_CLEARED,
3379,https://www.masencarnacion.com/articulo/uni-reune-estudiantes-e-investigadores-en-congreso-multidisciplinario-para-impulsar-la-ciencia-en-itapua,2026-09-03T21:00:00-03:00,,,NO_PRECISE_DATE_CLEARED,
3380,https://www.masencarnacion.com/articulo/motociclista-resulta-lesionada-tras-accidente-registrado-en-el-centro-de-encarnacion,2026-09-03T21:00:00-03:00,,,NO_PRECISE_DATE_CLEARED,
3381,https://www.masencarnacion.com/articulo/san-roque-tendra-una-nueva-pista-multidisciplinaria-tras-consagrarse-campeon-de-mi-barrio-mi-pasion,2026-08-31T21:00:00-03:00,,,NO_PRECISE_DATE_CLEARED,
3382,https://www.masencarnacion.com/articulo/medicos-rechazan-propuesta-y-llaman-nueva-huelga,2026-09-03T21:00:00-03:00,,,NO_PRECISE_DATE_CLEARED,
3383,https://www.masencarnacion.com/articulo/madrugada-de-violencia-en-ciudad-del-este-persecucion-disparos-tres-detenidos-y-un-arsenal,2026-09-03T21:00:00-03:00,,,NO_PRECISE_DATE_CLEARED,
3384,https://www.masencarnacion.com/articulo/de-encarnacion-tokio-un-libro-que-lleva-los-sabores-y-recuerdos-de-paraguay-al-corazon-de-japon,2026-09-03T21:00:00-03:00,,,NO_PRECISE_DATE_CLEARED,
3385,https://www.masencarnacion.com/articulo/joven-fue-aprehendido-con-cables-y-un-medidor-de-ande-en-san-isidro,2026-09-03T21:00:00-03:00,,,NO_PRECISE_DATE_CLEARED,
3386,https://www.masencarnacion.com/articulo/municipalidad-de-encarnacion-amplia-la-atencion-contribuyentes-durante-los-sabados-de-septiembre,2026-08-26T21:00:00-03:00,,,NO_PRECISE_DATE_CLEARED,
3387,https://www.masencarnacion.com/articulo/se-viene-un-marcado-descenso-de-temperatura-preven-minimas-de-hasta-4-c-en-zonas-rurales,2026-09-03T21:00:00-03:00,,,NO_PRECISE_DATE_CLEARED,
3388,https://www.masencarnacion.com/articulo/fifa-acusa-uefa-de-tramar-una-campana-de-desprestigio,2026-09-03T21:00:00-03:00,,,NO_PRECISE_DATE_CLEARED,
3389,https://www.masencarnacion.com/articulo/allanan-casa-en-ypane-y-hallan-un-fusil-de-asalto,2026-09-03T21:00:00-03:00,,,NO_PRECISE_DATE_CLEARED,
3390,https://www.masencarnacion.com/articulo/jornada-gratuita-de-vacunacion-para-mascotas-se-realiza-en-san-isidro,2026-08-26T21:00:00-03:00,,,NO_PRECISE_DATE_CLEARED,
3391,https://www.masencarnacion.com/articulo/recuperan-motocicleta-que-habia-sido-denunciada-como-hurtada-en-edelira,2026-09-03T21:00:00-03:00,,,NO_PRECISE_DATE_CLEARED,
3392,https://www.masencarnacion.com/articulo/el-ciclon-despierta-y-derrota-recoleta-con-doblete-de-vegetti,2026-09-03T21:00:00-03:00,,,NO_PRECISE_DATE_CLEARED,
3393,https://www.masencarnacion.com/articulo/aprehenden-un-hombre-acusado-de-amenazar-de-muerte-su-hija-con-un-machete-en-cambyreta,2026-09-03T21:00:00-03:00,,,NO_PRECISE_DATE_CLEARED,
3394,https://www.masencarnacion.com/articulo/snpp-habilita-nuevos-cursos-gratuitos-para-septiembre-en-encarnacion-y-cambyreta,2026-09-03T21:00:00-03:00,,,NO_PRECISE_DATE_CLEARED,
3395,https://www.masencarnacion.com/articulo/reino-unido-responde-milei-y-blinda-su-posicion-sobre-las-malvinas-son-britanicas,2026-09-03T21:00:00-03:00,,,NO_PRECISE_DATE_CLEARED,
3547,https://www.masencarnacion.com/articulo/juro-nueva-embajadora-del-paraguay-ante-eeuu-y-anuncia-agenda-para-consolidar-momento-dorado-de-las-relaciones,2026-09-02T21:00:00-03:00,,,NO_PRECISE_DATE_CLEARED,
3816,https://www.masencarnacion.com/articulo/garrapatas-bordo-avion-que-salio-de-asuncion-rumbo-espana-aterriza-de-emergencia-en-brasil,2026-09-04T21:00:00-03:00,,,NO_PRECISE_DATE_CLEARED,
3817,https://www.masencarnacion.com/articulo/juntos-hacemos-mas-bomberos-voluntarios-anuncian-su-colecta-anual,2026-09-04T21:00:00-03:00,,,NO_PRECISE_DATE_CLEARED,
3818,https://www.masencarnacion.com/articulo/estudiantes-del-john-f-kennedy-se-movilizaron-en-apoyo-mymba-uni,2026-09-04T21:00:00-03:00,,,NO_PRECISE_DATE_CLEARED,
3819,https://www.masencarnacion.com/articulo/44-emprendedores-encarnacenos-se-reunen-para-impulsar-la-produccion-local-en-la-plaza-de-armas,2026-09-04T21:00:00-03:00,,,NO_PRECISE_DATE_CLEARED,
3820,https://www.masencarnacion.com/articulo/jovenes-voluntarios-impulsan-la-colecta-anual-de-techo-paraguay-en-encarnacion,2026-09-04T21:00:00-03:00,,,NO_PRECISE_DATE_CLEARED,
3821,https://www.masencarnacion.com/articulo/alerta-por-fenomeno-el-nino-pronostican-mucha-lluvia-en-poco-tiempo,2026-09-04T21:00:00-03:00,,,NO_PRECISE_DATE_CLEARED,
3822,https://www.masencarnacion.com/articulo/magistral-triunfo-de-joshua-duerksen-en-monza-el-templo-de-la-velocidad,2026-09-04T21:00:00-03:00,,,NO_PRECISE_DATE_CLEARED,
3823,https://www.masencarnacion.com/articulo/proponen-el-segundo-domingo-de-septiembre-como-dia-nacional-de-la-sopa-paraguaya,2026-09-04T21:00:00-03:00,,,NO_PRECISE_DATE_CLEARED,
3824,https://www.masencarnacion.com/articulo/una-noche-de-tradicion-y-cultura-japonesa-se-vivio-en-encarnacion,2026-09-04T21:00:00-03:00,,,NO_PRECISE_DATE_CLEARED,
3825,https://www.masencarnacion.com/articulo/ultimos-dias-de-la-xxii-libroferia-encarnacion-con-una-gran-agenda-cultural,2026-09-04T21:00:00-03:00,,,NO_PRECISE_DATE_CLEARED,
3826,https://www.masencarnacion.com/articulo/motociclista-fallece-tras-impactar-contra-un-perro-en-san-juan-del-parana,2026-09-04T21:00:00-03:00,,,NO_PRECISE_DATE_CLEARED,
3827,https://www.masencarnacion.com/articulo/docente-muere-tras-un-desesperado-traslado-en-la-carroceria-de-una-camioneta-en-cde,2026-09-04T21:00:00-03:00,,,NO_PRECISE_DATE_CLEARED,
3828,https://www.masencarnacion.com/articulo/de-centro-terapeutico-supuesto-aguantadero-vecinos-denuncian-abandono-e-inseguridad-en-un-predio-de-encarnacion,2026-09-04T21:00:00-03:00,,,NO_PRECISE_DATE_CLEARED,
3829,https://www.masencarnacion.com/articulo/34-premio-karumbe-reconocieron-quienes-dejaron-una-huella-en-encarnacion,2026-09-04T21:00:00-03:00,,,NO_PRECISE_DATE_CLEARED,
3830,https://www.masencarnacion.com/articulo/avanzan-las-obras-del-techado-de-la-pergola-en-el-santuario-de-la-virgen-de-itacua,2026-09-04T21:00:00-03:00,,,NO_PRECISE_DATE_CLEARED,
3831,https://www.masencarnacion.com/articulo/contribuyentes-encarnacenos-podran-acceder-importantes-descuentos-hasta-fin-de-mes,2026-09-04T21:00:00-03:00,,,NO_PRECISE_DATE_CLEARED,
3832,https://www.masencarnacion.com/articulo/casa-raiz-itapua-abrio-sus-puertas-con-una-nueva-propuesta-para-vivir-e-invertir-en-el-sur-del-paraguay,2026-09-04T21:00:00-03:00,,,NO_PRECISE_DATE_CLEARED,
3833,https://www.masencarnacion.com/articulo/mujer-habria-sido-victima-de-maltrato-por-parte-de-su-propio-hijo-en-san-pedro-del-parana,2026-09-04T21:00:00-03:00,,,NO_PRECISE_DATE_CLEARED,
3834,https://www.masencarnacion.com/articulo/cinco-detenidos-tras-procedimiento-fiscal-por-presunta-invasion-de-inmueble-en-obligado,2026-09-04T21:00:00-03:00,,,NO_PRECISE_DATE_CLEARED,
3835,https://www.masencarnacion.com/articulo/incautan-cuatro-toneladas-de-cerdos-vivos-ingresados-de-contrabando,2026-09-04T21:00:00-03:00,,,NO_PRECISE_DATE_CLEARED,
3836,https://www.masencarnacion.com/articulo/ordenan-captura-de-fisioterapeuta-imputado-por-presunto-abuso-infantil,2026-09-03T21:00:00-03:00,,,NO_PRECISE_DATE_CLEARED,
3837,https://www.masencarnacion.com/articulo/gobierno-conmemora-el-dia-del-agente-de-policia-y-proyecta-40000-efectivos-para-fin-de-ano,2026-09-02T21:00:00-03:00,,,NO_PRECISE_DATE_CLEARED,
3838,https://www.masencarnacion.com/articulo/investigan-presunta-deforestacion-de-bosque-nativo-en-san-joaquin,2026-09-03T21:00:00-03:00,,,NO_PRECISE_DATE_CLEARED,
3839,https://www.masencarnacion.com/articulo/renuncian-15-neonatologos-del-materno-infantil-de-santisima-trinidad,2026-09-03T21:00:00-03:00,,,NO_PRECISE_DATE_CLEARED,
3840,https://www.masencarnacion.com/articulo/hay-acuerdo-gustavo-alfaro-sigue-al-frente-de-la-albirroja,2026-09-03T21:00:00-03:00,,,NO_PRECISE_DATE_CLEARED,
4328,https://www.masencarnacion.com/articulo/ejecutan-requisa-general-en-la-excarcel-de-tacumbu,2026-09-06T21:00:00-03:00,,,NO_PRECISE_DATE_CLEARED,
4329,https://www.masencarnacion.com/articulo/municipalidad-de-cambyreta-reafirma-su-apoyo-iniciativas-solidarias,2026-09-01T21:00:00-03:00,,,NO_PRECISE_DATE_CLEARED,
4330,https://www.masencarnacion.com/articulo/hay-algo-que-no-cierra-ministro-del-interior-sostiene-que-se-investigara-que-provoco-las-graves-lesiones-de-hugo-javier,2026-09-06T21:00:00-03:00,,,NO_PRECISE_DATE_CLEARED,
4331,https://www.masencarnacion.com/articulo/asalto-armado-en-natalio-delincuentes-se-llevaron-dinero-armas-y-un-vehiculo-de-una-chacra,2026-09-06T21:00:00-03:00,,,NO_PRECISE_DATE_CLEARED,
4332,https://www.masencarnacion.com/articulo/yaguaron-inaugura-un-museo-dedicado-banda-peteke-peteke,2026-09-06T21:00:00-03:00,,,NO_PRECISE_DATE_CLEARED,
4333,https://www.masencarnacion.com/articulo/el-vikingo-del-sur-emociono-itapua-durante-el-wrc,2026-09-06T21:00:00-03:00,,,NO_PRECISE_DATE_CLEARED,
4334,https://www.masencarnacion.com/articulo/persecucion-policial-en-encarnacion-culmino-con-la-detencion-de-hombre-buscado-por-violencia-familiar,2026-09-06T21:00:00-03:00,,,NO_PRECISE_DATE_CLEARED,
4335,https://www.masencarnacion.com/articulo/adulto-mayor-fue-brutalmente-golpeado-por-dos-hombres-que-ingresaron-su-propiedad-en-encarnacion,2026-09-06T21:00:00-03:00,,,NO_PRECISE_DATE_CLEARED,
4337,https://www.masencarnacion.com/articulo/dos-uruguayos-detenidos-por-hurto-turista-argentina-en-un-restaurante-de-encarnacion,2026-09-06T21:00:00-03:00,,,NO_PRECISE_DATE_CLEARED,
4338,https://www.masencarnacion.com/articulo/fatal-accidente-joven-pierde-la-vida-tras-impactar-contra-un-perro,2026-09-06T21:00:00-03:00,,,NO_PRECISE_DATE_CLEARED,
4339,https://www.masencarnacion.com/articulo/unas-300-joyas-sobre-ruedas-brillaron-en-el-encuentro-de-vehiculos-clasicos-y-antiguos-de-encarnacion,2026-09-06T21:00:00-03:00,,,NO_PRECISE_DATE_CLEARED,
4340,https://www.masencarnacion.com/articulo/tragedia-en-mexico-explosion-de-pirotecnia-deja-nueve-muertos-durante-una-fiesta-patronal,2026-09-06T21:00:00-03:00,,,NO_PRECISE_DATE_CLEARED,
4341,https://www.masencarnacion.com/articulo/sabores-de-taiwan-conquisto-paladares-en-encarnacion-con-lo-mejor-de-la-cocina-gourmet-taiwanesa,2026-09-06T21:00:00-03:00,,,NO_PRECISE_DATE_CLEARED,
4342,https://www.masencarnacion.com/articulo/trasladan-de-urgencia-hugo-javier-tras-sufrir-una-caida-en-la-carcel-medicos-sospechan-de-un-acv,2026-09-06T21:00:00-03:00,,,NO_PRECISE_DATE_CLEARED,
4343,https://www.masencarnacion.com/articulo/detienen-en-itacurubi-exsecretario-de-sebastian-marset-durante-operacion-nexus-ii,2026-09-06T21:00:00-03:00,,,NO_PRECISE_DATE_CLEARED,
4344,https://www.masencarnacion.com/articulo/con-la-ilusion-de-miles-de-ninos-arranco-la-septima-edicion-de-goles-por-mi-barrio-en-villa-alegre,2026-09-06T21:00:00-03:00,,,NO_PRECISE_DATE_CLEARED,
4345,https://www.masencarnacion.com/articulo/pescadores-capturan-una-raya-de-90-kilos-en-tacuaras-neembucu,2026-09-06T21:00:00-03:00,,,NO_PRECISE_DATE_CLEARED,
4549,https://www.masencarnacion.com/articulo/exponer-alguien-en-redes-puede-acarrear-consecuencias-legales,2026-09-06T21:00:00-03:00,,,NO_PRECISE_DATE_CLEARED,
4550,https://www.masencarnacion.com/articulo/nino-sufrio-quemaduras-durante-quema-de-basura-y-debio-ser-trasladado-en-avion,2026-09-06T21:00:00-03:00,,,NO_PRECISE_DATE_CLEARED,
4588,https://www.masencarnacion.com/articulo/conectados-sin-violencia-impulsan-proyecto-para-promover-la-paz-en-las-aulas-de-itapua,2026-09-06T21:00:00-03:00,,,NO_PRECISE_DATE_CLEARED,
4589,https://www.masencarnacion.com/articulo/vecinos-redujeron-hombre-que-intento-asaltar-una-joven-en-parada-de-omnibus-en-encarnacion,2026-09-06T21:00:00-03:00,,,NO_PRECISE_DATE_CLEARED,
4590,https://www.masencarnacion.com/articulo/jaime-hinterleitner-acompano-almuerzo-solidario-y-entrega-de-g-2-millones-al-rotary-club-cambyreta,2026-07-24T21:00:00-03:00,,,NO_PRECISE_DATE_CLEARED,
4701,https://www.masencarnacion.com/articulo/fue-visitar-la-tumba-de-su-hijo-y-descubrio-que-le-habian-sustraido-el-craneo,2026-09-06T21:00:00-03:00,,,NO_PRECISE_DATE_CLEARED,
4702,https://www.masencarnacion.com/articulo/lapachos-en-flor-destacan-paraguay-en-sudamerica,2026-09-06T21:00:00-03:00,,,NO_PRECISE_DATE_CLEARED,
4703,https://www.masencarnacion.com/articulo/huertas-circulares-generan-gran-ahorro-para-familias-productoras-de-central,2026-09-06T21:00:00-03:00,,,NO_PRECISE_DATE_CLEARED,
4801,https://www.masencarnacion.com/articulo/santuario-de-la-virgen-de-itacua-mantiene-abiertas-sus-puertas-con-una-activa-agenda-liturgica,2026-09-06T21:00:00-03:00,,,NO_PRECISE_DATE_CLEARED,
4802,https://www.masencarnacion.com/articulo/administrador-del-cementerio-de-encarnacion-reconoce-fallas-de-seguridad-tras-nuevo-caso-de-profanacion,2026-09-06T21:00:00-03:00,,,NO_PRECISE_DATE_CLEARED,
4803,https://www.masencarnacion.com/articulo/paraguay-avanza-en-astrobiologia-y-geologia-planetaria-para-formar-capacidades-cientificas-locales,2026-09-06T21:00:00-03:00,,,NO_PRECISE_DATE_CLEARED,
4884,https://www.masencarnacion.com/articulo/tortoleros-hurtan-objetos-de-dos-vehiculos-en-camposanto-mientras-duenos-estaban-en-un-sepelio,2026-09-06T21:00:00-03:00,,,NO_PRECISE_DATE_CLEARED,
4885,https://www.masencarnacion.com/articulo/amplian-la-infraestructura-de-la-comisaria-114-de-chaipe-con-apoyo-de-vecinos,2026-09-06T21:00:00-03:00,,,NO_PRECISE_DATE_CLEARED,
4886,https://www.masencarnacion.com/articulo/rocemi-una-trayectoria-de-innovacion-cultural-que-impulsa-el-teatro-el-cine-y-la-formacion-artistica-desde-itapua,2026-09-06T21:00:00-03:00,,,NO_PRECISE_DATE_CLEARED,
4985,https://www.masencarnacion.com/articulo/descartan-acv-hugo-javier-tuvo-un-trauma-craneoencefalico,2026-09-06T21:00:00-03:00,,,NO_PRECISE_DATE_CLEARED,
5008,https://www.masencarnacion.com/articulo/muestra-plastica-pedagogica-llega-cambyreta,2026-09-01T21:00:00-03:00,,,NO_PRECISE_DATE_CLEARED,
5009,https://www.masencarnacion.com/articulo/operativo-drop-cinco-allanamientos-simultaneos-desbaratan-presunta-red-de-microtrafico,2026-09-06T21:00:00-03:00,,,NO_PRECISE_DATE_CLEARED,
5010,https://www.masencarnacion.com/articulo/hombre-muere-calcinado-en-incendio-que-afecto-varias-casas-precarias-en-san-lorenzo,2026-09-06T21:00:00-03:00,,,NO_PRECISE_DATE_CLEARED,
5053,https://www.masencarnacion.com/articulo/joven-perdio-el-control-de-su-automovil-y-termino-impactando-contra-un-arbol,2026-09-06T21:00:00-03:00,2026-09-06T21:00:00-03:00,,REQUEST_ERROR,404 Client Error: Not Found for url: https://www.masencarnacion.com/404
5054,https://www.masencarnacion.com/articulo/ataque-armado-con-mas-de-20-disparos-deja-un-herido-en-alto-vera-atacantes-amenazaron-con-eliminar-allegados-de-hombre-asesinado-en-julio,2026-09-06T21:00:00-03:00,,,NO_PRECISE_DATE_CLEARED,
5055,https://www.masencarnacion.com/articulo/grave-accidente-de-transito-en-natalio-deja-un-motociclista-con-amputacion-de-pierna,2026-09-06T21:00:00-03:00,,,NO_PRECISE_DATE_CLEARED,
5132,https://www.masencarnacion.com/articulo/vuelco-de-vehiculo-deja-danos-materiales-en-ruta-alternativa-de-carlos-lopez,2026-09-06T21:00:00-03:00,,,NO_PRECISE_DATE_CLEARED,
5133,https://www.masencarnacion.com/articulo/camioneta-choca-contra-animal-vacuno-en-la-ruta-la-altura-de-tavai-en-general-delgado,2026-09-06T21:00:00-03:00,,,NO_PRECISE_DATE_CLEARED,
5134,https://www.masencarnacion.com/articulo/joven-perdio-el-control-de-su-automovil-y-termino-impactando-contra-un-arbol-3,2026-09-06T21:00:00-03:00,,,NO_PRECISE_DATE_CLEARED,
5135,https://www.masencarnacion.com/articulo/hombre-incendia-motocicleta-tras-discusion-con-su-pareja-en-cambyreta,2026-09-06T21:00:00-03:00,,,NO_PRECISE_DATE_CLEARED,
5136,https://www.masencarnacion.com/articulo/hallan-cuerpo-semicalcinado-junto-un-automovil-en-pedro-juan-caballero,2026-09-06T21:00:00-03:00,,,NO_PRECISE_DATE_CLEARED,
5168,https://www.masencarnacion.com/articulo/donacion-de-un-joven-de-20-anos-brinda-una-nueva-oportunidad-pacientes-en-lista-de-espera,2026-09-02T21:00:00-03:00,,,NO_PRECISE_DATE_CLEARED,
5169,https://www.masencarnacion.com/articulo/isepol-habilita-este-lunes-las-preinscripciones-para-el-colegio-de-policia-2027,2026-09-02T21:00:00-03:00,,,NO_PRECISE_DATE_CLEARED,
5198,https://www.masencarnacion.com/articulo/el-gobierno-apunta-disenar-politicas-publicas-nutricionales-con-encuestas-nivel-nacional,2026-09-06T21:00:00-03:00,,,NO_PRECISE_DATE_CLEARED,
5199,https://www.masencarnacion.com/articulo/orgullo-encarnaceno-con-solo-8-anos-sabrina-benitez-fue-convocada-por-cerro-porteno-handball,2026-09-06T21:00:00-03:00,,,NO_PRECISE_DATE_CLEARED,
5707,https://www.masencarnacion.com/articulo/frustran-ingreso-de-marihuana-en-carcel-de-maxima-seguridad-de-emboscada,2026-09-07T21:00:00-03:00,,,NO_PRECISE_DATE_CLEARED,
5708,https://www.masencarnacion.com/articulo/vuelve-la-champions-seis-partidos-abren-la-nueva-temporada-europea,2026-09-07T21:00:00-03:00,,,NO_PRECISE_DATE_CLEARED,
5709,https://www.masencarnacion.com/articulo/avanza-la-construccion-del-tunel-ferroviario-regino-espinola-en-cambyreta,2026-08-28T21:00:00-03:00,,,NO_PRECISE_DATE_CLEARED,
5710,https://www.masencarnacion.com/articulo/supuestos-piratas-del-asfalto-asaltan-camion-y-se-llevan-productos-electronicos,2026-09-07T21:00:00-03:00,,,NO_PRECISE_DATE_CLEARED,
5711,https://www.masencarnacion.com/articulo/abogado-de-hugo-javier-descarta-hipotesis-de-atentado,2026-09-07T21:00:00-03:00,,,NO_PRECISE_DATE_CLEARED,
5712,https://www.masencarnacion.com/articulo/supervisan-construccion-de-centro-para-atencion-de-salud-mental-y-adicciones-en-encarnacion,2026-08-28T21:00:00-03:00,,,NO_PRECISE_DATE_CLEARED,
5713,https://www.masencarnacion.com/articulo/allanamiento-en-luque-incautan-drogas-un-arma-y-detienen-un-policia,2026-09-07T21:00:00-03:00,,,NO_PRECISE_DATE_CLEARED,
5714,https://www.masencarnacion.com/articulo/vela-encendida-provoca-incendio-que-destruye-una-vivienda-de-asuncion,2026-09-07T21:00:00-03:00,,,NO_PRECISE_DATE_CLEARED,
5715,https://www.masencarnacion.com/articulo/joven-resulta-lesionada-tras-choque-entre-motocicletas-sobre-la-ruta-py01-en-coronel-bogado,2026-09-07T21:00:00-03:00,,,NO_PRECISE_DATE_CLEARED,
5716,https://www.masencarnacion.com/articulo/eby-inicia-refaccion-integral-de-la-iglesia-buen-pastor-en-encarnacion,2026-08-28T21:00:00-03:00,,,NO_PRECISE_DATE_CLEARED,
5717,https://www.masencarnacion.com/articulo/fabricante-de-buses-electricos-se-instalara-en-paraguay,2026-09-03T21:00:00-03:00,,,NO_PRECISE_DATE_CLEARED,
5718,https://www.masencarnacion.com/articulo/el-ips-inicia-censo-digital-para-conocer-la-situacion-de-jubilados-y-pensionados,2026-08-23T21:00:00-03:00,,,NO_PRECISE_DATE_CLEARED,
5719,https://www.masencarnacion.com/articulo/fiscalia-imputa-dos-extranjeros-por-hurto-y-uso-de-identidades-falsas-en-encarnacion,2026-08-18T21:00:00-03:00,,,NO_PRECISE_DATE_CLEARED,
5720,https://www.masencarnacion.com/articulo/mas-de-200-anestesiologos-presentan-renuncia-en-medio-de-reclamos-laborales,2026-09-07T21:00:00-03:00,,,NO_PRECISE_DATE_CLEARED,
5721,https://www.masencarnacion.com/articulo/un-accidente-por-dia-y-preocupa-el-alcohol-al-volante-en-encarnacion,2026-08-26T21:00:00-03:00,,,NO_PRECISE_DATE_CLEARED,
5722,https://www.masencarnacion.com/articulo/dnit-estudia-cobrar-5-de-iva-la-tirzepatida,2026-09-03T21:00:00-03:00,,,NO_PRECISE_DATE_CLEARED,
5723,https://www.masencarnacion.com/articulo/incautan-insignias-falsificadas-de-la-policia-la-armada-y-otras-entidades,2026-09-07T21:00:00-03:00,,,NO_PRECISE_DATE_CLEARED,
5724,https://www.masencarnacion.com/articulo/cambyreta-refuerza-los-trabajos-de-limpieza-y-mantenimiento-en-espacios-publicos,2026-09-02T21:00:00-03:00,,,NO_PRECISE_DATE_CLEARED,
5725,https://www.masencarnacion.com/articulo/guaranisat-2-paraguay-se-alista-para-lanzar-al-espacio-su-segundo-nanosatelite-en-octubre,2026-09-03T21:00:00-03:00,,,NO_PRECISE_DATE_CLEARED,
5726,https://www.masencarnacion.com/articulo/hugo-javier-permanece-sedado-en-terapia-las-proximas-72-horas-seran-cruciales,2026-09-07T21:00:00-03:00,,,NO_PRECISE_DATE_CLEARED,
5727,https://www.masencarnacion.com/articulo/yaguarete-con-su-cria-sorprende-pobladores-de-san-pedro-del-parana,2026-09-07T21:00:00-03:00,,,NO_PRECISE_DATE_CLEARED,
5774,https://www.masencarnacion.com/articulo/enconcursa-continuan-los-procesos-de-seleccion-en-la-municipalidad-de-encarnacion,2026-09-02T21:00:00-03:00,,,NO_PRECISE_DATE_CLEARED,
5775,https://www.masencarnacion.com/articulo/segunda-feria-de-empleo-se-realizara-este-viernes-en-encarnacion,2026-09-02T21:00:00-03:00,,,NO_PRECISE_DATE_CLEARED,
5819,https://www.masencarnacion.com/articulo/cambyreta-fortalece-su-agenda-cultural-mediante-convenio-con-apsecart,2026-09-06T21:00:00-03:00,,,NO_PRECISE_DATE_CLEARED,
5820,https://www.masencarnacion.com/articulo/convocan-acto-por-el-139-aniversario-de-la-anr-en-capitan-miranda,2026-09-07T21:00:00-03:00,,,NO_PRECISE_DATE_CLEARED,
5821,https://www.masencarnacion.com/articulo/capitan-miranda-inicia-construccion-de-nuevo-hito-distrital-en-acceso-trinidad,2026-06-23T21:00:00-03:00,,,NO_PRECISE_DATE_CLEARED,
5822,https://www.masencarnacion.com/articulo/eby-verifica-obras-en-la-plaza-arroyo-pora-y-anuncia-segunda-etapa,2026-09-01T21:00:00-03:00,,,NO_PRECISE_DATE_CLEARED,
5823,https://www.masencarnacion.com/articulo/cambyreta-presenta-muestra-plastica-que-vincula-arte-y-educacion,2026-09-06T21:00:00-03:00,,,NO_PRECISE_DATE_CLEARED,
6027,https://www.masencarnacion.com/articulo/26-dias-de-las-elecciones-remesowski-asegura-que-el-trabajo-habla-por-nosotros,2026-07-30T21:00:00-03:00,,,NO_PRECISE_DATE_CLEARED,
6028,https://www.masencarnacion.com/articulo/denuncian-joven-por-arrojar-residuos-en-la-publica-en-cambyreta,2026-09-07T21:00:00-03:00,,,NO_PRECISE_DATE_CLEARED,
6029,https://www.masencarnacion.com/articulo/mujer-da-luz-dentro-de-una-ambulancia-de-bomberos-durante-traslado-en-tomas-romero-pereira,2026-09-07T21:00:00-03:00,,,NO_PRECISE_DATE_CLEARED,
6030,https://www.masencarnacion.com/articulo/hugo-javier-contrajo-meningitis-bacteriana-confirman-analisis,2026-09-07T21:00:00-03:00,,,NO_PRECISE_DATE_CLEARED,
6031,https://www.masencarnacion.com/articulo/hinterleitner-verifica-obras-en-arroyo-pora-y-espiritu-santo-junto-al-director-de-la-eby,2026-07-31T21:00:00-03:00,,,NO_PRECISE_DATE_CLEARED,
6032,https://www.masencarnacion.com/articulo/caso-hugo-javier-fiscalia-apunta-preliminarmente-una-caida-en-el-sanitario-de-la-carcel-la-esperanza,2026-09-07T21:00:00-03:00,,,NO_PRECISE_DATE_CLEARED,
6033,https://www.masencarnacion.com/articulo/mas-de-150-personas-culminan-curso-de-ingles-tras-cuatro-meses-de-capacitacion-en-encarnacion,2026-07-30T21:00:00-03:00,,,NO_PRECISE_DATE_CLEARED,
6034,https://www.masencarnacion.com/articulo/detienen-tres-hombres-armados-tras-huida-al-monte-en-san-pedro,2026-09-07T21:00:00-03:00,,,NO_PRECISE_DATE_CLEARED,
6035,https://www.masencarnacion.com/articulo/eby-inicia-perforacion-de-pozo-profundo-que-garantizara-agua-potable-familias-de-repatriacion-itapua,2026-09-01T21:00:00-03:00,,,NO_PRECISE_DATE_CLEARED,
6036,https://www.masencarnacion.com/articulo/medico-forense-confirma-gravedad-de-lesiones-de-hugo-javier-pero-no-determina-causa-exacta,2026-09-07T21:00:00-03:00,,,NO_PRECISE_DATE_CLEARED,
6075,https://www.masencarnacion.com/articulo/menor-de-13-anos-en-grave-estado-tras-recibir-un-disparo-en-la-cabeza,2026-09-07T21:00:00-03:00,,,NO_PRECISE_DATE_CLEARED,
6076,https://www.masencarnacion.com/articulo/detienen-hombre-con-orden-de-captura-por-supuesta-violencia-familiar-en-san-pedro-del-parana,2026-09-07T21:00:00-03:00,,,NO_PRECISE_DATE_CLEARED,
6077,https://www.masencarnacion.com/articulo/detienen-un-presidiario-miembro-del-pcc-fugado-de-la-penitenciaria-de-pedro-juan-caballero,2026-09-07T21:00:00-03:00,,,NO_PRECISE_DATE_CLEARED,
6111,https://www.masencarnacion.com/articulo/arranca-la-expocientec-2026-en-encarnacion,2022-08-09T21:00:00-03:00,,,NO_PRECISE_DATE_CLEARED,
6112,https://www.masencarnacion.com/articulo/inmobiliaria-del-este-inaugura-su-nueva-casa-central-e-inicia-una-nueva-etapa-en-su-historia,2026-09-07T21:00:00-03:00,,,NO_PRECISE_DATE_CLEARED,
6113,https://www.masencarnacion.com/articulo/recaudacion-tributaria-aumenta-24-en-agosto-pese-caida-de-ingresos-aduaneros,2026-09-06T21:00:00-03:00,,,NO_PRECISE_DATE_CLEARED,
6230,https://www.masencarnacion.com/articulo/no-todo-es-ciencia-la-expocientec-tiene-un-rincon-para-los-amantes-de-la-lectura,2023-09-04T21:00:00-03:00,,,NO_PRECISE_DATE_CLEARED,
6268,https://www.masencarnacion.com/articulo/detienen-joven-con-orden-de-captura-en-cambyreta-2,2026-09-07T21:00:00-03:00,,,NO_PRECISE_DATE_CLEARED,
6269,https://www.masencarnacion.com/articulo/recuperan-en-san-pedro-del-parana-un-vehiculo-que-habria-sido-utilizado-en-un-asalto,2026-09-07T21:00:00-03:00,,,NO_PRECISE_DATE_CLEARED,
6684,https://www.masencarnacion.com/articulo/bcp-presentara-nueva-familia-de-billetes-del-guarani,2026-09-07T21:00:00-03:00,2026-09-07T21:00:00-03:00,,REQUEST_ERROR,404 Client Error: Not Found for url: https://www.masencarnacion.com/404
6685,https://www.masencarnacion.com/articulo/intervienen-foco-de-microtrafico-en-villa-hayes-e-incautan-mas-de-400-dosis-de-crack,2026-09-08T21:00:00-03:00,,,NO_PRECISE_DATE_CLEARED,
6686,https://www.masencarnacion.com/articulo/seis-anos-sin-noticias-de-oscar-denis-la-impotencia-de-una-familia-sin-respuestas,2026-09-08T21:00:00-03:00,,,NO_PRECISE_DATE_CLEARED,
6687,https://www.masencarnacion.com/articulo/comerciantes-exigen-justicia-tras-millonaria-estafa-en-el-circuito-comercial-de-encarnacion,2026-09-08T21:00:00-03:00,,,NO_PRECISE_DATE_CLEARED,
6688,https://www.masencarnacion.com/articulo/bomberos-de-encarnacion-salvan-una-nina-de-2-anos-que-se-atraganto-mientras-comia,2026-09-08T21:00:00-03:00,,,NO_PRECISE_DATE_CLEARED,
6689,https://www.masencarnacion.com/articulo/salud-de-hugo-javier-al-tercer-dia-de-su-internacion-sigue-en-coma-inducido-pero-algunas-senales-son-alentadoras,2026-09-08T21:00:00-03:00,,,NO_PRECISE_DATE_CLEARED,
6690,https://www.masencarnacion.com/articulo/vecinos-felices-y-agradecidos-por-la-refaccion-de-la-iglesia-buen-pastor,2026-09-08T21:00:00-03:00,,,NO_PRECISE_DATE_CLEARED,
6691,https://www.masencarnacion.com/articulo/trabajador-muere-aplastado-por-cosechadora-al-mando-de-su-hijo,2026-09-08T21:00:00-03:00,,,NO_PRECISE_DATE_CLEARED,
6692,https://www.masencarnacion.com/articulo/luis-yd-revela-que-habria-provocado-el-incendio-en-su-quinta,2026-09-03T21:00:00-03:00,,,NO_PRECISE_DATE_CLEARED,
6693,https://www.masencarnacion.com/articulo/nino-de-3-anos-muere-ahogado-en-una-piscina-de-casa-quinta,2026-09-08T21:00:00-03:00,,,NO_PRECISE_DATE_CLEARED,
6694,https://www.masencarnacion.com/articulo/estudiante-habria-sido-brutalmente-agredido-por-una-persona-ajena-la-institucion,2026-09-08T21:00:00-03:00,,,NO_PRECISE_DATE_CLEARED,
6695,https://www.masencarnacion.com/articulo/clausuran-carniceria-por-irregularidades-sanitarias-en-encarnacion,2026-09-08T21:00:00-03:00,,,NO_PRECISE_DATE_CLEARED,
6696,https://www.masencarnacion.com/articulo/hurtan-automovil-estacionado-frente-una-vivienda-del-b-san-blas-de-carmen-del-parana,2026-09-08T21:00:00-03:00,,,NO_PRECISE_DATE_CLEARED,
6697,https://www.masencarnacion.com/articulo/senad-detiene-presunto-microtraficante-y-decomisa-cocaina-marihuana-y-un-arma-en-yuty,2026-09-08T21:00:00-03:00,,,NO_PRECISE_DATE_CLEARED,
6698,https://www.masencarnacion.com/articulo/refuerzan-controles-para-frenar-ingreso-ilegal-de-pollos-huevos-y-carne-de-cerdo,2026-09-07T21:00:00-03:00,,,NO_PRECISE_DATE_CLEARED,
6699,https://www.masencarnacion.com/articulo/pena-promulga-donacion-de-us-1-millon-para-impulsar-proyecto-logistico-en-itapua,2026-09-07T21:00:00-03:00,,,NO_PRECISE_DATE_CLEARED,
6700,https://www.masencarnacion.com/articulo/detienen-hombre-con-orden-de-captura-vigente-en-el-b-arroyo-pora,2026-09-08T21:00:00-03:00,,,NO_PRECISE_DATE_CLEARED,
6701,https://www.masencarnacion.com/articulo/ministro-de-educacion-asigna-nuevo-titular-del-cones,2026-09-08T21:00:00-03:00,,,NO_PRECISE_DATE_CLEARED,
6702,https://www.masencarnacion.com/articulo/camioneta-se-incendia-parcialmente-en-una-vivienda-de-edelira-km-21,2026-09-08T21:00:00-03:00,,,NO_PRECISE_DATE_CLEARED,
6703,https://www.masencarnacion.com/articulo/detienen-dos-ciudadanos-brasilenos-por-estafa-con-perfumes-valuados-en-9-millones-de-guaranies,2026-09-08T21:00:00-03:00,,,NO_PRECISE_DATE_CLEARED,
6778,https://www.masencarnacion.com/articulo/motociclista-resulta-herido-tras-chocar-contra-un-automovil-en-cambyreta,2026-09-08T21:00:00-03:00,,,NO_PRECISE_DATE_CLEARED,
6779,https://www.masencarnacion.com/articulo/indignacion-en-encarnacion-por-presunto-asesinato-de-un-carpincho,2026-09-08T21:00:00-03:00,,,NO_PRECISE_DATE_CLEARED,
6780,https://www.masencarnacion.com/articulo/capitan-miranda-mantiene-obras-viales-y-apunta-cerrar-gestion-con-mas-proyectos-concluidos,2026-06-23T21:00:00-03:00,,,NO_PRECISE_DATE_CLEARED,
6781,https://www.masencarnacion.com/articulo/bcp-presentara-nva-familia-de-billetes-del-guarani,2026-09-07T21:00:00-03:00,,,NO_PRECISE_DATE_CLEARED,
6993,https://www.masencarnacion.com/articulo/centro-odontologico-del-hre-supera-las-9300-atenciones-gratuitas,2026-09-08T21:00:00-03:00,,,NO_PRECISE_DATE_CLEARED,
6994,https://www.masencarnacion.com/articulo/che-roga-pora-gobierno-entrego-110-viviendas-familias-de-luque-limpio-y-j-saldivar,2026-09-07T21:00:00-03:00,,,NO_PRECISE_DATE_CLEARED,
6995,https://www.masencarnacion.com/articulo/cambyreta-ofrece-beneficios-para-regularizar-el-impuesto-inmobiliario-y-la-patente-comercial,2026-09-07T21:00:00-03:00,,,NO_PRECISE_DATE_CLEARED,
6996,https://www.masencarnacion.com/articulo/ueno-bank-informa-la-opinion-publica,2026-05-11T21:00:00-03:00,,,NO_PRECISE_DATE_CLEARED,
6997,https://www.masencarnacion.com/articulo/movida-tropical-acompana-hugo-javier-con-vigilia-y-campanas,2026-09-08T21:00:00-03:00,,,NO_PRECISE_DATE_CLEARED,
6998,https://www.masencarnacion.com/articulo/pena-niega-quiebre-politico-habla-de-ueno-y-responde-sobre-informe-pisa,2026-07-29T21:00:00-03:00,,,NO_PRECISE_DATE_CLEARED,
6999,https://www.masencarnacion.com/articulo/hallan-muerto-interno-de-28-anos-en-carcel-de-misiones,2026-09-08T21:00:00-03:00,,,NO_PRECISE_DATE_CLEARED,
7000,https://www.masencarnacion.com/articulo/continuan-los-trabajos-de-mantenimiento-vial-en-cambyreta-2,2026-09-07T21:00:00-03:00,,,NO_PRECISE_DATE_CLEARED,
7027,https://www.masencarnacion.com/articulo/entre-telas-y-maquinas-de-coser-mujeres-de-encarnacion-construyen-nuevas-oportunidades,2026-09-08T21:00:00-03:00,,,NO_PRECISE_DATE_CLEARED,
7065,https://www.masencarnacion.com/articulo/realizaran-jornada-de-castracion-gratuita-para-mascotas-en-mburika,2026-09-08T21:00:00-03:00,,,NO_PRECISE_DATE_CLEARED,
7066,https://www.masencarnacion.com/articulo/operativo-py-guapy-deja-dos-detenidos-en-ciudad-del-este,2026-09-08T21:00:00-03:00,,,NO_PRECISE_DATE_CLEARED,
7067,https://www.masencarnacion.com/articulo/baking-party-llega-encarnacion-un-innovador-curso-de-reposteria-creativa,2026-09-08T21:00:00-03:00,,,NO_PRECISE_DATE_CLEARED,
7518,https://www.masencarnacion.com/articulo/usf-cambyreta-centro-incorpora-nuevo-equipamiento-para-fortalecer-su-laboratorio,2026-09-07T21:00:00-03:00,,,NO_PRECISE_DATE_CLEARED,
7519,https://www.masencarnacion.com/articulo/hurtos-de-vehiculos-con-similares-caracteristicas-ponen-en-alerta-itapua,2026-09-09T21:00:00-03:00,,,NO_PRECISE_DATE_CLEARED,
7520,https://www.masencarnacion.com/articulo/cambyreta-amplia-apoyo-productores-con-trabajos-de-preparacion-de-suelo,2026-09-07T21:00:00-03:00,,,NO_PRECISE_DATE_CLEARED,
7521,https://www.masencarnacion.com/articulo/denuncian-hurto-de-vehiculo-en-barrio-n-2-de-general-artigas,2026-09-09T21:00:00-03:00,,,NO_PRECISE_DATE_CLEARED,
7522,https://www.masencarnacion.com/articulo/el-que-no-cuida-su-puesto-sera-cambiado-advierte-director-policial,2026-09-09T21:00:00-03:00,,,NO_PRECISE_DATE_CLEARED,
7524,https://www.masencarnacion.com/articulo/alta-estadistica-de-personas-autoeliminadas-en-itapua-mas-de-30-casos-en-el-2026,2026-09-09T21:00:00-03:00,,,NO_PRECISE_DATE_CLEARED,
7525,https://www.masencarnacion.com/articulo/fiscalia-logra-condena-de-30-anos-de-prision-mas-5-anos-de-medidas-de-seguridad-por-abuso-sexual-en-ninos,2026-08-25T21:00:00-03:00,,,NO_PRECISE_DATE_CLEARED,
7526,https://www.masencarnacion.com/articulo/vandalizaron-vehiculo-de-abogada-que-representa-victimas-de-la-mafia-de-los-pagares,2026-09-09T21:00:00-03:00,,,NO_PRECISE_DATE_CLEARED,
7527,https://www.masencarnacion.com/articulo/hombre-muere-calcinado-tras-incendio-que-destruyo-por-completo-su-vivienda,2026-09-09T21:00:00-03:00,,,NO_PRECISE_DATE_CLEARED,
7528,https://www.masencarnacion.com/articulo/paciente-ebrio-termino-los-golpes-con-guardias-en-hospital-de-luque,2026-09-09T21:00:00-03:00,,,NO_PRECISE_DATE_CLEARED,
7529,https://www.masencarnacion.com/articulo/hallan-caleta-con-explosivos-y-municiones-en-estancia-donde-fue-secuestrado-felix-urbieta,2026-09-09T21:00:00-03:00,,,NO_PRECISE_DATE_CLEARED,
7530,https://www.masencarnacion.com/articulo/conajzar-alerta-sobre-sorteos-ilegales-con-premios-de-alto-valor,2026-09-08T21:00:00-03:00,,,NO_PRECISE_DATE_CLEARED,
7531,https://www.masencarnacion.com/articulo/pavimentacion-del-tramo-kressburgo-carlos-lopez-alcanza-70-de-avance-en-itapua,2026-09-08T21:00:00-03:00,,,NO_PRECISE_DATE_CLEARED,
7532,https://www.masencarnacion.com/articulo/docentes-iran-paro-nacional-por-recorte-de-fondos,2026-09-09T21:00:00-03:00,,,NO_PRECISE_DATE_CLEARED,
7533,https://www.masencarnacion.com/articulo/senad-detiene-dos-jovenes-por-distribucion-de-cocaina-y-marihuana-premium-en-lambare,2026-09-09T21:00:00-03:00,,,NO_PRECISE_DATE_CLEARED,
7643,https://www.masencarnacion.com/articulo/conocida-vendedora-de-terere-de-encarnacion-pide-ayuda-su-hija-lucha-por-su-vida-y-necesita-una-cirugia-urgente,2026-09-09T21:00:00-03:00,,,NO_PRECISE_DATE_CLEARED,
7644,https://www.masencarnacion.com/articulo/vecinos-de-sagrada-familia-rompen-el-silencio-y-denuncian-hartazgo-por-la-inseguridad,2026-09-09T21:00:00-03:00,,,NO_PRECISE_DATE_CLEARED,
7645,https://www.masencarnacion.com/articulo/yamil-esgaib-visito-al-companero-de-celda-de-hugo-javier-y-descarta-que-haya-sido-un-ataque,2026-09-09T21:00:00-03:00,,,NO_PRECISE_DATE_CLEARED,
7646,https://www.masencarnacion.com/articulo/policia-impulsa-operativo-anti-motochorros-en-ciudad-del-este,2026-09-09T21:00:00-03:00,,,NO_PRECISE_DATE_CLEARED,
7647,https://www.masencarnacion.com/articulo/granizada-causa-millonarias-perdidas-en-cultivos-de-soja-y-trigo-en-iruna,2026-09-09T21:00:00-03:00,,,NO_PRECISE_DATE_CLEARED,
7648,https://www.masencarnacion.com/articulo/cruzo-en-rojo-y-provoco-fuerte-accidente-en-plena-avenida-irrazabal,2026-09-09T21:00:00-03:00,,,NO_PRECISE_DATE_CLEARED,
7649,https://www.masencarnacion.com/articulo/incendio-destruye-dos-motocicletas-en-barrio-san-blas-de-coronel-bogado,2026-09-09T21:00:00-03:00,,,NO_PRECISE_DATE_CLEARED,
7650,https://www.masencarnacion.com/articulo/senatur-presenta-nuevos-paquetes-turisticos-para-conocer-paraguay,2026-09-09T21:00:00-03:00,,,NO_PRECISE_DATE_CLEARED,
7651,https://www.masencarnacion.com/articulo/gobernadores-de-la-anr-piden-tregua-interna-de-cara-las-municipales-2026,2026-09-09T21:00:00-03:00,,,NO_PRECISE_DATE_CLEARED,
7652,https://www.masencarnacion.com/articulo/adolescente-muere-apunalado-en-pastoreo-supuesto-autor-fue-detenido,2026-09-09T21:00:00-03:00,,,NO_PRECISE_DATE_CLEARED,
7653,https://www.masencarnacion.com/articulo/senabico-habilita-exhibicion-de-vehiculos-para-subasta,2026-09-08T21:00:00-03:00,,,NO_PRECISE_DATE_CLEARED,
7654,https://www.masencarnacion.com/articulo/dos-motociclistas-resultan-heridos-tras-violenta-colision-en-ita-paso,2026-09-09T21:00:00-03:00,,,NO_PRECISE_DATE_CLEARED,
7655,https://www.masencarnacion.com/articulo/municipales-2026-tsje-inicia-control-de-materiales-y-utiles-electorales,2026-09-09T21:00:00-03:00,,,NO_PRECISE_DATE_CLEARED,
7656,https://www.masencarnacion.com/articulo/exjefe-de-gabinete-de-hugo-javier-se-entrega,2026-09-09T21:00:00-03:00,,,NO_PRECISE_DATE_CLEARED,
7657,https://www.masencarnacion.com/articulo/paraguay-apuesta-por-la-astrobiologia-y-la-ingenieria-planetaria-para-fortalecer-la-ciencia-nacional,2026-09-09T21:00:00-03:00,,,NO_PRECISE_DATE_CLEARED,
7658,https://www.masencarnacion.com/articulo/hospital-regional-de-encarnacion-refuerza-la-atencion-integral-en-la-prevencion-de-la-autoeliminacion,2026-09-09T21:00:00-03:00,,,NO_PRECISE_DATE_CLEARED,
7659,https://www.masencarnacion.com/articulo/masiva-participacion-en-la-caminata-caminamos-por-la-vida-en-capitan-miranda,2026-09-09T21:00:00-03:00,,,NO_PRECISE_DATE_CLEARED,
7660,https://www.masencarnacion.com/articulo/hospital-regional-de-encarnacion-culmina-programa-de-prevencion-de-la-autoeliminacion,2026-09-09T21:00:00-03:00,,,NO_PRECISE_DATE_CLEARED,
7661,https://www.masencarnacion.com/articulo/municipio-insta-transportistas-y-contribuyentes-aprovechar-descuentos-de-septiembre,2026-09-09T21:00:00-03:00,,,NO_PRECISE_DATE_CLEARED,
7662,https://www.masencarnacion.com/articulo/agentes-de-transito-rinden-examen-fisico-como-parte-del-proceso-de-ascenso-en-encarnacion,2026-09-07T21:00:00-03:00,,,NO_PRECISE_DATE_CLEARED,
7663,https://www.masencarnacion.com/articulo/municipio-y-ande-retiran-cables-aereos-para-mejorar-la-imagen-urbana-de-encarnacion,2026-09-07T21:00:00-03:00,,,NO_PRECISE_DATE_CLEARED,
8297,https://www.masencarnacion.com/articulo/2-de-mayo-y-libertad-se-enfrentan-por-la-cima-del-clausura,2026-09-10T21:00:00-03:00,,,NO_PRECISE_DATE_CLEARED,
8299,https://www.masencarnacion.com/articulo/imputan-y-piden-prision-para-pastor-colombiano-que-habria-abusado-de-jovenes-en-estado-de-indefension,2026-09-10T21:00:00-03:00,,,NO_PRECISE_DATE_CLEARED,
8300,https://www.masencarnacion.com/articulo/hombre-con-tobillera-por-violencia-familiar-asegura-que-la-supuesta-victima-es-quien-se-le-acerca,2026-09-10T21:00:00-03:00,,,NO_PRECISE_DATE_CLEARED,
8301,https://www.masencarnacion.com/articulo/pena-y-alliana-mandan-mensaje-de-unidad-partidaria,2026-08-11T21:00:00-03:00,,,NO_PRECISE_DATE_CLEARED,
8302,https://www.masencarnacion.com/articulo/argentina-fbi-detecta-charla-de-adolescente-con-ia-sobre-tiroteo-escolar-y-termina-en-allanamiento,2026-09-10T21:00:00-03:00,,,NO_PRECISE_DATE_CLEARED,
8304,https://www.masencarnacion.com/articulo/detienen-hombre-tras-recibir-dinero-en-entrega-vigilada-por-presunta-extorsion-en-ciudad-del-este,2026-09-10T21:00:00-03:00,,,NO_PRECISE_DATE_CLEARED,
8305,https://www.masencarnacion.com/articulo/fiscalia-de-itapua-busca-unificar-criterios-de-actuacion-y-destaca-balance-positivo-tras-el-wrc,2026-08-25T21:00:00-03:00,,,NO_PRECISE_DATE_CLEARED,
8307,https://www.masencarnacion.com/articulo/la-armada-suma-tecnologia-para-reforzar-el-control-en-los-rios,2026-09-08T21:00:00-03:00,,,NO_PRECISE_DATE_CLEARED,
8308,https://www.masencarnacion.com/articulo/cae-un-hombre-en-su-intento-de-robar-en-la-patrulla-caminera,2026-09-10T21:00:00-03:00,,,NO_PRECISE_DATE_CLEARED,
8309,https://www.masencarnacion.com/articulo/bcp-aclara-que-disenos-de-nuevos-billetes-que-circulan-en-redes-son-falsos,2026-09-10T21:00:00-03:00,,,NO_PRECISE_DATE_CLEARED,
8311,https://www.masencarnacion.com/articulo/turquia-habilita-ocho-frigorificos-paraguayos-para-la-exportacion-de-la-carne-bovina,2026-09-08T21:00:00-03:00,,,NO_PRECISE_DATE_CLEARED,
8312,https://www.masencarnacion.com/articulo/un-videojuego-con-sello-paraguayo-llega-hoy-playstation-xbox-y-pc,2026-09-10T21:00:00-03:00,,,NO_PRECISE_DATE_CLEARED,
8313,https://www.masencarnacion.com/articulo/conductora-fallece-tras-volcar-su-vehiculo-en-yasy-cany,2026-09-10T21:00:00-03:00,,,NO_PRECISE_DATE_CLEARED,
8314,https://www.masencarnacion.com/articulo/conductor-alcoholizado-choco-contra-un-automovil-estacionado-en-encarnacion,2026-09-10T21:00:00-03:00,,,NO_PRECISE_DATE_CLEARED,
8315,https://www.masencarnacion.com/articulo/detienen-joven-argentino-tras-ser-sorprendido-presuntamente-hurtando-repuestos-de-motocicletas,2026-09-10T21:00:00-03:00,,,NO_PRECISE_DATE_CLEARED,
8316,https://www.masencarnacion.com/articulo/rescatan-en-brasil-otra-paraguaya-victima-de-trata,2026-09-10T21:00:00-03:00,,,NO_PRECISE_DATE_CLEARED,
8317,https://www.masencarnacion.com/articulo/aprehenden-un-hombre-sindicado-de-hurtar-productos-de-peluqueria-en-cambyreta,2026-09-10T21:00:00-03:00,,,NO_PRECISE_DATE_CLEARED,
8318,https://www.masencarnacion.com/articulo/crimen-de-maria-fernanda-condenan-8-anos-de-prision-al-joven-acusado,2026-09-10T21:00:00-03:00,,,NO_PRECISE_DATE_CLEARED,
8319,https://www.masencarnacion.com/articulo/mujer-de-75-anos-muere-atropellada-por-un-camion-en-el-barrio-la-paz-de-encarnacion,2026-09-10T21:00:00-03:00,,,NO_PRECISE_DATE_CLEARED,
8360,https://www.masencarnacion.com/articulo/28-inspectores-de-transito-de-encarnacion-rinden-examen-para-ascender-de-rango,2026-09-10T21:00:00-03:00,,,NO_PRECISE_DATE_CLEARED,
8400,https://www.masencarnacion.com/articulo/ministerio-de-justicia-concreta-la-primera-aplicacion-de-monitoreo-electronico-una-mujer-privada-de-libertad,2026-09-09T21:00:00-03:00,,,NO_PRECISE_DATE_CLEARED,
8401,https://www.masencarnacion.com/articulo/migraciones-registra-3000-procedimientos-de-seguridad-migratoria-hasta-agosto,2026-09-09T21:00:00-03:00,,,NO_PRECISE_DATE_CLEARED,
8489,https://www.masencarnacion.com/articulo/expo-belleza-reunira-barberos-y-peluqueros-en-una-jornada-solidaria-por-el-hogar-santa-maria,2026-09-10T21:00:00-03:00,,,NO_PRECISE_DATE_CLEARED,
8490,https://www.masencarnacion.com/articulo/hogar-de-ancianos-santa-maria-busca-apoyo-para-sostener-mas-de-40-adultos-mayores,2026-09-10T21:00:00-03:00,,,NO_PRECISE_DATE_CLEARED,
8491,https://www.masencarnacion.com/articulo/pese-al-clima-productores-de-nueva-alborada-llegan-con-productos-frescos-encarnacion,2026-09-10T21:00:00-03:00,,,NO_PRECISE_DATE_CLEARED,
8492,https://www.masencarnacion.com/articulo/mujer-denuncia-despido-laboral-mientras-estaba-embarazada-y-pide-justicia,2026-09-10T21:00:00-03:00,,,NO_PRECISE_DATE_CLEARED,
8496,https://www.masencarnacion.com/articulo/barberias-de-encarnacion-transforman-el-cuidado-masculino-y-ganan-espacio-como-tendencia,2026-09-10T21:00:00-03:00,,,NO_PRECISE_DATE_CLEARED,
8499,https://www.masencarnacion.com/articulo/encarnacion-y-posadas-presentan-agenda-conjunta-por-el-centenario-del-ciclon-de-encarnacion,2026-09-07T21:00:00-03:00,,,NO_PRECISE_DATE_CLEARED,
8500,https://www.masencarnacion.com/articulo/puente-de-la-amistad-tendra-cierre-parcial-por-reparaciones,2026-09-10T21:00:00-03:00,,,NO_PRECISE_DATE_CLEARED,
8604,https://www.masencarnacion.com/articulo/el-olvido-en-la-vejez-cuando-el-abandono-familiar-se-convierte-en-una-dolorosa-realidad,2026-09-10T21:00:00-03:00,,,NO_PRECISE_DATE_CLEARED,
8733,https://www.masencarnacion.com/articulo/promociones-imperdibles-para-equipar-tu-hogar,2026-09-10T21:00:00-03:00,,,NO_PRECISE_DATE_CLEARED,
8734,https://www.masencarnacion.com/articulo/cambyreta-invita-su-feria-de-productores-y-emprendedores-este-sabado,2026-09-08T21:00:00-03:00,,,NO_PRECISE_DATE_CLEARED,
8735,https://www.masencarnacion.com/articulo/recuperan-motocicleta-que-habia-sido-denunciada-como-hurtada-en-encarnacion,2026-09-10T21:00:00-03:00,,,NO_PRECISE_DATE_CLEARED,
8736,https://www.masencarnacion.com/articulo/precio-de-combustibles-estiman-ajuste-de-hasta-g-800-por-litro,2026-09-10T21:00:00-03:00,,,NO_PRECISE_DATE_CLEARED,
8737,https://www.masencarnacion.com/articulo/volvio-al-hospital-que-le-salvo-la-vida-pero-esta-vez-con-un-gracias-en-las-manos,2026-09-10T21:00:00-03:00,,,NO_PRECISE_DATE_CLEARED,
8738,https://www.masencarnacion.com/articulo/evolucion-favorable-medicos-observan-senales-de-mejoria-en-el-cuadro-de-hugo-javier,2026-09-10T21:00:00-03:00,,,NO_PRECISE_DATE_CLEARED,
8739,https://www.masencarnacion.com/articulo/obras-que-dan-resultados-el-agua-corre-y-las-canalizaciones-funcionan-en-cinco-barrios-de-cambyreta,2026-09-08T21:00:00-03:00,,,NO_PRECISE_DATE_CLEARED,
8740,https://www.masencarnacion.com/articulo/cartes-niega-distanciamiento-con-pena-y-advierte-contra-la-indisciplina-en-la-anr,2026-08-07T21:00:00-03:00,,,NO_PRECISE_DATE_CLEARED,
8741,https://www.masencarnacion.com/articulo/municipalidad-de-capitan-miranda-respalda-al-deportivo-miranda-con-aporte-economico,2026-07-02T21:00:00-03:00,,,NO_PRECISE_DATE_CLEARED,
8782,https://www.masencarnacion.com/articulo/eeuu-sanciona-grupos-que-financian-aliados-de-iran,2026-09-10T21:00:00-03:00,,,NO_PRECISE_DATE_CLEARED,
8783,https://www.masencarnacion.com/articulo/los-miercoles-el-centro-odontologico-del-hre-brinda-atencion-exclusiva-personas-con-discapacidad,2026-09-10T21:00:00-03:00,,,NO_PRECISE_DATE_CLEARED,
8813,https://www.masencarnacion.com/articulo/un-viernes-con-sabor-solidaridad,2026-09-10T21:00:00-03:00,,,NO_PRECISE_DATE_CLEARED,
9332,https://www.masencarnacion.com/articulo/todo-listo-para-una-jornada-de-running-y-solidaridad-en-encarnacion,2026-09-11T21:00:00-03:00,,,NO_PRECISE_DATE_CLEARED,
9333,https://www.masencarnacion.com/articulo/pesar-del-clima-la-pasion-por-la-danza-los-trajo-nuevamente-encarnacion,2026-09-11T21:00:00-03:00,,,NO_PRECISE_DATE_CLEARED,
9334,https://www.masencarnacion.com/articulo/productoras-de-nueva-alborada-llegan-encarnacion-con-productos-frescos-y-piden-el-apoyo-de-la-ciudadania,2026-09-11T21:00:00-03:00,,,NO_PRECISE_DATE_CLEARED,
9335,https://www.masencarnacion.com/articulo/crece-la-preocupacion-por-el-lento-avance-de-las-obras-en-la-ruta-graneros-del-sur,2026-09-11T21:00:00-03:00,,,NO_PRECISE_DATE_CLEARED,
9336,https://www.masencarnacion.com/articulo/cerca-de-40-bailarines-preparan-un-gran-espectaculo-por-la-juventud-y-la-primavera-en-capitan-miranda,2026-09-11T21:00:00-03:00,,,NO_PRECISE_DATE_CLEARED,
9337,https://www.masencarnacion.com/articulo/mas-de-1800-ninos-ponen-en-marcha-la-7-edicion-de-goles-por-mi-barrio,2026-08-14T21:00:00-03:00,,,NO_PRECISE_DATE_CLEARED,
9338,https://www.masencarnacion.com/articulo/bebe-indigena-presentaba-cuadro-de-desnutricion-y-muere-durante-traslado-de-pjc-asuncion,2026-09-11T21:00:00-03:00,,,NO_PRECISE_DATE_CLEARED,
9339,https://www.masencarnacion.com/articulo/patrulla-caminera-reitera-que-las-motos-no-deben-circular-por-la-vereda,2026-09-11T21:00:00-03:00,,,NO_PRECISE_DATE_CLEARED,
9340,https://www.masencarnacion.com/articulo/gustavo-alfaro-renovara-su-contrato-con-la-albirroja,2026-09-11T21:00:00-03:00,,,NO_PRECISE_DATE_CLEARED,
9341,https://www.masencarnacion.com/articulo/motociclista-muere-tras-impactar-contra-la-parte-trasera-de-un-camion-en-pirapey,2026-09-11T21:00:00-03:00,,,NO_PRECISE_DATE_CLEARED,
9342,https://www.masencarnacion.com/articulo/vecinos-de-capitan-miranda-exigen-lomadas-ante-el-peligroso-cruce-lopoja,2026-09-11T21:00:00-03:00,,,NO_PRECISE_DATE_CLEARED,
9343,https://www.masencarnacion.com/articulo/la-escuela-adela-speratti-prepara-su-segundo-festival-internacional-en-obligado,2026-09-11T21:00:00-03:00,,,NO_PRECISE_DATE_CLEARED,
9344,https://www.masencarnacion.com/articulo/armada-paraguaya-conmemora-su-dia-y-rinde-homenaje-la-virgen-stella-maris,2026-09-11T21:00:00-03:00,,,NO_PRECISE_DATE_CLEARED,
9345,https://www.masencarnacion.com/articulo/el-parque-de-la-salud-se-pone-punto-para-recibir-la-primavera-en-encarnacion,2026-09-11T21:00:00-03:00,,,NO_PRECISE_DATE_CLEARED,
9346,https://www.masencarnacion.com/articulo/remesowski-llama-la-unidad-colorada-y-reivindica-el-trabajo-realizado-de-cara-al-4-de-octubre,2026-08-14T21:00:00-03:00,,,NO_PRECISE_DATE_CLEARED,
9347,https://www.masencarnacion.com/articulo/el-partido-colorado-conmemoro-139-anos-de-historia-con-un-acto-y-reconocimientos-en-encarnacion,2026-08-14T21:00:00-03:00,,,NO_PRECISE_DATE_CLEARED,
9348,https://www.masencarnacion.com/articulo/tragico-accidente-en-cde-camionero-pierde-la-vida-tras-violento-vuelco-en-rotonda,2026-09-11T21:00:00-03:00,,,NO_PRECISE_DATE_CLEARED,
9349,https://www.masencarnacion.com/articulo/detienen-paraguaya-con-11-kilos-de-cocaina-adheridos-al-cuerpo,2026-09-11T21:00:00-03:00,,,NO_PRECISE_DATE_CLEARED,
9350,https://www.masencarnacion.com/articulo/detienen-en-la-placita-municipal-un-hombre-con-orden-de-captura-por-hurto-agravado,2026-09-11T21:00:00-03:00,,,NO_PRECISE_DATE_CLEARED,
9351,https://www.masencarnacion.com/articulo/joven-fue-aprehendido-con-presunta-cocaina-durante-unas-olimpiadas-estudiantiles-en-coronel-bogado,2026-09-11T21:00:00-03:00,,,NO_PRECISE_DATE_CLEARED,
9352,https://www.masencarnacion.com/articulo/ironman-703-llega-encarnacion-y-pone-paraguay-en-el-mapa-mundial-del-triatlon,2026-09-11T21:00:00-03:00,,,NO_PRECISE_DATE_CLEARED,
10130,https://www.masencarnacion.com/articulo/tsje-inicia-auditoria-de-maletines-electorales-de-cara-las-municipales-2026,2026-04-14T21:00:00-03:00,,,NO_PRECISE_DATE_CLEARED,
10131,https://www.masencarnacion.com/articulo/hugo-javier-ya-respira-solo-y-hasta-pregunto-por-madre,2025-01-23T21:00:00-03:00,,,NO_PRECISE_DATE_CLEARED,
10132,https://www.masencarnacion.com/articulo/policia-reporta-17-aprehendidos-y-detenidos-durante-operativos-en-itapua,2026-09-13T21:00:00-03:00,,,NO_PRECISE_DATE_CLEARED,
10133,https://www.masencarnacion.com/articulo/candidato-promete-moteles-gratis-si-gana-en-itaugua,2026-07-24T21:00:00-03:00,,,NO_PRECISE_DATE_CLEARED,
10134,https://www.masencarnacion.com/articulo/mujer-recibe-un-disparo-en-el-rostro-tras-confuso-episodio-en-capiata,2026-09-13T21:00:00-03:00,,,NO_PRECISE_DATE_CLEARED,
10135,https://www.masencarnacion.com/articulo/mujer-fue-detenida-luego-de-asesinar-punaladas-su-concubino-en-san-pedro-2,2026-09-13T21:00:00-03:00,,,NO_PRECISE_DATE_CLEARED,
10136,https://www.masencarnacion.com/articulo/docentes-volverian-reunirse-el-martes-con-autoridades-para-debatir-aumento-salarial,2026-03-17T21:00:00-03:00,,,NO_PRECISE_DATE_CLEARED,
10137,https://www.masencarnacion.com/articulo/indonesia-al-menos-seis-muertos-y-129-desaparecidos-tras-el-naufragio-de-un-barco,2025-11-25T21:00:00-03:00,,,NO_PRECISE_DATE_CLEARED,
10138,https://www.masencarnacion.com/articulo/tribunal-revoca-decision-sobre-plazo-de-45-dias-la-eby-y-establece-que-no-es-organo-de-control,2026-09-07T21:00:00-03:00,,,NO_PRECISE_DATE_CLEARED,
10139,https://www.masencarnacion.com/articulo/el-diesel-aumenta-hasta-g11100-por-litro-en-los-emblemas-privados,2026-04-06T21:00:00-03:00,,,NO_PRECISE_DATE_CLEARED,
10140,https://www.masencarnacion.com/articulo/denuncio-su-propio-hijo-por-hurto-y-la-policia-termino-aprehendiendolo,2026-09-13T21:00:00-03:00,,,NO_PRECISE_DATE_CLEARED,
10141,https://www.masencarnacion.com/articulo/mujer-fue-detenida-luego-de-asesinar-punaladas-su-concubino-en-san-pedro,2026-07-29T21:00:00-03:00,,,NO_PRECISE_DATE_CLEARED,
10142,https://www.masencarnacion.com/articulo/caen-jovenes-tras-profanar-tumbas-en-cementerio-los-raparon-como-castigo,2022-02-13T21:00:00-03:00,,,NO_PRECISE_DATE_CLEARED,
10143,https://www.masencarnacion.com/articulo/el-papa-leon-xiv-celebra-su-71-cumpleanos-con-una-jornada-de-trabajo-normal,2026-04-16T21:00:00-03:00,,,NO_PRECISE_DATE_CLEARED,
10144,https://www.masencarnacion.com/articulo/aprehenden-un-hombre-y-recuperan-herramientas-hurtadas-en-ita-paso,2026-09-13T21:00:00-03:00,,,NO_PRECISE_DATE_CLEARED,
10145,https://www.masencarnacion.com/articulo/matias-galarza-hizo-su-debut-en-el-inter-miami,2024-02-21T21:00:00-03:00,,,NO_PRECISE_DATE_CLEARED,
10146,https://www.masencarnacion.com/articulo/subseccional-n-2-valentin-britez-conmemoro-aniversario-del-partido-colorado,2026-09-13T21:00:00-03:00,,,NO_PRECISE_DATE_CLEARED,
10147,https://www.masencarnacion.com/articulo/miles-marchan-en-brasil-favor-de-la-reeleccion-de-lula,2026-01-15T21:00:00-03:00,,,NO_PRECISE_DATE_CLEARED,
10148,https://www.masencarnacion.com/articulo/capitan-miranda-vibro-al-ritmo-de-la-juventud-con-una-multitudinaria-caravana-estudiantil,2026-09-13T21:00:00-03:00,,,NO_PRECISE_DATE_CLEARED,
10149,https://www.masencarnacion.com/articulo/paraguay-campeon-del-mundo-la-albirroja-c15-conquista-el-mundial-de-futbol-de-salon,2026-07-15T21:00:00-03:00,,,NO_PRECISE_DATE_CLEARED,
10150,https://www.masencarnacion.com/articulo/aprehenden-un-hombre-tras-agredir-una-mujer-en-la-terminal-de-omnibus-de-encarnacion,2026-09-13T21:00:00-03:00,,,NO_PRECISE_DATE_CLEARED,
10151,https://www.masencarnacion.com/articulo/multitudinaria-participacion-en-el-encuentro-ciudadano-la-ciudad-que-se-viene,2026-09-13T21:00:00-03:00,2026-09-13T21:00:00-03:00,,REQUEST_ERROR,404 Client Error: Not Found for url: https://www.masencarnacion.com/404
10152,https://www.masencarnacion.com/articulo/en-3-semanas-llegaran-los-medicamentos-ips-anuncian,2026-08-25T21:00:00-03:00,,,NO_PRECISE_DATE_CLEARED,
10153,https://www.masencarnacion.com/articulo/alpha-taekwondo-club-celebro-con-exito-su-examen-de-graduacion-de-cinturon-negro,2026-09-13T21:00:00-03:00,,,NO_PRECISE_DATE_CLEARED,
10199,https://www.masencarnacion.com/articulo/incineran-2800-kilos-de-marihuana-incautados-tras-vuelco-de-camion,2026-09-13T21:00:00-03:00,,,NO_PRECISE_DATE_CLEARED,
10200,https://www.masencarnacion.com/articulo/estudiantes-de-encarnacion-ponen-en-valor-la-memoria-historica-100-anos-del-ciclon,2026-09-13T21:00:00-03:00,,,NO_PRECISE_DATE_CLEARED,
10243,https://www.masencarnacion.com/articulo/municipalidad-de-cambyreta-entrega-g-150-millones-para-obras-comunitarias-en-barrio-valdez,2026-09-08T21:00:00-03:00,,,NO_PRECISE_DATE_CLEARED,
10244,https://www.masencarnacion.com/articulo/mujer-es-baleada-tras-discusion-y-forcejeo-con-su-pareja-en-capiata,2025-03-27T21:00:00-03:00,,,NO_PRECISE_DATE_CLEARED,
10245,https://www.masencarnacion.com/articulo/mirtha-legrand-recibio-el-alta-medica-tras-una-semana-internada,2023-05-02T21:00:00-03:00,,,NO_PRECISE_DATE_CLEARED,
10246,https://www.masencarnacion.com/articulo/misterio-en-paso-yobai-vaca-aparecio-muerta-sin-ojos-ni-lengua-y-con-cola-atada,2026-09-13T21:00:00-03:00,,,NO_PRECISE_DATE_CLEARED,
10247,https://www.masencarnacion.com/articulo/aprehenden-un-hombre-tras-denuncia-de-presunto-abuso-sexual-contra-una-nina-en-bella-vista,2026-09-13T21:00:00-03:00,,,NO_PRECISE_DATE_CLEARED,
10248,https://www.masencarnacion.com/articulo/agosto-fue-el-mes-mas-caluroso-jamas-registrado-nivel-mundial-segun-copernicus,2024-07-30T21:00:00-03:00,,,NO_PRECISE_DATE_CLEARED,
10291,https://www.masencarnacion.com/articulo/aprehenden-hombre-tras-protagonizar-presunto-episodio-de-violencia-familiar-en-chaipe,2026-09-13T21:00:00-03:00,,,NO_PRECISE_DATE_CLEARED,
10292,https://www.masencarnacion.com/articulo/municipalidad-de-encarnacion-habilita-atencion-los-sabados-y-ofrece-descuentos-de-hasta-el-50,2026-09-08T21:00:00-03:00,,,NO_PRECISE_DATE_CLEARED,
10293,https://www.masencarnacion.com/articulo/inauguran-historica-pista-deportiva-en-la-escuela-domingo-robledo-del-barrio-santo-domingo,2026-09-07T21:00:00-03:00,,,NO_PRECISE_DATE_CLEARED,
10294,https://www.masencarnacion.com/articulo/luis-yd-donara-su-ultimo-salario-como-intendente-los-bomberos-voluntarios,2026-09-08T21:00:00-03:00,,,NO_PRECISE_DATE_CLEARED,
10295,https://www.masencarnacion.com/articulo/pmt-destaca-fin-de-semana-tranquilo-y-con-pocos-incidentes-viales-en-encarnacion,2026-09-13T21:00:00-03:00,,,NO_PRECISE_DATE_CLEARED,
11044,https://www.masencarnacion.com/articulo/japon-supera-por-primera-vez-las-100000-personas-de-100-anos-o-mas,2026-02-10T21:00:00-03:00,,,NO_PRECISE_DATE_CLEARED,
11045,https://www.masencarnacion.com/articulo/hugo-javier-en-terapia-pero-sin-sedantes-ni-respirador,2025-07-09T21:00:00-03:00,,,NO_PRECISE_DATE_CLEARED,
11046,https://www.masencarnacion.com/articulo/trabajo-y-oportunidades-jovenes-participan-de-feria-laboral-en-encarnacion,2026-09-09T21:00:00-03:00,,,NO_PRECISE_DATE_CLEARED,
11047,https://www.masencarnacion.com/articulo/escuela-y-colegio-de-santo-domingo-cuentan-con-moderna-pista-deportiva,2026-09-07T21:00:00-03:00,,,NO_PRECISE_DATE_CLEARED,
11048,https://www.masencarnacion.com/articulo/petropar-ataja-por-una-semana-la-quinta-suba-de-combustibles,2026-04-14T21:00:00-03:00,,,NO_PRECISE_DATE_CLEARED,
11049,https://www.masencarnacion.com/articulo/hombre-fue-herido-con-un-arma-blanca-al-intentar-auxiliar-su-sobrina-en-san-pedro-del-parana,2025-12-28T21:00:00-03:00,,,NO_PRECISE_DATE_CLEARED,
11050,https://www.masencarnacion.com/articulo/presentan-la-1-corrida-de-la-juventud-5k-en-san-juan-del-parana,2026-04-29T21:00:00-03:00,,,NO_PRECISE_DATE_CLEARED,
11051,https://www.masencarnacion.com/articulo/contenedor-con-25000-kilos-de-carne-fue-localizado-en-capitan-meza,2026-07-12T21:00:00-03:00,,,NO_PRECISE_DATE_CLEARED,
11052,https://www.masencarnacion.com/articulo/keiji-ishibashi-encarnacion-va-ir-hacia-adelante,2026-06-17T21:00:00-03:00,,,NO_PRECISE_DATE_CLEARED,
11053,https://www.masencarnacion.com/articulo/uti-de-adultos-del-hgi-378-pacientes-superaron-cuidados-intensivos-en-lo-que-va-de-2026,2026-09-13T21:00:00-03:00,,,NO_PRECISE_DATE_CLEARED,
11054,https://www.masencarnacion.com/articulo/orgullo-carmeno-facundo-barreto-se-consagra-campeon-del-mundo-con-paraguay,2026-09-13T21:00:00-03:00,,,NO_PRECISE_DATE_CLEARED,
11055,https://www.masencarnacion.com/articulo/cambyreta-destina-recursos-para-apoyar-estudiantes-en-campamento-nacional-de-turismo,2026-09-09T21:00:00-03:00,,,NO_PRECISE_DATE_CLEARED,
11366,https://www.masencarnacion.com/articulo/natalidad-cae-en-paraguay-y-poblacion-tiende-envejecer,2026-09-14T21:00:00-03:00,,,NO_PRECISE_DATE_CLEARED,
11367,https://www.masencarnacion.com/articulo/joven-motociclista-resulta-herida-tras-choque-con-retroexcavadora-en-arroyo-pora,2026-09-14T21:00:00-03:00,,,NO_PRECISE_DATE_CLEARED,
11368,https://www.masencarnacion.com/articulo/furia-natural-revive-en-pantalla-el-ciclon-que-azoto-encarnacion,2026-09-14T21:00:00-03:00,,,NO_PRECISE_DATE_CLEARED,
11369,https://www.masencarnacion.com/articulo/capturan-excontador-municipal-de-jesus-condenado-por-corrupcion,2026-09-14T21:00:00-03:00,,,NO_PRECISE_DATE_CLEARED,
11370,https://www.masencarnacion.com/articulo/paraguay-celebra-el-dia-de-la-polca-paraguaya,2023-11-21T21:00:00-03:00,,,NO_PRECISE_DATE_CLEARED,
11371,https://www.masencarnacion.com/articulo/mades-custodia-migracion-de-cardumenes-y-refuerza-controles-de-pesca-en-cauces-hidricos,2026-09-10T21:00:00-03:00,,,NO_PRECISE_DATE_CLEARED,
11372,https://www.masencarnacion.com/articulo/nuevo-presidente-del-ips-priorizara-medicamentos-y-servicios-para-asegurados,2026-09-10T21:00:00-03:00,,,NO_PRECISE_DATE_CLEARED,
11373,https://www.masencarnacion.com/articulo/gobierno-entrega-mas-de-1000-titulos-de-propiedad-campesinos,2026-09-10T21:00:00-03:00,,,NO_PRECISE_DATE_CLEARED,
11374,https://www.masencarnacion.com/articulo/tras-dejar-la-intendencia-luis-yd-quiere-volver-vestir-el-uniforme-de-bombero,2026-04-26T21:00:00-03:00,,,NO_PRECISE_DATE_CLEARED,
11375,https://www.masencarnacion.com/articulo/prevencion-de-la-autoeliminacion-promueven-la-escucha-activa-y-el-acompanamiento-en-encarnacion,2026-09-09T21:00:00-03:00,,,NO_PRECISE_DATE_CLEARED,
11376,https://www.masencarnacion.com/articulo/avanza-el-proyecto-de-la-primera-plaza-ecologica-de-cambyreta,2026-08-05T21:00:00-03:00,,,NO_PRECISE_DATE_CLEARED,
11377,https://www.masencarnacion.com/articulo/motociclista-resulto-herida-tras-colision-con-un-automovil-en-coronel-bogado,2026-09-14T21:00:00-03:00,,,NO_PRECISE_DATE_CLEARED,
11378,https://www.masencarnacion.com/articulo/camioneta-volco-tras-reventon-de-neumatico-y-dejo-dos-heridos-en-general-artigas,2026-09-14T21:00:00-03:00,,,NO_PRECISE_DATE_CLEARED,
11379,https://www.masencarnacion.com/articulo/imputan-y-ordenan-detencion-de-altos-mandos-de-senad-vinculados-lalo-gomes,2025-10-09T21:00:00-03:00,,,NO_PRECISE_DATE_CLEARED,
11380,https://www.masencarnacion.com/articulo/inicia-la-construccion-de-la-nueva-losa-de-la-capilla-virgen-del-rosario,2026-09-09T21:00:00-03:00,,,NO_PRECISE_DATE_CLEARED,
11381,https://www.masencarnacion.com/articulo/chambito-llega-encarnacion-y-busca-prestadores-de-servicios-durante-feria-de-empleo,2026-09-14T21:00:00-03:00,,,NO_PRECISE_DATE_CLEARED,
11382,https://www.masencarnacion.com/articulo/delincuentes-hurtan-celulares-de-alta-gama-de-un-local-comercial-en-encarnacion,2026-05-16T21:00:00-03:00,,,NO_PRECISE_DATE_CLEARED,
11383,https://www.masencarnacion.com/articulo/siete-casillas-destruidas-y-primer-piso-de-un-shopping-afectado-es-el-saldo-del-incendio-en-cde,2026-06-22T21:00:00-03:00,,,NO_PRECISE_DATE_CLEARED,
11384,https://www.masencarnacion.com/articulo/le-arranco-sus-pertenencias-mientras-esperaba-el-omnibus-y-termino-aprehendido,2026-07-20T21:00:00-03:00,,,NO_PRECISE_DATE_CLEARED,
11436,https://www.masencarnacion.com/articulo/nuevas-jornadas-oftalmologicas-llegan-encarnacion-con-precampana-para-cirugnias-de-cataratas,2026-09-14T21:00:00-03:00,,,NO_PRECISE_DATE_CLEARED,
11437,https://www.masencarnacion.com/articulo/cartes-confirma-baruja-como-dupla-de-alliana-para-2028,2026-06-28T21:00:00-03:00,,,NO_PRECISE_DATE_CLEARED,
11438,https://www.masencarnacion.com/articulo/subsidio-para-adultos-mayores-subira-en-2027,2026-09-10T21:00:00-03:00,,,NO_PRECISE_DATE_CLEARED,
11466,https://www.masencarnacion.com/articulo/septiembre-amarillo-invitan-un-encuentro-para-hablar-del-valor-de-la-vida,2026-09-14T21:00:00-03:00,,,NO_PRECISE_DATE_CLEARED,
11467,https://www.masencarnacion.com/articulo/nueva-comision-para-fortalecer-las-acciones-de-prevencion-y-cuidado-de-la-salud-mental-en-encarnacion,2026-09-10T21:00:00-03:00,,,NO_PRECISE_DATE_CLEARED,
11594,https://www.masencarnacion.com/articulo/fiesta-patronal-de-la-iglesia-ortodoxa-de-alborada-ii-se-realizara-el-20-de-septiembre,2026-09-14T21:00:00-03:00,,,NO_PRECISE_DATE_CLEARED,
12034,https://www.masencarnacion.com/articulo/estudiantes-de-encarnacion-presentaron-mas-de-40-proyectos-en-una-feria-de-ciencias,2026-09-15T21:00:00-03:00,,,NO_PRECISE_DATE_CLEARED,
12035,https://www.masencarnacion.com/articulo/color-alegria-y-juventud-se-apoderan-del-colegio-san-roque-de-encarnacion,2026-09-15T21:00:00-03:00,,,NO_PRECISE_DATE_CLEARED,
12036,https://www.masencarnacion.com/articulo/tragedia-en-los-angeles-cae-un-helicoptero-de-la-cadena-nbc-y-mueren-tres-personas,2026-04-18T21:00:00-03:00,,,NO_PRECISE_DATE_CLEARED,
12037,https://www.masencarnacion.com/articulo/encarnacion-ya-conoce-sus-rivales-para-el-nacional-c13-de-futbol-de-salon,2026-03-02T21:00:00-03:00,,,NO_PRECISE_DATE_CLEARED,
12038,https://www.masencarnacion.com/articulo/llaman-becarios-de-itapua-presentar-documentos-para-acceder-al-segundo-desembolso,2026-08-24T21:00:00-03:00,,,NO_PRECISE_DATE_CLEARED,
12039,https://www.masencarnacion.com/articulo/messi-su-ultimo-partido-con-la-albiceleste-el-6-de-octubre,2026-06-21T21:00:00-03:00,,,NO_PRECISE_DATE_CLEARED,
12040,https://www.masencarnacion.com/articulo/piden-ayuda-para-juan-quien-necesita-reunir-g-24-millones-para-una-cirugia-cardiaca,2026-04-22T21:00:00-03:00,,,NO_PRECISE_DATE_CLEARED,
12041,https://www.masencarnacion.com/articulo/gobierno-presentara-propuesta-salarial-mejorada-al-gremio-docente,2026-04-09T21:00:00-03:00,,,NO_PRECISE_DATE_CLEARED,
12042,https://www.masencarnacion.com/articulo/viceministro-de-salud-pide-disculpas-publicas-y-pone-su-cargo-disposicion,2026-05-18T21:00:00-03:00,,,NO_PRECISE_DATE_CLEARED,
12043,https://www.masencarnacion.com/articulo/lanzan-licitacion-para-mejorar-cocinas-y-comedores-escolares-en-itapua,2026-08-24T21:00:00-03:00,,,NO_PRECISE_DATE_CLEARED,
12044,https://www.masencarnacion.com/articulo/boca-juniors-sobrevive-la-reaccion-de-sao-paulo-y-se-planta-en-semifinales,2026-01-27T21:00:00-03:00,,,NO_PRECISE_DATE_CLEARED,
12045,https://www.masencarnacion.com/articulo/cambyreta-impulsa-la-produccion-local-con-entrega-de-plantines-para-huertas-familiares,2026-09-10T21:00:00-03:00,,,NO_PRECISE_DATE_CLEARED,
12046,https://www.masencarnacion.com/articulo/el-hospital-general-de-itapua-realiza-jornadas-de-cirugias-de-cataratas-con-tecnicas-especializadas,2026-07-28T21:00:00-03:00,,,NO_PRECISE_DATE_CLEARED,
12047,https://www.masencarnacion.com/articulo/colapsa-edificio-en-gaza-20-muertos-y-60-desaparecidos,2025-06-10T21:00:00-03:00,,,NO_PRECISE_DATE_CLEARED,
12048,https://www.masencarnacion.com/articulo/gobierno-convoca-paraguayos-interesados-en-trabajar-en-espana,2026-09-14T21:00:00-03:00,,,NO_PRECISE_DATE_CLEARED,
12049,https://www.masencarnacion.com/articulo/tragedia-aerea-en-brasil-dos-paraguayos-murieron-calcinados-al-caer-avion,2026-04-18T21:00:00-03:00,,,NO_PRECISE_DATE_CLEARED,
12050,https://www.masencarnacion.com/articulo/nuevo-modus-operandi-cargaron-una-motocicleta-en-una-furgoneta-y-la-hurtaron-de-un-supermercado,2026-09-15T21:00:00-03:00,,,NO_PRECISE_DATE_CLEARED,
12051,https://www.masencarnacion.com/articulo/reunion-clave-entre-cartes-y-alliana-hoy,2026-07-20T21:00:00-03:00,,,NO_PRECISE_DATE_CLEARED,
12052,https://www.masencarnacion.com/articulo/eparacion-de-canerias-sobre-la-ruta-14-en-cambyreta-se-realiza-en-trabajo-conjunto-con-la-essap,2026-09-10T21:00:00-03:00,,,NO_PRECISE_DATE_CLEARED,
12053,https://www.masencarnacion.com/articulo/ips-encarnacion-espera-que-la-nueva-presidencia-de-continuidad-los-proyectos-pendientes,2026-09-02T21:00:00-03:00,,,NO_PRECISE_DATE_CLEARED,
12054,https://www.masencarnacion.com/articulo/joven-fue-atacada-mientras-dormia-y-baleada-por-un-encapuchado,2026-07-30T21:00:00-03:00,,,NO_PRECISE_DATE_CLEARED,
12055,https://www.masencarnacion.com/articulo/sobrina-de-lalo-se-entrega-la-policia,2026-02-06T21:00:00-03:00,,,NO_PRECISE_DATE_CLEARED,
12056,https://www.masencarnacion.com/articulo/zapateros-en-descalce-piden-apoyar-lo-nacional-y-frenar-ingreso-de-productos-chinos,2026-09-15T21:00:00-03:00,,,NO_PRECISE_DATE_CLEARED,
12288,https://www.masencarnacion.com/articulo/paraguaya-fallecio-tras-derrumbe-de-edificio-en-brasil,2026-09-15T21:00:00-03:00,,,NO_PRECISE_DATE_CLEARED,
12289,https://www.masencarnacion.com/articulo/tres-nominaciones-para-berta-rojas-en-el-latin-grammy-2026,2022-11-16T21:00:00-03:00,,,NO_PRECISE_DATE_CLEARED,
12290,https://www.masencarnacion.com/articulo/elevan-mas-de-28-anos-la-condena-contra-marcelo-piloto-por-el-crimen-en-la-agrupacion,2026-09-15T21:00:00-03:00,,,NO_PRECISE_DATE_CLEARED,
12291,https://www.masencarnacion.com/articulo/un-fallecido-en-triple-choque-en-la-ruta-py08-san-pedro,2026-09-15T21:00:00-03:00,,,NO_PRECISE_DATE_CLEARED,
12292,https://www.masencarnacion.com/articulo/pena-seria-el-segundo-presidente-en-visitar-venezuela-tras-la-caida-de-maduro,2026-08-11T21:00:00-03:00,,,NO_PRECISE_DATE_CLEARED,
12293,https://www.masencarnacion.com/articulo/pornografia-infantil-revelan-modus-operandi-de-psicologo-brasileno,2026-09-15T21:00:00-03:00,,,NO_PRECISE_DATE_CLEARED,
12294,https://www.masencarnacion.com/articulo/operacion-paso-bravo-asesta-golpe-de-usd-6-millones-al-narcotrafico-con-el-decomiso-de-mas-de-40000-kg-de-marihuana,2026-09-14T21:00:00-03:00,,,NO_PRECISE_DATE_CLEARED,
12295,https://www.masencarnacion.com/articulo/hugo-javier-hizo-al-pelo-y-pidio-escuchar-musica-en-su-recuperacion-es-un-signo-muy-positivo,2026-09-15T21:00:00-03:00,,,NO_PRECISE_DATE_CLEARED,
12296,https://www.masencarnacion.com/articulo/gobierno-inaugura-octavo-centro-de-atencion-la-primera-infancia-en-san-estanislao,2026-09-14T21:00:00-03:00,,,NO_PRECISE_DATE_CLEARED,
12297,https://www.masencarnacion.com/articulo/avanza-el-proyecto-del-primer-parque-ecologico-de-cambyreta-en-el-barrio-los-maestros,2026-08-10T21:00:00-03:00,,,NO_PRECISE_DATE_CLEARED,
12335,https://www.masencarnacion.com/articulo/policia-intensifica-barreras-de-control-en-distintos-puntos-de-itapua,2026-09-15T21:00:00-03:00,,,NO_PRECISE_DATE_CLEARED,
12336,https://www.masencarnacion.com/articulo/mas-de-800-embarazos-adolescentes-en-itapua-generan-preocupacion-y-refuerzan-el-llamado-la-prevencion,2026-09-15T21:00:00-03:00,,,NO_PRECISE_DATE_CLEARED,
12337,https://www.masencarnacion.com/articulo/100-anos-del-ciclon-de-encarnacion-el-teatro-vuelve-contar-la-tragedia-de-aquel-20-de-septiembre,2026-09-15T21:00:00-03:00,,,NO_PRECISE_DATE_CLEARED,
12370,https://www.masencarnacion.com/articulo/adultos-mayores-conquistan-las-tablas-teatrales-en-itapua,2026-09-15T21:00:00-03:00,,,NO_PRECISE_DATE_CLEARED,
12839,https://www.masencarnacion.com/articulo/delincuentes-ingresan-una-vivienda-y-roban-pertenencias-mientras-la-familia-acompanaba-un-familiar-internado,2026-09-16T21:00:00-03:00,,,NO_PRECISE_DATE_CLEARED,
12840,https://www.masencarnacion.com/articulo/movil-mujer-acerca-servicios-gratuitos-de-salud-y-asistencia-social-al-barrio-chino,2026-09-13T21:00:00-03:00,,,NO_PRECISE_DATE_CLEARED,
12841,https://www.masencarnacion.com/articulo/cuatro-vehiculos-estuvieron-involucrados-en-siniestro-fatal-sobre-la-avenida-victor-matiauda,2026-07-26T21:00:00-03:00,,,NO_PRECISE_DATE_CLEARED,
12842,https://www.masencarnacion.com/articulo/inauguran-sistema-de-agua-potable-en-3-de-mayo-pradera-alta,2026-08-30T21:00:00-03:00,,,NO_PRECISE_DATE_CLEARED,
12843,https://www.masencarnacion.com/articulo/jornada-de-dermatologia-y-radioocologia-en-la-uni,2026-09-16T21:00:00-03:00,,,NO_PRECISE_DATE_CLEARED,
12844,https://www.masencarnacion.com/articulo/encarnacion-se-prepara-la-13-edicion-de-la-tradicional-carrera-de-triciclos,2026-09-16T21:00:00-03:00,,,NO_PRECISE_DATE_CLEARED,
12845,https://www.masencarnacion.com/articulo/exintendente-de-jesus-de-tavarangue-seguira-preso-en-caso-de-presunta-violacion-de-ley-de-armas,2026-09-16T21:00:00-03:00,,,NO_PRECISE_DATE_CLEARED,
12846,https://www.masencarnacion.com/articulo/motociclista-fallece-tras-violento-accidente-en-la-avenida-victor-matiauda,2026-07-26T21:00:00-03:00,,,NO_PRECISE_DATE_CLEARED,
12847,https://www.masencarnacion.com/articulo/estudiantes-clasifica-semis-con-final-dramatico,2026-05-07T21:00:00-03:00,,,NO_PRECISE_DATE_CLEARED,
12848,https://www.masencarnacion.com/articulo/allanan-vivienda-en-mayor-otano-y-detienen-hombre-con-orden-de-captura,2026-09-16T21:00:00-03:00,,,NO_PRECISE_DATE_CLEARED,
12849,https://www.masencarnacion.com/articulo/carlos-pereira-plantea-acciones-ante-la-falta-de-agua-y-las-perdidas-de-la-essap,2026-09-16T21:00:00-03:00,,,NO_PRECISE_DATE_CLEARED,
12850,https://www.masencarnacion.com/articulo/nuevo-sistema-de-agua-potable-beneficia-familias-del-barrio-santa-rita,2026-08-30T21:00:00-03:00,,,NO_PRECISE_DATE_CLEARED,
12851,https://www.masencarnacion.com/articulo/joven-madre-muere-atropellada-cuando-iba-al-dentista-en-minga-guazu,2026-09-16T21:00:00-03:00,,,NO_PRECISE_DATE_CLEARED,
12852,https://www.masencarnacion.com/articulo/operativo-dinastia-padre-e-hijo-detenidos-por-presunto-fraude-con-vehiculos,2026-09-16T21:00:00-03:00,,,NO_PRECISE_DATE_CLEARED,
12853,https://www.masencarnacion.com/articulo/desmantelan-celda-de-un-recluso-que-distribuiria-drogas-dentro-de-la-carcel-de-pedro-juan-caballero,2026-09-16T21:00:00-03:00,,,NO_PRECISE_DATE_CLEARED,
12854,https://www.masencarnacion.com/articulo/presentan-libro-que-rescata-historias-del-ciclon-que-devasto-encarnacion-en-1926,2026-09-16T21:00:00-03:00,,,NO_PRECISE_DATE_CLEARED,
12855,https://www.masencarnacion.com/articulo/condenan-30-anos-de-prision-al-autor-del-feminicidio-de-karen-gissel-melgarejo,2026-09-16T21:00:00-03:00,,,NO_PRECISE_DATE_CLEARED,
12856,https://www.masencarnacion.com/articulo/funcionarios-de-copaco-detenidos-por-robar-cables-de-la-entidad,2025-07-14T21:00:00-03:00,,,NO_PRECISE_DATE_CLEARED,
12857,https://www.masencarnacion.com/articulo/municipalidad-realiza-trabajos-de-mantenimiento-en-paso-vehicular-entre-santa-maria-y-san-pedro,2026-09-13T21:00:00-03:00,,,NO_PRECISE_DATE_CLEARED,
12858,https://www.masencarnacion.com/articulo/senad-allana-vivienda-y-encuentra-11-paquetes-de-supuesta-base-enterrados-en-nueva-alborada,2026-09-16T21:00:00-03:00,,,NO_PRECISE_DATE_CLEARED,
12859,https://www.masencarnacion.com/articulo/historico-la-espada-de-san-miguel-arcangel-dejara-italia-y-viene-paraguay,2026-02-09T21:00:00-03:00,,,NO_PRECISE_DATE_CLEARED,
12860,https://www.masencarnacion.com/articulo/gobierno-acuerda-reajuste-salarial-del-5-para-los-docentes-desde-2027,2026-09-15T21:00:00-03:00,,,NO_PRECISE_DATE_CLEARED,
12861,https://www.masencarnacion.com/articulo/fundador-de-tiktok-ya-es-el-hombre-mas-rico-de-asia,2024-04-23T21:00:00-03:00,,,NO_PRECISE_DATE_CLEARED,
13025,https://www.masencarnacion.com/articulo/ser-jdkfjg,2026-09-16T21:00:00-03:00,2026-09-16T21:00:00-03:00,,REQUEST_ERROR,404 Client Error: Not Found for url: https://www.masencarnacion.com/404
13551,https://www.masencarnacion.com/articulo/accidente-en-la-autopista-nu-guasu-deja-un-motociclista-fallecido,2026-09-17T21:00:00-03:00,,,NO_PRECISE_DATE_CLEARED,
13552,https://www.masencarnacion.com/articulo/quema-de-basura-termina-en-incendio-de-pastizal-cerca-de-la-placita-municipal,2026-09-17T21:00:00-03:00,,,NO_PRECISE_DATE_CLEARED,
13553,https://www.masencarnacion.com/articulo/refuerzan-la-seguridad-vial-frente-escuelas-de-cambyreta-con-nuevos-reductores-de-velocidad,2026-09-15T21:00:00-03:00,,,NO_PRECISE_DATE_CLEARED,
13554,https://www.masencarnacion.com/articulo/abandonan-camioneta-con-presunta-marihuana-tras-persecucion-en-ybyrarobana,2026-06-24T21:00:00-03:00,,,NO_PRECISE_DATE_CLEARED,
13555,https://www.masencarnacion.com/articulo/primavera-las-flores-de-estacion-llegan-los-viveros-para-renovar-jardines-y-balcones,2026-09-17T21:00:00-03:00,,,NO_PRECISE_DATE_CLEARED,
13556,https://www.masencarnacion.com/articulo/14-nuevos-agentes-se-incorporan-la-pmt-y-27-inspectores-ascienden-de-grado-en-encarnacion,2026-09-14T21:00:00-03:00,,,NO_PRECISE_DATE_CLEARED,
13557,https://www.masencarnacion.com/articulo/juventud-paraguaya-15-millones-tienen-entre-15-y-29-anos,2026-09-17T21:00:00-03:00,,,NO_PRECISE_DATE_CLEARED,
13558,https://www.masencarnacion.com/articulo/descubren-una-nueva-especie-de-gato-silvestre-en-los-bosques-de-bolivia,2026-01-22T21:00:00-03:00,,,NO_PRECISE_DATE_CLEARED,
13559,https://www.masencarnacion.com/articulo/nacional-y-2-de-mayo-dos-candidatos-que-buscan-avivar-la-ilusion,2026-07-24T21:00:00-03:00,,,NO_PRECISE_DATE_CLEARED,
13560,https://www.masencarnacion.com/articulo/luis-yd-anuncia-pedido-de-reivindicacion-salarial-para-agentes-de-seguridad-y-transito,2026-09-14T21:00:00-03:00,,,NO_PRECISE_DATE_CLEARED,
13561,https://www.masencarnacion.com/articulo/ceremonia-liturgica-en-honor-santa-rosa-reunio-agentes-de-la-policia-municipal,2026-09-14T21:00:00-03:00,,,NO_PRECISE_DATE_CLEARED,
13562,https://www.masencarnacion.com/articulo/perforan-pozo-artesiano-para-abastecer-de-agua-potable-al-barrio-san-isidro-de-encarnacion,2026-09-07T21:00:00-03:00,,,NO_PRECISE_DATE_CLEARED,
13563,https://www.masencarnacion.com/articulo/carlos-pereira-impulsa-salud-mental-sin-puertas-como-espacio-de-escucha-y-prevencion,2026-07-03T21:00:00-03:00,,,NO_PRECISE_DATE_CLEARED,
13564,https://www.masencarnacion.com/articulo/capitan-miranda-inaugura-nueva-pista-deportiva-multifuncional-para-fortalecer-el-deporte-local,2026-07-15T21:00:00-03:00,,,NO_PRECISE_DATE_CLEARED,
13565,https://www.masencarnacion.com/articulo/municipalidad-de-cambyreta-fortalece-el-servicio-de-emergencia-con-importante-aporte-los-bomberos-voluntarios,2026-09-15T21:00:00-03:00,,,NO_PRECISE_DATE_CLEARED,
13566,https://www.masencarnacion.com/articulo/vaticano-buscara-una-nominacion-los-oscar-por-primera-vez-en-la-historia,2026-09-17T21:00:00-03:00,,,NO_PRECISE_DATE_CLEARED,
13567,https://www.masencarnacion.com/articulo/cheba-propone-que-comerciantes-participen-en-la-planificacion-de-encarnacion,2026-09-11T21:00:00-03:00,,,NO_PRECISE_DATE_CLEARED,
13568,https://www.masencarnacion.com/articulo/avanza-la-conectividad-satelital-para-400-escuelas-del-interior,2026-09-15T21:00:00-03:00,,,NO_PRECISE_DATE_CLEARED,
13569,https://www.masencarnacion.com/articulo/se-entrega-exjefe-de-senad-buscado-por-caso-filtracion-lalo,2026-08-11T21:00:00-03:00,,,NO_PRECISE_DATE_CLEARED,
13570,https://www.masencarnacion.com/articulo/lamentamos-lo-ocurrido-directora-se-pronuncia-tras-incidente-con-alumno,2026-09-17T21:00:00-03:00,,,NO_PRECISE_DATE_CLEARED,
13571,https://www.masencarnacion.com/articulo/micro-con-alumnos-paraguayos-choco-en-brasil,2026-07-04T21:00:00-03:00,,,NO_PRECISE_DATE_CLEARED,
13572,https://www.masencarnacion.com/articulo/incautan-vehiculo-de-alta-gama-en-el-puente-de-la-amistad,2026-09-17T21:00:00-03:00,,,NO_PRECISE_DATE_CLEARED,
13573,https://www.masencarnacion.com/articulo/clases-normales-hoy-tras-acuerdo-unanime-con-docentes,2026-03-15T21:00:00-03:00,,,NO_PRECISE_DATE_CLEARED,
13574,https://www.masencarnacion.com/articulo/se-busca-recuperar-las-dunas-de-san-cosme-y-damian,2023-07-13T21:00:00-03:00,,,NO_PRECISE_DATE_CLEARED,
13593,https://www.masencarnacion.com/articulo/investigan-caso-de-mordedura-de-perro-difundido-en-redes-sociales-en-cambyreta,2026-09-17T21:00:00-03:00,,,NO_PRECISE_DATE_CLEARED,
13594,https://www.masencarnacion.com/articulo/dos-hombres-con-orden-de-captura-fueron-detenidos-en-ciudad-nueva,2026-09-17T21:00:00-03:00,,,NO_PRECISE_DATE_CLEARED,
13595,https://www.masencarnacion.com/articulo/hugo-javier-vuelve-alimentarse-por-boca-y-logra-ponerse-de-pie-con-asistencia,2026-09-17T21:00:00-03:00,,,NO_PRECISE_DATE_CLEARED,
13596,https://www.masencarnacion.com/articulo/dialogo-entre-gobierno-y-bancos-ratifica-solidez-del-sistema-financiero-y-predisposicion-la-transparencia,2026-09-15T21:00:00-03:00,,,NO_PRECISE_DATE_CLEARED,
13597,https://www.masencarnacion.com/articulo/isaias-fretes-jura-como-nuevo-ministro-de-salud,2026-09-15T21:00:00-03:00,,,NO_PRECISE_DATE_CLEARED,
13598,https://www.masencarnacion.com/articulo/reaparece-el-amenazado-yetapa-de-collar-en-la-reserva-yacyreta,2026-09-07T21:00:00-03:00,,,NO_PRECISE_DATE_CLEARED,
13599,https://www.masencarnacion.com/articulo/localizan-vehiculo-utilizado-para-asaltar-joven-despojado-de-usd-15000,2026-07-21T21:00:00-03:00,,,NO_PRECISE_DATE_CLEARED,
13600,https://www.masencarnacion.com/articulo/atacan-balazos-una-vivienda-y-dejan-nota-de-amenaza-en-yby-yau,2026-09-17T21:00:00-03:00,,,NO_PRECISE_DATE_CLEARED,
13601,https://www.masencarnacion.com/articulo/denuncian-supuesta-agresion-estudiante-en-capitan-miranda,2026-09-17T21:00:00-03:00,,,NO_PRECISE_DATE_CLEARED,
13602,https://www.masencarnacion.com/articulo/interpol-detiene-sospechoso-de-trata-de-personas-requerido-por-bolivia,2026-05-07T21:00:00-03:00,,,NO_PRECISE_DATE_CLEARED,
13603,https://www.masencarnacion.com/articulo/rio-paraguay-baja-mientras-el-parana-registra-un-repunte,2026-09-17T21:00:00-03:00,,,NO_PRECISE_DATE_CLEARED,
13833,https://www.masencarnacion.com/articulo/desconocidos-se-hacen-pasar-por-consultores-o-vinculados-al-mades-para-estafar,2026-09-15T21:00:00-03:00,,,NO_PRECISE_DATE_CLEARED,
13872,https://www.masencarnacion.com/articulo/la-primavera-llega-paseo-repsur-con-promociones-para-renovar-tu-hogar,2026-05-12T21:00:00-03:00,,,NO_PRECISE_DATE_CLEARED,
13873,https://www.masencarnacion.com/articulo/vecinos-de-santa-cruz-exigen-reductores-de-velocidad-ante-los-constantes-siniestros-viales,2026-09-17T21:00:00-03:00,,,NO_PRECISE_DATE_CLEARED,
13889,https://www.masencarnacion.com/articulo/vivimos-con-miedo-vecinos-de-santa-cruz-claman-por-mayor-seguridad-ante-los-constantes-hurtos,2026-09-17T21:00:00-03:00,,,NO_PRECISE_DATE_CLEARED,
14244,https://www.masencarnacion.com/articulo/boysnet-importados-festejo-sus-30-anos-con-grandes-premios,2026-05-24T21:00:00-03:00,,,NO_PRECISE_DATE_CLEARED,
14245,https://www.masencarnacion.com/articulo/recuperan-camioneta-denunciada-como-hurtada-en-coronel-bogado,2026-09-13T21:00:00-03:00,,,NO_PRECISE_DATE_CLEARED,
14246,https://www.masencarnacion.com/articulo/tribunal-condena-25-anos-un-hombre-por-abuso-sexual-sistematico-de-dos-hermanas,2026-07-15T21:00:00-03:00,,,NO_PRECISE_DATE_CLEARED,
14247,https://www.masencarnacion.com/articulo/conductor-huyo-pie-y-dejo-mil-kilos-de-marihuana,2026-06-26T21:00:00-03:00,,,NO_PRECISE_DATE_CLEARED,
14248,https://www.masencarnacion.com/articulo/mirtha-legrand-fue-nuevamente-internada,2023-12-06T21:00:00-03:00,,,NO_PRECISE_DATE_CLEARED,
14249,https://www.masencarnacion.com/articulo/temporal-con-fuertes-vientos-y-granizo-golpea-la-ciudad--belen-en-concepcion,2026-09-18T21:00:00-03:00,,,NO_PRECISE_DATE_CLEARED,
14466,https://www.masencarnacion.com/articulo/detienen-presunto-asaltante-tras-robo-en-una-farmacia-de-san-pedro,2026-07-23T21:00:00-03:00,,,NO_PRECISE_DATE_CLEARED,
14467,https://www.masencarnacion.com/articulo/el-ciclon-de-encarnacion-100-anos-de-una-tragedia-que-marco-para-siempre-la-ciudad,2022-09-19T21:00:00-03:00,,,NO_PRECISE_DATE_CLEARED,
14468,https://www.masencarnacion.com/articulo/unae-da-inicio-los-juegos-universitarios-2026-con-una-noche-de-color-y-talento,2026-07-10T21:00:00-03:00,,,NO_PRECISE_DATE_CLEARED,
14469,https://www.masencarnacion.com/articulo/encarnacion-invita-recorrer-90-anos-de-historia-y-cultura-japonesa-traves-del-arte,2026-09-18T21:00:00-03:00,,,NO_PRECISE_DATE_CLEARED,
15085,https://www.masencarnacion.com/articulo/encarnacion-en-marcha-presento-su-agenda-legislativa-y-formalizo-un-pacto-de-unidad,2026-07-15T21:00:00-03:00,,,NO_PRECISE_DATE_CLEARED,
15086,https://www.masencarnacion.com/articulo/rescatan-dos-paraguayas-en-peru-que-fueron-enganadas-con-falsas-ofertas-de-trabajo,2026-07-29T21:00:00-03:00,,,NO_PRECISE_DATE_CLEARED,
15087,https://www.masencarnacion.com/articulo/padres-toman-escuela-en-capiata-por-despojo-de-rubros-docentes-y-falta-de-director,2026-09-20T21:00:00-03:00,,,NO_PRECISE_DATE_CLEARED,
15088,https://www.masencarnacion.com/articulo/alertan-sobre-infartos-edades-cada-vez-mas-tempranas,2026-09-20T21:00:00-03:00,,,NO_PRECISE_DATE_CLEARED,
15089,https://www.masencarnacion.com/articulo/investigan-terrible-asesinato-joven-fue-encontrado-muerto-con-una-mano-amputada,2026-09-20T21:00:00-03:00,,,NO_PRECISE_DATE_CLEARED,
15090,https://www.masencarnacion.com/articulo/lo-volvio-hacer-el-vorivori-se-ubica-en-el-puesto-1-entre-las-mejores-sopas-del-mundo,2026-03-03T21:00:00-03:00,,,NO_PRECISE_DATE_CLEARED,
15091,https://www.masencarnacion.com/articulo/dia-de-la-juventud-paraguay-registra-reduccion-de-informalidad-laboral-juvenil-en-32-puntos-entre-2022-y-2025,2026-09-17T21:00:00-03:00,,,NO_PRECISE_DATE_CLEARED,
15092,https://www.masencarnacion.com/articulo/hombre-irrumpe-en-vivienda-de-su-expareja-y-corta-el-suministro-electrico-con-un-machetillo-en-san-juan-del-parana,2026-09-20T21:00:00-03:00,,,NO_PRECISE_DATE_CLEARED,
15093,https://www.masencarnacion.com/articulo/hombre-con-dos-ordenes-de-captura-por-hurto-agravado-es-detenido-tras-agredir-su-pareja-en-tomas-romero-pereira,2026-09-20T21:00:00-03:00,,,NO_PRECISE_DATE_CLEARED,
15094,https://www.masencarnacion.com/articulo/alfaro-convoca-28-jugadores-para-amistoso-de-fecha-fifa,2026-07-05T21:00:00-03:00,,,NO_PRECISE_DATE_CLEARED,
15095,https://www.masencarnacion.com/articulo/violento-choque-frontal-deja-un-fallecido-en-j-augusto-saldivar,2026-07-31T21:00:00-03:00,,,NO_PRECISE_DATE_CLEARED,
15096,https://www.masencarnacion.com/articulo/conductor-en-presunto-estado-de-ebriedad-es-aprehendido-por-escandalo-y-resistencia-en-barrio-san-roque,2026-09-20T21:00:00-03:00,,,NO_PRECISE_DATE_CLEARED,
15097,https://www.masencarnacion.com/articulo/santiago-pena-y-delcy-rodriguez-firman-documento-para-afianzar-lazos-bilaterales,2026-09-17T21:00:00-03:00,,,NO_PRECISE_DATE_CLEARED,
15098,https://www.masencarnacion.com/articulo/pronto-dog-el-balanceado-preferido-para-alimentar-las-mascotas,2023-08-10T21:00:00-03:00,,,NO_PRECISE_DATE_CLEARED,
15099,https://www.masencarnacion.com/articulo/mujer-es-aprehendida-tras-danar-pedradas-una-bodega-en-encarnacion,2026-09-20T21:00:00-03:00,,,NO_PRECISE_DATE_CLEARED,
15100,https://www.masencarnacion.com/articulo/proponen-regular-la-tenencia-de-perros-potencialmente-peligrosos,2026-09-20T21:00:00-03:00,,,NO_PRECISE_DATE_CLEARED,
15101,https://www.masencarnacion.com/articulo/persecucion-tras-asalto-termina-con-un-detenido-y-una-camioneta-recuperada-en-maria-auxiliadora,2026-09-20T21:00:00-03:00,,,NO_PRECISE_DATE_CLEARED,
15102,https://www.masencarnacion.com/articulo/color-baile-y-alegria-marcaron-la-celebracion-de-la-juventud-y-la-primavera-en-encarnacion,2026-09-20T21:00:00-03:00,,,NO_PRECISE_DATE_CLEARED,
15103,https://www.masencarnacion.com/articulo/discusion-por-celos-termina-con-un-hombre-herido-con-un-cuchillo-en-coronel-bogado,2026-09-20T21:00:00-03:00,,,NO_PRECISE_DATE_CLEARED,
15104,https://www.masencarnacion.com/articulo/100-anos-de-la-tragedia-encarnacion-recordo-al-ciclon-de-1926-que-marco-su-historia,2026-09-16T21:00:00-03:00,,,NO_PRECISE_DATE_CLEARED,
15159,https://www.masencarnacion.com/articulo/candidatas-de-encarnacion-en-marcha-proponen-presupuesto-exclusivo-para-fortalecer-el-albergue-municipal-de-mujeres,2026-07-31T21:00:00-03:00,,,NO_PRECISE_DATE_CLEARED,
15160,https://www.masencarnacion.com/articulo/transferencia-por-error-alertan-sobre-maniobra-delictiva,2026-09-20T21:00:00-03:00,,,NO_PRECISE_DATE_CLEARED,
15272,https://www.masencarnacion.com/articulo/controles-de-transito-dejan-siete-vehiculos-demorados-y-seis-alcotest-positivos-en-encarnacion,2026-05-28T21:00:00-03:00,,,NO_PRECISE_DATE_CLEARED,
15273,https://www.masencarnacion.com/articulo/migraciones-detalla-apertura-del-puente-de-la-integracion-y-negocia-rebaja-de-tarjeta-vecinal,2026-09-17T21:00:00-03:00,,,NO_PRECISE_DATE_CLEARED,
15274,https://www.masencarnacion.com/articulo/roban-una-camioneta-en-coronel-bogado-y-la-recuperan-en-una-zona-boscosa-de-caazapa,2026-09-20T21:00:00-03:00,,,NO_PRECISE_DATE_CLEARED,
15275,https://www.masencarnacion.com/articulo/aspirantes-suboficiales-de-la-policia-celebran-la-primavera-y-la-juventud-con-competencias-deportivas-en-itapua,2026-09-20T21:00:00-03:00,,,NO_PRECISE_DATE_CLEARED,
15276,https://www.masencarnacion.com/articulo/fiebre-de-la-flor-amarilla-se-instala-en-la-plaza-de-armas-de-encarnacion,2026-09-20T21:00:00-03:00,,,NO_PRECISE_DATE_CLEARED,
15277,https://www.masencarnacion.com/articulo/encarnacion-entrega-las-laves-de-la-ciudad-las-autoridades-juveniles,2026-09-16T21:00:00-03:00,,,NO_PRECISE_DATE_CLEARED,
15366,https://www.masencarnacion.com/articulo/de-cada-100-electores-27-son-jovenes-segun-la-justicia-electoral,2026-09-20T21:00:00-03:00,,,NO_PRECISE_DATE_CLEARED,
15367,https://www.masencarnacion.com/articulo/pagos-de-salarios-y-beneficios-sociales-de-setiembre-comenzaran-este-miercoles-23,2026-09-17T21:00:00-03:00,,,NO_PRECISE_DATE_CLEARED,
15424,https://www.masencarnacion.com/articulo/feriado-por-batalla-de-boqueron-pasa-al-lunes-28-de-septiembre,2026-09-17T21:00:00-03:00,,,NO_PRECISE_DATE_CLEARED,
15425,https://www.masencarnacion.com/articulo/hurtan-automovil-estacionado-frente-un-inquilinato-en-villa-del-maestro,2026-09-20T21:00:00-03:00,,,NO_PRECISE_DATE_CLEARED,
15471,https://www.masencarnacion.com/articulo/hugo-javier-sigue-mejorando-pero-aun-no-podra-prestar-declaracion,2026-09-20T21:00:00-03:00,,,NO_PRECISE_DATE_CLEARED,
15472,https://www.masencarnacion.com/articulo/bcp-habilita-los-certificados-de-deposito-de-ahorro-100-digitales,2026-09-20T21:00:00-03:00,,,NO_PRECISE_DATE_CLEARED,
15473,https://www.masencarnacion.com/articulo/jovenes-los-mas-afectados-por-siniestros-viales,2026-09-20T21:00:00-03:00,,,NO_PRECISE_DATE_CLEARED,
15485,https://www.masencarnacion.com/articulo/28-adultos-mayores-de-cambyreta-acceden-la-pension-universal-mediante-la-entrega-de-tarjetas,2026-09-15T21:00:00-03:00,,,NO_PRECISE_DATE_CLEARED,
15533,https://www.masencarnacion.com/articulo/recuperan-objetos-hurtados-y-detienen-joven-con-orden-de-captura-en-cambyreta,2026-09-20T21:00:00-03:00,,,NO_PRECISE_DATE_CLEARED,
15534,https://www.masencarnacion.com/articulo/ejecutan-trabajos-de-mantenimiento-vial-en-el-barrio-san-rafael-de-cambyreta,2026-09-17T21:00:00-03:00,,,NO_PRECISE_DATE_CLEARED,
15535,https://www.masencarnacion.com/articulo/delincuentes-ingresan-un-comercio-y-se-llevan-talonarios-de-cheques-en-cambyreta,2026-09-20T21:00:00-03:00,,,NO_PRECISE_DATE_CLEARED,
15536,https://www.masencarnacion.com/articulo/accidente-destruye-semaforo-en-el-barrio-san-pedro-y-la-reposicion-podria-demorar-una-semana,2026-06-22T21:00:00-03:00,,,NO_PRECISE_DATE_CLEARED,
15537,https://www.masencarnacion.com/articulo/el-asesino-multiple-misionero-gusano-menocchio-rompio-el-silencio-hablo-de-su-vida-en-posadas-los-crimenes-sus-negocios-en-paraguay-y-los-lazos-politicos,2026-09-20T21:00:00-03:00,,,NO_PRECISE_DATE_CLEARED,
15829,https://www.masencarnacion.com/articulo/anuncian-nuevo-centro-de-salud-y-puesto-de-seguridad-para-el-barrio-san-isidro,2026-09-15T21:00:00-03:00,,,NO_PRECISE_DATE_CLEARED,
15830,https://www.masencarnacion.com/articulo/flores-de-tiza-revive-la-memoria-del-ciclon-de-1926-en-la-universidad-catolica,2026-09-17T21:00:00-03:00,,,NO_PRECISE_DATE_CLEARED,
15831,https://www.masencarnacion.com/articulo/centro-medico-municipal-padre-jose-kreusser-cumple-un-ano-con-mas-de-6000-atenciones,2026-09-17T21:00:00-03:00,,,NO_PRECISE_DATE_CLEARED,
15832,https://www.masencarnacion.com/articulo/paraguay-se-casa-prepara-su-segunda-edicion-con-mas-matrimonios-civiles-gratuitos,2026-09-21T21:00:00-03:00,,,NO_PRECISE_DATE_CLEARED,
15833,https://www.masencarnacion.com/articulo/millonario-robo-delincuentes-armados-asaltan-motel-y-vivienda-en-san-pedro-del-parana,2026-09-13T21:00:00-03:00,,,NO_PRECISE_DATE_CLEARED,
15834,https://www.masencarnacion.com/articulo/cooperativa-puerta-inaugura-local-propio-en-encarnacion-y-celebra-35-anos-de-trayectoria,2026-09-21T21:00:00-03:00,,,NO_PRECISE_DATE_CLEARED,
15835,https://www.masencarnacion.com/articulo/la-batalla-de-curupayty-cumple-160-anos-como-una-de-las-victorias-mas-contundentes-de-paraguay,2026-09-21T21:00:00-03:00,,,NO_PRECISE_DATE_CLEARED,
15836,https://www.masencarnacion.com/articulo/tiroteo-frente-un-colegio-en-turquia-deja-11-estudiantes-heridos,2026-09-21T21:00:00-03:00,,,NO_PRECISE_DATE_CLEARED,
15837,https://www.masencarnacion.com/articulo/definen-proyecto-que-prohibe-celulares-en-las-escuelas,2026-01-25T21:00:00-03:00,,,NO_PRECISE_DATE_CLEARED,
15838,https://www.masencarnacion.com/articulo/bomberos-se-preparan-para-su-colecta-anual-y-fijan-meta-de-g-150-millones-en-encarnacion,2026-07-21T21:00:00-03:00,,,NO_PRECISE_DATE_CLEARED,
15839,https://www.masencarnacion.com/articulo/otro-brasileno-es-victima-de-la-banda-del-grindr-en-ciudad-del-este,2026-09-13T21:00:00-03:00,,,NO_PRECISE_DATE_CLEARED,
15840,https://www.masencarnacion.com/articulo/tormenta-dejo-su-paso-casas-destechadas-y-pobladores-sin-luz-en-puerto-casado,2026-09-21T21:00:00-03:00,,,NO_PRECISE_DATE_CLEARED,
15841,https://www.masencarnacion.com/articulo/cambyreta-reactiva-la-oficina-regional-de-repatriados-para-asistir-connacionales,2026-09-17T21:00:00-03:00,,,NO_PRECISE_DATE_CLEARED,
15842,https://www.masencarnacion.com/articulo/isaias-fretes-realiza-primera-visita-sorpresa-como-ministro-y-verifica-estado-del-hospital-de-trauma,2026-09-20T21:00:00-03:00,,,NO_PRECISE_DATE_CLEARED,
15843,https://www.masencarnacion.com/articulo/delcy-y-trump-tendran-su-primer-cara-cara-desde-caida-de-maduro,2026-06-01T21:00:00-03:00,,,NO_PRECISE_DATE_CLEARED,
15844,https://www.masencarnacion.com/articulo/aumentan-siniestros-causados-por-ebrios-y-estos-no-son-sancionados,2026-09-21T21:00:00-03:00,,,NO_PRECISE_DATE_CLEARED,
15845,https://www.masencarnacion.com/articulo/sector-salud-marcha-por-aumento-salarial-del-50-para-45000-trabajadore,2026-06-18T21:00:00-03:00,,,NO_PRECISE_DATE_CLEARED,
15846,https://www.masencarnacion.com/articulo/tsje-inicia-despliegue-de-casi-18000-maquinas-de-votacion-para-las-municipales-2026,2026-08-14T21:00:00-03:00,,,NO_PRECISE_DATE_CLEARED,
15847,https://www.masencarnacion.com/articulo/proyectan-una-gran-arena-hotel-y-shopping-en-la-costanera-norte-de-asuncion,2026-09-20T21:00:00-03:00,,,NO_PRECISE_DATE_CLEARED,
15848,https://www.masencarnacion.com/articulo/mujer-resulta-con-quemaduras-tras-presunto-incidente-en-su-vivienda-en-trinidad,2026-09-21T21:00:00-03:00,,,NO_PRECISE_DATE_CLEARED,
15849,https://www.masencarnacion.com/articulo/disparos-contra-una-vivienda-generan-alarma-en-el-barrio-san-isidro-de-encarnacion,2026-09-21T21:00:00-03:00,,,NO_PRECISE_DATE_CLEARED,
16148,https://www.masencarnacion.com/articulo/ppl-fallece-en-el-penal-de-pedro-juan-caballero,2026-09-21T21:00:00-03:00,,,NO_PRECISE_DATE_CLEARED,
16149,https://www.masencarnacion.com/articulo/itapua-registra-un-importante-movimiento-de-nacimientos-y-fortalece-la-inscripcion-de-recien-nacidos,2026-09-21T21:00:00-03:00,,,NO_PRECISE_DATE_CLEARED,
16240,https://www.masencarnacion.com/articulo/chatarra-cero-policia-busca-retirar-17481-vehiculos-abandonados-en-comisarias,2026-09-21T21:00:00-03:00,,,NO_PRECISE_DATE_CLEARED,
16241,https://www.masencarnacion.com/articulo/paraguay-reune-expertos-iberoamericanos-en-congreso-de-medicina-legal--ciencias-forenses,2026-08-26T21:00:00-03:00,,,NO_PRECISE_DATE_CLEARED,
16242,https://www.masencarnacion.com/articulo/municipales-2026-se-podra-votar-con-cedula-vencida,2026-08-14T21:00:00-03:00,,,NO_PRECISE_DATE_CLEARED,
16318,https://www.masencarnacion.com/articulo/el-911-recibe-mas-de-4000-llamadas-innecesarias-al-dia,2026-09-21T21:00:00-03:00,,,NO_PRECISE_DATE_CLEARED,
16319,https://www.masencarnacion.com/articulo/joshua-duerksen-hace-historia-es-el-primer-paraguayo-en-conducir-un-formula-1,2025-08-28T21:00:00-03:00,,,NO_PRECISE_DATE_CLEARED,
16352,https://www.masencarnacion.com/articulo/ips-y-salud-reciben-indicaciones-para-afinar-coordinacion-y-lograr-una-mejora-en-la-atencion-medica,2026-09-20T21:00:00-03:00,,,NO_PRECISE_DATE_CLEARED,
16353,https://www.masencarnacion.com/articulo/dos-aprehendidos-y-objetos-recuperados-tras-hurto-domiciliario-en-mayor-otano,2026-09-21T21:00:00-03:00,,,NO_PRECISE_DATE_CLEARED,
16354,https://www.masencarnacion.com/articulo/mas-de-3000-nuevos-incorporados-en-septiembre-para-pagos-de-pension-de-adultos-mayores,2026-09-20T21:00:00-03:00,,,NO_PRECISE_DATE_CLEARED,
16379,https://www.masencarnacion.com/articulo/denuncian-red-de-ciberacoso-con-imagenes-manipuladas-por-ia-en-la-una,2022-02-04T21:00:00-03:00,,,NO_PRECISE_DATE_CLEARED,
16380,https://www.masencarnacion.com/articulo/los-109-anos-fallece-el-penultimo-excombatiente-de-la-guerra-del-chaco,2026-09-21T21:00:00-03:00,,,NO_PRECISE_DATE_CLEARED,
16418,https://www.masencarnacion.com/articulo/hallan-caja-fuerte-y-cheques-robados-candidato-concejal-de-santa-rosa-del-monday,2026-09-21T21:00:00-03:00,,,NO_PRECISE_DATE_CLEARED,
16419,https://www.masencarnacion.com/articulo/nancy-berndt-de-pereira-plantea-fortalecer-la-salud-mediante-una-administracion-responsable-de-los-recursos-municipales,2026-09-21T21:00:00-03:00,,,NO_PRECISE_DATE_CLEARED,
16420,https://www.masencarnacion.com/articulo/hugo-javier-mantiene-conversaciones-cortas-reconoce-musica-y-sigue-mejorando-afirman-desde-el-hospital-de-itaugua,2026-09-21T21:00:00-03:00,,,NO_PRECISE_DATE_CLEARED,
16455,https://www.masencarnacion.com/articulo/encarnacion-se-posiciona-entre-las-mejores-ciudades-del-mundo-para-el-triatlon-de-elite,2026-09-17T21:00:00-03:00,,,NO_PRECISE_DATE_CLEARED,
16456,https://www.masencarnacion.com/articulo/ebrio-al-volante-arrolla-y-mata-guardia-que-esperaba-bus-para-ir-trabajar-en-capiata,2026-09-21T21:00:00-03:00,,,NO_PRECISE_DATE_CLEARED,
16485,https://www.masencarnacion.com/articulo/museo-memoria-viva-realizo-el-sorteo-de-la-rifa-pro-sanitarios,2026-09-21T21:00:00-03:00,,,NO_PRECISE_DATE_CLEARED,
16620,https://www.masencarnacion.com/articulo/conversatorio-juridico-aborda-la-evolucion-de-la-prueba-cientifica-y-la-independencia-institucional,2026-09-21T21:00:00-03:00,,,NO_PRECISE_DATE_CLEARED,
16736,https://www.masencarnacion.com/articulo/paraguayo-fue-detenido-con-13-kilos-de-cocaina-en-el-puente-san-roque,2026-06-17T21:00:00-03:00,,,NO_PRECISE_DATE_CLEARED,
16737,https://www.masencarnacion.com/articulo/del-productor-la-mesa-lanzan-feria-de-la-agricultura-familiar-en-encarnacion,2026-03-30T21:00:00-03:00,,,NO_PRECISE_DATE_CLEARED,
16738,https://www.masencarnacion.com/articulo/por-un-boquete-entraron-robar-g-500-millones-de-la-joyeria-de-un-rumano-en-asuncion,2026-05-18T21:00:00-03:00,,,NO_PRECISE_DATE_CLEARED,
16739,https://www.masencarnacion.com/articulo/fiscalia-general-designo-agentes-fiscales-para-intervenir-en-delitos-electorales-durante-las-elecciones-municipales-2026,2026-09-10T21:00:00-03:00,,,NO_PRECISE_DATE_CLEARED,
16740,https://www.masencarnacion.com/articulo/nuevo-ministro-de-salud-anuncia-que-por-ahora-no-habra-cambios-en-hospitales,2026-07-31T21:00:00-03:00,,,NO_PRECISE_DATE_CLEARED,
16741,https://www.masencarnacion.com/articulo/testigos-de-jehova-ya-aceptan-transfusiones-de-los-componentes-de-la-sangre,2026-09-22T21:00:00-03:00,,,NO_PRECISE_DATE_CLEARED,
16742,https://www.masencarnacion.com/articulo/refuerzan-operativo-en-el-parana-para-proteger-cardumen-de-dorado-que-esta-por-ingresar-paraguay,2026-09-21T21:00:00-03:00,,,NO_PRECISE_DATE_CLEARED,
16743,https://www.masencarnacion.com/articulo/septima-region-sanitaria-prepara-plan-de-contingencia-ante-el-fenomeno-de-el-nino,2026-06-17T21:00:00-03:00,,,NO_PRECISE_DATE_CLEARED,
16744,https://www.masencarnacion.com/articulo/ultimo-testigo-aporta-dato-controversial-sobre-la-muerte-de-maradona,2025-05-28T21:00:00-03:00,,,NO_PRECISE_DATE_CLEARED,
16745,https://www.masencarnacion.com/articulo/camionero-muere-de-infarto-en-vuelco-de-camion-con-granos-en-los-cedrales,2026-09-22T21:00:00-03:00,,,NO_PRECISE_DATE_CLEARED,
16746,https://www.masencarnacion.com/articulo/el-30-de-accidentados-quedan-discapacitados-mayoria-jovenes,2026-09-22T21:00:00-03:00,,,NO_PRECISE_DATE_CLEARED,
16747,https://www.masencarnacion.com/articulo/policia-incauta-motocicleta-hurtada-con-chapa-adulterada-en-cambyreta,2026-09-22T21:00:00-03:00,,,NO_PRECISE_DATE_CLEARED,
16748,https://www.masencarnacion.com/articulo/detienen-mujer-con-orden-de-captura-por-presunta-estafa-informatica-en-bella-vista,2026-09-22T21:00:00-03:00,,,NO_PRECISE_DATE_CLEARED,
16749,https://www.masencarnacion.com/articulo/sol-de-america-destroza-al-2-de-mayo-y-avanza-cuartos-de-final-de-la-copa-paraguay,2024-10-24T21:00:00-03:00,,,NO_PRECISE_DATE_CLEARED,
16750,https://www.masencarnacion.com/articulo/recuperan-motocicleta-hurtada-tras-persecucion-policial-en-san-juan-del-parana,2026-09-22T21:00:00-03:00,,,NO_PRECISE_DATE_CLEARED,
16751,https://www.masencarnacion.com/articulo/paraguay-y-peru-primeros-en-avanzar-con-pacto-contra-el-crimen-organizado,2026-09-21T21:00:00-03:00,,,NO_PRECISE_DATE_CLEARED,
16752,https://www.masencarnacion.com/articulo/policia-recupera-objetos-hurtados-y-detiene-presunto-autor-en-encarnacion,2026-09-22T21:00:00-03:00,,,NO_PRECISE_DATE_CLEARED,
16753,https://www.masencarnacion.com/articulo/balean-camioneta-de-candidato-intendente-de-ypane-perdio-el-control-y-termino-en-una-canaleta,2026-09-22T21:00:00-03:00,,,NO_PRECISE_DATE_CLEARED,
17006,https://www.masencarnacion.com/articulo/inician-obras-de-empedrado-en-el-barrio-la-amistad-de-cambyreta,2026-09-16T21:00:00-03:00,,,NO_PRECISE_DATE_CLEARED,
17007,https://www.masencarnacion.com/articulo/pena-estamos-para-ayudar-venezuela-hacer-esa-transicion-democratica,2026-09-08T21:00:00-03:00,,,NO_PRECISE_DATE_CLEARED,
17008,https://www.masencarnacion.com/articulo/prohibicion-de-celulares-en-las-escuelas-tendra-sancion-ficta-el-viernes,2026-09-22T21:00:00-03:00,,,NO_PRECISE_DATE_CLEARED,
17027,https://www.masencarnacion.com/articulo/congolenas-fueron-detenidas-con-pasaportes-ajenos-en-silvio-pettirossi,2026-07-01T21:00:00-03:00,,,NO_PRECISE_DATE_CLEARED,
17070,https://www.masencarnacion.com/articulo/san-pedro-del-parana-se-consolida-como-polo-productor-de-cebolla-en-itapua,2026-02-25T21:00:00-03:00,,,NO_PRECISE_DATE_CLEARED,
17071,https://www.masencarnacion.com/articulo/cierre-temporal-del-puente-san-pedro-por-trabajos-de-mantenimiento,2026-09-20T21:00:00-03:00,,,NO_PRECISE_DATE_CLEARED,
17072,https://www.masencarnacion.com/articulo/inauguran-tanque-elevado-de-25-mil-litros-para-mejorar-el-suministro-de-agua-en-cambyreta,2026-09-16T21:00:00-03:00,,,NO_PRECISE_DATE_CLEARED,
17120,https://www.masencarnacion.com/articulo/narcocampamentos-capturan-tres-personas-en-concepcion,2026-09-22T21:00:00-03:00,,,NO_PRECISE_DATE_CLEARED,
17121,https://www.masencarnacion.com/articulo/paraguayo-de-74-anos-es-rescatado-en-brasil,2026-09-22T21:00:00-03:00,,,NO_PRECISE_DATE_CLEARED,
17160,https://www.masencarnacion.com/articulo/avanza-la-construccion-de-un-tanque-de-agua-de-250000-litros-en-cambyreta,2026-09-21T21:00:00-03:00,,,NO_PRECISE_DATE_CLEARED,
17161,https://www.masencarnacion.com/articulo/inician-obras-de-empedrado-en-acceso-al-barrio-santa-rita-de-cambyreta,2026-09-21T21:00:00-03:00,,,NO_PRECISE_DATE_CLEARED,
17162,https://www.masencarnacion.com/articulo/rotay-club-encarnacion-norte-entrega-sillas-de-ruedas-cenade,2026-04-12T21:00:00-03:00,,,NO_PRECISE_DATE_CLEARED,
17205,https://www.masencarnacion.com/articulo/roban-150-millones-de-guaranies-una-pareja-mediante-un-engano,2026-09-22T21:00:00-03:00,,,NO_PRECISE_DATE_CLEARED,
17334,https://www.masencarnacion.com/articulo/caso-hugo-javier-plantean-recurrir-peritos-internacionales-para-esclarecer-causa-de-lesiones,2026-09-22T21:00:00-03:00,,,NO_PRECISE_DATE_CLEARED,
17335,https://www.masencarnacion.com/articulo/dnit-intercepta-dos-cargas-sospechosas-en-encomienda-proveniente-de-miami,2026-09-22T21:00:00-03:00,,,NO_PRECISE_DATE_CLEARED,
17336,https://www.masencarnacion.com/articulo/peluqueros-que-aprendieron-el-oficio-de-forma-empirica-podran-certificar-sus-conocimientos,2026-09-22T21:00:00-03:00,,,NO_PRECISE_DATE_CLEARED,
17337,https://www.masencarnacion.com/articulo/por-que-hugo-javier-ve-fantasmas-la-explicacion-medica-del-hospital-de-itaugua,2025-09-11T21:00:00-03:00,,,NO_PRECISE_DATE_CLEARED,
17338,https://www.masencarnacion.com/articulo/hospital-de-itapua-atendio-mas-de-8000-argentinos-de-forma-gratuita-en-su-primer-ano,2026-09-21T21:00:00-03:00,,,NO_PRECISE_DATE_CLEARED,
17339,https://www.masencarnacion.com/articulo/bachi-nunez-voy-ser-presidente-del-olimpia,2026-09-22T21:00:00-03:00,,,NO_PRECISE_DATE_CLEARED,
17340,https://www.masencarnacion.com/articulo/santiago-pena-plantea-ante-las-naciones-unidas-el-fortalecimiento-del-multilateralismo-y-mayor-pragmatismo,2026-09-10T21:00:00-03:00,,,NO_PRECISE_DATE_CLEARED,
17341,https://www.masencarnacion.com/articulo/investigan-la-muerte-de-un-perro-en-puerto-obligado-habria-sido-atacado-tiros,2026-06-24T21:00:00-03:00,,,NO_PRECISE_DATE_CLEARED,
17342,https://www.masencarnacion.com/articulo/operativo-caazapa-ii-senad-erradica-37-hectareas-de-marihuana-y-destruye-mas-de-36-toneladas-de-droga,2026-09-21T21:00:00-03:00,,,NO_PRECISE_DATE_CLEARED,
17475,https://www.masencarnacion.com/articulo/companeros-regalan-una-moto-profesor-de-danza-tras-robo,2026-09-22T21:00:00-03:00,,,NO_PRECISE_DATE_CLEARED,
17476,https://www.masencarnacion.com/articulo/reconoceran-nuevos-profesionales-en-cuidado-de-adultos-mayores-en-encarnacion,2026-09-22T21:00:00-03:00,,,NO_PRECISE_DATE_CLEARED,
17477,https://www.masencarnacion.com/articulo/museo-memoria-viva-evalua-cobrar-entrada-para-financiar-mejoras,2024-11-16T21:00:00-03:00,,,NO_PRECISE_DATE_CLEARED,
17528,https://www.masencarnacion.com/articulo/despues-de-las-seis-encarnacion-despide-septiembre-con-musica-y-talento-joven,2026-09-20T21:00:00-03:00,,,NO_PRECISE_DATE_CLEARED,
17744,https://www.masencarnacion.com/articulo/capitan-miranda-prepara-su-gran-fiesta-de-la-juventud-y-primavera,2026-09-07T21:00:00-03:00,,,NO_PRECISE_DATE_CLEARED,
17745,https://www.masencarnacion.com/articulo/jesse-joy-se-separan-en-plena-gira-yo-quiero-seguir-co-ustedes,2026-09-23T21:00:00-03:00,,,NO_PRECISE_DATE_CLEARED,
17746,https://www.masencarnacion.com/articulo/1200-policias-seran-desplegados-en-itapua-durante-las-elecciones-municipales,2026-09-23T21:00:00-03:00,,,NO_PRECISE_DATE_CLEARED,
17747,https://www.masencarnacion.com/articulo/tragedia-en-aregua-nina-asmatica-sufrio-crisis-y-llego-sin-vida,2022-01-20T21:00:00-03:00,,,NO_PRECISE_DATE_CLEARED,
17748,https://www.masencarnacion.com/articulo/estudiantes-rescatan-la-memoria-del-ciclon-de-1926-con-un-concurso-de-historia-en-encarnacion,2026-09-23T21:00:00-03:00,,,NO_PRECISE_DATE_CLEARED,
17749,https://www.masencarnacion.com/articulo/ejecutan-operacion-aurelia-con-varios-allanamientos-contra-una-red-de-trafico-de-oro-y-piedras-valiosas,2026-09-23T21:00:00-03:00,,,NO_PRECISE_DATE_CLEARED,
17750,https://www.masencarnacion.com/articulo/senad-incauta-droga-sintetica-valuada-en-casi-usd-140000-que-fue-enviada-desde-belgica,2026-09-22T21:00:00-03:00,,,NO_PRECISE_DATE_CLEARED,
17751,https://www.masencarnacion.com/articulo/conatel-y-koica-avanzan-en-un-proyecto-para-modernizar-el-sistema-911,2026-09-22T21:00:00-03:00,,,NO_PRECISE_DATE_CLEARED,
17752,https://www.masencarnacion.com/articulo/inician-obras-de-empedrado-para-mejorar-el-acceso-la-escuela-san-jose-en-capitan-miranda,2026-09-07T21:00:00-03:00,,,NO_PRECISE_DATE_CLEARED,
17753,https://www.masencarnacion.com/articulo/conductora-resulta-lesionada-tras-chocar-contra-un-vehiculo-estacionado-en-cambyreta,2026-09-23T21:00:00-03:00,,,NO_PRECISE_DATE_CLEARED,
17754,https://www.masencarnacion.com/articulo/camion-y-tractor-agricola-colisionaron-sobre-la-ruta-py07-en-san-rafael-del-parana,2026-09-23T21:00:00-03:00,,,NO_PRECISE_DATE_CLEARED,
17755,https://www.masencarnacion.com/articulo/tres-personas-resultaron-lesionadas-tras-colision-entre-motocicletas-en-general-delgado,2026-09-23T21:00:00-03:00,,,NO_PRECISE_DATE_CLEARED,
17756,https://www.masencarnacion.com/articulo/aprehenden-un-hombre-y-recuperan-objetos-denunciados-como-hurtados-en-ita-paso,2026-09-23T21:00:00-03:00,,,NO_PRECISE_DATE_CLEARED,
17757,https://www.masencarnacion.com/articulo/cuatro-hombres-armados-asaltaron-una-vivienda-y-maniataron-dos-adultos-mayores-en-general-artigas,2026-09-23T21:00:00-03:00,,,NO_PRECISE_DATE_CLEARED,
17758,https://www.masencarnacion.com/articulo/paraguay-vence-chile-y-va-por-el-oro-ante-argentina-en-los-juegos-suramericanos,2026-09-23T21:00:00-03:00,,,NO_PRECISE_DATE_CLEARED,
17759,https://www.masencarnacion.com/articulo/petropar-aumenta-el-precio-del-diesel-y-de-la-nafta,2026-09-23T21:00:00-03:00,,,NO_PRECISE_DATE_CLEARED,
17976,https://www.masencarnacion.com/articulo/tercera-edicion-de-la-correcaminata-del-colegio-john-f-kennedy-reunio-400-corredores-en-encarnacion,2026-09-23T21:00:00-03:00,,,NO_PRECISE_DATE_CLEARED,
17977,https://www.masencarnacion.com/articulo/la-fuerza-aerea-suma-un-avion-para-asistencia-en-emergencias-y-ayuda-humanitaria,2026-09-22T21:00:00-03:00,,,NO_PRECISE_DATE_CLEARED,
18047,https://www.masencarnacion.com/articulo/senado-pide-informes-por-incidente-de-hugo-javier-en-tacumbu,2026-09-23T21:00:00-03:00,,,NO_PRECISE_DATE_CLEARED,
18048,https://www.masencarnacion.com/articulo/hallan-casi-32-kilos-de-pasta-base-ocultos-en-un-camion-en-ciudad-del-este-y-detienen-al-conductor,2026-09-23T21:00:00-03:00,,,NO_PRECISE_DATE_CLEARED,
18049,https://www.masencarnacion.com/articulo/motociclista-de-14-anos-resulta-lesionado-tras-caer-en-una-rotonda-de-pirapo,2026-07-06T21:00:00-03:00,,,NO_PRECISE_DATE_CLEARED,
18050,https://www.masencarnacion.com/articulo/centro-veterinario-libertad-incorpora-servicio-de-laboratorio-para-mascotas-en-encarnacion,2025-05-20T21:00:00-03:00,,,NO_PRECISE_DATE_CLEARED,
18051,https://www.masencarnacion.com/articulo/crianza-digital-brindan-charla-familias-sobre-proteccion-de-ninos-y-adolescentes-en-internet,2026-09-07T21:00:00-03:00,,,NO_PRECISE_DATE_CLEARED,
18052,https://www.masencarnacion.com/articulo/requisan-marihuana-bebidas-alcoholicas-y-armas-blancas-en-la-penitenciaria-de-concepcion,2026-09-23T21:00:00-03:00,,,NO_PRECISE_DATE_CLEARED,
18053,https://www.masencarnacion.com/articulo/aprehenden-un-hombre-por-supuesto-hurto-y-descubren-que-tenia-orden-de-captura-en-chaipe,2026-09-23T21:00:00-03:00,,,NO_PRECISE_DATE_CLEARED,
18091,https://www.masencarnacion.com/articulo/fiscalia-de-eeuu-rechaza-liberar-bajo-fianza-la-esposa-de-nicolas-maduro-por-riesgo-de-fuga-extremo,2026-02-05T21:00:00-03:00,,,NO_PRECISE_DATE_CLEARED,
18092,https://www.masencarnacion.com/articulo/festival-nacional-del-pescado-fue-presentado-oficialmente-en-encarnacion,2026-09-07T21:00:00-03:00,,,NO_PRECISE_DATE_CLEARED,
18093,https://www.masencarnacion.com/articulo/encarnacion-fc-renueva-el-optimismo-tras-victoria-ante-capiata,2026-06-30T21:00:00-03:00,,,NO_PRECISE_DATE_CLEARED,
18223,https://www.masencarnacion.com/articulo/conductor-alcoholizado-habria-atropellado-barrera-de-control-y-protagonizo-persecucion-en-pirapo,2026-09-23T21:00:00-03:00,,,NO_PRECISE_DATE_CLEARED,
18248,https://www.masencarnacion.com/articulo/senad-destruye-16-hectareas-de-supuesta-marihuana-en-caazapa,2026-08-17T21:00:00-03:00,,,NO_PRECISE_DATE_CLEARED,
18249,https://www.masencarnacion.com/articulo/piscicultura-sigue-siendo-un-sustento-diario-para-familias-de-san-cosme-y-damian,2026-09-23T21:00:00-03:00,,,NO_PRECISE_DATE_CLEARED,
18397,https://www.masencarnacion.com/articulo/bomberos-voluntarios-de-encarnacion-superan-ampliamente-la-meta-y-agradecen-el-apoyo-ciudadano,2026-09-23T21:00:00-03:00,,,NO_PRECISE_DATE_CLEARED,
18398,https://www.masencarnacion.com/articulo/dos-personas-resultaron-lesionadas-tras-choque-entre-un-automovil-y-una-motocicleta-en-encarnacion,2026-09-23T21:00:00-03:00,,,NO_PRECISE_DATE_CLEARED,
18399,https://www.masencarnacion.com/articulo/verifican-obras-viales-para-mejorar-la-conectividad-en-arroyo-pora,2026-09-20T21:00:00-03:00,,,NO_PRECISE_DATE_CLEARED,
18400,https://www.masencarnacion.com/articulo/invitan-conocer-y-promover-el-programa-de-familias-acogedoras-en-itapua,2026-09-23T21:00:00-03:00,,,NO_PRECISE_DATE_CLEARED,
18401,https://www.masencarnacion.com/articulo/san-juan-del-parana-suma-infraestructura-para-fortalecer-el-acceso-al-agua-potable,2026-09-22T21:00:00-03:00,,,NO_PRECISE_DATE_CLEARED,
18402,https://www.masencarnacion.com/articulo/paraguay-avanza-para-exportar-carne-bovina-mexico,2026-09-22T21:00:00-03:00,,,NO_PRECISE_DATE_CLEARED,
18403,https://www.masencarnacion.com/articulo/explotacion-sexual-concentra-la-mayoria-de-las-denuncias-de-trata-de-personas-en-paraguay,2026-09-10T21:00:00-03:00,,,NO_PRECISE_DATE_CLEARED,
18404,https://www.masencarnacion.com/articulo/colegio-de-san-pedro-prohibe-celulares-y-reporta-mejoras,2026-09-23T21:00:00-03:00,,,NO_PRECISE_DATE_CLEARED,
18405,https://www.masencarnacion.com/articulo/cambyreta-fortalece-la-gestion-de-licencias-de-conducir-y-es-destacado-como-distrito-modelo,2026-09-20T21:00:00-03:00,,,NO_PRECISE_DATE_CLEARED,
18406,https://www.masencarnacion.com/articulo/inician-obra-de-empedrado-en-el-barrio-8-de-diciembre-de-san-juan-del-parana,2026-09-22T21:00:00-03:00,,,NO_PRECISE_DATE_CLEARED,
18407,https://www.masencarnacion.com/articulo/piscicultura-sigue-siendo-un-sustento-diario-para-familias-de-san-cosme-y-damian-2,2026-09-23T21:00:00-03:00,,,NO_PRECISE_DATE_CLEARED,
18408,https://www.masencarnacion.com/articulo/cambyreta-cumple-con-la-rendicion-de-cuentas-de-royalties-y-compensaciones,2026-09-20T21:00:00-03:00,,,NO_PRECISE_DATE_CLEARED,
18881,https://www.masencarnacion.com/articulo/retiran-un-ataud-de-un-deposito-y-lo-dejan-en-el-exterior-del-cementerio-de-coronel-bogado,2026-09-24T21:00:00-03:00,,,NO_PRECISE_DATE_CLEARED,
18882,https://www.masencarnacion.com/articulo/jornada-de-bioimpedancia-se-realiza-en-el-hospital-regional-de-encarnacion,2026-05-20T21:00:00-03:00,,,NO_PRECISE_DATE_CLEARED,
18884,https://www.masencarnacion.com/articulo/hospital-regional-de-encarnacion-pide-reforzar-la-seguridad-tras-incidentes,2026-05-20T21:00:00-03:00,,,NO_PRECISE_DATE_CLEARED,
18885,https://www.masencarnacion.com/articulo/furor-total-se-agotaron-en-menos-de-dos-horas-las-entradas-para-la-despedida-de-lionel-messi,2026-06-24T21:00:00-03:00,,,NO_PRECISE_DATE_CLEARED,
18886,https://www.masencarnacion.com/articulo/vestidos-como-policias-irrumpen-vivienda-de-un-camionero-lo-esposan-y-roban-dinero-en-mra,2026-09-17T21:00:00-03:00,,,NO_PRECISE_DATE_CLEARED,
18888,https://www.masencarnacion.com/articulo/tifon-en-japon-deja-al-menos-12-muertos-en-dujuan,2026-02-17T21:00:00-03:00,,,NO_PRECISE_DATE_CLEARED,
18889,https://www.masencarnacion.com/articulo/nuevos-beneficiarios-de-adultos-mayores-cobran-hoy,2026-09-22T21:00:00-03:00,,,NO_PRECISE_DATE_CLEARED,
18890,https://www.masencarnacion.com/articulo/camion-volco-tras-impactar-contra-una-columna-de-la-ande-en-encarnacion,2026-07-25T21:00:00-03:00,,,NO_PRECISE_DATE_CLEARED,
18892,https://www.masencarnacion.com/articulo/allanamiento-en-san-juan-del-parana-deja-un-detenido-e-incautacion-de-presunta-marihuana,2026-07-01T21:00:00-03:00,,,NO_PRECISE_DATE_CLEARED,
18895,https://www.masencarnacion.com/articulo/imputan-sospechoso-de-abusar-de-un-nino-de-13-anos-en-hernandarias,2026-09-14T21:00:00-03:00,,,NO_PRECISE_DATE_CLEARED,
18899,https://www.masencarnacion.com/articulo/atentado-domicilio-criminal-quemo-vehiculo-de-un-periodista,2025-05-28T21:00:00-03:00,,,NO_PRECISE_DATE_CLEARED,
19196,https://www.masencarnacion.com/articulo/encarnacion-sera-sede-del-intercre-2026-con-tres-dias-de-actividades-deportivas-y-culturales,2026-09-24T21:00:00-03:00,,,NO_PRECISE_DATE_CLEARED,
19217,https://www.masencarnacion.com/articulo/capitan-miranda-prepara-una-nueva-edicion-del-festival-encuentro-de-cultura,2026-09-08T21:00:00-03:00,,,NO_PRECISE_DATE_CLEARED,
19218,https://www.masencarnacion.com/articulo/uni-incorpora-20-brazos-roboticos-para-fortalecer-la-formacion-tecnologica,2025-01-30T21:00:00-03:00,,,NO_PRECISE_DATE_CLEARED,
19245,https://www.masencarnacion.com/articulo/tesoros-de-itapua-reune-productos-y-sabores-que-representan-la-identidad-del-departamento,2026-09-22T21:00:00-03:00,,,NO_PRECISE_DATE_CLEARED,
19246,https://www.masencarnacion.com/articulo/aprehenden-adolescente-con-motocicleta-y-bolsa-con-presunta-hoja-de-coca,2026-09-24T21:00:00-03:00,,,NO_PRECISE_DATE_CLEARED,
19268,https://www.masencarnacion.com/articulo/playa-san-jose-se-prepara-para-recibir-visitantes-durante-la-temporada-primavera-verano,2026-09-24T21:00:00-03:00,,,NO_PRECISE_DATE_CLEARED,
19717,https://www.masencarnacion.com/articulo/unae-verde-realizo-su-octava-edicion-con-enfoque-en-educacion-ambiental-y-sostenibilidad,2026-08-12T21:00:00-03:00,,,NO_PRECISE_DATE_CLEARED,
19718,https://www.masencarnacion.com/articulo/mag-refuerza-asistencia-pequenos-productores-ante-el-fenomeno-de-el-nino,2023-12-18T21:00:00-03:00,,,NO_PRECISE_DATE_CLEARED,
19719,https://www.masencarnacion.com/articulo/itapua-buscan-identificar-y-documentar-adultos-mayores-sin-cedula,2026-02-13T21:00:00-03:00,,,NO_PRECISE_DATE_CLEARED,
19720,https://www.masencarnacion.com/articulo/delincuentes--ingresado-una-vivienda-y-se-llevaron-varios-objetos-en-encarnacion,2026-07-19T21:00:00-03:00,,,NO_PRECISE_DATE_CLEARED,
19721,https://www.masencarnacion.com/articulo/incautan-cerca-de-800-kilos-de-marihuana-en-una-vivienda,2026-07-02T21:00:00-03:00,,,NO_PRECISE_DATE_CLEARED,
19722,https://www.masencarnacion.com/articulo/alliana-firma-decretos-por-mas-de-g-180000-millones-para-hospitales-rutas-y-rios,2026-09-23T21:00:00-03:00,,,NO_PRECISE_DATE_CLEARED,
19723,https://www.masencarnacion.com/articulo/itapuenses-martin-abud-y-facundo-dehnike-conquistan-el-oro-para-paraguay,2023-09-14T21:00:00-03:00,,,NO_PRECISE_DATE_CLEARED,
19724,https://www.masencarnacion.com/articulo/lula-prohibe-apuestas-deportivas-en-linea-en-brasil-dias-de-ir-elecciones,2026-01-16T21:00:00-03:00,,,NO_PRECISE_DATE_CLEARED,
20239,https://www.masencarnacion.com/articulo/pelea-entre-cunados-termina-con-un-herido-de-arma-blanca-en-cambyreta,2026-01-08T21:00:00-03:00,,,NO_PRECISE_DATE_CLEARED,
20240,https://www.masencarnacion.com/articulo/motociclista-muere-tras-chocar-contra-un-cartel-en-maria-auxiliadora,2026-09-26T21:00:00-03:00,,,NO_PRECISE_DATE_CLEARED,
20241,https://www.masencarnacion.com/articulo/choque-entre-automovil-y-motocicleta-deja-una-menor-fallecida-en-obligado,2026-08-16T21:00:00-03:00,,,NO_PRECISE_DATE_CLEARED,
20242,https://www.masencarnacion.com/articulo/volco-y-desaparecio-encuentran-un-automovil-sin-ocupantes-en-coronel-bogado,2026-09-26T21:00:00-03:00,,,NO_PRECISE_DATE_CLEARED,
20507,https://www.masencarnacion.com/articulo/un-fallecido-y-dos-heridos-tras-aparatoso-vuelco-cerca-del-asuncion-golf-club,2026-09-27T21:00:00-03:00,,,NO_PRECISE_DATE_CLEARED,
20591,https://www.masencarnacion.com/articulo/multitudinaria-participacion-en-una-nueva-edicion-de-la-tradicional-carrera-de-triciclos,2026-09-27T21:00:00-03:00,,,NO_PRECISE_DATE_CLEARED,
20592,https://www.masencarnacion.com/articulo/adolescente-de-17-anos-fue-aprehendido-tras-persecucion-y-recuperacion-de-motocicleta-hurtada,2026-09-15T21:00:00-03:00,,,NO_PRECISE_DATE_CLEARED,
20593,https://www.masencarnacion.com/articulo/miggymania-triunfo-albirrojo-ante-bolivia,2026-07-15T21:00:00-03:00,,,NO_PRECISE_DATE_CLEARED,
20594,https://www.masencarnacion.com/articulo/casino-carnaval-premio-sus-clientes-con-la-promocion-primavera,2024-07-07T21:00:00-03:00,,,NO_PRECISE_DATE_CLEARED,
20595,https://www.masencarnacion.com/articulo/cambyreta-da-el-primer-paso-para-la-construccion-de-la-primera-plaza-ecologica-de-itapua,2026-08-11T21:00:00-03:00,,,NO_PRECISE_DATE_CLEARED,
20596,https://www.masencarnacion.com/articulo/hombre-habria-intentado-agredir-su-hermano-menor-y-luego-ataco-con-un-machete-policias,2026-09-15T21:00:00-03:00,,,NO_PRECISE_DATE_CLEARED,
20898,https://www.masencarnacion.com/articulo/tsje-desplegara-casi-18000-maquinas-de-votacion-para-los-comicios-del-4-de-octubre,2026-08-31T21:00:00-03:00,,,NO_PRECISE_DATE_CLEARED,
20899,https://www.masencarnacion.com/articulo/mujeres-baleadas-en-eusebio-ayala-sobreviviente-fue-trasladada-al-hospital-de-trauma,2026-06-10T21:00:00-03:00,,,NO_PRECISE_DATE_CLEARED,
20900,https://www.masencarnacion.com/articulo/mejoras-en-chaipe-cheba-destaca-hechos-concretos-frente-las-necesidades-de-los-barrios,2026-09-11T21:00:00-03:00,,,NO_PRECISE_DATE_CLEARED,
20901,https://www.masencarnacion.com/articulo/monica-scheid-encara-la-recta-final-de-campana-en-nueva-alborada,2026-09-27T21:00:00-03:00,2026-09-27T21:00:00-03:00,,REQUEST_ERROR,404 Client Error: Not Found for url: https://www.masencarnacion.com/404
20902,https://www.masencarnacion.com/articulo/una-donacion-puede-alimentar-una-familia-colecta-nacional-llega-encarnacion,2024-10-06T21:00:00-03:00,,,NO_PRECISE_DATE_CLEARED,
20903,https://www.masencarnacion.com/articulo/intimidaron-una-mujer-con-un-arma-y-dispararon-contra-su-celular-en-alto-vera,2026-01-15T21:00:00-03:00,,,NO_PRECISE_DATE_CLEARED,
20904,https://www.masencarnacion.com/articulo/grupo-lince-intensifico-controles-en-itapua-y-retiro-28-motocicletas-de-circulacion,2026-06-09T21:00:00-03:00,,,NO_PRECISE_DATE_CLEARED,
20905,https://www.masencarnacion.com/articulo/camioneta-con-personas-sobre-el-techo-fue-retenida-en-la-costanera-de-encarnacion,2026-06-26T21:00:00-03:00,,,NO_PRECISE_DATE_CLEARED,
20906,https://www.masencarnacion.com/articulo/matan-una-mujer-y-hieren-otra-en-eusebio-ayala,2026-07-10T21:00:00-03:00,,,NO_PRECISE_DATE_CLEARED,
20925,https://www.masencarnacion.com/articulo/monica-scheid-encara-la-recta-final-campana-en-nueva-alborada,2026-09-27T21:00:00-03:00,,,NO_PRECISE_DATE_CLEARED,
20959,https://www.masencarnacion.com/articulo/cambyreta-se-prepara-para-celebrar-san-miguel-arcangel-con-fe-tradicion-y-solidaridad,2023-07-04T01:00:00-03:00,,,NO_PRECISE_DATE_CLEARED,
21371,https://www.masencarnacion.com/articulo/inverfin-celebra-30-anos-con-grandes-promociones-y-sorteo-una-hilux-0-km,2026-09-29T00:00:00-03:00,,,NO_PRECISE_DATE_CLEARED,
21372,https://www.masencarnacion.com/articulo/vacunas-adelgazantes-pueden-representar-riesgos-para-el-corazon-sin-controles-medicos,2026-09-29T00:00:00-03:00,,,NO_PRECISE_DATE_CLEARED,
21373,https://www.masencarnacion.com/articulo/dia-mundial-del-corazon-alertan-sobre-los-factores-de-riesgo-y-la-importancia-de-los-controles,2022-01-11T00:00:00-03:00,,,NO_PRECISE_DATE_CLEARED,
21374,https://www.masencarnacion.com/articulo/elecciones-en-brasil-2026-aseguran-que-lula-tiene-una-leve-ventaja-sobre-flavio-bolsonaro,2026-03-14T00:00:00-03:00,,,NO_PRECISE_DATE_CLEARED,
21375,https://www.masencarnacion.com/articulo/hugo-javier-evoluciona-de-forma-favorable-pero-el-cuadro-neurologico-podria-persistir-por-meses,2026-03-05T00:00:00-03:00,,,NO_PRECISE_DATE_CLEARED,
21376,https://www.masencarnacion.com/articulo/incendio-afecta-seis-viviendas-utilizadas-como-inquilinato-en-el-barrio-santa-maria-de-encarnacion,2026-07-09T00:00:00-03:00,,,NO_PRECISE_DATE_CLEARED,
21377,https://www.masencarnacion.com/articulo/joven-de-20-anos-pierde-el-control-de-su-vehiculo-choca-contra-semaforo-y-columna-de-ande,2026-07-08T00:00:00-03:00,,,NO_PRECISE_DATE_CLEARED,
21378,https://www.masencarnacion.com/articulo/alliana-posterga-para-noviembre-la-definicion-de-su-dupla,2026-08-12T00:00:00-03:00,,,NO_PRECISE_DATE_CLEARED,
21379,https://www.masencarnacion.com/articulo/argentina-iniciara-arbitraje-por-explotacion-petrolera-en-malvinas,2022-06-14T01:00:00-03:00,,,NO_PRECISE_DATE_CLEARED,
21380,https://www.masencarnacion.com/articulo/lider-de-una-red-que-roba-vehiculos-en-brasil-para-utilizar-en-el-narcotrafico-es-buscado-en-pjc,2026-02-04T00:00:00-03:00,,,NO_PRECISE_DATE_CLEARED,
21555,https://www.masencarnacion.com/articulo/motociclista-quedo-herida-tras-ser-rozada-por-un-automovil-que-se-dio-la-fuga-en-cambyreta,2026-07-09T00:00:00-03:00,,,NO_PRECISE_DATE_CLEARED,
21556,https://www.masencarnacion.com/articulo/san-miguel-arcangel-reune-fieles-en-cambyreta-en-una-jornada-de-fe-y-tradicion,2023-09-29T01:00:00-03:00,,,NO_PRECISE_DATE_CLEARED,
21557,https://www.masencarnacion.com/articulo/presentan-proyecto-para-construir-el-nuevo-edificio-de-la-direccion-departamental-de-educacion-de-itapua,2026-09-23T00:00:00-03:00,,,NO_PRECISE_DATE_CLEARED,
21558,https://www.masencarnacion.com/articulo/jaime-hinterleitner-se-muestra-confiado-de-cara-las-elecciones-municipales-en-cambyreta,2026-09-07T00:00:00-03:00,,,NO_PRECISE_DATE_CLEARED,
21559,https://www.masencarnacion.com/articulo/olimpia-y-la-municipalidad-de-encarnacion-firman-convenio-para-impulsar-el-deporte-y-el-desarrollo-comunitario,2026-09-22T00:00:00-03:00,,,NO_PRECISE_DATE_CLEARED,
21560,https://www.masencarnacion.com/articulo/javier-pereira-asegura-que-trabajara-con-los-intendentes-electos-sin-distincion-de-color-politico,2026-03-09T00:00:00-03:00,,,NO_PRECISE_DATE_CLEARED,
21573,https://www.masencarnacion.com/articulo/educacion-de-itapua-analiza-resultados-de-pisa-y-proyecto-de-nuevo-edificio,2026-08-06T00:00:00-03:00,,,NO_PRECISE_DATE_CLEARED,
21726,https://www.masencarnacion.com/articulo/llaman-la-solidaridad-para-culminar-las-obras-en-la-pergola-del-santuario-de-itacua,2026-02-10T00:00:00-03:00,,,NO_PRECISE_DATE_CLEARED,
21727,https://www.masencarnacion.com/articulo/el-jardin-de-la-profe-fide-flores-que-mantienen-viva-su-memoria-en-la-costanera-de-encarnacion,2026-09-29T00:00:00-03:00,,,NO_PRECISE_DATE_CLEARED,
21769,https://www.masencarnacion.com/articulo/jovenes-universitarios-de-tres-departamentos-llegan-itapua-para-disputar-los-jupy,2025-07-03T00:00:00-03:00,,,NO_PRECISE_DATE_CLEARED,
21770,https://www.masencarnacion.com/articulo/por-tercera-vez-entran-en-mi-casa-familia-denuncia-hurto-domiciliario-en-cambyreta,2025-06-21T00:00:00-03:00,,,NO_PRECISE_DATE_CLEARED,
22227,https://www.masencarnacion.com/articulo/fallece-conocido-actor-de-telenovelas-mexicanas,2026-01-26T00:00:00-03:00,,,NO_PRECISE_DATE_CLEARED,
22228,https://www.masencarnacion.com/articulo/cambyreta-impulsa-conversatorios-para-prevenir-las-adicciones-entre-jovenes,2026-09-21T00:00:00-03:00,,,NO_PRECISE_DATE_CLEARED,
22229,https://www.masencarnacion.com/articulo/policia-recupera-herramientas-hurtadas-y-aprehende-un-hombre-en-yatytay,2026-09-30T00:00:00-03:00,,,NO_PRECISE_DATE_CLEARED,
22230,https://www.masencarnacion.com/articulo/este-sabado-se-realiza-la-colecta-nacional-de-alimentos-2026,2024-10-11T00:00:00-03:00,,,NO_PRECISE_DATE_CLEARED,
22231,https://www.masencarnacion.com/articulo/culminan-magnificamente-los-juegos-universitarios-unae-isede-2026,2026-08-24T00:00:00-03:00,,,NO_PRECISE_DATE_CLEARED,
22232,https://www.masencarnacion.com/articulo/roque-santa-cruz-entre-las-figuras-de-mayor-productividad-sin-pelota,2022-02-18T00:00:00-03:00,,,NO_PRECISE_DATE_CLEARED,
22233,https://www.masencarnacion.com/articulo/independiente-y-nacional-por-un-lugar-en-cuartos,2024-12-07T00:00:00-03:00,,,NO_PRECISE_DATE_CLEARED,
22234,https://www.masencarnacion.com/articulo/vuelo-de-flydubai-israel-desviado-por-pelea-entre-pilotos,2022-01-28T00:00:00-03:00,,,NO_PRECISE_DATE_CLEARED,
22235,https://www.masencarnacion.com/articulo/mas-de-3000-plantines-de-tomate-llegan-pequenos-productores-de-itapua,2026-09-30T00:00:00-03:00,,,NO_PRECISE_DATE_CLEARED,
22236,https://www.masencarnacion.com/articulo/nancy-berndt-entra-en-la-recta-final-de-la-campana-rumbo-las-elecciones-en-cambyreta,2026-09-22T00:00:00-03:00,,,NO_PRECISE_DATE_CLEARED,
22237,https://www.masencarnacion.com/articulo/itaipu-volvera-abrir-las-compuertas-del-vertedero-el-fin-de-semana,2026-09-30T00:00:00-03:00,,,NO_PRECISE_DATE_CLEARED,
22238,https://www.masencarnacion.com/articulo/ultimo-dia-encarnacion-mantiene-descuentos-para-regularizar-deudas-tributarias,2026-09-22T00:00:00-03:00,,,NO_PRECISE_DATE_CLEARED,
22239,https://www.masencarnacion.com/articulo/hugo-javier-saldra-de-alta-pronto-y-se-ira-su-casa-para-la-rehabilitacion,2026-07-11T00:00:00-03:00,,,NO_PRECISE_DATE_CLEARED,
22240,https://www.masencarnacion.com/articulo/productores-de-25-distritos-llegan-encarnacion-con-productos-frescos-de-la-agricultura-familiar,2026-09-30T00:00:00-03:00,,,NO_PRECISE_DATE_CLEARED,
22241,https://www.masencarnacion.com/articulo/identifican-profugo-ligado-al-crimen-de-rebeca-martinez,2026-09-30T00:00:00-03:00,,,NO_PRECISE_DATE_CLEARED,
22242,https://www.masencarnacion.com/articulo/senad-y-codi-ftc-asestan-golpe-de-usd-7-millones-al-narcotrafico-en-amambay,2026-09-30T00:00:00-03:00,,,NO_PRECISE_DATE_CLEARED,
22243,https://www.masencarnacion.com/articulo/jovenes-crean-bots-para-aprender-matematicas-y-fisica-en-guarani,2026-09-30T00:00:00-03:00,,,NO_PRECISE_DATE_CLEARED,
22244,https://www.masencarnacion.com/articulo/descartan-que-camioneta-hallada-sea-la-utilizada-para-crimen-en-eusebio-ayala,2026-09-16T00:00:00-03:00,,,NO_PRECISE_DATE_CLEARED,
22245,https://www.masencarnacion.com/articulo/mision-en-eeuu-deja-inversiones-por-usd-1000-millones,2026-09-30T00:00:00-03:00,,,NO_PRECISE_DATE_CLEARED,
22246,https://www.masencarnacion.com/articulo/justicia-condena-16-anos-de-carcel-la-hija-de-alejandro-ramos,2026-07-27T00:00:00-03:00,,,NO_PRECISE_DATE_CLEARED,
22247,https://www.masencarnacion.com/articulo/doble-homicidio-en-san-pedro-del-parana-dos-jovenes-fueron-asesinados-tiros,2026-08-02T00:00:00-03:00,,,NO_PRECISE_DATE_CLEARED,
22248,https://www.masencarnacion.com/articulo/orgullo-paraguayo-e-itapuense-juanjo-villalba-conquista-la-plata-en-el-sudamericano-de-mtb,2026-09-30T00:00:00-03:00,,,NO_PRECISE_DATE_CLEARED,
22308,https://www.masencarnacion.com/articulo/remesowski-verifica-avance-de-obras-en-la-escuela-john-f-kennedy-de-encarnacion,2026-09-12T00:00:00-03:00,,,NO_PRECISE_DATE_CLEARED,
22309,https://www.masencarnacion.com/articulo/vecinos-de-kaaguy-rory-denuncian-acumulacion-de-basuras-los-costados-del-camino-real,2026-09-30T00:00:00-03:00,,,NO_PRECISE_DATE_CLEARED,
22348,https://www.masencarnacion.com/articulo/residentas-llega-las-tablas-con-un-homenaje-las-mujeres-paraguayas,2026-09-30T00:00:00-03:00,,,NO_PRECISE_DATE_CLEARED,
22349,https://www.masencarnacion.com/articulo/extirpan-quiste-de-30-centimetros-y-76-kilos-en-hospital-de-presidente-franco,2026-09-30T00:00:00-03:00,,,NO_PRECISE_DATE_CLEARED,
22473,https://www.masencarnacion.com/articulo/jopara-para-espantar-al-karai-octubre-este-1-de-octubre,2026-09-30T00:00:00-03:00,,,NO_PRECISE_DATE_CLEARED,
22500,https://www.masencarnacion.com/articulo/cerro-porteno-sabe-que-no-puede-fallar-en-la-copa-de-todos,2026-09-30T00:00:00-03:00,,,NO_PRECISE_DATE_CLEARED,
22501,https://www.masencarnacion.com/articulo/multaran-con-g-117077-quienes-no-voten-en-las-municipales-2026,2026-09-14T00:00:00-03:00,,,NO_PRECISE_DATE_CLEARED,
22515,https://www.masencarnacion.com/articulo/temporal-dejo-su-paso-200-casas-danadas-vacas-y-miles-de-pollitos-muertos-en-caaguazu,2026-09-30T00:00:00-03:00,,,NO_PRECISE_DATE_CLEARED,
22516,https://www.masencarnacion.com/articulo/primavera-patios-baldios-y-una-vieja-costumbre-que-puede-terminar-en-incendios-y-alimanas-en-las-casas,2026-07-22T00:00:00-03:00,,,NO_PRECISE_DATE_CLEARED,
22517,https://www.masencarnacion.com/articulo/santiago-pena-destaca-la-confianza-en-paraguay-para-atraer-inversiones-millonarias,2026-09-11T00:00:00-03:00,,,NO_PRECISE_DATE_CLEARED,
22702,https://www.masencarnacion.com/articulo/itapua-busca-incorporar-seis-nuevos-tesoros-anua-de-cara-la-temporada-alta,2026-09-30T00:00:00-03:00,,,NO_PRECISE_DATE_CLEARED,
22703,https://www.masencarnacion.com/articulo/alerta-por-robo-de-celulares-hasta-6000-denuncias-al-ano,2026-09-30T00:00:00-03:00,,,NO_PRECISE_DATE_CLEARED,
22704,https://www.masencarnacion.com/articulo/encarnacion-despierta-interes-de-inversores-de-emiratos-arabes,2026-09-30T00:00:00-03:00,,,NO_PRECISE_DATE_CLEARED,
22705,https://www.masencarnacion.com/articulo/buscan-proteger-la-identidad-y-el-origen-de-la-yerba-mate-paraguaya,2026-09-23T00:00:00-03:00,,,NO_PRECISE_DATE_CLEARED,
22706,https://www.masencarnacion.com/articulo/municipales-venta-de-alcohol-quedara-prohibida-desde-el-sabado,2026-09-22T00:00:00-03:00,,,NO_PRECISE_DATE_CLEARED,
22707,https://www.masencarnacion.com/articulo/israel-investiga-como-ataque-terrorista-el-incidente-en-el-vuelo-del-fly-dubai,2022-02-05T00:00:00-03:00,,,NO_PRECISE_DATE_CLEARED,
22708,https://www.masencarnacion.com/articulo/desaparecer-de-la-casa-el-nuevo-reto-entre-jovenes-que-genera-preocupacion-en-paraguay,2026-09-30T00:00:00-03:00,,,NO_PRECISE_DATE_CLEARED,
22978,https://www.masencarnacion.com/articulo/denuncian-que-grabaron-videos-intimos-en-el-cerro-yaguaron,2026-10-01T00:00:00-03:00,,,NO_PRECISE_DATE_CLEARED,
22979,https://www.masencarnacion.com/articulo/dos-personas-resultan-lesionadas-tras-choque-entre-motocicleta-y-camion-en-carmen-del-parana,2026-10-01T00:00:00-03:00,,,NO_PRECISE_DATE_CLEARED,
22980,https://www.masencarnacion.com/articulo/cerro-porteno-114-anos-de-pasion-y-amor-incondicional,2026-04-15T00:00:00-03:00,,,NO_PRECISE_DATE_CLEARED,
22981,https://www.masencarnacion.com/articulo/aprehenden-un-joven-tras-denuncia-por-hurto-de-un-compresor-en-cambyreta,2026-10-01T00:00:00-03:00,,,NO_PRECISE_DATE_CLEARED,
22982,https://www.masencarnacion.com/articulo/disparo-en-nueva-alborada-deja-un-hombre-herido-y-un-aprehendido,2026-10-01T00:00:00-03:00,,,NO_PRECISE_DATE_CLEARED,
22983,https://www.masencarnacion.com/articulo/llegan-los-utiles-electorales-para-las-municipales-del-domingo-en-encarnacion,2026-09-22T00:00:00-03:00,,,NO_PRECISE_DATE_CLEARED,
22984,https://www.masencarnacion.com/articulo/hombre-muere-durante-incendio-de-una-vivienda-precaria-en-encarnacion,2026-10-01T00:00:00-03:00,,,NO_PRECISE_DATE_CLEARED,
23018,https://www.masencarnacion.com/articulo/mirtha-legrand-mejora-y-ya-se-encuentra-en-una-habitacion-comun,2024-02-23T00:00:00-03:00,,,NO_PRECISE_DATE_CLEARED,
23019,https://www.masencarnacion.com/articulo/mec-registro-titulos-de-medicina-con-notas-modificadas-y-documentos-vencidos,2026-10-01T00:00:00-03:00,,,NO_PRECISE_DATE_CLEARED,
23020,https://www.masencarnacion.com/articulo/quince-intendentes-buscan-la-reeleccion-este-domingo-en-itapua,2026-09-23T00:00:00-03:00,,,NO_PRECISE_DATE_CLEARED,
23021,https://www.masencarnacion.com/articulo/escandalo-en-portugal-con-cristiano-ronaldo-se-peleo-con-el-dt-y-dejo-la-concentracion,2022-02-23T00:00:00-03:00,,,NO_PRECISE_DATE_CLEARED,
23050,https://www.masencarnacion.com/articulo/inician-obra-de-empedrado-en-cuatro-potrero-con-inversion-de-g-380-millones,2026-10-01T00:00:00-03:00,,,NO_PRECISE_DATE_CLEARED,
23051,https://www.masencarnacion.com/articulo/audio-de-marset-desata-detencion-de-fiscal-general-y-otras-autoridades-en-bolivia,2026-05-06T00:00:00-03:00,,,NO_PRECISE_DATE_CLEARED,
23052,https://www.masencarnacion.com/articulo/san-ignacio-trabajadores-quedaron-atrapados-por-desmoronamiento-de-tierra,2026-10-01T00:00:00-03:00,,,NO_PRECISE_DATE_CLEARED,
23053,https://www.masencarnacion.com/articulo/inauguran-nueva-usf-en-el-barrio-cuatro-potrero-de-encarnacion,2026-09-24T00:00:00-03:00,,,NO_PRECISE_DATE_CLEARED,
23296,https://www.masencarnacion.com/articulo/olimpia-y-luqueno-buscan-avanzar-en-la-copa-paraguay,2026-10-01T00:00:00-03:00,,,NO_PRECISE_DATE_CLEARED,
23297,https://www.masencarnacion.com/articulo/paraguay-revive-la-tradicion-del-jopara-para-ahuyentar-la-escasez-del-karai-octubre,2024-09-30T01:00:00-03:00,,,NO_PRECISE_DATE_CLEARED,
23298,https://www.masencarnacion.com/articulo/cambyreta-celebra-el-arte-y-la-identidad-cultural-en-karai-octubre-con-la-presencia-del-intendente-claudio-chavez-quedo-habilitada,2026-10-01T00:00:00-03:00,,,NO_PRECISE_DATE_CLEARED,
23299,https://www.masencarnacion.com/articulo/pmt-de-cambyreta-reforzara-su-presencia-en-los-puntos-de-votacion-este-domingo,2026-10-01T00:00:00-03:00,,,NO_PRECISE_DATE_CLEARED,
23300,https://www.masencarnacion.com/articulo/accidente-sobre-la-ruta-14-deja-una-persona-herida-en-cambyreta,2026-09-15T00:00:00-03:00,,,NO_PRECISE_DATE_CLEARED,
23301,https://www.masencarnacion.com/articulo/itapua-fortalece-su-red-de-salud-con-nuevas-usf-y-centros-asistenciales,2026-09-24T00:00:00-03:00,,,NO_PRECISE_DATE_CLEARED,
23302,https://www.masencarnacion.com/articulo/mbaeichapa-jaiporavota-nane-candidato-kuerape,2026-09-30T00:00:00-03:00,,,NO_PRECISE_DATE_CLEARED,
23303,https://www.masencarnacion.com/articulo/iran-confirma-74-latigazos-la-cantante-parastoo-ahmadi-por-actuar-sin-velo,2026-03-17T00:00:00-03:00,,,NO_PRECISE_DATE_CLEARED,
23304,https://www.masencarnacion.com/articulo/cambyreta-crea-secretaria-de-prevencion-y-tratamiento-de-adicciones,2026-09-22T00:00:00-03:00,,,NO_PRECISE_DATE_CLEARED,
23305,https://www.masencarnacion.com/articulo/octubre-rosa-une-prevencion-con-nanduti-y-ao-poi,2026-10-01T00:00:00-03:00,,,NO_PRECISE_DATE_CLEARED,
23306,https://www.masencarnacion.com/articulo/intercre-2026-reune-delegaciones-de-siete-centros-regionales-de-educacion-en-encarnacion,2026-10-01T00:00:00-03:00,,,NO_PRECISE_DATE_CLEARED,
23307,https://www.masencarnacion.com/articulo/tsje-reglamenta-el-voto-asistido-para-el-domingo,2026-09-30T00:00:00-03:00,,,NO_PRECISE_DATE_CLEARED,
23308,https://www.masencarnacion.com/articulo/seis-hombres-armados-golpearon-una-victima-y-se-llevaron-g-40-millones-en-capiibary,2026-10-01T00:00:00-03:00,,,NO_PRECISE_DATE_CLEARED,
23346,https://www.masencarnacion.com/articulo/confirman-pago-de-aguinaldo-jubilados-del-ips,2026-09-30T00:00:00-03:00,,,NO_PRECISE_DATE_CLEARED,
23347,https://www.masencarnacion.com/articulo/mbaeichapa-jaiporavota-nane-candidato-kuerape-2,2026-09-30T00:00:00-03:00,,,NO_PRECISE_DATE_CLEARED,
23348,https://www.masencarnacion.com/articulo/amigas-apostaron-g-20-millones-por-sus-candidatos,2026-10-01T00:00:00-03:00,,,NO_PRECISE_DATE_CLEARED,
23383,https://www.masencarnacion.com/articulo/compleja-cirugia-cervical-realizada-en-ips-marca-hito-medico-mundial,2026-09-14T00:00:00-03:00,,,NO_PRECISE_DATE_CLEARED,
23384,https://www.masencarnacion.com/articulo/cruzo-desde-posadas-y-termino-detenido-en-encarnacion-por-una-orden-de-captura,2026-10-01T00:00:00-03:00,,,NO_PRECISE_DATE_CLEARED,
23385,https://www.masencarnacion.com/articulo/camioneta-se-incendia-en-predio-de-fiscalia-barrial-y-presumen-cortocircuito,2026-10-01T00:00:00-03:00,,,NO_PRECISE_DATE_CLEARED,
23437,https://www.masencarnacion.com/articulo/cambyreta-brinda-atencion-integral-y-bienestar-sus-adultos-mayores,2026-09-24T00:00:00-03:00,,,NO_PRECISE_DATE_CLEARED,
23438,https://www.masencarnacion.com/articulo/ciudad-argentina-declara-al-guarani-como-lengua-cooficial,2026-10-01T00:00:00-03:00,,,NO_PRECISE_DATE_CLEARED,
23476,https://www.masencarnacion.com/articulo/invitan-aprender-reposteria-navidena-en-el-cpv-san-pedro,2026-09-22T00:00:00-03:00,,,NO_PRECISE_DATE_CLEARED,
23477,https://www.masencarnacion.com/articulo/la-dnit-cerro-setiembre-con-una-recaudacion-de-mas-al-alza,2026-09-30T00:00:00-03:00,,,NO_PRECISE_DATE_CLEARED,
23478,https://www.masencarnacion.com/articulo/nace-el-club-de-vegetarianos-del-sur-una-comunidad-que-apuesta-por-una-alimentacion-mas-consciente,2026-10-01T00:00:00-03:00,,,NO_PRECISE_DATE_CLEARED,
23535,https://www.masencarnacion.com/articulo/buscan-que-encarnacion-amplie-su-oferta-gastronomica-para-personas-vegetarianas,2023-12-20T00:00:00-03:00,,,NO_PRECISE_DATE_CLEARED,
24201,https://www.masencarnacion.com/articulo/estudiantes-de-cambyreta-se-capacitan-en-herramientas-digitales-con-canva,2026-10-02T00:00:00-03:00,,,NO_PRECISE_DATE_CLEARED,
24202,https://www.masencarnacion.com/articulo/mujeres-de-pirapo-se-capacitan-en-elaboracion-de-alimentos-base-de-mandioca,2026-10-02T00:00:00-03:00,,,NO_PRECISE_DATE_CLEARED,
24203,https://www.masencarnacion.com/articulo/despliegan-amplio-operativo-de-seguridad-para-las-elecciones-municipales-en-itapua,2026-10-01T00:00:00-03:00,,,NO_PRECISE_DATE_CLEARED,
24204,https://www.masencarnacion.com/articulo/hallan-en-nanawa-una-camioneta-hurtada-en-encarnacion-en-el-marco-de-la-investigacion-del-crimen-de-eusebio-ayala,2026-06-22T00:00:00-03:00,,,NO_PRECISE_DATE_CLEARED,
24205,https://www.masencarnacion.com/articulo/hallan-incinerado-en-zona-rural-de-natalio-un-vehiculo-denunciado-como-hurtado,2026-10-02T00:00:00-03:00,,,NO_PRECISE_DATE_CLEARED,
24206,https://www.masencarnacion.com/articulo/adolescente-fue-atacada-por-cuatro-estudiantes-en-plena-calle-en-asuncion,2026-01-17T00:00:00-03:00,,,NO_PRECISE_DATE_CLEARED,
24207,https://www.masencarnacion.com/articulo/matan-balazos-chofer-de-plataforma-tras-presunto-intento-de-asalto,2026-09-18T00:00:00-03:00,,,NO_PRECISE_DATE_CLEARED,
24208,https://www.masencarnacion.com/articulo/junta-de-saneamiento-de-cambyreta-centro-garantiza-provision-de-agua-potable-700-usuarios,2026-10-02T00:00:00-03:00,,,NO_PRECISE_DATE_CLEARED,
24209,https://www.masencarnacion.com/articulo/inician-obras-de-una-subcomisaria-y-farmacia-social-en-san-isidro-pradera-alta,2026-09-30T00:00:00-03:00,,,NO_PRECISE_DATE_CLEARED,
24210,https://www.masencarnacion.com/articulo/paraguay-enfrenta-colombia-en-su-segundo-amistoso-post-mundial,2026-10-02T00:00:00-03:00,,,NO_PRECISE_DATE_CLEARED,
24211,https://www.masencarnacion.com/articulo/fiscal-general-es-electo-director-del-instituto-de-ministerios-publicos-de-iberoamerica,2026-07-27T00:00:00-03:00,,,NO_PRECISE_DATE_CLEARED,
24212,https://www.masencarnacion.com/articulo/inician-la-construccion-de-la-primera-clinica-veterinaria-publica-de-encarnacion,2026-09-30T00:00:00-03:00,,,NO_PRECISE_DATE_CLEARED,
24213,https://www.masencarnacion.com/articulo/municipio-de-encarnacion-destaca-trabajo-conjunto-para-asistir-personas-en-situacion-de-vulnerabilidad,2026-09-23T00:00:00-03:00,,,NO_PRECISE_DATE_CLEARED,
24214,https://www.masencarnacion.com/articulo/inician-construccion-de-nueva-sede-de-la-comisaria-24-de-cambyreta,2026-09-30T00:00:00-03:00,,,NO_PRECISE_DATE_CLEARED,
24215,https://www.masencarnacion.com/articulo/denuncian-el-hurto-de-un-automovil-estacionado-en-inmediaciones-de-la-plaza-los-pioneros,2026-10-02T00:00:00-03:00,,,NO_PRECISE_DATE_CLEARED,
24216,https://www.masencarnacion.com/articulo/joshua-ficha-por-hitech-y-seguira-en-la-f2-en-el-2027,2026-10-02T00:00:00-03:00,,,NO_PRECISE_DATE_CLEARED,
24217,https://www.masencarnacion.com/articulo/allanamiento-antidrogas-en-aregua-deja-tres-personas-privadas-de-libertad,2026-09-01T00:00:00-03:00,,,NO_PRECISE_DATE_CLEARED,
24218,https://www.masencarnacion.com/articulo/incautan-20-kilos-de-pasta-base-de-cocaina-procedente-de-bolivia,2026-09-30T00:00:00-03:00,,,NO_PRECISE_DATE_CLEARED,
24219,https://www.masencarnacion.com/articulo/23-personas-accederan-al-voto-en-casa-este-domingo-en-encarnacion,2026-10-01T00:00:00-03:00,,,NO_PRECISE_DATE_CLEARED,
24220,https://www.masencarnacion.com/articulo/santiago-pena-llama-votar-este-domingo-que-cada-paraguayo-haga-oir-su-voz,2026-09-21T00:00:00-03:00,,,NO_PRECISE_DATE_CLEARED,
24221,https://www.masencarnacion.com/articulo/terneros-atacados-en-misiones-preocupan-y-se-sospecha-de-puma-o-yaguarete,2026-10-02T00:00:00-03:00,,,NO_PRECISE_DATE_CLEARED,
24222,https://www.masencarnacion.com/articulo/brasil-prueba-control-biometrico-de-la-mano-en-el-puente-de-la-amistad,2026-10-02T00:00:00-03:00,,,NO_PRECISE_DATE_CLEARED,
24223,https://www.masencarnacion.com/articulo/bolivia-amenaza-con-detener-al-fiscal-general-interino-en-medio-de-una-crisis-institucional,2026-10-02T00:00:00-03:00,,,NO_PRECISE_DATE_CLEARED,
24224,https://www.masencarnacion.com/articulo/luqueno-elimina-olimpia-en-los-penales,2026-10-02T00:00:00-03:00,,,NO_PRECISE_DATE_CLEARED,
24225,https://www.masencarnacion.com/articulo/guaranisat-2-paraguay-lanza-su-segundo-satelite,2026-10-02T00:00:00-03:00,,,NO_PRECISE_DATE_CLEARED,
24306,https://www.masencarnacion.com/articulo/chile-podria-abrir-su-mercado-la-carne-porcina-paraguaya,2026-10-02T00:00:00-03:00,,,NO_PRECISE_DATE_CLEARED,
24307,https://www.masencarnacion.com/articulo/recuperan-en-encarnacion-una-motocicleta-denunciada-como-hurtada,2026-10-02T00:00:00-03:00,,,NO_PRECISE_DATE_CLEARED,
24308,https://www.masencarnacion.com/articulo/elecciones-2026-alcohol-podra-venderse-solo-hasta-las-1859-del-sabado,2026-10-01T00:00:00-03:00,,,NO_PRECISE_DATE_CLEARED,
24342,https://www.masencarnacion.com/articulo/el-parque-automotor-paraguayo-crecio-139-y-eleva-la-venta-de-combustibles,2026-10-02T00:00:00-03:00,,,NO_PRECISE_DATE_CLEARED,
24367,https://www.masencarnacion.com/articulo/gobierno-brinda-reconocimiento-al-team-paraguay-que-logro-37-medallas-en-los-juegos-suramericanos,2026-09-30T00:00:00-03:00,,,NO_PRECISE_DATE_CLEARED,
24368,https://www.masencarnacion.com/articulo/murio-el-bebe-cuya-madre-denuncio-el-robo-de-g-8-millones-en-el-albergue-del-ips,2026-02-13T00:00:00-03:00,,,NO_PRECISE_DATE_CLEARED,
24369,https://www.masencarnacion.com/articulo/persecucion-policial-termina-con-vuelco-y-cinco-aprehendidos-en-santa-fe-del-parana,2026-10-02T00:00:00-03:00,,,NO_PRECISE_DATE_CLEARED,
24505,https://www.masencarnacion.com/articulo/intercre-2026-cerro-en-encarnacion-con-una-jornada-de-premiacion-y-celebracion-juvenil,2026-10-02T00:00:00-03:00,,,NO_PRECISE_DATE_CLEARED,
24506,https://www.masencarnacion.com/articulo/paseo-repsur-renueva-su-oferta-para-la-temporada-primavera-verano,2026-10-02T00:00:00-03:00,,,NO_PRECISE_DATE_CLEARED,
24507,https://www.masencarnacion.com/articulo/denuncian-el-hurto-de-una-motocicleta-en-la-colectora-de-la-ruta-6-en-encarnacion,2026-10-02T00:00:00-03:00,,,NO_PRECISE_DATE_CLEARED,
24508,https://www.masencarnacion.com/articulo/nina-resulta-herida-tras-caer-muralla-de-escuela-en-guarambare,2026-10-02T00:00:00-03:00,,,NO_PRECISE_DATE_CLEARED,
24509,https://www.masencarnacion.com/articulo/identificaciones-refuerza-atencion-para-facilitar-retiro-de-cedulas-antes-de-las-elecciones,2026-10-01T00:00:00-03:00,,,NO_PRECISE_DATE_CLEARED,
24510,https://www.masencarnacion.com/articulo/unas-42-parejas-dan-el-si-en-altos-el-valor-mas-grande-es-el-amor-dice-monsenor-valenzuela,2026-10-02T00:00:00-03:00,,,NO_PRECISE_DATE_CLEARED,
24841,https://www.masencarnacion.com/articulo/el-club-la-concordia-fortalece-el-handball-y-ya-reune-mas-de-80-deportistas,2026-03-20T00:00:00-03:00,,,NO_PRECISE_DATE_CLEARED,
24842,https://www.masencarnacion.com/articulo/todavia-no-retiraste-tu-cedula-identificaciones-amplia-su-atencion-este-fin-de-semana,2026-03-05T00:00:00-03:00,,,NO_PRECISE_DATE_CLEARED,
24843,https://www.masencarnacion.com/articulo/incendio-estructural-afecto-local-de-reparacion-de-electrodomesticos,2026-07-22T00:00:00-03:00,,,NO_PRECISE_DATE_CLEARED,
24844,https://www.masencarnacion.com/articulo/cambyreta-suma-un-nuevo-espacio-para-el-deporte-con-la-inauguracion-de-la-pista-del-club-la-concordia,2026-09-08T00:00:00-03:00,,,NO_PRECISE_DATE_CLEARED,
24845,https://www.masencarnacion.com/articulo/san-roque-de-cambyreta-estrena-cancha-multiuso-y-suma-un-nuevo-espacio-para-el-deporte,2026-09-24T00:00:00-03:00,,,NO_PRECISE_DATE_CLEARED,
24846,https://www.masencarnacion.com/articulo/crimen-eusebio-ayala-ordenan-captura-internacional-para-chule-rodriguez,2023-06-29T01:00:00-03:00,,,NO_PRECISE_DATE_CLEARED,
25187,https://www.masencarnacion.com/articulo/uso-credencial-ajena-para-ser-presidente-de-mesa-y-fue-detenido-en-ciudad-del-este,2026-10-04T00:00:00-03:00,,,NO_PRECISE_DATE_CLEARED,
25188,https://www.masencarnacion.com/articulo/estragos-por-granizos-hospital-del-cancer-opera-al-70-y-reubica-pacientes-tras-destrozos,2026-10-04T00:00:00-03:00,,,NO_PRECISE_DATE_CLEARED,
25189,https://www.masencarnacion.com/articulo/el-mensaje-de-cartes-en-los-comicios-el-que-no-es-colorado-que-vote-tambien-por-el-partido,2026-10-04T00:00:00-03:00,,,NO_PRECISE_DATE_CLEARED,
25191,https://www.masencarnacion.com/articulo/elecciones-municipales-2026-estas-son-las-prohibiciones-durante-la-jornada-electoral,2026-10-04T00:00:00-03:00,,,NO_PRECISE_DATE_CLEARED,
25192,https://www.masencarnacion.com/articulo/conoce-los-candidatos-intendente-de-los-30-distritos-de-itapua,2026-10-04T00:00:00-03:00,,,NO_PRECISE_DATE_CLEARED,
25193,https://www.masencarnacion.com/articulo/cambyreta-elige-hoy-su-proximo-intendente-en-las-elecciones-municipales-2026,2026-10-04T00:00:00-03:00,,,NO_PRECISE_DATE_CLEARED,
25194,https://www.masencarnacion.com/articulo/encarnacion-elige-hoy-sus-nuevas-autoridades-municipales,2026-10-04T00:00:00-03:00,,,NO_PRECISE_DATE_CLEARED,
25195,https://www.masencarnacion.com/articulo/municipales-2026-trep-preve-difundir-primeros-resultados-desde-las-2000-horas,2026-10-04T00:00:00-03:00,,,NO_PRECISE_DATE_CLEARED,
25197,https://www.masencarnacion.com/articulo/aprehenden-dos-hombres-tras-frustrado-intento-de-robo-en-un-comercio-de-hohenau,2026-10-04T00:00:00-03:00,,,NO_PRECISE_DATE_CLEARED,
25198,https://www.masencarnacion.com/articulo/mas-de-5-millones-de-electores-estan-habilitados-para-votar-en-las-municipales-2026,2026-10-02T00:00:00-03:00,,,NO_PRECISE_DATE_CLEARED,
25737,https://www.masencarnacion.com/articulo/encarnacion-retoma-su-ritmo-tras-la-jornada-de-elecciones-municipales,2026-10-05T00:00:00-03:00,,,NO_PRECISE_DATE_CLEARED,
25738,https://www.masencarnacion.com/articulo/residentas-sube-escena-para-financiar-su-gira-cordoba,2026-10-05T00:00:00-03:00,,,NO_PRECISE_DATE_CLEARED,
25739,https://www.masencarnacion.com/articulo/comunicadora-sufrio-doble-hurto-en-su-vivienda-de-cambyreta-ingresaron-dos-noches-seguidas,2026-10-05T00:00:00-03:00,,,NO_PRECISE_DATE_CLEARED,
25740,https://www.masencarnacion.com/articulo/cae-un-sospechoso-del-caso-de-mujeres-baleadas-tras-enfrentarse-la-policia-en-borja,2026-10-05T00:00:00-03:00,,,NO_PRECISE_DATE_CLEARED,
25741,https://www.masencarnacion.com/articulo/encarnacion-cerro-el-fin-de-semana-con-transito-tranquilo-y-sin-incidentes-graves,2026-10-05T00:00:00-03:00,,,NO_PRECISE_DATE_CLEARED,
25742,https://www.masencarnacion.com/articulo/candidato-fallece-de-un-infarto-tras-enterarse-de-su-victoria,2026-10-05T00:00:00-03:00,,,NO_PRECISE_DATE_CLEARED,
25743,https://www.masencarnacion.com/articulo/candidato-que-prometio-motel-gratis-cumple-promesa,2026-10-05T00:00:00-03:00,,,NO_PRECISE_DATE_CLEARED,
25744,https://www.masencarnacion.com/articulo/contundente-victoria-colorada-itapua-consolida-colym-soroka,2026-10-05T00:00:00-03:00,,,NO_PRECISE_DATE_CLEARED,
25745,https://www.masencarnacion.com/articulo/unae-prepara-el-viii-congreso-de-ciencia-diseno-y-tecnologia-con-mas-de-60-comunicaciones-cientificas,2026-08-25T00:00:00-03:00,,,NO_PRECISE_DATE_CLEARED,
25746,https://www.masencarnacion.com/articulo/elecciones-municipales-fiscalia-confirma-18-detenidos-por-fraude-y-compra-de-votos,2026-10-04T00:00:00-03:00,,,NO_PRECISE_DATE_CLEARED,
25747,https://www.masencarnacion.com/articulo/hallan-clavos-miguelito-durante-la-jornada-electoral-en-nueva-alborada,2026-10-05T00:00:00-03:00,,,NO_PRECISE_DATE_CLEARED,
25748,https://www.masencarnacion.com/articulo/itapua-vivio-una-jornada-electoral-con-normalidad-y-algunos-incidentes-menores,2026-10-04T00:00:00-03:00,,,NO_PRECISE_DATE_CLEARED,
25749,https://www.masencarnacion.com/articulo/la-anr-obtiene-mayoria-absoluta-en-la-junta-municipal-de-encarnacion,2026-10-04T00:00:00-03:00,,,NO_PRECISE_DATE_CLEARED,
25750,https://www.masencarnacion.com/articulo/aprehenden-un-hombre-por-presunta-exposicion-peligro-del-transito-y-perturbacion-de-la-paz-publica-en-la-paz,2026-10-05T00:00:00-03:00,,,NO_PRECISE_DATE_CLEARED,
25751,https://www.masencarnacion.com/articulo/la-anr-recupera-la-intendencia-de-encarnacion-con-la-victoria-de-sebastian-remesowski,2026-10-04T00:00:00-03:00,,,NO_PRECISE_DATE_CLEARED,
25752,https://www.masencarnacion.com/articulo/aprehenden-una-mujer-por-presunta-perturbacion-de-la-paz-publica-en-fram,2026-10-05T00:00:00-03:00,,,NO_PRECISE_DATE_CLEARED,
25753,https://www.masencarnacion.com/articulo/itapua-22-municipios-quedan-en-manos-de-la-anr-y-8-seran-gobernados-por-alianzas,2026-10-04T00:00:00-03:00,,,NO_PRECISE_DATE_CLEARED,
25795,https://www.masencarnacion.com/articulo/facu-gonzalez-joven-electo-como-concejal-municipal-de-encarnacion,2026-10-05T00:00:00-03:00,,,NO_PRECISE_DATE_CLEARED,
25796,https://www.masencarnacion.com/articulo/bomberos-continuan-colecta-nacional-y-buscan-reunir-g-150-millones-en-encarnacion,2026-08-17T00:00:00-03:00,,,NO_PRECISE_DATE_CLEARED,
25797,https://www.masencarnacion.com/articulo/monica-scheid-se-impone-y-gana-la-intendencia-nueva-alborada,2025-08-27T00:00:00-03:00,,,NO_PRECISE_DATE_CLEARED,
25798,https://www.masencarnacion.com/articulo/bomberos-voluntarios-del-paraguay-conmemoran-48-anos-al-servicio-de-la-ciudadania,2026-08-17T00:00:00-03:00,,,NO_PRECISE_DATE_CLEARED,
25805,https://www.masencarnacion.com/articulo/jaime-hinterleitner-se-impone-en-cambyreta-y-vuelve-la-intendencia,2026-09-15T00:00:00-03:00,,,NO_PRECISE_DATE_CLEARED,
25873,https://www.masencarnacion.com/articulo/suscriben-convenio-para-facilitar-el-acceso-la-justicia-de-personas-con-discapacidad,2026-09-22T00:00:00-03:00,,,NO_PRECISE_DATE_CLEARED,
25926,https://www.masencarnacion.com/articulo/detienen-en-guaira-sospechoso-del-crimen-de-rebeca-martinez,2026-10-05T00:00:00-03:00,,,NO_PRECISE_DATE_CLEARED,
25927,https://www.masencarnacion.com/articulo/83-anos-de-su-creacion-el-guarani-tiene-una-nueva-familia-de-billetes,2026-10-05T00:00:00-03:00,,,NO_PRECISE_DATE_CLEARED,
25928,https://www.masencarnacion.com/articulo/centro-quirurgico-del-hgi-supera-las-7400-cirugias-desde-su-habilitacion,2026-10-05T00:00:00-03:00,,,NO_PRECISE_DATE_CLEARED,
26008,https://www.masencarnacion.com/articulo/salud-activo-plan-de-contingencia-ante-danos-causados-por-temporal-en-hospitales,2026-09-30T00:00:00-03:00,,,NO_PRECISE_DATE_CLEARED,
26009,https://www.masencarnacion.com/articulo/alliana-descarta-descabalgar-y-confirma-nombres-para-encuesta-de-la-chapa,2026-08-20T00:00:00-03:00,,,NO_PRECISE_DATE_CLEARED,
26058,https://www.masencarnacion.com/articulo/sapatu-un-lado-fue-detenido-tras-presunta-tentativa-de-robo-agravado-en-hohenau,2026-10-05T00:00:00-03:00,,,NO_PRECISE_DATE_CLEARED,
26059,https://www.masencarnacion.com/articulo/red-vial-nacional-cuenta-con-mas-de-78000-km-de-caminos-el-84-sin-pavimento-segun-inventario-actualizado,2026-10-01T00:00:00-03:00,,,NO_PRECISE_DATE_CLEARED,
26060,https://www.masencarnacion.com/articulo/paraguay-concluye-fortalecimiento-de-su-fuerza-aera-con-arribo-de-sexto-avion-super-tucano,2026-10-01T00:00:00-03:00,,,NO_PRECISE_DATE_CLEARED,
26098,https://www.masencarnacion.com/articulo/que-cuidarse-se-ponga-de-moda-el-hgi-inicia-actividades-por-octubre-rosa,2026-07-31T00:00:00-03:00,,,NO_PRECISE_DATE_CLEARED,
26099,https://www.masencarnacion.com/articulo/tribunales-electorales-iniciaron-el-juzgamiento-de-actas-de-las-municipales-2026,2026-10-05T00:00:00-03:00,,,NO_PRECISE_DATE_CLEARED,
26131,https://www.masencarnacion.com/articulo/detienen-en-encarnacion-joven-que-contaba-con-orden-de-captura-por-supuesta-estafa,2026-10-05T00:00:00-03:00,,,NO_PRECISE_DATE_CLEARED,
26568,https://www.masencarnacion.com/articulo/la-pastoral-en-itapua-que-vence-las-adicciones-con-arte-y-deporte,2026-10-06T00:00:00-03:00,,,NO_PRECISE_DATE_CLEARED,
26569,https://www.masencarnacion.com/articulo/detienen-joven-investigado-por-un-supuesto-homicidio-en-puerto-obligado,2026-06-11T00:00:00-03:00,,,NO_PRECISE_DATE_CLEARED,
26570,https://www.masencarnacion.com/articulo/feria-cientifica-y-tecnologica-del-cree-se-inicia-este-miercoles-en-encarnacion,2026-10-06T00:00:00-03:00,,,NO_PRECISE_DATE_CLEARED,
26571,https://www.masencarnacion.com/articulo/encarnacion-registra-cerca-de-1000-accidentes-de-transito-por-ano,2026-10-06T00:00:00-03:00,,,NO_PRECISE_DATE_CLEARED,
26572,https://www.masencarnacion.com/articulo/truco-mano-termina-en-disparo-y-un-hombre-resulta-herido-en-obligado,2026-01-15T00:00:00-03:00,,,NO_PRECISE_DATE_CLEARED,
26573,https://www.masencarnacion.com/articulo/contraloria-alerta-sobre-1711-carreras-sin-acreditacion-vigente,2026-10-06T00:00:00-03:00,,,NO_PRECISE_DATE_CLEARED,
26574,https://www.masencarnacion.com/articulo/club-de-leones-impulsa-jornadas-gratuitas-de-atencion-oftalmologica-en-encarnacion,2026-10-06T00:00:00-03:00,,,NO_PRECISE_DATE_CLEARED,
26575,https://www.masencarnacion.com/articulo/clausura-dos-partidos-con-un-olimpia-que-solo-piensa-en-recuperar-la-punta,2026-07-28T00:00:00-03:00,,,NO_PRECISE_DATE_CLEARED,
26577,https://www.masencarnacion.com/articulo/jaumina-fest-22-anos-de-prision-por-el-tiroteo-en-el-que-murio-vita-aranda,2026-10-06T00:00:00-03:00,,,NO_PRECISE_DATE_CLEARED,
26578,https://www.masencarnacion.com/articulo/incendio-destruye-vivienda-en-pirapey-mientras-la-familia-se-encontraba-cenando,2026-10-06T00:00:00-03:00,,,NO_PRECISE_DATE_CLEARED,
26579,https://www.masencarnacion.com/articulo/paraguay-se-casa-2026-prepara-las-parejas-para-dar-el-si,2026-10-05T00:00:00-03:00,,,NO_PRECISE_DATE_CLEARED,
26580,https://www.masencarnacion.com/articulo/temporal-dejo-cortes-de-energia-en-varios-distritos-de-itapua,2026-10-06T00:00:00-03:00,,,NO_PRECISE_DATE_CLEARED,
26581,https://www.masencarnacion.com/articulo/advierten-que-el-nino-podria-ser-mas-violento-en-diciembre,2024-02-22T00:00:00-03:00,,,NO_PRECISE_DATE_CLEARED,
26582,https://www.masencarnacion.com/articulo/nino-ingiere-moneda-de-g-500-y-medicos-logran-retirarla-del-esofago,2026-10-06T00:00:00-03:00,,,NO_PRECISE_DATE_CLEARED,
26584,https://www.masencarnacion.com/articulo/detienen-junior-peluquero-presunto-autor-moral-del-crimen-en-eusebio-ayala,2023-06-29T01:00:00-03:00,,,NO_PRECISE_DATE_CLEARED,
26585,https://www.masencarnacion.com/articulo/nuevos-disenos-san-roque-baja-del-billete-de-g100000-al-de-g-5000,2023-07-17T01:00:00-03:00,,,NO_PRECISE_DATE_CLEARED,
26586,https://www.masencarnacion.com/articulo/pacientes-destacan-la-buena-atencion-en-el-hospital-regional-de-encarnacion,2026-10-06T00:00:00-03:00,,,NO_PRECISE_DATE_CLEARED,
26587,https://www.masencarnacion.com/articulo/nueva-york-declara-emergencia-sanitaria-por-sarampion,2026-05-28T00:00:00-03:00,,,NO_PRECISE_DATE_CLEARED,
26588,https://www.masencarnacion.com/articulo/salud-recibe-equipos-para-fotalecer-capacidades-de-ambulancias,2026-10-05T00:00:00-03:00,,,NO_PRECISE_DATE_CLEARED,
26589,https://www.masencarnacion.com/articulo/carmen-del-parana-capturan-hombre-sindicado-como-autor-de-varios-hurtos,2026-10-06T00:00:00-03:00,,,NO_PRECISE_DATE_CLEARED,
26590,https://www.masencarnacion.com/articulo/el-2-festeja-en-la-olla-y-deja-herido-cerro,2026-10-06T00:00:00-03:00,,,NO_PRECISE_DATE_CLEARED,
26615,https://www.masencarnacion.com/articulo/muestra-pictorica-reune-tres-miradas-en-la-galeria-pedro-aguero,2026-09-23T00:00:00-03:00,,,NO_PRECISE_DATE_CLEARED,
26646,https://www.masencarnacion.com/articulo/el-cree-se-corona-campeon-del-intercre-2026-y-el-trofeo-se-queda-en-encarnacion,2026-10-06T00:00:00-03:00,,,NO_PRECISE_DATE_CLEARED,
26647,https://www.masencarnacion.com/articulo/preocupa-ocupacion-de-veredas-por-vendedores-informales-en-acceso-al-barrio-san-isidro,2026-10-06T00:00:00-03:00,,,NO_PRECISE_DATE_CLEARED,
26685,https://www.masencarnacion.com/articulo/conductor-ebrio-cae-durante-control-policial-en-cde,2025-01-13T00:00:00-03:00,,,NO_PRECISE_DATE_CLEARED,
26686,https://www.masencarnacion.com/articulo/regulacion-del-voto-asistido-se-implemento-con-exito-destaca-el-tsje,2026-10-05T00:00:00-03:00,,,NO_PRECISE_DATE_CLEARED,
26934,https://www.masencarnacion.com/articulo/salud-ofrece-cirugias-gratis-ante-27000-casos-de-ceguera-por-cataratas,2026-10-05T00:00:00-03:00,,,NO_PRECISE_DATE_CLEARED,
26935,https://www.masencarnacion.com/articulo/soledad-nunez-es-proclamada-intendenta-de-asuncion,2026-10-05T00:00:00-03:00,,,NO_PRECISE_DATE_CLEARED,
26936,https://www.masencarnacion.com/articulo/policia-confirma-venganza-como-movil-del-asesinato-de-rebeca,2026-10-06T00:00:00-03:00,,,NO_PRECISE_DATE_CLEARED,
26937,https://www.masencarnacion.com/articulo/una-mujer-muere-electrocutada-en-un-gallinero-de-minga-guazu,2026-03-02T00:00:00-03:00,,,NO_PRECISE_DATE_CLEARED,
26938,https://www.masencarnacion.com/articulo/octubre-rosa-estos-son-los-lugares-de-itapua-donde-podes-realizarte-una-mamografia,2026-10-06T00:00:00-03:00,,,NO_PRECISE_DATE_CLEARED,
26939,https://www.masencarnacion.com/articulo/bebe-de-dos-meses-muere-tras-atragantarse-con-leche-en-nueva-germania,2026-10-06T00:00:00-03:00,,,NO_PRECISE_DATE_CLEARED,
26940,https://www.masencarnacion.com/articulo/cambyreta-habilita-un-puente-de-madera-y-piedra-bruta-para-mejorar-la-conectividad-de-la-comunidad,2026-09-30T00:00:00-03:00,,,NO_PRECISE_DATE_CLEARED,
26941,https://www.masencarnacion.com/articulo/carne-paraguaya-caen-las-faenas-pero-precios-en-el-exterior-suben-un-20,2026-10-06T00:00:00-03:00,,,NO_PRECISE_DATE_CLEARED,
26942,https://www.masencarnacion.com/articulo/cambyreta-realizara-una-jornada-de-castracion-gratuita-para-mascotas-en-mburika,2026-09-30T00:00:00-03:00,,,NO_PRECISE_DATE_CLEARED,
26943,https://www.masencarnacion.com/articulo/colorados-con-mayoria-en-junta-municipal-de-carmen-del-parana-paredes-mantiene-su-liderazgo,2026-10-06T00:00:00-03:00,,,NO_PRECISE_DATE_CLEARED,
26944,https://www.masencarnacion.com/articulo/defensa-de-hugo-javier-pide-prision-domiciliaria-por-secuelas-neurologicas,2026-10-06T00:00:00-03:00,,,NO_PRECISE_DATE_CLEARED,
26945,https://www.masencarnacion.com/articulo/mas-de-4600-cirugias-gineco-obstetricas-fueron-realizadas-en-el-hospital-general-de-itapua,2026-10-06T00:00:00-03:00,,,NO_PRECISE_DATE_CLEARED,
26980,https://www.masencarnacion.com/articulo/incendio-la-vivienda-de-su-hermano-tras-consumir-bebidas-alcoholicas-segun-la-policia,2026-10-06T00:00:00-03:00,,,NO_PRECISE_DATE_CLEARED,
26981,https://www.masencarnacion.com/articulo/comerciante-de-hohenau-descubrio-de-madrugada-que-su-local-habia-sido-hurtado,2026-10-06T00:00:00-03:00,,,NO_PRECISE_DATE_CLEARED,
27019,https://www.masencarnacion.com/articulo/vida-de-los-biomas-llega-encarnacion-con-una-experiencia-educativa-inmersiva,2026-10-06T00:00:00-03:00,,,NO_PRECISE_DATE_CLEARED,
27245,https://www.masencarnacion.com/articulo/jornada-de-bienestar-acompano-pacientes-oncologicos-en-el-hospital-general-de-itapua,2026-10-07T00:00:00-03:00,,,NO_PRECISE_DATE_CLEARED,
27246,https://www.masencarnacion.com/articulo/investigan-extrana-muerte-de-una-nina-de-2-anos-que-fue-hallada-sin-vida-en-brazos-de-su-madre,2026-10-07T00:00:00-03:00,,,NO_PRECISE_DATE_CLEARED,
27247,https://www.masencarnacion.com/articulo/limpieza-en-cerro-porteno-el-club-rajaria-jugadores-acusados-de-farristas-y-planilleros,2026-04-19T00:00:00-03:00,,,NO_PRECISE_DATE_CLEARED,
27248,https://www.masencarnacion.com/articulo/escuela-taller-de-encarnacion-ofrece-cursos-rapidos-con-cupos-limitados,2026-09-29T00:00:00-03:00,,,NO_PRECISE_DATE_CLEARED,
27249,https://www.masencarnacion.com/articulo/remesowski-plantea-dialogo-con-carlos-pereira-y-destaca-proyectos-de-la-alianza,2026-09-18T00:00:00-03:00,,,NO_PRECISE_DATE_CLEARED,
27250,https://www.masencarnacion.com/articulo/incendio-afecto-edificio-de-la-defensa-publica-en-asuncion,2026-07-22T00:00:00-03:00,,,NO_PRECISE_DATE_CLEARED,
27251,https://www.masencarnacion.com/articulo/shakira-y-pique-discuten-en-un-juzgado-el-regimen-de-visitas-de-sus-hijos,2026-04-15T00:00:00-03:00,,,NO_PRECISE_DATE_CLEARED,
27252,https://www.masencarnacion.com/articulo/voto-asistido-principal-fuente-de-incidentes-en-las-municipales-segun-oea,2026-10-05T00:00:00-03:00,,,NO_PRECISE_DATE_CLEARED,
27253,https://www.masencarnacion.com/articulo/rio-parana-crecida-pone-en-alerta-vecinos-de-la-zona-baja-de-cde,2026-10-07T00:00:00-03:00,,,NO_PRECISE_DATE_CLEARED,
27254,https://www.masencarnacion.com/articulo/temporal-ingresaria-al-pais-desde-las-primeras-horas-del-jueves,2026-10-07T00:00:00-03:00,,,NO_PRECISE_DATE_CLEARED,
27255,https://www.masencarnacion.com/articulo/detienen-un-hombre-que-incumplia-arresto-domiciliario-tras-intentar-robar-en-una-vivienda-de-encarnacion,2026-10-07T00:00:00-03:00,,,NO_PRECISE_DATE_CLEARED,
27256,https://www.masencarnacion.com/articulo/intendente-electo-se-reunio-con-el-presidente-de-la-republica-para-tratar-proyectos-y-trabajo-conjunto-en-beneficio-de-encarnacion,2026-09-30T00:00:00-03:00,,,NO_PRECISE_DATE_CLEARED,
27257,https://www.masencarnacion.com/articulo/empleada-robo-la-alcancia-kurei-de-su-patrona-y-se-habria-llevado-g-60-millones,2026-07-25T00:00:00-03:00,,,NO_PRECISE_DATE_CLEARED,
27258,https://www.masencarnacion.com/articulo/reacondicionan-la-usf-del-barrio-la-amistad-en-cambyreta,2026-10-01T00:00:00-03:00,,,NO_PRECISE_DATE_CLEARED,
27259,https://www.masencarnacion.com/articulo/interceptan-camion-de-cocaina-destinada-consumidores-de-central,2026-10-06T00:00:00-03:00,,,NO_PRECISE_DATE_CLEARED,
27260,https://www.masencarnacion.com/articulo/capturan-en-cambyreta-un-joven-sindicado-por-el-hurto-de-herramientas-de-albanileria,2026-10-07T00:00:00-03:00,,,NO_PRECISE_DATE_CLEARED,
27261,https://www.masencarnacion.com/articulo/los-voy-extranar-messi-pone-fin-su-etapa-con-argentina-entre-ovaciones-y-lagrimas,2026-07-21T00:00:00-03:00,,,NO_PRECISE_DATE_CLEARED,
27262,https://www.masencarnacion.com/articulo/joven-motociclista-resulta-herido-tras-chocar-contra-una-camioneta-en-obligado,2026-10-07T00:00:00-03:00,,,NO_PRECISE_DATE_CLEARED,
27263,https://www.masencarnacion.com/articulo/bcp-desmiente-supuesta-intervencion-en-el-sistema-financiero,2026-04-07T00:00:00-03:00,,,NO_PRECISE_DATE_CLEARED,
27264,https://www.masencarnacion.com/articulo/detienen-un-joven-en-san-juan-por-presunto-hurto-de-cables-de-cobre,2026-10-07T00:00:00-03:00,,,NO_PRECISE_DATE_CLEARED,
27483,https://www.masencarnacion.com/articulo/hallan-muerto-punaladas-un-hombre-y-sospechan-de-su-exnovia,2026-06-12T00:00:00-03:00,,,NO_PRECISE_DATE_CLEARED,
27484,https://www.masencarnacion.com/articulo/inhabilitan-15-municipios-por-entregar-registros-sin-examen-conductores,2026-10-07T00:00:00-03:00,,,NO_PRECISE_DATE_CLEARED,
27485,https://www.masencarnacion.com/articulo/mas-de-50-ninos-participan-de-la-escuela-municipal-de-futsal-en-capitan-miranda,2026-10-07T00:00:00-03:00,,,NO_PRECISE_DATE_CLEARED,
27527,https://www.masencarnacion.com/articulo/expo-ceuce-2026-reune-estudiantes-familias-y-ciudadania-en-encarnacion,2026-08-05T00:00:00-03:00,,,NO_PRECISE_DATE_CLEARED,
27528,https://www.masencarnacion.com/articulo/mirtha-legrand-recibio-el-alta-medica-y-seguira-su-recuperacion-en-la-casa,2026-02-23T00:00:00-03:00,,,NO_PRECISE_DATE_CLEARED,
27529,https://www.masencarnacion.com/articulo/becker-destaca-obras-y-proyecta-cerrar-su-gestion-con-8-kilometros-de-empedrado,2026-09-11T00:00:00-03:00,,,NO_PRECISE_DATE_CLEARED,
27530,https://www.masencarnacion.com/articulo/hallan-cadaver-de-hombre-desaparecido-desde-enero-en-un-pozo-de-presidente-franco,2026-04-16T00:00:00-03:00,,,NO_PRECISE_DATE_CLEARED,
27575,https://www.masencarnacion.com/articulo/corte-suspende-juez-que-ordeno-rematar-parte-de-una-narcoestancia,,,,NO_PRECISE_DATE_ALREADY_NULL,
27576,https://www.masencarnacion.com/articulo/arranco-la-feria-cientifica-y-tecnologica-del-cree-en-encarnacion,,,,NO_PRECISE_DATE_ALREADY_NULL,
