article_id,event_id,source,title,decision,max_retrieved_pair_probability,selected_event_probability,strong_matches,support_matches,selected_event_previous_size
14545,1,Última Hora,Mantenimiento de caminos ante posibles efectos de El Niño,new_event,,,0,0,0
14546,2,Última Hora,Iván Duque debatirá sobre infraestructura en Paraguay,new_event,,,0,0,0
14547,3,Última Hora,Nuevo puente con Foz oxigenó el transporte pesado en la frontera,new_event,,,0,0,0
14548,4,Última Hora,Hernandarias atesora tres nombres y más de cuatro siglos de historia,new_event,,,0,0,0
14549,5,Última Hora,Golpe,new_event,,,0,0,0
14550,6,Última Hora,La cuenta de la canilla abierta,new_event,,,0,0,0
14551,7,Última Hora,El Estado clientelar se volvió populista,new_event,,,0,0,0
14552,8,Última Hora,¿Ganará de nuevo el Partido Colorado?,new_event,0.00628261815714678,,0,0,0
14553,9,Última Hora,Cómo negociar desde la política con la Iglesia,new_event,,,0,0,0
14554,10,Última Hora,La rebelión de los ahijados traza el futuro del cartismo,new_event,0.6031998977017583,,0,0,0
14555,11,Última Hora,IPPSE y desequilibrio energético,new_event,,,0,0,0
14556,12,Última Hora,La licencia con goce de sueldo y el imperativo de la capacitación en el Estado,new_event,,,0,0,0
14557,13,Última Hora,Los obreros de la viña,new_event,,,0,0,0
14558,14,Última Hora,Interfisa recibe la primavera con reintegros de hasta 25%,new_event,,,0,0,0
14559,15,Última Hora,"Sussy Sacco: 60 años de pasión, danza y disciplina",new_event,,,0,0,0
14560,16,Última Hora,Baila 2026: Una pareja eliminada y puro rock and roll,new_event,,,0,0,0
14561,17,Última Hora,"Telefuturo: Vive la Vida celebra 23 años, TF Stream 2 y estrena Calle 7: Al Límite",new_event,,,0,0,0
14562,18,Última Hora,El casamiento de Arlette y Fabrizio,new_event,,,0,0,0
14563,19,Última Hora,"Constanza y Carlos dieron el sí, quiero",new_event,0.17666099538594973,,0,0,0
14564,20,La Nación,"La Nación / En Capiatá, 95 parejas dan el “sí” y suman más de 7.100 bodas comunitarias",new_event,0.011485950752107921,,0,0,0
14565,21,La Nación,La Nación / Canindeyú registra cerca de 60.000 atenciones médicas en agosto,new_event,,,0,0,0
14566,22,La Nación,La Nación / Candidata de Lista 1 no objetará mesas del PLRA en Capiatá pese a vencer plazo electoral,new_event,0.0019902261931902046,,0,0,0
14567,23,La Nación,La Nación / Concluye con éxito el proyecto de rescate histórico sobre filmes de la Guerra del Chaco,new_event,,,0,0,0
14568,24,La Nación,"Diario La Nación Edición impresa, 20 de setiembre de 2026",new_event,,,0,0,0
14569,25,La Nación,La Nación / Entre escombros y tambores: el lado humano tras el sismo,new_event,,,0,0,0
14570,26,La Nación,La Nación / El desafío de crear en tiempos de inteligencia artificial,new_event,,,0,0,0
14571,27,La Nación,"La Nación / “Manual de fechorías sexuales”, cuentos para domar la pacatería",new_event,,,0,0,0
14572,28,La Nación,La Nación / “El cine paraguayo tiene una base muy sólida en el terror”,new_event,,,0,0,0
14573,29,La Nación,La Nación / Del dolor a los recuerdos. A Jorge Mendelzon,new_event,,,0,0,0
14574,30,La Nación,La Nación / Cómo hablar del suicidio con responsabilidad,new_event,,,0,0,0
14576,31,La Nación,La Nación / Proyectos financiados por el BID deberán ajustarse a nuevas reglas de acceso a la información,new_event,,,0,0,0
14577,32,La Nación,La Nación / Dionisio Amarilla reivindica la unidad opositora y el cumplimiento de los acuerdos,new_event,0.026214454555795675,,0,0,0
14578,33,La Nación,La Nación / A Ultranza Py: Fiscalía expone en juicio más de 2.000 chats entre Marset y Tío Rico,new_event,,,0,0,0
14579,34,La Nación,"La Nación / MEF: Paraguay acumula 24 meses de crecimiento superior al 4% y avanza 5,6% en el año",new_event,,,0,0,0
14580,35,La Nación,La Nación / Otra victoria y clasificación,new_event,,,0,0,0
14581,36,La Nación,La Nación / Pombero aterroriza TikTok: el live que es furor por las madrugadas desde un bananal,new_event,,,0,0,0
14582,37,La Nación,La Nación / Un domingo caluroso dará paso a tormentas y frente frío,new_event,,,0,0,0
14583,38,La Nación,La Nación / Histórico acuerdo beneficia a 83.000 docentes con inversión de USD 80 millones,new_event,,,0,0,0
14584,39,La Nación,La Nación / Un paraguayo es elegido Mejor Diseñador de la Temporada en la New York Fashion Week,new_event,,,0,0,0
14587,40,La Nación,La Nación / Diego Schäfer presenta su nueva exposición “Optical Abstraacción” en la Galería Exaedro,new_event,,,0,0,0
14588,41,La Nación,La Nación / El ICPA anuncia los últimos encuentros del Club de Lectura “Voces femeninas”,new_event,,,0,0,0
14589,42,La Nación,La Nación / Ciudad Mansa celebra cinco años de trayectoria con la promoción de su segundo disco,new_event,,,0,0,0
14590,43,La Nación,La Nación / Fiestas patrias: distinguida cita en la Embajada de Chile,new_event,,,0,0,0
14593,44,UNICANAL,Santiago Peña se reúne con Delcy Rodríguez en Venezuela | Unicanal,new_event,,,0,0,0
14594,45,5Días,El Niño presiona al Canal de Panamá y anticipa más restricciones,new_event,,,0,0,0
14595,46,5Días,Financiamiento busca destrabar la formalización de Mipymes alimentarias,new_event,,,0,0,0
14596,47,5Días,Estos son los destinos preferidos para pasar las vacaciones de octubre,new_event,,,0,0,0
14597,48,5Días,La IA dispara la demanda de gas en EE.UU. hacia 2035,new_event,0.0014052066977866958,,0,0,0
14598,49,5Días,Trump acelera la carrera por la IA y prepara un nuevo “zar”,new_event,0.004227635512199498,,0,0,0
14600,50,El Independiente,Cuando más es más,new_event,,,0,0,0
14601,51,El Independiente,De pirata a enclave del lujo,new_event,0.001639646974452056,,0,0,0
14602,52,El Independiente,8 claves para aprovechar el dólar bajo,new_event,,,0,0,0
14603,53,El Independiente,Paraguay se encuentra en un punto de inflexión histórica,new_event,0.009385345260962385,,0,0,0
14604,54,Resumen de Noticias,Santiago Peña y Delcy Rodríguez firman documento para afianzar lazos bilaterales,new_event,0.8406560351512606,,0,0,0
14605,35,Resumen de Noticias,Team Paraguay suma 22 medallas en los Juegos Odesur 2026,existing_event,0.9413820096379628,0.9413820096379628,1,1,1
14606,37,Resumen de Noticias,Prevén caluroso inicio de semana y luego frente frío,existing_event,0.9737538308898214,0.9737538308898214,1,1,1
14607,55,Resumen de Noticias,CGR sumaria a intendentes en campaña por no presentar declaraciones juradas,new_event,0.010308543091947099,,0,0,0
14608,56,adn,Vialeras y Gobierno ajustan procedimiento para agilizar pago de intereses por obras - ADN Digital,new_event,0.0018136739242645213,,0,0,0
14609,57,adn,"Es Alliana quien debe elegir a su dupla, según Baruja - ADN Digital",new_event,0.2327955639164711,,0,0,0
14610,58,adn,"Por culpa de irresponsables, colapsó el sistema 911 - ADN Digital",new_event,,,0,0,0
14611,59,adn,Unos 16 sindicatos de Salud marcharán por reajuste salarial y carrera sanitaria - ADN Digital,new_event,,,0,0,0
14612,60,adn,Rigo Chamorro propone una Junta Municipal con “menos confrontación y más soluciones” - ADN Digital,new_event,0.015154852002122613,,0,0,0
14613,61,adn,"Con Ojeda, la ANR pretende recuperar Fernando de la Mora - ADN Digital",new_event,0.12729881659893472,,0,0,0
14614,62,adn,Mayor participación al mediodía en Berlín que en las elecciones de 2023 - ADN Digital,new_event,,,0,0,0
14615,63,adn,Paraguay supera las 350.000 pruebas de VIH y avanza en el tratamiento temprano - ADN Digital,new_event,,,0,0,0
14616,64,adn,Detienen a dos paraguayos con casi 3 toneladas de marihuana en Brasil - ADN Digital,new_event,0.001405295963353761,,0,0,0
14617,65,adn,Cita dominical en el Defensores del Chaco - ADN Digital,new_event,0.0009763289962829919,,0,0,0
14618,66,adn,Cerro Porteño se adueña de la victoria en barrio Obrero - ADN Digital,new_event,0.014730485064251108,,0,0,0
14619,67,adn,Las elecciones en Rusia entran en su última jornada tras denuncias de fraude y una baja participación del electorado - ADN Digital,new_event,,,0,0,0
14620,68,adn,Perú: matan a periodista y candidata a elecciones regionales - ADN Digital,new_event,,,0,0,0
14622,69,ABC Color,Filizzola acusa a Peña y al cartismo de poner en riesgo los fondos públicos y del IPS - Política - ABC Color,new_event,0.08280085741117767,,0,0,0
14623,70,ABC Color,"Iglesia llama a jóvenes a no entregar la patria a quienes siembran “muerte, violencia y corrupción” - Nacionales - ABC Color",new_event,,,0,0,0
14624,71,Última Hora,Potentes vientos de hasta 90 km/h azotarán gran parte del Paraguay,new_event,0.017488008653179066,,0,0,0
14625,72,Última Hora,Caacupé: Valenzuela critica a conductores que provocan accidentes y se dan a la fuga,new_event,,,0,0,0
14626,73,Última Hora,Denuncian a candidato colorado a intendente de Yasy Cañy por presunta amenaza de muerte,new_event,,,0,0,0
14627,74,La Tribuna,Paraguay vuelve al triunfo y con récords en la Olimpiada de Ajedrez,new_event,0.0063524317919827775,,0,0,0
14628,75,Crónica,El chanchón y el funebrero por dejar sus malas rachas atrás,new_event,0.04188021321300591,,0,0,0
14629,76,Itapúa en Noticias,ENCUENTRAN ABANDONADA EN UN MONTE LA MOTOCICLETA HURTADA EN CAMBYRETÁ,new_event,,,0,0,0
14630,77,ABC Color,ANR busca unidad en Ayolas y minimiza crisis de la cúpula nacional - Política - ABC Color,new_event,0.2965974390550287,,0,0,0
14631,78,ABC Color,Bomberos advierten sobre hundimiento del asfalto sobre ruta PY06 en Trinidad - Economía - ABC Color,new_event,0.0023383856288006796,,0,0,0
14633,79,La Nación,La Nación / Hugo Javier ya logró mover sus cuatro extremidades,new_event,,,0,0,0
14634,80,El Independiente,Fiscalía refuerza hipótesis de una caída en el caso Hugo Javier,new_event,,,0,0,0
14635,81,El Independiente,Plaza Uruguaya renueva sus espacios para recuperar su esencia y fortalecer la vida comunitaria,new_event,,,0,0,0
14636,82,Diario Paraguayo Noticias,Flávio Bolsonaro acusa a Lula de “querer comprar a pobres” | Diario Paraguayo,new_event,0.0048299005128664245,,0,0,0
14637,83,Diario Paraguayo Noticias,Rodrigo Paz elimina subsidio al diésel en Bolivia | Diario Paraguayo,new_event,,,0,0,0
14638,84,Diario Paraguayo Noticias,China y EEUU afinan visita de Xi con tregua comercial en juego | Diario Paraguayo,new_event,0.011218140581671077,,0,0,0
14639,85,Diario Paraguayo Noticias,El refuerzo militar de EEUU en el Pacífico reflota temores de guerra | Diario Paraguayo,new_event,,,0,0,0
14640,86,Diario Paraguayo Noticias,¿Se puede “apagar” una inteligencia artificial? | Diario Paraguayo,new_event,,,0,0,0
14641,14,Diario Paraguayo Noticias,Interfisa recibe la primavera con reintegros de hasta 25% | Diario Paraguayo,existing_event,0.997946414933452,0.997946414933452,1,1,1
14642,87,Diario Paraguayo Noticias,Primavera con calor y chaparrones en Paraguay | Diario Paraguayo,new_event,0.7187514418045239,,0,0,0
14643,32,Diario Paraguayo Noticias,Dionisio Amarilla reivindica la unidad opositora y el cumplimiento de los acuerdos | Diario Paraguayo,existing_event,0.9995365058211721,0.9995365058211721,1,1,1
14644,79,Diario Paraguayo Noticias,Hugo Javier ya logró mover sus cuatro extremidades | Diario Paraguayo,existing_event,0.9986299503466671,0.9986299503466671,1,1,1
14645,31,Diario Paraguayo Noticias,Proyectos financiados por el BID deberán ajustarse a nuevas reglas de acceso a la información | Diario Paraguayo,existing_event,0.9996410986452936,0.9996410986452936,1,1,1
14646,21,Diario Paraguayo Noticias,Canindeyú: 60.000 atenciones médicas en agosto | Diario Paraguayo,existing_event,0.9987131813395378,0.9987131813395378,1,1,1
14647,20,Diario Paraguayo Noticias,"En Capiatá, 95 parejas dan el “sí” y suman más de 7.100 bodas comunitarias | Diario Paraguayo",existing_event,0.999470635500979,0.999470635500979,1,1,1
14648,88,Crónica,Fingió ser cliente para pelar una farmacia,new_event,,,0,0,0
14649,89,Crónica,Aprendió un oficio y convirtió los palets en su fuente de ingresos,new_event,,,0,0,0
14650,90,QAP Chaco News,Caacupé debatirá los retos del periodismo - QAP CHACO NEWS,new_event,,,0,0,0
14651,91,Última Hora,Lula pide votos en un bastión electoral de la ultraderecha,new_event,0.45681591797783766,,0,0,0
14652,92,Última Hora,Más de 150 gua’a embellecen el cielo en el Departamento Central,new_event,,,0,0,0
14653,93,Última Hora,Créditos para la vivienda crecen pese al pesimismo habitacional,new_event,,,0,0,0
14654,94,Última Hora,Futura planta logra más de 190.000 créditos de carbono,new_event,,,0,0,0
14655,95,La Nación,La Nación / Naturaleza y aventura: la propuesta de la Senatur para los más jóvenes,new_event,,,0,0,0
14656,96,La Nación,La Nación / Tragedia en Capiatá: discusión vecinal termina con un fallecido y un herido,new_event,0.0011713593520917055,,0,0,0
14657,97,La Nación,La Nación / IPS Ingavi habilita un consultorio especializado en cirugía vascular,new_event,,,0,0,0
14658,84,Diario Paraguayo Noticias,China y EEUU preparan visita de Xi con negociaciones | Diario Paraguayo,existing_event,0.9986468593193895,0.9986468593193895,1,1,1
14659,85,Diario Paraguayo Noticias,EEUU fortalece presencia militar en Palaos | Diario Paraguayo,existing_event,0.9990460419211133,0.9990460419211133,1,1,1
14660,86,Diario Paraguayo Noticias,¿Es posible detener una inteligencia artificial? | Diario Paraguayo,existing_event,0.9890706034205259,0.9890706034205259,1,1,1
14661,32,Diario Paraguayo Noticias,Amarilla reivindica unidad opositora y cumplimiento de acuerdos | Diario Paraguayo,existing_event,0.9990004096648043,0.9990004096648043,2,2,2
14662,79,Diario Paraguayo Noticias,Hugo Javier González evoluciona favorablemente | Diario Paraguayo,existing_event,0.9926912081713362,0.9926912081713362,2,2,2
14663,31,Diario Paraguayo Noticias,Instituciones paraguayas se adecuan a política de acceso a la información del BID | Diario Paraguayo,existing_event,0.9998293352287596,0.9998293352287596,2,2,2
14664,20,Diario Paraguayo Noticias,95 parejas formalizaron unión en Capiatá | Diario Paraguayo,existing_event,0.9996610439949019,0.9996610439949019,2,2,2
14665,79,Crónica,Hugo Javier sigue dando pelea: ya mueve sus cuatro extremidades y busca comunicarse,existing_event,0.9668693749848142,0.9668693749848142,3,3,3
14666,98,Crónica,Ho’a dos rapais con 45 mil reales falsos,new_event,0.0015528332755466094,,0,0,0
14667,99,Última Hora,"Dirigentes admiten preferencias, pero relativizan interna por vice",new_event,0.5484850993435274,,0,0,0
14668,54,Última Hora,Peña inicia diálogo con Delcy para reanudar relaciones con Venezuela,existing_event,0.9528760270972464,0.9528760270972464,1,1,1
14669,100,Última Hora,Justicia Electoral y el Ministerio Público coordinan aplicación del Voto Asistido,new_event,0.0022210929646136576,,0,0,0
14670,101,La Nación,La Nación / Vende sopa paraguaya en Argentina para cumplir su sueño: estudiar en la universidad,new_event,,,0,0,0
14671,102,La Tribuna,Sportivo San Lorenzo vs. Olimpia-EN VIVO,new_event,0.08051696673901129,,0,0,0
14672,14,Diario Paraguayo Noticias,Interfisa: reintegros hasta 25% en primavera | Diario Paraguayo,existing_event,0.99974004656324,0.99974004656324,2,2,2
14673,103,Amambay Ahora,Interceptan dos camionetas con más de dos toneladas de marihuana en Bella Vista Norte,new_event,0.12442439995756442,,0,0,0
14674,104,Itapúa en Noticias,HOMBRE RESULTA HERIDO CON UN CUCHILLO DURANTE FORCEJEO EN CORONEL BOGADO,new_event,0.006079402485985084,,0,0,0
14675,105,Itapúa en Noticias,TRES PERSONAS ABANDONAN ANIMAL VACUNO TRAS HUIR DE LA POLICÍA EN ALTO VERÁ,new_event,0.005171158205549813,,0,0,0
14676,106,Ñanduti,"Juventud paraguaya: 1,5 millones enfrentan informalidad, pobreza y el desafío de acceder a más oportunidades",new_event,,,0,0,0
14677,77,ABC Color,Gobernador vaticina victoria de la ANR en los 10 distritos de Misiones - Política - ABC Color,existing_event,0.9299192236240565,0.9299192236240565,1,1,1
14678,107,Última Hora,Trump dice que los hutíes de Yemen aceptaron no luchar contra EEUU,new_event,,,0,0,0
14679,108,Última Hora,"Asalto con toma de rehén, persecución y tiroteo con policías en María Auxiliadora",new_event,0.0012875022919353616,,0,0,0
14680,109,La Nación,La Nación / Fiscalía exhorta a retirar propagandas electorales para las municipales,new_event,0.007191945461048587,,0,0,0
14681,110,La Nación,La Nación / XV Feria de Aves de Sudamérica finaliza hoy con una atractiva agenda para la ciudadanía,new_event,0.013754287585128618,,0,0,0
14682,111,El Independiente,Ministro de salud llevará sus visitas sorpresa a hospitales de todo el país,new_event,0.0014063216174734065,,0,0,0
14683,112,Crónica,[VÍDEO] La cábala bilardista que le dio la clasificación a Estudiantes,new_event,0.0012919955145570684,,0,0,0
14684,113,ABC Color,Final feliz: localizan a familiares de una mujer desorientada en Asunción - Policiales - ABC Color,new_event,,,0,0,0
14685,114,ABC Color,Obras de reparación cloacal continúan este lunes en el centro de Luque - Nacionales - ABC Color,new_event,,,0,0,0
14686,54,El Independiente,Paraguay y Venezuela abren una nueva etapa con foco en comercio y cooperación,existing_event,0.953365725653634,0.953365725653634,2,2,2
14687,115,La Tribuna,Ex ministro plantea negociación directa por deuda con Venezuela,new_event,0.07942142753749262,,0,0,0
14688,116,Popular,Popular / Ho'a dos tipos tras robar en una tienda de repuestos,new_event,0.007263315783834411,,0,0,0
14689,117,Popular,"Popular / Realizaron ""en vivo"" preparado de un cadáver",new_event,,,0,0,0
14690,118,Popular,Popular / Discusión por piki opa con un herido,new_event,0.06326375772832726,,0,0,0
14691,119,Popular,"Popular / La concejala ""más juky"" apuesta por una Capital con ""trabajo serio y sensibilidad""",new_event,0.010859548232752926,,0,0,0
14692,120,Diario Paraguayo Noticias,Corea del Norte lanzó dos misiles balísticos hacia el mar | Diario Paraguayo,new_event,,,0,0,0
14693,73,Diario Paraguayo Noticias,Denuncian a candidato colorado a intendente de Yasy Cañy por presunta amenaza de muerte | Diario Paraguayo,existing_event,0.9987943831475841,0.9987943831475841,1,1,1
14694,71,Diario Paraguayo Noticias,Potentes vientos de hasta 90 km/h azotarán gran parte del Paraguay | Diario Paraguayo,existing_event,0.9998493323317207,0.9998493323317207,1,1,1
14695,72,Diario Paraguayo Noticias,Caacupé: Valenzuela critica a conductores que provocan accidentes y se dan a la fuga | Diario Paraguayo,existing_event,0.9957678857147507,0.9957678857147507,1,1,1
14696,107,Diario Paraguayo Noticias,Trump dice que los hutíes de Yemen aceptaron no luchar contra EEUU | Diario Paraguayo,existing_event,0.9989842082925444,0.9989842082925444,1,1,1
14697,121,Diario Paraguayo Noticias,Policía indaga ataque a tiros a una vivienda y el hallazgo de una motocicleta incinerada en Yby Yaú | Diario Paraguayo,new_event,0.007518664615084831,,0,0,0
14698,122,Diario Paraguayo Noticias,"Costas, preocupado por las situaciones malogradas | Diario Paraguayo",new_event,0.16097487821660536,,0,0,0
14699,123,Diario Paraguayo Noticias,Fiorentina rescata un punto ante el Napoli | Diario Paraguayo,new_event,,,0,0,0
14700,109,Diario Paraguayo Noticias,Fiscalía exhorta a retirar propagandas electorales para las municipales | Diario Paraguayo,existing_event,0.9993357697483939,0.9993357697483939,1,1,1
14701,124,Diario Paraguayo Noticias,Expo Kambuchi 2026: artesanía y cultura en Tobatí | Diario Paraguayo,new_event,,,0,0,0
14702,95,Diario Paraguayo Noticias,Naturaleza y aventura: la propuesta de la Senatur para los más jóvenes | Diario Paraguayo,existing_event,0.9999778433061124,0.9999778433061124,1,1,1
14703,110,Diario Paraguayo Noticias,XV Feria de Aves de Sudamérica finaliza hoy con una atractiva agenda para la ciudadanía | Diario Paraguayo,existing_event,0.9999172899600516,0.9999172899600516,1,1,1
14704,125,Diario Paraguayo Noticias,Intermedia: Dura paliza para el 12 de Junio | Diario Paraguayo,new_event,0.013507467736413934,,0,0,0
14705,126,Diario Paraguayo Noticias,El City alarga el pleno en el intercambio de golpes | Diario Paraguayo,new_event,0.0021574787211712737,,0,0,0
14706,127,Diario Paraguayo Noticias,Atlético se queda con el derbi ante un Real Madrid decepcionante | Diario Paraguayo,new_event,0.0011358774086151185,,0,0,0
14707,74,Diario Paraguayo Noticias,Paraguay vuelve al triunfo en Uzbekistán | Diario Paraguayo,existing_event,0.9829531206915759,0.9829531206915759,1,1,1
14708,128,Crónica,"Sin despeinarse, le hizo tres a “SanLo”",new_event,0.23100342726447137,,0,0,0
14709,129,Ahora CDE,Olimpia golea 3-0 a San Lorenzo y se afianza como escolta de Libertad al cierre de la primera rueda,new_event,0.8045055883328491,,0,0,0
14710,130,Ahora CDE,Brasil probará desde octubre un sistema de control con inteligencia artificial en el Puente de la Amistad,new_event,,,0,0,0
14711,131,Amambay News,Joven muere electrocutado al manipular tendido eléctrico de la ANDE - Amambay News,new_event,,,0,0,0
14712,132,Amambay News,Patria Querida sostiene que el encuentro entre Santi y Delcy Rodríguez «avergüenza» al país - Amambay News,new_event,0.10718055574602021,,0,0,0
14713,133,Amambay News,La primera lista de Gustavo Alfaro tras renovar con Paraguay - Amambay News,new_event,0.017488268029370018,,0,0,0
14715,134,Amambay News,Suman 1.451 muertos a casi un mes de las inundaciones en Nepal - Amambay News,new_event,,,0,0,0
14716,125,Amambay News,Intermedia: Dura paliza para el 12 de Junio - Amambay News,existing_event,0.999689351296057,0.999689351296057,1,1,1
14717,74,Amambay News,Paraguay vuelve al triunfo en Uzbekistán - Amambay News,existing_event,0.9995339472813881,0.9995339472813881,2,2,2
14718,135,Amambay News,Olimpia golea y se enfoca en la cima - Amambay News,new_event,0.8589839315425263,,0,0,0
14719,136,Amambay News,"Merz califica de «desastre» el resultado en el noreste alemán, pero rehúsa anunciar su dimisión - Amambay News",new_event,0.0026920903636878774,,0,0,0
14720,67,Amambay News,"El partido del Kremlin gana las elecciones con el 57,5 % de votos, según los primeros resultados - Amambay News",existing_event,0.967852977472929,0.967852977472929,1,1,1
14721,137,Concepción al Día,Concepción igualó ante Barreteña y deberá ganar para seguir en carrera - Concepción al Día,new_event,0.013814982295478893,,0,0,0
14722,138,Ñanduti,Cooperativa Universitaria celebró la juventud con su primer Sunset Experience,new_event,,,0,0,0
14723,139,Ñanduti,"Continental, preparado para liderar la nueva era del CDA Digital en Paraguay",new_event,0.0016655213187732369,,0,0,0
14724,140,ABC Color,Jóvenes alzan su voz y reclaman protagonismo en la Iglesia y la sociedad - Nacionales - ABC Color,new_event,0.10547920747378664,,0,0,0
14725,141,ABC Color,Aprehenden a hombre por supuesta tentativa de robo y lesión en Ayolas - Policiales - ABC Color,new_event,0.005761011708575563,,0,0,0
14726,142,Última Hora,"Cardenal Martínez insta a los jóvenes a sembrar amor, honestidad y esperanza",new_event,0.19288812430523436,,0,0,0
14727,121,Última Hora,Policía indaga ataque a tiros a una vivienda y el hallazgo de una motocicleta incinerada en Yby Yaú,existing_event,0.9998729327819581,0.9998729327819581,1,1,1
14728,143,La Nación,La Nación / Distribución de las máquinas de votación y útiles electorales se iniciará el 27 de setiembre,new_event,0.03771976364061218,,0,0,0
14729,124,La Nación,La Nación / Expo Kambuchi reunirá a artesanos y propuestas culturales en Tobatí,existing_event,0.9992949259743092,0.9992949259743092,1,1,1
14730,135,La Tribuna,Supremacía de Olimpia sobre Sportivo San Lorenzo y pisa los talones a Libertad,existing_event,0.9414797653618164,0.9414797653618164,1,1,1
14731,144,La Tribuna,Alfaro convocó a 28 albirrojos para los amistosos de fecha FIFA,new_event,0.4411587361764889,,0,0,0
14732,145,La Tribuna,EN VIVO: Luqueño vs Recoleta,new_event,0.17212035498274217,,0,0,0
14733,146,Megacadena,Proponen regular la tenencia de perros potencialmente peligrosos,new_event,,,0,0,0
14734,147,Megacadena,Imputan a un hombre por acumular deuda de G. 58 millones en asistencia alimentaria,new_event,,,0,0,0
14735,148,Popular,Popular / Horacio Cartes celebró el Rosh Hashaná con la comunidad judía,new_event,0.005111441381077433,,0,0,0
14736,107,Diario Paraguayo Noticias,Trump afirma acuerdo con hutíes de Yemen | Diario Paraguayo,existing_event,0.9990812121432132,0.9990812121432132,2,2,2
14737,122,Diario Paraguayo Noticias,Costas analiza victoria de Cerro Porteño ante Rubio Ñu | Diario Paraguayo,existing_event,0.9951065155341008,0.9951065155341008,1,1,1
14738,109,Diario Paraguayo Noticias,Ministerio Público exhorta a retirar propaganda electoral | Diario Paraguayo,existing_event,0.9995946301758429,0.9995946301758429,2,2,2
14739,95,Diario Paraguayo Noticias,Naturaleza y aventura: propuesta de Senatur para jóvenes | Diario Paraguayo,existing_event,0.9999389208283012,0.9999389208283012,2,2,2
14740,110,Diario Paraguayo Noticias,XV Feria de Aves de Sudamérica culmina con actividades | Diario Paraguayo,existing_event,0.9996839263852322,0.9996839263852322,2,2,2
14741,125,Diario Paraguayo Noticias,12 de Junio cae 4-0 ante Independiente de Campo Grande | Diario Paraguayo,existing_event,0.9952405947227615,0.9952405947227615,2,2,2
14742,126,Diario Paraguayo Noticias,Manchester City vence al Sunderland 5-3 | Diario Paraguayo,existing_event,0.9739889966177856,0.9739889966177856,1,1,1
14743,127,Diario Paraguayo Noticias,Atlético vence a Real Madrid en derbi del Metropolitano | Diario Paraguayo,existing_event,0.9770407522320906,0.9770407522320906,1,1,1
14744,74,Diario Paraguayo Noticias,Paraguay logra victorias históricas en Ajedrez | Diario Paraguayo,existing_event,0.9982862469503604,0.9982862469503604,3,3,3
14745,149,Pedro Juan Digital,UNAM: La Historia de una Semilla Sembrada por Profesionales de Amambay,new_event,,,0,0,0
14746,150,Amambay News,"Investigan crimen en Capiatá: un muerto, un herido detenido y dos aprehendidos - Amambay News",new_event,0.34614406406095927,,0,0,0
14747,54,Ñanduti,Paraguay y Venezuela anuncian una “nueva etapa” y apuntan a restablecer plenamente sus relaciones diplomáticas,existing_event,0.9912987352255621,0.9912987352255621,3,3,3
14748,132,Última Hora,"Patria Querida dice que Peña ""avergüenza"" a Paraguay por encuentro con Delcy Rodríguez",existing_event,0.9344167018800817,0.9344167018800817,1,1,1
14749,151,Última Hora,Caen dos sujetos que transportaban más de dos toneladas de marihuana en Amambay,new_event,0.8659826788286925,,0,0,0
14750,152,Última Hora,Colección sobre los Protagonistas de la Segunda Guerra Mundial,new_event,,,0,0,0
14751,153,Última Hora,Millie Bobby Brown es madre por segunda vez a través de la adopción,new_event,,,0,0,0
14752,154,La Nación,"La Nación / “Encarnación, 1926”: el cortometraje que recrea el histórico ciclón con monstruos míticos",new_event,,,0,0,0
14753,155,Popular,"Popular / Sábado sangriento: un muerto, un herido y varios detenidos",new_event,0.06855465133254733,,0,0,0
14754,118,Popular,Popular / Volcó ha omano calcinado,existing_event,0.9156961555706606,0.9156961555706606,1,1,1
14755,156,Popular,Popular / Olimpia goleó y ya sueña con adueñarse de la punta en el clásico blanco y negro,new_event,0.7923785696173418,,0,0,0
14756,71,Diario Paraguayo Noticias,Alerta por vientos intensos en Paraguay | Diario Paraguayo,existing_event,0.9999457432812662,0.9999457432812662,2,2,2
14757,157,Pedro Juan Digital,Rusia asegura que el intento de Kiev de atacar Moscú durante los comicios legislativos no tuvo éxito,new_event,0.03850274861968132,,0,0,0
14758,158,Amambay News,Juez de Capitán Bado enfrenta doble presión: imputación por subasta de bienes de “Cabeza Branca” y polémica por su matrimonio en Brasil - Amambay News,new_event,0.0032904338892443697,,0,0,0
14759,159,ABC Color,La economía de Irán se desploma durante la guerra en Oriente Medio - Mundo - ABC Color,new_event,,,0,0,0
14760,160,ABC Color,"Luque: las propuestas del candidato liberal, del empedrado al “cepo cero” - Política - ABC Color",new_event,0.03514951572833499,,0,0,0
14761,161,Última Hora,La Ruta Bioceánica exige un Estado presente contra la trata de personas,new_event,,,0,0,0
14762,162,Última Hora,Liz Analia Acosta,new_event,0.11468316475132145,,0,0,0
14763,163,La Nación,La Nación / Economistas coinciden en un reajuste de presupuesto y replanteamiento tributario a futuro,new_event,0.26925415846418527,,0,0,0
14764,164,La Nación,La Nación / PISA 2025: Nancy Ovelar urge acompañar al docente y enfocar en la lectura,new_event,,,0,0,0
14765,165,La Nación,La Nación / PISA 2025: especialista urge cambios metodológicos ante rezago en Paraguay,new_event,0.8331351934863676,,0,0,0
14766,166,La Nación,La Nación / Pérez instó a las mujeres a ser protagonistas del cambio en Asunción,new_event,0.05808639603091039,,0,0,0
14767,167,La Nación,La Nación / “La producción puede realizarse en armonía con los recursos naturales”,new_event,,,0,0,0
14768,168,La Nación,"La Nación / Neruda y Paraguay: un diálogo entre la poesía, el exilio y la memoria",new_event,,,0,0,0
14769,169,La Nación,"La Nación / Parque Caballero, el revivir de un pulmón histórico de Asunción",new_event,0.16437359635679843,,0,0,0
14770,170,La Nación,"La Nación / IA, desinfodemia y Sun Tzu",new_event,0.017676245289783336,,0,0,0
14771,171,La Nación,La Nación / ¿Cuánto cuesta darse un gusto?: el precio de una merienda para dos en Asunción,new_event,,,0,0,0
14772,172,La Nación,"La Nación / ¿No es mañana?: todos celebran la primavera el 21, pero este año llegará un día después",new_event,,,0,0,0
14773,173,La Nación,La Nación / Indert integra equipo especial para titulación histórica de colonias centenarias,new_event,,,0,0,0
14774,174,La Nación,La Nación / Paraguarí baja de las nubes al líder,new_event,0.14447278425109827,,0,0,0
14775,145,La Tribuna,Luqueño derrota por la mínima a Recoleta en Itauguá,existing_event,0.9898744503323302,0.9898744503323302,1,1,1
14776,175,Popular,"Popular / ""Xuxa"" demandó a su ex paquita por ""malagradecida""",new_event,,,0,0,0
14777,176,Popular,Popular / Peregrinos que iban a visitar a la Virgen de Aparecida cayeron con su bus en un barranco,new_event,,,0,0,0
14778,177,Popular,Popular / ¡Qué mala pata! Derlis se lesionó cuando iba a entrar,new_event,0.018087475961466957,,0,0,0
14779,178,Diario Paraguayo Noticias,Augusto Cury emerge como tercera opción en Brasil | Diario Paraguayo,new_event,0.008881157423146267,,0,0,0
14780,36,Diario Paraguayo Noticias,Pombero viral en TikTok: transmisiones paranormales desde Paraguay | Diario Paraguayo,existing_event,0.9996059462954843,0.9996059462954843,1,1,1
14781,39,Diario Paraguayo Noticias,Simón Villalba: Primer Mejor Diseñador Paraguayo | Diario Paraguayo,existing_event,0.9980433954147179,0.9980433954147179,1,1,1
14782,171,Diario Paraguayo Noticias,Merienda para dos en Asunción: precios y opciones | Diario Paraguayo,existing_event,0.9886237597331119,0.9886237597331119,1,1,1
14783,143,Diario Paraguayo Noticias,Distribución de máquinas de votación inicia el 27 | Diario Paraguayo,existing_event,0.9999197780788617,0.9999197780788617,1,1,1
14784,172,Diario Paraguayo Noticias,Primavera 2026: llega el 22 de septiembre en Paraguay | Diario Paraguayo,existing_event,0.9984773587967904,0.9984773587967904,1,1,1
14785,166,Diario Paraguayo Noticias,Pérez convoca a mujeres a participar en elecciones | Diario Paraguayo,existing_event,0.9960686694881038,0.9960686694881038,1,1,1
14786,173,Diario Paraguayo Noticias,Indert integra equipo para titulación de colonias centenarias | Diario Paraguayo,existing_event,0.999881761863945,0.999881761863945,1,1,1
14787,144,Crónica,Varias caras nuevas tiene la convocatoria del “Cazador”,existing_event,0.9010603576154538,0.9010603576154538,1,1,1
14788,179,Crónica,[VIDEO] Se autorregaló rosas en el 2023 y hoy tiene un jardín,new_event,,,0,0,0
14789,180,Crónica,[VIDEO] “Creo que la jugada merecía ser convalidada”,new_event,0.008877038760802656,,0,0,0
14790,181,Crónica,El “Kure” desplumó anga a un pobre “Canario”,new_event,0.6418190661171702,,0,0,0
14792,182,Pedro Juan Digital,"Ronald Acevedo y Luis Guillén: dos nombres, dos trayectorias y una decisión que corresponde a la ciudadanía",new_event,0.17893505356836586,,0,0,0
14793,183,Amambay News,Meteorología anuncia ráfagas de hasta 90 km/h y posterior descenso de temperatura - Amambay News,new_event,0.4596382845849937,,0,0,0
14794,184,Amambay News,"""La gente busca un trabajo digno"": Valenzuela llama a mirar la realidad de quienes buscan oportunidades - Amambay News",new_event,0.02054697742851503,,0,0,0
14795,151,Amambay News,Caen dos sujetos que transportaban más de dos toneladas de marihuana en Bella Vista Norte - Amambay News,existing_event,0.9806452523294267,0.9806452523294267,1,1,1
14796,185,Amambay News,Paraguay duplica las pruebas de VIH y agiliza inicio de los tratamientos en todo el país - Amambay News,new_event,0.6986972413412332,,0,0,0
14797,186,Amambay News,"Accidente fatal en Santa Rita: iba al hospital para buscar a su hijo, volcó y falleció - Amambay News",new_event,,,0,0,0
14798,187,Amambay News,Luqueño se recupera en el rentrée de Lucas Barrios y prolonga la crisis de Recoleta - Amambay News,new_event,0.7276085165657223,,0,0,0
14799,73,Amambay News,Denuncian a candidato colorado a intendente de Yasy Cañy por presunta amenaza de muerte - Amambay News,existing_event,0.9994308248632651,0.9994308248632651,2,2,2
14800,135,Amambay Ahora,Olimpia golea y se enfoca en la cima,existing_event,0.9964269463593904,0.9964269463593904,2,2,2
14801,188,Oviedo Press,Caaguazú golpeó fuerte a Ovetense y quedó a un paso de las semifinales - OviedoPress,new_event,0.040245067166232086,,0,0,0
14802,71,Oviedo Press,La primavera llegará con tormentas y fuertes ráfagas de viento al departamento Caaguazú - OviedoPress,existing_event,0.9931209610178513,0.9931209610178513,3,3,3
14804,189,Concepción al Día,Tamarindo se consagra campeón senior del Rancho La Amistad - Concepción al Día,new_event,0.005644472570943966,,0,0,0
14805,190,Ñanduti,Bonifacio Ríos: “La política es el cáncer de la academia”,new_event,,,0,0,0
14806,147,Ñanduti,"94 meses sin pagar: acumula deuda de G. 58,6 millones por asistencia alimentaria",existing_event,0.9966471096720254,0.9966471096720254,1,1,1
14807,191,Ñanduti,Hombre es imputado tras agredir a su hijastro y arrojar una PlayStation por el balcón,new_event,,,0,0,0
14808,132,Ñanduti,Patria Querida afirma que la visita de Santiago Peña a Delcy Rodríguez en Venezuela “avergüenza” al Paraguay,existing_event,0.9957354581196032,0.9957354581196032,2,2,2
14809,67,ABC Color,El partido de Putin se perfila ganador en elecciones rusas marcadas por ataque ucraniano - Mundo - ABC Color,existing_event,0.9333456453395063,0.9333456453395063,2,2,2
14810,192,Amambay News,Haití extradita a EEUU a sospechosos del magnicidio de Moïse - Amambay News,new_event,0.004243519957816759,,0,0,0
14811,136,Amambay News,El partido de Merz sufre un fracaso sin precedentes en la historia alemana - Amambay News,existing_event,0.9328697289370259,0.9328697289370259,1,1,1
14812,106,QAP Chaco News,Juventud: el potencial que Paraguay debe activar - QAP CHACO NEWS,existing_event,0.9715321970214602,0.9715321970214602,1,1,1
14813,193,Itapúa en Noticias,"CONDUCTOR DIO 0,660 MG/L TRAS BRUTAL CHOQUE EN NUEVA ALBORADA",new_event,0.005947961688319002,,0,0,0
14814,194,ABC Color,Vayan a mi viña - Opinión - ABC Color,new_event,0.36431274869571323,,0,0,0
14815,195,ABC Color,Impunidad vs. abigeato - Opinión - ABC Color,new_event,,,0,0,0
14816,196,ABC Color,Recuerdos ahogados - Opinión - ABC Color,new_event,,,0,0,0
14817,197,ABC Color,Ascensor de oro inservible - Opinión - ABC Color,new_event,,,0,0,0
14846,95,ABC Color,Día de la juventud: Las opciones que propone Senatur para turismo interno - Viajes - ABC Color,existing_event,0.9994742466122233,0.9994742466122233,3,3,3
14953,83,La Tribuna,Bolivia elimina subsidio al diésel,existing_event,0.9967831042295401,0.9967831042295401,1,1,1
14959,198,Megacadena,La lesión que frenó el ingreso de Derlis González,new_event,0.5071491345315281,,0,0,0
14960,145,Megacadena,Ojeda da el triunfo a Luqueño en Itauguá en el regreso de Lucas Barrios como DT,existing_event,0.9666809197796761,0.9666809197796761,1,2,2
14961,135,Megacadena,Olimpia golea 3-0 a San Lorenzo y acecha la cima,existing_event,0.9811782353716262,0.9811782353716262,3,3,3
14962,133,Megacadena,Alfaro abre su segundo ciclo en la Albirroja con 28 convocados,existing_event,0.9192416210710392,0.9192416210710392,1,1,1
15018,199,El Observador,Estas son las pruebas por las cuales un Tribunal condenó a Hugo Javier y Robles - El Observador,new_event,0.001697569743190727,,0,0,0
15258,200,Amambay News,"En alegatos finales en caso Hernán Rivas, Fiscalía cuestiona documentos y testimonios - Amambay News",new_event,0.00481889428240691,,0,0,0
14818,201,ABC Color,Advierten diferencias contables en los registros de fondos públicos en banco - Política - ABC Color,new_event,0.228760604798547,,0,0,0
14819,202,ABC Color,Reunión Asoban-Peña: Dionisio Borda advierte sobre riesgo de concentración y pide preservar la institucionalidad del BCP - Economía - ABC Color,new_event,0.7930216105354404,,0,0,0
14820,203,ABC Color,Día de la Juventud: cómo protegerse del ciberacoso y el grooming - Policiales - ABC Color,new_event,,,0,0,0
14821,106,ABC Color,"Así es la juventud en Paraguay: cuántos son, a qué se dedican y cuál es su realidad, según el INE - Nacionales - ABC Color",existing_event,0.9537903802926293,0.9537903802926293,2,2,2
14822,204,ABC Color,Miguel Prieto: “Honor Colorado está usando al BCP como garrote” - Política - ABC Color,new_event,0.2002332615092714,,0,0,0
14824,205,ABC Color,¿Por qué Sitrande se opone a la creación de un ente regulador y el Ministerio de Energía? - Economía - ABC Color,new_event,0.003504145623775549,,0,0,0
14825,206,ABC Color,Día de la Juventud: hurto y violencia familiar encabezan los delitos cometidos por jóvenes en Paraguay - Nacionales - ABC Color,new_event,0.004412144199060712,,0,0,0
14826,207,ABC Color,Fiebre de flores amarillas por primavera obliga a comerciantes a teñir flores naturales - Nacionales - ABC Color,new_event,0.014422032164768405,,0,0,0
14827,208,ABC Color,Estudiar en el país de los títulos falsos: el amargo contraste de ser joven hoy en Paraguay - Nacionales - ABC Color,new_event,0.005956721729852389,,0,0,0
14828,209,ABC Color,"Vestidos de policías, asaltan vivienda en busca de dinero del accidente aéreo de Prosegur - ABC en el Este - ABC Color",new_event,0.00986098927429298,,0,0,0
14829,210,ABC Color,Exigen al BCP respuestas técnicas ante dudas sobre el sistema financiero - Política - ABC Color,new_event,0.891586923378453,,0,0,0
14830,211,ABC Color,Jubilados advierten que la ley de emergencia del IPS podría volver a beneficiar a los “amigos” de Peña - Política - ABC Color,new_event,0.07000654176957143,,0,0,0
14831,212,ABC Color,Río Paraguay sigue descendiendo en zona de Concepción - Clima - ABC Color,new_event,,,0,0,0
14832,213,ABC Color,Día de la Juventud: un emprendedor que incursiona en la relojería - ABC en el Este - ABC Color,new_event,0.02141819792995575,,0,0,0
14833,202,ABC Color,¿Qué esperan los gremios del BCP ante los cuestionamientos al sistema financiero? - Negocios - ABC Color,existing_event,0.9742742180999892,0.9742742180999892,1,1,1
14834,214,ABC Color,Pargos Tech consolida su expansión con la inauguración de su nuevo Centro de distribución y logística - Negocios - ABC Color,new_event,,,0,0,0
14835,215,ABC Color,Delcy Rodríguez llega a Estados Unidos para participar en la Asamblea General de la ONU - Mundo - ABC Color,new_event,0.02316201664483667,,0,0,0
14836,216,ABC Color,Los hutíes dicen haber atacado “sitios sensibles” en la capital de Arabia Saudita - Mundo - ABC Color,new_event,0.3762130266740547,,0,0,0
14837,217,ABC Color,"Francia considera ""real y documentada"" la amenaza de guerra híbrida rusa - Mundo - ABC Color",new_event,0.04810588629059008,,0,0,0
14838,218,ABC Color,Presidente de Irán viajará a Nueva York para la Asamblea de la ONU en plena guerra - Mundo - ABC Color,new_event,0.017069979456808687,,0,0,0
14839,219,ABC Color,Pakistán eleva a 50 los muertos en el atentado del viernes contra complejo policial - Mundo - ABC Color,new_event,0.003502051235035681,,0,0,0
14840,84,ABC Color,China confirma que Xi Jinping visitará EE.UU. esta semana - Mundo - ABC Color,existing_event,0.8543619836740722,0.8543619836740722,2,2,2
14841,220,ABC Color,Alitas de pollo y tartas en órbita: China estrena “air fryer” espacial - Ciencia - ABC Color,new_event,,,0,0,0
14842,221,ABC Color,¿Se puede prevenir el Alzhéimer? Esto es lo que realmente sabemos - Ciencia - ABC Color,new_event,,,0,0,0
14843,222,ABC Color,Irlanda multa a Google por tratar de forma irregular datos de ubicación - Tecnología - ABC Color,new_event,,,0,0,0
14845,223,ABC Color,Cómo ganarse la confianza de un gato: qué gestos funcionan según la ciencia - Mascotas - ABC Color,new_event,,,0,0,0
14847,224,ABC Color,"Murió Presley Gerber, hijo de la modelo estadounidense Cindy Crawford - Gente - ABC Color",new_event,,,0,0,0
14848,225,ABC Color,Punto Farma celebra 25 años con récord de corredores: 6161 - Sociales - ABC Color,new_event,0.0019905682845482785,,0,0,0
14849,226,ABC Color,¡Fátima Fernández Mercado ya pasó al club de las casadas! - Gente - ABC Color,new_event,0.12441222198379523,,0,0,0
14851,227,ABC Color,Accidente en J. Augusto Saldívar: conductor de 42 años falleció en un choque frontal - Policiales - ABC Color,new_event,0.003897696504220142,,0,0,0
14852,228,ABC Color,Lunes con tormentas en Paraguay: ¿Hasta qué día va a llover y cuándo volverá el fresco? - Clima - ABC Color,new_event,0.8981623642555482,,0,0,0
14853,229,ABC Color,Capiatá: hombre mató a tiros a joven por cruzar su cancha de vóley - Policiales - ABC Color,new_event,0.8877419683365015,,0,0,0
14854,230,ABC Color,"Video: ebrio y sin licencia, chocó cuatro veces y terminó incrustado en una señal en Luque - Policiales - ABC Color",new_event,0.004897520660780704,,0,0,0
14855,231,Última Hora,Fretes enfrentará días de reclamos por reajuste y reducción horaria,new_event,0.33578309394464545,,0,0,0
14856,232,Última Hora,Alliana asume mando en ausencia de Peña y en plena crisis en HC,new_event,0.5566438022909673,,0,0,0
14857,233,Última Hora,"La primavera es recibida con calor, lluvias y un posterior descenso",new_event,0.7653896449018508,,0,0,0
14858,234,Última Hora,"Lo que tenés que saber: Iglesia critica omisión, venezolanos contra Peña y visitas sorpresas de Fretes",new_event,0.1331860260473119,,0,0,0
14859,235,Última Hora,"PGN 2027: Advierten de más gasto y deuda, con menor margen fiscal",new_event,0.2682100897044946,,0,0,0
14860,236,Última Hora,"Pagaron hasta el último grano, afirman; igual quedaron sin casa",new_event,0.0017732261047244766,,0,0,0
14861,237,Última Hora,Mercado laboral demanda mayor formación en uso de IA y finanzas,new_event,,,0,0,0
14862,238,Última Hora,El gran negocio de la marihuana se expande en las áreas protegidas,new_event,0.0046469350001507115,,0,0,0
14863,239,Última Hora,No hay observadores nacionales para municipales y sugieren ley,new_event,0.02146360615328924,,0,0,0
14864,240,Última Hora,IPS: Fallas en farmacias dejaron sin rastrear salida de fármacos,new_event,,,0,0,0
14865,222,Última Hora,Irlanda multa a Google con 403 millones de euros por el tratamiento de datos de ubicación,existing_event,0.9986144559038918,0.9986144559038918,1,1,1
14866,241,Última Hora,"El Papa se verá con Milei, visitará una cárcel y oficiará misa multitudinaria en Argentina",new_event,0.0011437968031676848,,0,0,0
14867,136,Última Hora,Ultraderecha alemana triunfa otra vez y deja casi nocaut al Gobierno,existing_event,0.950124864785078,0.950124864785078,2,2,2
14868,216,Última Hora,Ataques hutíes contra Arabia Saudí propician “escalada peligrosa”,existing_event,0.9064400178480243,0.9064400178480243,1,1,1
14869,136,Última Hora,Canciller Merz se aferra al poder tras grave debacle electoral,existing_event,0.990472930603133,0.990472930603133,1,3,3
14870,242,Última Hora,Filizzola cuestiona Hambre Cero y denuncia uso político de recursos,new_event,0.009264324122121938,,0,0,0
14871,106,Última Hora,"Juventud, trabajo decente, cultura y compromiso con las nuevas generaciones",existing_event,0.8332826360536546,0.8332826360536546,2,3,3
14872,243,Última Hora,Esposa de menonita alega que causa de trata en Bolivia sería una maniobra para separar a la pareja,new_event,,,0,0,0
14873,227,Última Hora,Violento choque frontal deja un fallecido en J. Augusto Saldívar,existing_event,0.9683854574994769,0.9683854574994769,1,1,1
14874,140,Última Hora,Jóvenes denuncian injusticias y reclaman oportunidades reales,existing_event,0.9902735850361639,0.9902735850361639,1,1,1
14875,244,Última Hora,Parlamentarios están expectantes ante la sentencia en el caso Rivas,new_event,0.21789522625098018,,0,0,0
14876,245,Última Hora,Senador retruca a TSJE y denuncia que tocó máquinas sin avisar,new_event,0.017472176050935324,,0,0,0
14877,246,Última Hora,Incendios destapan desidia comunal con bomberos pese a cobro de tasa,new_event,,,0,0,0
14878,247,Última Hora,"Juego, deporte y ciencia",new_event,0.008336171773751629,,0,0,0
14879,248,Última Hora,Necesidad del estudio socioambiental,new_event,,,0,0,0
14880,249,Última Hora,La metamorfosis del poder,new_event,0.15769541947539997,,0,0,0
14881,250,Última Hora,La fragilidad del equilibrio: Peña entre el cartismo y la crisis,new_event,0.2905295491539804,,0,0,0
14882,251,Última Hora,"San Mateo, apóstol y evangelista",new_event,,,0,0,0
14883,252,Última Hora,Dinelco amplía las opciones de pago para comercios con su nueva campaña,new_event,,,0,0,0
14884,253,Última Hora,"Muere a los 27 años el modelo Presley Gerber, hijo de Cindy Crawford",new_event,0.852842878095741,,0,0,0
14885,254,Última Hora,2007 Oniria celebra su primer galardón,new_event,0.004526854122935791,,0,0,0
14886,255,Última Hora,"Latele cumple 18 años de historia, renovando y estrenando casa",new_event,0.025790024803126595,,0,0,0
14887,256,Última Hora,Lynk & Co lanza la nueva 08 PHEV,new_event,,,0,0,0
14888,257,La Nación,La Nación / Santiago Peña inicia intensa agenda en Nueva York antes del debate en la ONU,new_event,0.009666426493776713,,0,0,0
14889,258,La Nación,La Nación / Cecilia Cubas: a 22 años del secuestro de la primera víctima fatal del EPP,new_event,,,0,0,0
14890,259,La Nación,La Nación / Municipales: arranca notificación de miembros de mesa y despliegue de kits electorales,new_event,0.7078794650613215,,0,0,0
14891,260,La Nación,"La Nación / Generar empleos de calidad es clave para aprovechar fuerza laboral joven, afirman",new_event,0.07701424908494553,,0,0,0
14892,24,La Nación,"Diario La Nación Edición impresa, 21 de setiembre de 2026",existing_event,0.9993222926497787,0.9993222926497787,1,1,1
14893,245,La Nación,La Nación / TSJE responde a senador liberal: pedir auditoría a estas alturas es “impensado”,existing_event,0.9808328887365649,0.9808328887365649,1,1,1
14894,261,La Nación,La Nación / Un paso más hacia la digitalización: BCP pone en marcha el CDA-d desde este lunes,new_event,0.8817783260727902,,0,0,0
14895,262,La Nación,La Nación / La Municipalidad de Asunción invita a una jornada para jóvenes,new_event,0.012434048997132744,,0,0,0
14896,57,La Nación,La Nación / Baruja ratifica la potestad de Alliana para la elección de su dupla tras las municipales,existing_event,0.9532701572830747,0.9532701572830747,1,1,1
14897,133,La Nación,La Nación / Se inicia un nuevo ciclo,existing_event,0.976442603958247,0.976442603958247,2,2,2
14898,263,La Nación,La Nación / Exnovia de Prieto colaboró con 4 proveedores falsos en caso Tía Chela,new_event,0.002684958115815835,,0,0,0
14899,264,La Nación,"La Nación / Paraguay, el segundo con mayor crecimiento turístico",new_event,0.006067886437730369,,0,0,0
14900,265,La Nación,La Nación / La primavera arranca con ambiente cálido a caluroso y lluvias,new_event,0.7364711491574124,,0,0,0
14901,266,La Nación,La Nación / Costas le ve mucho mejor a su equipo,new_event,0.7106757982562354,,0,0,0
14902,267,La Nación,La Nación / El drama español “La Bola Negra” se consagra en el Festival de Toronto,new_event,,,0,0,0
14903,268,NPY,Choque frontal en J. Augusto Saldívar deja un fallecido y a una familia que exige esclarecer el caso,new_event,0.7997757731167096,,0,0,0
14904,269,5Días,Principales Empresas Adjudicadas en Licitaciones Públicas – Semana del 14 al 20 de septiembre de 2026,new_event,,,0,0,0
14905,270,5Días,Municipalidades con Mayor Monto Adjudicado en Paraguay – Semana del 14 al 20 de septiembre de 2026,new_event,0.007685467871610332,,0,0,0
14906,271,5Días,Gobernaciones con Adjudicaciones – Semana del 14 al 20 de septiembre de 2026,new_event,0.059435615150824204,,0,0,0
14907,272,5Días,Top Convocantes con Mayor Monto Adjudicado – Semana del 14 al 20 de septiembre de 2026,new_event,0.0785760055814052,,0,0,0
14908,273,5Días,Stephania Stegman representa a Paraguay junto a H&M en Londres,new_event,,,0,0,0
14909,274,5Días,"Inflación, empleo y deuda marcarán la economía argentina en 2027",new_event,0.0058384866627382735,,0,0,0
14910,275,5Días,"Alertas sobre ueno no prueban incumplimientos de la Ley, señala economista",new_event,0.07997779006785884,,0,0,0
14911,276,5Días,"La ONU encara una semana clave entre guerras, inteligencia artificial y Trump",new_event,0.19377391267074529,,0,0,0
14912,277,5Días,El FC Barcelona asumirá otros US$ 580 millones para terminar el Camp Nou,new_event,,,0,0,0
14913,222,5Días,Google enfrenta una sanción de US$462 millones por rastrear ubicaciones,existing_event,0.8105673983103819,0.8105673983103819,2,2,2
14914,278,5Días,"El 28,5% de los trabajadores paraguayos tiene entre 15 y 29 años",new_event,0.7577264577026775,,0,0,0
14915,279,5Días,Europa debate cómo competir en IA frente a EE.UU.,new_event,0.008699420681720518,,0,0,0
14916,280,5Días,Comprar antes de que exista: cómo funciona hoy la inversión en pozo en Paraguay,new_event,0.006758077374899847,,0,0,0
14917,281,5Días,Del trabajo al entrenamiento: Santo Pilates lleva su propuesta de bienestar a Paseo La Galería,new_event,,,0,0,0
14918,282,5Días,BCP pone en marcha los certificados de depósito digitales,new_event,0.8852620205147423,,0,0,0
14919,283,El Independiente,RELACIONES HUMANAS Y REFLEXIONES,new_event,,,0,0,0
14920,257,El Independiente,Peña tiene ocho encuentros económicos antes del debate de Naciones Unidas,existing_event,0.9874943226991907,0.9874943226991907,1,1,1
14921,106,El Independiente,Paraguay enfrenta una brecha juvenil marcada por baja cobertura médica y desigualdad rural,existing_event,0.9666122493594859,0.9666122493594859,3,4,4
14922,71,El Independiente,Asunción llegará a 34 °C antes de las lluvias y el descenso de temperatura,existing_event,0.9885605897220882,0.9885605897220882,4,4,4
14923,284,El Independiente,3×3 lunes 21de septiembre del 2026 por Benjamín Fernández Bogado,new_event,0.002959830847514018,,0,0,0
14924,285,El Independiente,EDUCACIÓN Y LLAMADAS DE ATENCIÓN,new_event,,,0,0,0
14925,286,El Independiente,LA PACIENCIA Y SUS VENTAJAS,new_event,,,0,0,0
14926,287,Resumen de Noticias,Conductor alcoholizado atropelló a peatón y huyó en Luque,new_event,0.7863878819496294,,0,0,0
14927,288,Resumen de Noticias,Transferencia por error: alertan sobre maniobra delictiva,new_event,,,0,0,0
14928,243,Resumen de Noticias,"Huyó con su novio menonita, se casaron y ahora él está detenido",existing_event,0.9766066167227352,0.9766066167227352,1,1,1
14929,207,Resumen de Noticias,Mercado 4: alta demanda obliga a teñir flores naturales,existing_event,0.996192258745707,0.996192258745707,1,1,1
14930,231,Resumen de Noticias,Fretes enfrenta reclamos salariales y protestas en Salud,existing_event,0.9847902151379773,0.9847902151379773,1,1,1
14931,133,Resumen de Noticias,Primera lista de Gustavo Alfaro en la Albirroja tras renovar,existing_event,0.9481726590166155,0.9481726590166155,3,3,3
14932,289,Resumen de Noticias,Primavera y juventud: una tradición que une a Paraguay,new_event,0.03334753690215717,,0,0,0
14933,290,Resumen de Noticias,Lluvias y descenso de temperatura marcan el lunes,new_event,0.7908411845322738,,0,0,0
14934,227,Resumen de Noticias,Choque frontal en J. Augusto Saldívar deja un fallecido,existing_event,0.9926664276540953,0.9926664276540953,2,2,2
14935,291,adn,"Jóvenes enfrentan informalidad y carreras saturadas al buscar su primer empleo, afirman - ADN Digital",new_event,0.47734468597675517,,0,0,0
14936,292,adn,Trabajadores de salud piden 50% de aumento y cifran reclamo en USD 103 millones - ADN Digital,new_event,0.673842267641428,,0,0,0
14937,54,adn,Acevedo destaca importancia económica del acercamiento entre Paraguay y Venezuela - ADN Digital,existing_event,0.8381825669073685,0.8381825669073685,2,3,4
14938,293,adn,PLRA prepara su TEI de cara al 2028 - ADN Digital,new_event,0.5468983469365098,,0,0,0
14939,294,adn,Subasta pública de bienes incautados se realizará el próximo jueves - ADN Digital,new_event,0.0024370618967405047,,0,0,0
14940,295,adn,"Con 5 mil mujeres, Camilo festejó el inicio de la primavera - ADN Digital",new_event,0.19914209830747706,,0,0,0
14941,296,adn,Juicio a Hernán Rivas se reanuda hoy con los alegatos finales de la Fiscalía - ADN Digital,new_event,0.49632944685028096,,0,0,0
14942,257,adn,Peña cumple agenda empresarial en Nueva York antes de la Asamblea de la ONU - ADN Digital,existing_event,0.9983634920946541,0.9983634920946541,2,2,2
14943,297,La Tribuna,Excanciller analiza acercamiento entre Paraguay y Venezuela,new_event,0.6911834544612977,,0,0,0
14944,298,La Tribuna,Así piensa y vive la nueva generación joven,new_event,0.33909967544701336,,0,0,0
14945,299,La Tribuna,INAT aclara mitos de la donación de médula ósea para sumar voluntarios,new_event,,,0,0,0
14946,300,La Tribuna,Sistema de salud realiza 371.000 pruebas de VIH al año en Paraguay,new_event,0.8626866324908175,,0,0,0
14947,301,La Tribuna,¿Qué esperar de la Asamblea General de la ONU? Nueva York recibe a los líderes globales,new_event,0.03273747127204359,,0,0,0
14948,302,La Tribuna,Ganaderos evalúan fin de vacunación contra fiebre aftosa,new_event,,,0,0,0
14949,136,La Tribuna,"La derecha avanza con AfD en Alemania, aunque sigue lejos de poder gobernar",existing_event,0.9851662490768289,0.9851662490768289,2,3,4
14950,303,La Tribuna,México: feminicidios ocultos y miles de mujeres aún desaparecidas,new_event,0.0009491700383062775,,0,0,0
14951,304,La Tribuna,"Trump amenaza con destruir Irán, pero abre la puerta a un acuerdo",new_event,0.3478781754536947,,0,0,0
14952,84,La Tribuna,China busca con EE.UU. salvar la tregua antes de la cumbre Xi-Trump en Washington,existing_event,0.9436873998639443,0.9436873998639443,3,3,3
14954,305,Megacadena,Rescatan a dos paraguayas en Perú que fueron engañadas con falsas ofertas de trabajo,new_event,0.04414223783482187,,0,0,0
14955,306,Megacadena,Líderes mundiales se reúnen en Nueva York para la asamblea de la ONU con las guerras e inteligencia artificial en la agenda,new_event,0.8117591611594047,,0,0,0
14956,307,Megacadena,Putin amplía su control del Parlamento ruso tras una elección cuestionada internacionalmente,new_event,0.781331882634682,,0,0,0
14957,84,Megacadena,EEUU califica de exitosa reunión con China sobre IA y comercio,existing_event,0.9555020419321869,0.9555020419321869,3,4,4
14958,308,Megacadena,Ronaldo Martínez brilla con un doblete y Vélez mantiene su invicto en Argentina,new_event,0.01887448554913247,,0,0,0
14963,309,Megacadena,Sin licencia y alcoholizado: Chofer con antecedentes queda preso tras chocar 4 veces en Luque,new_event,0.8174009922638781,,0,0,0
14964,310,Megacadena,"Falta de futuro, poco diálogo y menos oportunidades: psiquiatra explica por qué empeora la salud mental juvenil",new_event,,,0,0,0
14965,296,Megacadena,Fiscalía inicia alegatos finales y asegura que acusación contra Hernán Rivas quedó acreditada,existing_event,0.9010485217468649,0.9010485217468649,1,1,1
14966,311,Megacadena,Cámara mantiene prisión preventiva de fisioterapeuta imputado por supuesto abuso en niños indefensos,new_event,,,0,0,0
14967,209,Megacadena,Asalto tipo comando en Minga Guazú: golpearon a un hombre y se llevaron millonario botín,existing_event,0.9908924977971361,0.9908924977971361,1,1,1
14968,312,Megacadena,Ministra admite el primer empleo sigue siendo un desafío y apuntan a más oportunidades para jóvenes,new_event,0.2906560095042834,,0,0,0
14969,313,Megacadena,Detienen a hombre armado con varios antecedentes en Areguá,new_event,0.005811886328494581,,0,0,0
14970,151,Megacadena,Incautan más de dos toneladas de marihuana y detienen a dos personas en Bella Vista Norte,existing_event,0.9877307692256071,0.9556623268200702,2,2,2
14971,314,Megacadena,Del mango a la tela: investigadora paraguaya desarrolla biomateriales para la industria textil,new_event,,,0,0,0
14972,315,Megacadena,"""Resident Evil"" arrasa en taquilla y logra el mejor estreno de la saga",new_event,,,0,0,0
14973,316,Megacadena,El agujero en la capa de ozono sobre la Antártida registró su menor extensión en 20 años,new_event,,,0,0,0
14974,317,Popular,Popular / Poli de la Caminera ligó sapatu plantilla râicha,new_event,0.006747509098912563,,0,0,0
14975,318,Popular,Popular / Más personas ikatuma oñemoi vacuna antidengue,new_event,,,0,0,0
14976,209,Popular,Popular / Falsos polis asaltan a mecánico y le revientan la cabeza hógape,existing_event,0.9433044658296652,0.9433044658296652,1,2,2
14977,319,Popular,Popular / Oiko ñemenda guasu de 95 parejas,new_event,0.0074715540442940025,,0,0,0
14978,226,Popular,Popular / (GALERÍA) ¡Se casó la actriz Fátima Fernández!,existing_event,0.9479285591855513,0.9479285591855513,1,1,1
14979,320,Popular,"Popular / (VIDEO) ¡Periodista trató de ""jugador de cristal"" y ""planillero"" a Blas Riveros!",new_event,,,0,0,0
14980,321,Popular,Popular / 80% de llamadas al 911 son bromas o descuidos jeko,new_event,0.8099515185480336,,0,0,0
14981,136,Diario Paraguayo Noticias,Ultraderecha alemana triunfa otra vez y deja casi nocaut al Gobierno | Diario Paraguayo,existing_event,0.9999692847957754,0.9999692847957754,4,5,5
14982,136,Diario Paraguayo Noticias,Canciller Merz se aferra al poder tras grave debacle electoral | Diario Paraguayo,existing_event,0.9996693829467788,0.9996693829467788,2,5,6
14983,216,Diario Paraguayo Noticias,Ataques hutíes contra Arabia Saudí propician “escalada peligrosa” | Diario Paraguayo,existing_event,0.9998633755977028,0.9998633755977028,2,2,2
14984,233,Diario Paraguayo Noticias,"La primavera es recibida con calor, lluvias y un posterior descenso | Diario Paraguayo",existing_event,0.9514528458296673,0.9514528458296673,1,1,1
14985,234,Diario Paraguayo Noticias,"Lo que tenés que saber: Iglesia critica omisión, venezolanos contra Peña y visitas sorpresas de Fretes | Diario Paraguayo",existing_event,0.993795209644173,0.993795209644173,1,1,1
14986,252,Diario Paraguayo Noticias,Dinelco amplía las opciones de pago para comercios con su nueva campaña | Diario Paraguayo,existing_event,0.9985019939255592,0.9985019939255592,1,1,1
14987,227,Diario Paraguayo Noticias,Violento choque frontal deja un fallecido en J. Augusto Saldívar | Diario Paraguayo,existing_event,0.9976776071392289,0.9976776071392289,3,3,3
14988,57,Diario Paraguayo Noticias,Baruja ratifica la potestad de Alliana para la elección de su dupla tras las municipales | Diario Paraguayo,existing_event,0.9982610021006877,0.9982610021006877,2,2,2
14989,245,Diario Paraguayo Noticias,TSJE responde a senador liberal: pedir auditoría a estas alturas es “impensado” | Diario Paraguayo,existing_event,0.9993892901889581,0.9993892901889581,2,2,2
14990,261,Diario Paraguayo Noticias,Un paso más hacia la digitalización: BCP pone en marcha el CDA-d desde este lunes | Diario Paraguayo,existing_event,0.9997469791384777,0.9997469791384777,1,1,1
14991,260,Diario Paraguayo Noticias,"Generar empleos de calidad es clave para aprovechar fuerza laboral joven, afirman | Diario Paraguayo",existing_event,0.9996981576018208,0.9996981576018208,1,1,1
14992,322,Diario Paraguayo Noticias,Tecnología para no perder margen: así se prepara la agroindustria de Alto Paraná para una nueva campaña | Diario Paraguayo,new_event,,,0,0,0
14993,323,Diario Paraguayo Noticias,Expo Paraguay Brasil 2026: US$ 1.000M en negocios | Diario Paraguayo,new_event,0.0072266845823242476,,0,0,0
14994,133,Diario Paraguayo Noticias,Convocatoria de Paraguay para amistosos ante Bolivia y Colombia | Diario Paraguayo,existing_event,0.9997184801095185,0.9997184801095185,4,4,4
14995,135,Diario Paraguayo Noticias,Olimpia logra victoria y se acerca a la cima | Diario Paraguayo,existing_event,0.993632533117377,0.993632533117377,4,4,4
14996,145,Diario Paraguayo Noticias,Luqueño vence a Recoleta en fecha 11 del Clausura | Diario Paraguayo,existing_event,0.9487530082417921,0.9487530082417921,3,3,3
14997,262,Diario Paraguayo Noticias,La Municipalidad de Asunción invita a una jornada para jóvenes | Diario Paraguayo,existing_event,0.9997350177762904,0.9997350177762904,1,1,1
14998,233,Diario Paraguayo Noticias,Primavera inicia con clima cálido y lluvias | Diario Paraguayo,existing_event,0.9815188441776386,0.8842429736436023,2,2,2
14999,84,Diario Paraguayo Noticias,EE. UU. y China establecen diálogo sobre IA | Diario Paraguayo,existing_event,0.9787953884413587,0.9787953884413587,4,4,5
15000,159,Diario Paraguayo Noticias,"Economía de Irán se contrae 10,1 % en primer trimestre | Diario Paraguayo",existing_event,0.9781360483799822,0.9781360483799822,1,1,1
15001,324,Diario Paraguayo Noticias,Disponibilidad tecnológica: estrategia empresarial clave | Diario Paraguayo,new_event,0.0009471499881683239,,0,0,0
15002,243,Extra,"Huyó con su novio menó, se casaron, pero los padres le mandaron apresar",existing_event,0.991284681715359,0.991284681715359,2,2,2
15003,325,Extra,Rajan a funebreros que hicieron vivo en TikTok mostrando los pies de un finado,new_event,0.8933639930418418,,0,0,0
15004,209,Extra,Falsos policías entraron a la casa de un mecánico y llevaron sus ahorros,existing_event,0.9450421713203822,0.9450421713203822,3,3,3
15005,326,Extra,Iba al hospital a ver a su hijo accidentado y murió calcinado,new_event,0.8813986822228973,,0,0,0
15006,327,Extra,Renuncian o trabajan “en negro” con tal de no pagar la prestación,new_event,,,0,0,0
15007,328,Extra,¡Descontrol! Aspirantes a policía salieron de farra y volvieron apintonadas,new_event,0.004283174078591697,,0,0,0
15008,191,Extra,Agredió a su familia y tiró la Play de su hijastro desde el balcón,existing_event,0.9843398048461206,0.9843398048461206,1,1,1
15009,133,Extra,Alfaro llama a 5 caras nuevas en la Absoluta,existing_event,0.8855430110826273,0.870611806142394,2,5,5
15010,329,Extra,“Me hizo escándalo por seguirle a una chica en el Instagram”,new_event,,,0,0,0
15011,330,Crónica,[VIDEO] ¡No puede seeeeer! ¿Por qué “Vitamina” se agarró con la hinchada?,new_event,0.7853838746112755,,0,0,0
15012,331,Crónica,"Y hablando de primavera… “esta florcita no está para cualquier jardinero”, disparó",new_event,0.12631088091729267,,0,0,0
15013,308,Crónica,[VÍDEO] ¡Haihue! Ronaldo Martínez convirtió un doblete con Vélez,existing_event,0.976226411339206,0.976226411339206,1,1,1
15014,332,Crónica,Atendé lo que Ana Laura prefiere en lugar de flores amarillas 🍺,new_event,0.07030633414094364,,0,0,0
15015,333,Crónica,"“Vamos con todo”, he’í Aliseda",new_event,0.4433823465719347,,0,0,0
15016,334,El Observador,Corte tomó juramento a 344 abogados de la Sudamericana y 77 se recibieron en 3 años - El Observador,new_event,0.20369735075109233,,0,0,0
15017,335,El Observador,Ex ujier acusado en caso mafia de pagarés figura en la lista de los “abogados exprés” - El Observador,new_event,0.35623023079985544,,0,0,0
15019,336,La Clave,Brasil vuelve a exhibir fuerza en la frontera con siete aeronaves militares – Diario La Clave,new_event,,,0,0,0
15020,337,La Clave,Policías “gatillo fácil” condenados por homicidio de pareja no pisarán la cárcel – Diario La Clave,new_event,,,0,0,0
15021,338,La Clave,Candidatos copan CDE con carteles y la comuna tendrá que limpiar el desorden – Diario La Clave,new_event,0.32014269944608553,,0,0,0
15022,339,La Clave,CEVIMA SA sigue con la explotación laboral en IPS de CDE y se burla de las autoridades – Diario La Clave,new_event,,,0,0,0
15023,340,CDE Hot,"Inicio de primavera soleado, luego lluvia y descenso de la temperatura",new_event,0.5510112697557091,,0,0,0
15024,341,Ahora CDE,HAMBRE CERO: Padres EXIGEN a gobernador LANDY TORRES garantías sobre la CALIDAD del almuerzo escolar,new_event,0.2275439156724354,,0,0,0
15025,342,Ahora CDE,Detienen a conductor tras embestir una patrullera durante operativo por polución sonora,new_event,0.013275175416207211,,0,0,0
15026,343,Ahora CDE,Candidatura de ROYA TORRES se HUNDE en el LODO de la CORRUPCIÓN que formó su esposo en la comuna de Presidente Franco.,new_event,0.014015990661494745,,0,0,0
15027,209,Ahora CDE,Encapuchados armados asaltan una vivienda y exigen dinero vinculado al accidente aéreo de Prosegur,existing_event,0.9938848872065705,0.9938848872065705,4,4,4
15028,344,Ahora CDE,CORRUPCION en SANTA RITA: Edgar Torres habría USADO COMBUSTIBLE de la municipalidad para INTERNAS del Partido Colorado,new_event,0.004216190548000104,,0,0,0
15029,345,Ahora CDE,Una “PERDIDA” diputada defiende al corrupto Clan Prieto con MENTIRAS sobre el Puente de la Integración.,new_event,0.0011383681590990372,,0,0,0
15030,346,Ahora CDE,Sportivo Luqueño vence 1-0 a Recoleta FC y cierra la primera rueda del Clausura con un respiro,new_event,0.670547467027106,,0,0,0
15031,347,Ahora CDE,Llegó la primavera: por qué el 21 de septiembre se regalan flores amarillas y qué significa recibirlas,new_event,0.03933343374735366,,0,0,0
15032,348,Ahora CDE,El ingreso de la primavera llega acompañado por un frente frío que provocará tormentas severas y marcado descenso térmico,new_event,0.8568273752856181,,0,0,0
15033,186,TN Press,"Padre de familia iba a buscar a su hijo del Hospital, y muere al volcar con su vehículo",existing_event,0.9982728935564905,0.9982728935564905,1,1,1
15034,349,TN Press,"Trabajador muere arrollado por vehículo que no detuvo la marcha, en Mallorquín",new_event,0.007947886519975382,,0,0,0
15035,350,TN Press,"Capturan a alias “Pantorcho” con 11 dosis de crack, en el barrio San Vicente de Paul",new_event,0.019426067603375795,,0,0,0
15036,351,TN Press,Motociclista muere en Minga Guazú al chocar contra una columna en medio de fuerte lluvia,new_event,0.005709682682136432,,0,0,0
15037,191,TN Press,Imputan a cobarde que agredió a su pareja con bebé en brazos y golpeó a su hijastro de 13 años,existing_event,0.9868300368901853,0.9868300368901853,2,2,2
15038,352,TN Press,Persecución policial termina con un chofer borracho detenido en el centro de Minga G.,new_event,0.072714709349575,,0,0,0
15039,353,TN Press,"Brasileña intentó hurtar una escalera de su ex patrón en Bo. Obrero, y quedó detenida",new_event,0.00300798752997041,,0,0,0
15040,354,TN Press,Más de 1.350 servicios brindados durante el Día de Gobierno en la Calle 12 Acaray,new_event,0.00238909159076919,,0,0,0
15041,355,TN Press,El compromiso de la juventud hará florecer al Paraguay,new_event,0.20082425777765098,,0,0,0
15042,356,Noticias CDE,LAS PUERTAS DEL AGUA: CÓMO TE HIDRATAS POR DENTRO,new_event,,,0,0,0
15043,357,Noticias CDE,LA FIBRA SOLUBLE Y SU IMPACTO EN LA SALUD DIGESTIVA,new_event,,,0,0,0
15044,358,Noticias CDE,MUJERES DEJEN DE ESTAR USANDO LA INTIMIDAD CÓMO CASTIGO,new_event,,,0,0,0
15045,359,Noticias CDE,DORMIR MAL AFECTA LA FORMA EN QUE PROCESAMOS LA GLUCOSA,new_event,,,0,0,0
15046,360,Noticias CDE,EL DENARIO DIEZMO DE LA POLITIQUERÍA PARAGUAYA,new_event,0.027244321086771873,,0,0,0
15047,151,Amambay Digital,Dos detenidos tras operativo que permitió incautar más de 2 toneladas de marihuana en Bella Vista Norte,existing_event,0.969800006670076,0.9613162446289191,3,3,3
15048,233,Amambay News,"La primavera es recibida con calor, lluvias y un posterior descenso - Amambay News",existing_event,0.9929551784837845,0.9929551784837845,2,2,3
15049,361,Amambay News,Luis Fernando Camacho jura como embajador de Bolivia en Paraguay y promete impulsar salida al mar por Puerto Busch - Amambay News,new_event,0.01585460233199148,,0,0,0
15050,362,Amambay News,Odontólogo fue detenido por realizar maniobras peligrosas en PJC - Amambay News,new_event,0.01746905601855229,,0,0,0
15051,363,Amambay News,Aprehenden a funcionario público denunciado por violencia familiar en PJC - Amambay News,new_event,0.021116379331692345,,0,0,0
15052,364,Amambay Ahora,Aprehenden a un odontólogo por maniobras peligrosas,new_event,0.8852320165508663,,0,0,0
15053,365,Amambay Ahora,Una camioneta vuelca tras impactar contra una columna de la ANDE,new_event,0.01013893382854846,,0,0,0
15054,366,Amambay Ahora,Un motociclista muere tras chocar contra un cono de señalización en Cerro Corá,new_event,0.12491746555569677,,0,0,0
15055,367,Amambay Ahora,Mariscal Estigarribia e Independiente avanzan a la final en la Liga Deportiva del Amambay 2026,new_event,0.025302321773309797,,0,0,0
15056,215,Amambay Ahora,Delcy Rodríguez llega a Estados Unidos para participar en la Asamblea General de la ONU,existing_event,0.999490404311072,0.999490404311072,1,1,1
15057,245,Amambay Ahora,Senador retruca a TSJE y denuncia que tocó máquinas sin avisar,existing_event,0.9989852522361706,0.9989852522361706,3,3,3
15058,233,Amambay Ahora,"La primavera es recibida con calor, lluvias y un posterior descenso",existing_event,0.992662781996778,0.992662781996778,3,4,4
15059,68,Oviedo Press,Asesinan a periodista y candidata a gobernadora durante un acto de campaña en Perú - OviedoPress,existing_event,0.9353572787226201,0.9353572787226201,1,1,1
15060,135,Oviedo Press,Olimpia queda a un punto de Libertad encendiendo el Clausura antes del clásico blanco y negro - OviedoPress,existing_event,0.9509240492631595,0.9509240492631595,4,5,5
15061,133,Oviedo Press,Alfaro da a conocer la lista de 28 convocados para el nuevo ciclo de la Albirroja - OviedoPress,existing_event,0.9936540071612266,0.9936540071612266,5,5,6
15062,368,Oviedo Press,Gobernación del Caaguazú lanza programa para apoyar a jóvenes emprendedores del departamento - OviedoPress,new_event,0.008372811134343214,,0,0,0
15063,369,Oviedo Press,Ocho hinchas de Olimpia dieron positivo al alcotest durante operativo en el Defensores - OviedoPress,new_event,0.01768834441249973,,0,0,0
15064,54,Oviedo Press,Peña se reúne con Delcy Rodríguez y abre camino para retomar relaciones con Venezuela - OviedoPress,existing_event,0.9925526694652488,0.9925526694652488,5,5,5
15065,370,Oviedo Press,"Pedido de indulto para Hugo Javier se vuelve viral, pero su abogado admite que aún no reúne los requisitos - OviedoPress",new_event,,,0,0,0
15066,371,Oviedo Press,Jonathan Fabbro pide regresar a Paraguay para cumplir el resto de su condena - OviedoPress,new_event,0.010290339653783035,,0,0,0
15067,64,Oviedo Press,Operativos en Brasil dejan cuatro paraguayos detenidos y más de 3.400 kilos de marihuana - OviedoPress,existing_event,0.9541141522394619,0.9541141522394619,1,1,1
15068,372,Oviedo Press,Más de 25.000 personas fueron deportadas por EEUU a terceros países - OviedoPress,new_event,0.004209276469361001,,0,0,0
15069,373,Caazapa Ahora,"Esperanza, belleza y talento que brillan en las Olimpiadas Estudiantiles",new_event,,,0,0,0
15070,374,Caazapa Ahora,Pilar reunió a jóvenes artistas en la XXXII edición del Festival del País,new_event,0.0011533567339470645,,0,0,0
15071,375,QAP Chaco News,PGN 2027: más gasto bajo presión fiscal - QAP CHACO NEWS,new_event,0.7230169961036235,,0,0,0
15072,54,QAP Chaco News,Paraguay y Venezuela reabren el diálogo - QAP CHACO NEWS,existing_event,0.9864675948015174,0.9864675948015174,5,5,6
15073,376,Concepción al Día,Faenan una vaca preñada en estancia de San Carlos del Apa - Concepción al Día,new_event,0.056614934184510884,,0,0,0
15074,377,Concepción al Día,Aparatoso vuelco sobre la ruta PY22 deja un herido en Concepción - Concepción al Día,new_event,0.05437450931818223,,0,0,0
15075,378,Concepción al Día,Vehículo vuelca sobre la ruta PY05 y deja dos personas heridas - Concepción al Día,new_event,0.4406491830129535,,0,0,0
15076,377,Concepción al Día,Automóvil vuelca sobre la ruta PY22 y conductor resulta herido - Concepción al Día,existing_event,0.9957051703402563,0.9957051703402563,1,1,1
15077,379,Itapúa en Noticias,“CAZAN” CAMIONETAS EN ITAPÚA Y LAS ESCONDEN EN CAAZAPÁ,new_event,0.034822818297820114,,0,0,0
15078,380,Itapúa en Noticias,TRES ENCAPUCHADOS ENTRAN A UN MINIMERCADO Y SE LLEVAN G. 2 MILLONES,new_event,0.13217633532732,,0,0,0
15079,381,Itapúa en Noticias,"EN 20 MINUTOS, SE ROBARON SU AUTO ESTACIONADO FRENTE A SU CASA",new_event,0.10150485767302828,,0,0,0
15080,382,Itapúa en Noticias,"EMPLEO, INDUSTRIAS Y ADULTOS MAYORES MARCAN LA VISIÓN DE FUTURO PARA CAMBYRETÁ",new_event,0.011819232248739014,,0,0,0
15081,209,Itapúa en Noticias,MINGA GUAZÚ: FALSOS POLICÍAS SE LLEVAN G. 15 MILLONES Y R$ 5.000 TRAS VIOLENTO ASALTO,existing_event,0.9607439884836905,0.9607439884836905,5,5,5
15082,383,Itapúa en Noticias,APREHENDEN A UN HOMBRE TRAS ATAQUE CON MACHETE EN CAMBYRETÁ,new_event,0.030883083988560957,,0,0,0
15083,384,Itapúa en Noticias,APREHENDEN A MUJER TRAS PRESUNTAMENTE CAUSAR DAÑOS EN UNA BODEGA DE ENCARNACIÓN,new_event,0.04835145856211523,,0,0,0
15084,193,Itapúa en Noticias,MUJER DE 53 AÑOS PIERDE LA VIDA TRAS GRAVE SINIESTRO VIAL EN ITAPÚA,existing_event,0.9741531566017563,0.9741531566017563,1,1,1
15087,385,Más Encarnación,Padres toman escuela en Capiatá por despojo de rubros docentes y falta de director,new_event,,,0,0,0
15088,386,Más Encarnación,Alertan sobre infartos a edades cada vez más tempranas,new_event,,,0,0,0
15089,387,Más Encarnación,Investigan terrible asesinato: joven fue encontrado muerto con una mano amputada,new_event,0.012097079986079853,,0,0,0
15092,388,Más Encarnación,Hombre irrumpe en vivienda de su expareja y corta el suministro eléctrico con un machetillo en San Juan del Paraná,new_event,0.025822921674066256,,0,0,0
15093,389,Más Encarnación,Hombre con dos órdenes de captura por hurto agravado es detenido tras agredir a su pareja en Tomás Romero Pereira,new_event,0.0578758807488166,,0,0,0
15096,390,Más Encarnación,Conductor en presunto estado de ebriedad es aprehendido por escándalo y resistencia en barrio San Roque,new_event,0.3850834768942089,,0,0,0
15099,384,Más Encarnación,Mujer es aprehendida tras dañar a pedradas una bodega en Encarnación,existing_event,0.9398873740910514,0.9398873740910514,1,1,1
15100,146,Más Encarnación,Proponen regular la tenencia de perros potencialmente peligrosos,existing_event,0.9991572477676287,0.9991572477676287,1,1,1
15101,391,Más Encarnación,Persecución tras asalto termina con un detenido y una camioneta recuperada en María Auxiliadora,new_event,0.7148410630967083,,0,0,0
15102,392,Más Encarnación,"Color, Baile y Alegría marcaron la celebración de la Juventud y la Primavera en Encarnación",new_event,0.07097544212242382,,0,0,0
15103,104,Más Encarnación,Discusión por celos termina con un hombre herido con un cuchillo en Coronel Bogado,existing_event,0.901678771127547,0.901678771127547,1,1,1
15105,233,Red Digital San Pedro,"La primavera es recibida con calor, lluvias y un posterior descenso - Red Digital San Pedro",existing_event,0.9961152619791834,0.9961152619791834,4,4,5
15106,393,The Asuncion Times,Historic Adoption Records Open Path To Finding Family Origins In Paraguay,new_event,,,0,0,0
15107,394,The Asuncion Times,Paraguay’s Maquila Sector Breaks US$1 Billion Barrier In Eight Months Of 2026,new_event,0.031162898458459806,,0,0,0
15108,395,The Asuncion Times,First Day Of Spring: Day Of Youth And Paraguay's Extraordinary Mburucuyá Flower,new_event,0.0021895194671887413,,0,0,0
15109,396,The Asuncion Times,"Jorge Báez And ""Barrunto"" Take Top Honours At Premios Edda 2026 Theatre Awards",new_event,0.00419586251303787,,0,0,0
15110,106,Ñanduti,"«Paraguay está en su mejor momento demográfico», afirma el director del INE en el Día de la Juventud y la Primavera",existing_event,0.8697017835428227,0.8697017835428227,2,2,5
15111,397,Ñanduti,Conductor murió en choque frontal en J. Augusto Saldívar: hallaron botellas con olor a cerveza en su vehículo,new_event,0.6774177214133092,,0,0,0
15112,133,Ñanduti,Alfaro convocó a 28 jugadores para los amistosos de Paraguay ante Bolivia y Colombia: varias caras nuevas en la lista,existing_event,0.9989360882331894,0.9989360882331894,5,5,7
15113,398,Ñanduti,"La Unión Europea busca no quedarse atrás en inteligencia artificial, pero apuesta por una regulación robusta",new_event,0.7139618675308089,,0,0,0
15114,307,Ñanduti,"Rusia Unida obtiene su mejor resultado histórico y revalida la mayoría constitucional en la Duma, según datos oficiales",existing_event,0.9400275435457788,0.9400275435457788,1,1,1
15115,399,Ñanduti,Lunes caluroso con tormentas y máxima de 35 grados: el martes la temperatura bajaría hasta 21 grados,new_event,0.28849780604837255,,0,0,0
15116,400,ABC Color,"Crisis en Honor Colorado: “Lo que se ve no se pregunta”, dice Beto Ovelar - Nacionales - ABC Color",new_event,0.6426039413251977,,0,0,0
15117,401,ABC Color,Alerta Mafe: estas son las personas reportadas como desaparecidas en los últimos días - Nacionales - ABC Color,new_event,0.0024229701720510323,,0,0,0
15118,402,ABC Color,La primavera también puede cansarnos: el lado B de la estación más celebrada - Estilo de vida - ABC Color,new_event,0.0014622914248683292,,0,0,0
15119,403,ABC Color,San Ignacio: trabajadores de salud cierran la ruta PY01 y exigen aumento salarial del 50% - Nacionales - ABC Color,new_event,0.37273502811740367,,0,0,0
15120,77,ABC Color,Senador minimiza disputas internas en HC y apunta a los 10 distritos de Misiones - Política - ABC Color,existing_event,0.9953508187493711,0.9953508187493711,2,2,2
15121,296,ABC Color,Juicio a Hernán Rivas: Fiscalía pedirá condena del exsenador cartista por título falso de abogado - Nacionales - ABC Color,existing_event,0.9946980828151099,0.9946980828151099,2,2,2
15122,202,Última Hora,Analista explica los puntos que preocupan a la Asoban: ¿Hay deterioro en el sistema bancario?,existing_event,0.9359216502840839,0.9359216502840839,2,2,2
15123,404,Última Hora,Primer crimen por placer en Paraguay: Nuevo libro narra cómo la mamá dio con los autores,new_event,0.0018635548559132486,,0,0,0
15124,405,La Nación,La Nación / Ciclón de Encarnación: a 100 años del primer tornado F5 documentado en Sudamérica,new_event,0.03294683313013531,,0,0,0
15125,406,La Nación,La Nación / Acevedo apoya giro diplomático con Venezuela y urge renegociar la deuda con PDVSA,new_event,0.9714438758090187,,0,0,0
15126,135,Resumen de Noticias,Olimpia golea a San Lorenzo y queda a un punto de la cima,existing_event,0.9839434993924785,0.9839434993924785,5,5,6
15127,407,Resumen de Noticias,Funeraria de CDE desvincula a empleados por vivo en TikTok,new_event,0.8820525089741794,,0,0,0
15128,237,Resumen de Noticias,Mercado laboral demanda mayor capacitación en inteligencia artificial y finanzas,existing_event,0.9943885221188228,0.9943885221188228,1,1,1
15129,258,Resumen de Noticias,Cecilia Cubas: 22 años del secuestro que marcó al país,existing_event,0.9483184617660818,0.9483184617660818,1,1,1
15130,408,Resumen de Noticias,¿Dónde serán las ferias agrícolas esta semana?,new_event,0.003352497724387921,,0,0,0
15131,296,Resumen de Noticias,Juicio a Hernán Rivas: Fiscalía pedirá condena por supuesto título falso,existing_event,0.9974808864729017,0.9974808864729017,3,3,3
15132,222,adn,La UE multa a Google con 462 millones por la geolocalización - ADN Digital,existing_event,0.985846944931498,0.985846944931498,3,3,3
15133,312,adn,Gobierno prepara planes de trabajo para los jóvenes - ADN Digital,existing_event,0.9930140062726965,0.9930140062726965,1,1,1
15134,67,La Tribuna,Drones ucranianos golpean Moscú ante el cierre electoral de Putin,existing_event,0.9770786535513667,0.9770786535513667,2,2,3
15135,409,Megacadena,Ortega cuestiona contrato colectivo firmado por Bello a días de las elecciones,new_event,0.025503629833716353,,0,0,0
15136,410,Megacadena,El vorí vorí vuelve a ser elegido como la mejor sopa del mundo,new_event,0.000970359950642508,,0,0,0
15137,411,Megacadena,Diputado niega rebeldía de gobernadores de HC y avala que propongan candidato a la chapa presidencial,new_event,0.2524793273801214,,0,0,0
15138,412,Megacadena,"Puente de Integración sigue lejos de una apertura total, según Director de Migraciones",new_event,0.1835591874014154,,0,0,0
15139,413,Popular,"Popular / ""Lo más lindo no es ver una sonrisa perfecta: es ver a alguien recuperar las ganas de sonreír""",new_event,,,0,0,0
15140,414,Popular,"Popular / ¡Moda, primavera y colores!",new_event,0.026700013494534384,,0,0,0
15141,415,Popular,Popular / (VIDEO) ¡Hesukena! ¿Silvia Flores grabó un ovni?,new_event,,,0,0,0
15142,136,Diario Paraguayo Noticias,AfD avanza en elecciones regionales alemanas | Diario Paraguayo,existing_event,0.9998514906520526,0.9998514906520526,5,5,7
15143,136,Diario Paraguayo Noticias,Canciller Merz mantiene cargo tras revés electoral en Alemania | Diario Paraguayo,existing_event,0.9976659102679957,0.9976659102679957,3,5,8
15144,216,Diario Paraguayo Noticias,Liga Árabe advierte sobre escalada de tensiones | Diario Paraguayo,existing_event,0.9995274245373037,0.9995274245373037,2,3,3
15145,233,Diario Paraguayo Noticias,"Primavera con calor, lluvia y descenso de temperaturas | Diario Paraguayo",existing_event,0.9994903706861014,0.9994903706861014,5,5,6
15146,234,Diario Paraguayo Noticias,"Iglesia, relaciones internacionales y nuevas políticas en Salud | Diario Paraguayo",existing_event,0.881733387495716,0.881733387495716,2,2,2
15147,252,Diario Paraguayo Noticias,Dinelco amplía opciones de pago para comercios | Diario Paraguayo,existing_event,0.9997654476365799,0.9997654476365799,2,2,2
15148,57,Diario Paraguayo Noticias,Baruja ratifica potestad de Alliana para elegir dupla | Diario Paraguayo,existing_event,0.9987802547048689,0.9987802547048689,3,3,3
15149,245,Diario Paraguayo Noticias,TSJE responde sobre verificación de máquinas electorales | Diario Paraguayo,existing_event,0.9949879374090026,0.9949879374090026,4,4,4
15150,261,Diario Paraguayo Noticias,BCP activa sistema CDA-d para certificados digitales | Diario Paraguayo,existing_event,0.9996582018660756,0.9996582018660756,2,2,2
15151,260,Diario Paraguayo Noticias,Empleo de calidad retiene talento joven en Paraguay | Diario Paraguayo,existing_event,0.9990294962345828,0.9990294962345828,2,2,2
15152,262,Diario Paraguayo Noticias,Municipalidad de Asunción invita a jornada para jóvenes | Diario Paraguayo,existing_event,0.9996253086734831,0.9996253086734831,2,2,2
15153,416,Extra,Le metió un feroz soco a inspector de la caminera y huyó,new_event,0.5166718693065104,,0,0,0
15154,417,Crónica,Omano prójimo en ruta tras choque vai,new_event,0.6965818336210525,,0,0,0
15155,418,Crónica,Banco Atlas: El voto de Ríos saldría esta semana,new_event,0.2106127295355131,,0,0,0
15156,64,Ahora CDE,FRONTERA del TRAFICO: Detienen a CASAL PARAGUAYO con cerca de TRES TONELADAS de MARIHUANA a 15 kilómetros del Puente de la Amistad,existing_event,0.9276268644648988,0.9276268644648988,2,2,2
15157,419,San Lorenzo Py,"Don Felipe, el “Rey del bollo” que trabaja desde hace 25 años en las calles de San Lorenzo » San Lorenzo PY",new_event,,,0,0,0
15158,410,Itapúa en Noticias,VORÍ VORÍ VUELVE A CONQUISTAR EL PRIMER LUGAR ENTRE LAS MEJORES SOPAS DEL MUNDO,existing_event,0.9944254659506699,0.9944254659506699,1,1,1
15160,288,Más Encarnación,Transferencia por error: alertan sobre maniobra delictiva,existing_event,0.9981691402668699,0.9981691402668699,1,1,1
15161,241,Digital Misiones,"El Papa se verá con Milei, visitará una cárcel y oficiará misa multitudinaria en Argentina",existing_event,0.9999109283343751,0.9999109283343751,1,1,1
15162,420,ABC Color,Bachi Núñez niega crisis en Honor Colorado: “Es una disparidad de opiniones” - Política - ABC Color,new_event,0.8960969583427242,,0,0,0
15163,421,ABC Color,"El papa León XIV en América del Sur: 11 días, 14 ciudades, 35 discursos y 9 misas - Mundo - ABC Color",new_event,0.7772531141691085,,0,0,0
15164,422,ABC Color,Batalla de Boquerón: ¿se traslada al lunes el feriado del 29 de setiembre? - Viajes - ABC Color,new_event,,,0,0,0
15165,423,ABC Color,Senador denuncia “favoritismo fuerte y grosero” hacia Ueno Bank y exige transparencia al BCP - Política - ABC Color,new_event,0.6139247689520406,,0,0,0
15166,424,ABC Color,Fed subió su tasa: qué impacto podría tener en Paraguay - Economía - ABC Color,new_event,0.004839505815462395,,0,0,0
15167,425,ABC Color,¿Querés hacer un doctorado en EE.UU.? Becal amplió el plazo para postular a sus becas - Nacionales - ABC Color,new_event,,,0,0,0
15168,426,ABC Color,Blanca Ovelar cuestiona la cifra del padrón: “Hay una inconsistencia” - Política - ABC Color,new_event,0.03210302538003265,,0,0,0
15169,427,ABC Color,"Munich, tradición que se transforma - Negocios - ABC Color",new_event,,,0,0,0
15170,428,ABC Color,Google Book: la computadora portátil que se integra con Android y estrena un cursor con IA - Tecnología - ABC Color,new_event,,,0,0,0
15171,429,ABC Color,Kaffe’i consolida a Paraguay entre las 100 mejores cafeterías de Sudamérica - Gastronomía - ABC Color,new_event,,,0,0,0
15172,430,ABC Color,"Fiordland, Nueva Zelanda: fiordos, bosques lluviosos y rutas entre montañas - Viajes - ABC Color",new_event,,,0,0,0
15173,431,ABC Color,Comunidades rurales de Lima se unen mediante el deporte y reclaman un polideportivo - Nacionales - ABC Color,new_event,0.013826323313830935,,0,0,0
15174,209,Última Hora,Gavilla con un falso policía asalta a una familia en Minga Guazú y se lleva millonaria suma,existing_event,0.9900283978059625,0.9900283978059625,5,5,6
15175,432,Última Hora,Orquesta de Cateura participa en dos actividades con proyectos independientes,new_event,,,0,0,0
15176,433,Última Hora,Concierto de primavera en el Teatro Municipal,new_event,0.0010456278198408785,,0,0,0
15177,434,Última Hora,Ñande Impro reúne en Asunción a figuras internacionales del teatro sin guion,new_event,0.006635134718177423,,0,0,0
15178,435,Última Hora,Maluma anunció el nacimiento de su segundo bebé,new_event,0.0126524889187011,,0,0,0
15179,436,Última Hora,Hay dudas de si Lady Gaga estuvo embarazada,new_event,0.002344711913232959,,0,0,0
15180,39,Última Hora,El diseñador paraguayo Simón Villalba es reconocido como Mejor Diseñador en Nueva York,existing_event,0.9945776500585826,0.9945776500585826,2,2,2
15181,437,Última Hora,Amanda Seyfried y Thomas Sadoski se separan luego de casi 10 años de matrimonio,new_event,,,0,0,0
15182,438,Última Hora,Vinicius Jr. se compromete con su novia tras un año de relación,new_event,0.006544622913596708,,0,0,0
15183,439,La Nación,La Nación / Peña anuncia nuevas oportunidades de formación y experiencia laboral para jóvenes,new_event,0.4323003895706415,,0,0,0
15184,412,La Nación,La Nación / La habilitación del Puente de la Integración avanza por etapas acordadas con Brasil,existing_event,0.9951520889860574,0.9951520889860574,1,1,1
15185,440,La Nación,La Nación / Emiratos Árabes Unidos adquiere productos paraguayos para asistir al pueblo colombiano,new_event,,,0,0,0
15186,441,La Nación,La Nación / Campaña “Todos con Iván” busca alcanzar meta de G. 1.000 millones para su rehabilitación,new_event,0.0010920672115899363,,0,0,0
15187,209,La Nación,"La Nación / En violento asalto domiciliario, gavilla roba más de G. 20 millones en Minga Guazú",existing_event,0.9888701558619598,0.9888701558619598,5,5,7
15188,442,La Nación,La Nación / Funcionarios de municipio fernandino denuncian cuatro meses de atraso salarial,new_event,0.020815067401106547,,0,0,0
15189,206,La Nación,La Nación / Hurto y violencia familiar: los delitos que acorralan a la juventud paraguaya,existing_event,0.9958987720263704,0.9958987720263704,1,1,1
15190,443,La Nación,La Nación / Senado lanza app para dar mayor participación ciudadana en la toma de decisiones,new_event,0.003939441131422862,,0,0,0
15191,444,La Nación,La Nación / ¡Marc Anthony hizo esto por su hijo paraguayo y sorprendió en Las Vegas!,new_event,0.0009275866022509217,,0,0,0
15192,445,HOY,"Diario HOY | “Tenemos Honor Colorado para rato”, predice Bachi",new_event,0.6195692939878293,,0,0,0
15193,446,NPY,Mujer fue brutalmente golpeada y su actual pareja es el principal sospechoso,new_event,0.030463318031782486,,0,0,0
15194,282,5Días,El BCP habilita desde hoy los CDA digitales y la bolsa ve potencial para negociarlos,existing_event,0.9937751670492151,0.9937751670492151,1,1,1
15195,447,5Días,BMW lleva la historia de Neue Klasse a una muestra en Asunción antes de lanzar su nuevo modelo,new_event,0.0010665690921127218,,0,0,0
15196,448,5Días,Grupo Luminotecnia celebra 35 años de trayectoria e impacto en la industria paraguaya,new_event,,,0,0,0
15197,449,5Días,España entra en el radar de los grandes inversores internacionales,new_event,,,0,0,0
15198,450,Telefuturo,Compró bebidas alcohólicas de tarjeta robada y quedó detenido,new_event,0.0038980926647348697,,0,0,0
15199,296,Telefuturo,Caso Hernán Rivas: se presentan alegatos finales en juicio,existing_event,0.9491200195294405,0.9491200195294405,4,4,4
15200,439,Resumen de Noticias,ANDE habilita concurso para incorporar 230 aprendices,existing_event,0.9324653544694365,0.9324653544694365,1,1,1
15201,305,Resumen de Noticias,Rescatan en Perú a paraguayas captadas con falsas ofertas laborales,existing_event,0.999613020092985,0.999613020092985,1,1,1
15202,410,Resumen de Noticias,El Vorí vorí vuelve a ser número uno entre las sopas del mundo,existing_event,0.99849542287413,0.99849542287413,2,2,2
15203,206,Resumen de Noticias,¿Cuáles son los delitos que más involucran a jóvenes?,existing_event,0.975806432129771,0.975806432129771,2,2,2
15204,451,Resumen de Noticias,Flores amarillas: por qué se regalan cada 21 de setiembre,new_event,0.8976203075205862,,0,0,0
15205,232,Resumen de Noticias,Alliana asume el gobierno ante fractura interna en HC,existing_event,0.9926770537794893,0.9926770537794893,1,1,1
15206,222,Resumen de Noticias,Google recibe multa de 403 millones por datos de ubicación,existing_event,0.9974080895962608,0.9974080895962608,4,4,4
15207,452,Resumen de Noticias,Rock en Py Fest 2026 confirma su quinta edición,new_event,0.0036512622995270986,,0,0,0
15208,412,adn,No hay fecha fija para habilitación total del Puente de la Integración - ADN Digital,existing_event,0.9994469776090178,0.9994469776090178,2,2,2
15209,453,adn,Obra sobre la ruta PY07 apunta a aliviar el tránsito de 55.000 vehículos diarios - ADN Digital,new_event,0.0018509905782084226,,0,0,0
15210,454,adn,Advierten que dudas de opositores afectarían negativamente en la participación en las municipales - ADN Digital,new_event,0.5849554119766377,,0,0,0
15211,453,adn,"Duplicación de la PY07 tendrá cuatro carriles, tres viaductos y costará hasta US$ 100 millones - ADN Digital",existing_event,0.9064406112281623,0.9064406112281623,1,1,1
15212,455,adn,"A Ricardo Estigarribia no se lo conoce fuera de Central, según ex diputado liberal - ADN Digital",new_event,0.4877500450306761,,0,0,0
15213,106,adn,"Demográficamente, nuestro país pasa por su mejor momento, porque la mayoría de la población es joven - ADN Digital",existing_event,0.999292575292923,0.999292575292923,3,4,6
15214,295,La Tribuna,Camilo Pérez suma el apoyo del electorado femenino en Asunción,existing_event,0.9883575067044875,0.9883575067044875,1,1,1
15215,456,Megacadena,Blanca Ovelar cuestiona a las supervisiones pedagógicas tras los resultados de pruebas PISA,new_event,0.33438990721126455,,0,0,0
15216,457,Megacadena,Ministerio de Salud amplía de 6 a 60 años la vacunación gratuita contra el dengue,new_event,0.4680266997141081,,0,0,0
15217,458,Megacadena,Maratón de Cirugías del IPS Ciudad del Este concluyó con 213 procedimientos a 181 pacientes,new_event,0.013909842081121072,,0,0,0
15218,443,Megacadena,El Senado lanza “Mi Senado App” para seguir las sesiones en tiempo real y proyectos de ley en estudio,existing_event,0.9672410729141954,0.9672410729141954,1,1,1
15219,459,Megacadena,MADES fortalece capacidades institucionales ante posibles impactos de El Niño en Paraguay,new_event,0.012444872081879678,,0,0,0
15220,460,Megacadena,Corte confirma nuevo juicio para médico acusado por muerte de exmodelo Paola Gaete,new_event,0.0029447478583983543,,0,0,0
15221,291,Megacadena,Especialista advierte que 9 de cada 10 jóvenes empiezan a trabajar en empresas que no cumplen del todo la ley,existing_event,0.9098857606662644,0.9098857606662644,1,1,1
15222,461,Megacadena,Incautan tanques de 45.000 litros en depósito vinculado a una maniobra con cheques robados,new_event,0.0025883257949735924,,0,0,0
15223,462,Popular,Popular / (VIDEO) ¡Se descaderó en medio de su concierto!,new_event,0.003116609027415678,,0,0,0
15224,463,Popular,Popular / ¡Guada González contó lo que Juan Iturbe le hizo perder!,new_event,,,0,0,0
15225,464,Popular,Popular / Mades rescató a siete loritos en Luque,new_event,0.041648841444885225,,0,0,0
15226,465,Extra,Joven salteño vende sopa paraguaya con la receta que le dio su abuela,new_event,0.5187197304732364,,0,0,0
15227,466,Extra,Joven armó un sarambi y atacó a piedrazos el negocio de su novio de 56 años,new_event,0.8647790198186665,,0,0,0
15228,104,Extra,"Por celos, no quería que vaya a la cancha y le clavó en el brazo",existing_event,0.9938343351800117,0.9938343351800117,1,2,2
15229,467,Extra,Borracho al volante armó desastre y terminó por una muralla,new_event,0.15180179709096697,,0,0,0
15230,468,Extra,¿Hasta qué edad lo que somos jóvenes?,new_event,0.06345073078499233,,0,0,0
15231,469,Crónica,[VÍDEO] Paraguay termina puntero de su grupo en los Odesur,new_event,0.6928279928291272,,0,0,0
15232,410,Crónica,Nuestro vori vori sigue mandando en el mundo 😋,existing_event,0.9374230949827063,0.9374230949827063,3,3,3
15233,470,Crónica,¡Cháke! Boca estaría vicheando a Delmás,new_event,0.037032039166146793,,0,0,0
15234,471,Crónica,"¡Oita paraguayito! Compatriota ligó premiazo en el NY Fashion Week, apenami",new_event,0.819012065805552,,0,0,0
15235,209,Crónica,Se hicieron pasar por polis y pelaron una vivienda,existing_event,0.9588463003377791,0.9588463003377791,5,5,8
15236,296,Crónica,Opapotaite juicio de Hernán Rivas por el caso de título falso,existing_event,0.9297147788029317,0.9297147788029317,3,4,5
15237,472,Crónica,Tatácho al volante ojapo sarambi en Luque,new_event,0.796451967757218,,0,0,0
15238,473,Crónica,[VIDEO] ¿Ya viste cómo le quedaron los cuadraditos a la maína? 😍,new_event,0.001932667522193706,,0,0,0
15239,474,Crónica,[VIDEO] ¿Cómo recibías la primavera en tu infancia?,new_event,0.00558960786636558,,0,0,0
15240,475,Crónica,Macabro hallazgo en Paso Yobái,new_event,0.8993031564845142,,0,0,0
15241,476,Crónica,Roce de vehículos casi termina en una balacera de novela,new_event,0.10268343725920961,,0,0,0
15242,477,El Observador,"Estructura de ""Tío Rico"" manejaba depósitos en Limpio, Mariano Roque Alonso y Villeta - El Observador",new_event,0.14033148025626477,,0,0,0
15243,478,La Clave,"Tras audio de “Naio” Ziet, colorados muestran unidad en torno a Ramírez en Pdte. Franco – Diario La Clave",new_event,0.1472597241313333,,0,0,0
15244,479,La Clave,"Incautan droga, arma y detienen a un hombre durante allanamiento de bodega – Diario La Clave",new_event,0.026600825946292726,,0,0,0
15245,480,La Clave,Cuatro personas mueren en accidentes durante el fin de semana en Alto Paraná – Diario La Clave,new_event,0.08669433194349134,,0,0,0
15246,481,Ahora CDE,Banda de Grindr dio otro golpe a un extranjero en San Rafael,new_event,0.018332248735468838,,0,0,0
15247,147,Ahora CDE,Imputan a hombre por no pagar asistencia alimentaria durante 94 meses,existing_event,0.9972507223339906,0.9972507223339906,2,2,2
15248,106,Ahora CDE,"En Paraguay el 24,7% de la población tiene entre 15 y 29 años de edad",existing_event,0.9986394335240694,0.9986394335240694,5,5,7
15249,482,Amambay News,Una influencer brasileña es asesinada a balazos a pocos días de salir de la cárcel - Amambay News,new_event,0.013112789012850562,,0,0,0
15250,483,Amambay News,Desbandada en Inglaterra - Amambay News,new_event,0.01175370364878152,,0,0,0
15251,484,Amambay News,Petropar anticipó nueva suba y transportistas expresaron preocupación - Amambay News,new_event,,,0,0,0
15252,305,Amambay News,Rescatan a dos jóvenes paraguayas de una presunta red de trata en Perú - Amambay News,existing_event,0.988789002417696,0.988789002417696,2,2,2
15253,485,Amambay News,"Bachi Núñez minimiza la tensión en Honor Colorado: “Hay disparidad de opiniones, pero terminará en coincidencias” - Amambay News",new_event,0.7757370423738734,,0,0,0
15254,486,Amambay News,¡Las Guerreras se llevan la plata y el pasaje a los Panamericanos Lima 2027! - Amambay News,new_event,0.3735213572133245,,0,0,0
15255,386,Amambay News,Alertan sobre infartos a edades cada vez más tempranas - Amambay News,existing_event,0.9808344367435011,0.9808344367435011,1,1,1
15256,258,Amambay News,"A 22 años del secuestro de Cecilia Cubas, un crimen que conmocionó al Paraguay - Amambay News",existing_event,0.9902059875157782,0.9902059875157782,2,2,2
15257,111,Amambay News,Fretes anuncia visitas sorpresa a hospitales públicos de todo el país - Amambay News,existing_event,0.9939274243798637,0.9939274243798637,1,1,1
15259,242,Amambay News,Filizzola cuestiona Hambre Cero y denuncia uso político de recursos - Amambay News,existing_event,0.9998965798462728,0.9998965798462728,1,1,1
15260,487,Amambay News,Frontier Security: presenta el Informe policial del Departamento de Amambay - Amambay News,new_event,0.11994969002546019,,0,0,0
15261,368,Oviedo Press,"Gustavo Giménez destaca al programa ""Despegar"" como impulso para emprendedores del Departamento de Caaguazú - OviedoPress",existing_event,0.9192228987539376,0.9192228987539376,1,1,1
15262,206,Oviedo Press,Hurto y violencia familiar concentran la mayor presencia de jóvenes entre investigados - OviedoPress,existing_event,0.9712804047751649,0.9712804047751649,3,3,3
15263,488,Oviedo Press,"Primavera llega con calor, pero tormentas cambiarán el tiempo en Coronel Oviedo - OviedoPress",new_event,0.5050860426965622,,0,0,0
15264,489,Oviedo Press,"Juventud ovetense tendrá teatro, formación y actividades comunitarias durante septiembre - OviedoPress",new_event,0.03955675659341463,,0,0,0
15265,490,Oviedo Press,Exlimpiadora del Hospital de Coronel Oviedo denuncia despido y reclama el pago de su último salario - OviedoPress,new_event,0.011482262525696257,,0,0,0
15266,491,Oviedo Press,Joven fue detenido y habría confesado participación en homicidio en Paso Yobái - OviedoPress,new_event,0.32194024324096127,,0,0,0
15267,492,Concepción al Día,Alemán Cué anuncia cierre de la ruta PY05 por reclamo de tierras - Concepción al Día,new_event,0.01503621852280324,,0,0,0
15268,191,Concepción al Día,Discusión por una PlayStation terminó en una denuncia por violencia familiar - Concepción al Día,existing_event,0.9850098652954681,0.9850098652954681,3,3,3
15269,493,Itapúa en Noticias,«MI SENADO»: AHORA VAS A PODER VER QUÉ HACEN LOS SENADORES EN TIEMPO REAL,new_event,0.8970665627393744,,0,0,0
15270,494,Itapúa en Noticias,DESPLIEGAN OPERATIVO PARA PROTEGER MIGRACIÓN DE CARDÚMENES EN EL RÍO PARANÁ,new_event,,,0,0,0
15271,495,Itapúa en Noticias,CARLOS PEREIRA PRESENTÓ UNA AGENDA LEGISLATIVA Y ASUMIÓ COMPROMISOS DE CAMPAÑA,new_event,0.11638972860007073,,0,0,0
15274,496,Más Encarnación,Roban una camioneta en Coronel Bogado y la recuperan en una zona boscosa de Caazapá,new_event,0.21869403387585265,,0,0,0
15275,497,Más Encarnación,Aspirantes a Suboficiales de la Policía celebran la primavera y la juventud con competencias deportivas en Itapúa,new_event,0.034622094332200974,,0,0,0
15276,498,Más Encarnación,Fiebre de la Flor Amarilla se instala en la Plaza de Armas de Encarnación,new_event,0.38222853152881375,,0,0,0
15278,216,Red Digital San Pedro,Ataques hutíes contra Arabia Saudí propician “escalada peligrosa” - Red Digital San Pedro,existing_event,0.9999388461984277,0.9999388461984277,4,4,4
15279,370,Red Digital San Pedro,Piden indulto para Hugo Javier: su abogado dice que la decisión depende del presidente - Red Digital San Pedro,existing_event,0.9749864342273948,0.9749864342273948,1,1,1
15280,499,Ñanduti,Mades hace vista gorda a transformadores de la ANDE en evidente estado de contaminación en San Lorenzo,new_event,0.0009156615817587895,,0,0,0
15281,400,ABC Color,"Crisis en Honor Colorado: “Lo que se ve no se pregunta”, dice Beto Ovelar - Política - ABC Color",existing_event,0.9969671430461771,0.9969671430461771,1,1,1
15282,410,ABC Color,Taste Atlas 2026: el vori vori se vuelve a posicionar como el mejor plato del mundo y la mejor sopa - Gastronomía - ABC Color,existing_event,0.9432177630763351,0.9432177630763351,4,4,4
15283,475,ABC Color,Macabro hallazgo en Paso Yobái: capturan a supuesto asesino y recuperan la mano de la víctima - Policiales - ABC Color,existing_event,0.9129546336944122,0.9129546336944122,1,1,1
15284,311,ABC Color,Confirman prisión de fisioterapeuta imputado por abuso sexual en niños - Nacionales - ABC Color,existing_event,0.9147826789009263,0.9147826789009263,1,1,1
15285,245,ABC Color,¿El Senado auditará las máquinas de votación a días de las elecciones? - Política - ABC Color,existing_event,0.9768206026565848,0.9768206026565848,5,5,5
15286,500,ABC Color,Semana de celebraciones por el aniversario 43° de Tomás Romero Pereira - Viajes - ABC Color,new_event,0.0028125037527870927,,0,0,0
15287,501,Última Hora,¿Cuánta plata manejan los gobernadores del G15?,new_event,0.4684003694026826,,0,0,0
15288,106,Última Hora,Día de la Juventud: ¿Cuándo Paraguay dejará de tener una mayoría de población joven?,existing_event,0.9932187485439137,0.9932187485439137,5,5,8
15289,502,Última Hora,Plaza remodelada tendrá un anfiteatro y mural con nombres de los desaparecidos,new_event,0.041729060891956556,,0,0,0
15290,503,Última Hora,Sobre una cama de rosas: Teatro total para una nueva generación,new_event,0.05767453642474816,,0,0,0
15291,504,La Nación,La Nación / Rigo Chamorro agasajará a la juventud esteña con un festival estelar y gratuito,new_event,0.0512100151133777,,0,0,0
15292,408,La Nación,La Nación / MAG prevé 8 ferias de la agricultura familiar en la semana de la primavera,existing_event,0.9994309162943515,0.9994309162943515,1,1,1
15293,505,La Nación,"La Nación / Hugo Javier no está en condiciones de declarar ante la Fiscalía, según su abogado",new_event,0.0709383982866103,,0,0,0
15294,294,La Nación,"La Nación / Senabico subastará inmuebles, vehículos y maquinaria pesada el 24 de septiembre",existing_event,0.9992677088331465,0.9992677088331465,1,1,1
15295,506,5Días,"Importación de flores en Paraguay crece 60% y alcanza US$ 3,84 millones",new_event,,,0,0,0
15296,422,Resumen de Noticias,Feriado por Batalla de Boquerón pasa al lunes 28 de septiembre,existing_event,0.9928884450527814,0.9928884450527814,1,1,1
15297,400,Resumen de Noticias,“Lo que se ve no se pregunta”: Ovelar habla de crisis en Honor Colorado,existing_event,0.9792507338346905,0.9792507338346905,2,2,2
15298,91,La Tribuna,Elecciones en Brasil: Lula da Silva pide votos en reducto electoral de derecha,existing_event,0.9897234689194548,0.9897234689194548,1,1,1
15299,198,La Tribuna,¿Qué le pasó a Derlis González? La insólita lesión que lo dejó fuera contra San Lorenzo,existing_event,0.9084301880437362,0.9084301880437362,1,1,1
15300,291,Megacadena,El acceso al primer empleo formal continúa siendo uno de los principales desafíos para los jóvenes en Paraguay,existing_event,0.9737114527737213,0.9737114527737213,2,2,2
15301,457,Megacadena,Salud amplía de 6 a 60 años la edad para recibir la vacuna contra el dengue,existing_event,0.9478501723084543,0.9478501723084543,1,1,1
15302,507,Megacadena,"De cada 100 electores, 27 son jóvenes, según la Justicia Electoral",new_event,0.007617521946894758,,0,0,0
15303,508,Crónica,"¡Aprovechá, que es gratis! SNPP ofrece cursos de IA, marketing y más",new_event,0.0029449228878956814,,0,0,0
15304,509,Crónica,Un agente de la Caminera ho’u iparte en un control,new_event,0.8765104699456324,,0,0,0
15305,510,Crónica,Robó el auto de un futbolista de la selección Pynandi,new_event,0.08706051609552984,,0,0,0
15306,143,Ahora CDE,La Justicia Electoral inicia el despliegue logístico de máquinas de votación con miras a las Elecciones Municipales 2026,existing_event,0.9425370723095882,0.9425370723095882,2,2,2
15307,511,Ahora CDE,El asfaltado de la ruta D065 entre San Cristóbal y Juan E. O’Leary avanza tras décadas de reclamos,new_event,0.003036883539507582,,0,0,0
15308,501,Pedro Juan Digital,¿Cuánta plata manejan los gobernadores del G15?,existing_event,0.9997320993769019,0.9997320993769019,1,1,1
15309,512,Pedro Juan Digital,"Malviviente ingresa en comercio se lleva dinero, prendas y otros objetos",new_event,0.11483024258173079,,0,0,0
15310,513,Amambay News,Trump comenta su veto a CNN y a otros medios en la Casa Blanca - Amambay News,new_event,0.002878969496654917,,0,0,0
15311,514,Amambay News,Fiscalía concluyó que se determinó en juicio la falsedad del título de abogado de Hernán Rivas - Amambay News,new_event,0.8348690257927094,,0,0,0
15312,296,ABC Color,Fiscalía pide 12 años de cárcel para Hernán Rivas por su título falso de abogado - Nacionales - ABC Color,existing_event,0.9670181450730623,0.9670181450730623,5,5,6
15313,515,ABC Color,Dólar: así arrancó la cotización esta semana - Economía - ABC Color,new_event,0.1064601482897238,,0,0,0
15314,516,ABC Color,Anuncian frente frío con lluvias y marcado descenso de la temperatura - Clima - ABC Color,new_event,0.9251800696480117,,0,0,0
15315,517,ABC Color,"Río Paraguay sigue en descenso, pero riesgo de inundaciones por El Niño se mantiene - Nacionales - ABC Color",new_event,0.5656452213670174,,0,0,0
15316,518,ABC Color,"Día de la Juventud: desempleo golpea con más fuerza a menores de 25 años, revela MTESS - Economía - ABC Color",new_event,0.709983454505522,,0,0,0
15317,519,ABC Color,Día de la Juventud: jóvenes encabezan estadísticas de muertes y lesiones por siniestros viales - Nacionales - ABC Color,new_event,0.002342029446865765,,0,0,0
15318,520,ABC Color,Abasto Este y Abasto Norte reciben la primavera con colorido paseo de las flores - Negocios - ABC Color,new_event,0.21982576164530968,,0,0,0
15319,258,Oviedo Press,"A 22 años del secuestro de Cecilia Cubas, el inicio de un caso que marcó al Paraguay - OviedoPress",existing_event,0.994466104597869,0.994466104597869,3,3,3
15320,521,ABC Color,Senado tratará pensión para la madre de Rodrigo Quintana y podría quedar sancionada - Política - ABC Color,new_event,0.01651827887310279,,0,0,0
15321,522,Oviedo Press,Diego Rodríguez apuesta por una Junta Municipal más cercana a los sectores olvidados - OviedoPress,new_event,0.49650328306603764,,0,0,0
15322,523,ABC Color,México: Sheinbaum atribuye a “injerencia” extranjera la violencia desatada en Sinaloa - Mundo - ABC Color,new_event,,,0,0,0
15323,524,ABC Color,Ciertas infecciones durante el embarazo se asocian con un mayor riesgo de discapacidad - Ciencia - ABC Color,new_event,,,0,0,0
15324,525,ABC Color,"¿Las parejas LGBT+ son menos estables? Mitos, evidencia y factores que sí influyen - Sexualidad - ABC Color",new_event,,,0,0,0
15325,526,ABC Color,"Orlando Gill y Meli Ávalos, enamorados en París - Gente - ABC Color",new_event,0.00257015323931285,,0,0,0
15326,527,ABC Color,Mirtha Legrand evoluciona favorablemente y seguirá internada - Gente - ABC Color,new_event,0.006475899667760855,,0,0,0
15327,528,ABC Color,Yolanda Park en el Día Mundial del Alzhéimer: “Duele en el alma ver cómo tu ser querido se va perdiendo” - Gente - ABC Color,new_event,0.0017832170152960322,,0,0,0
15328,529,ABC Color,"El río Paraná alcanza 3,67 m y proyectan descenso en Ayolas - Nacionales - ABC Color",new_event,0.4758770785270542,,0,0,0
15329,530,ABC Color,Juicio de Miguel Prieto: Defensas cuestionan a fiscal por su falta de objetividad - Política - ABC Color,new_event,0.22200638937871445,,0,0,0
15330,531,ABC Color,PGN 2027: Salud tendrá más recursos pese a limitada ejecución 2026 - Economía - ABC Color,new_event,0.18545525403362742,,0,0,0
15331,532,ABC Color,Pisa: Las tres claves que Paraguay ignora para transformar su sistema educativo - Nacionales - ABC Color,new_event,0.7363600864272313,,0,0,0
15332,296,Última Hora,Fiscalía pide 12 años de cárcel para Hernán Rivas por ser “abogado falso”,existing_event,0.9781725109698717,0.9781725109698717,5,5,7
15333,533,Última Hora,Diputado respalda veredicto de HC sobre Baruja y Beto compara dupla con el matrimonio,new_event,0.5994468611297207,,0,0,0
15334,446,Última Hora,Policías rescatan a víctima de una agresión brutal en un auto y detienen a la pareja en Caaguazú,existing_event,0.9910142162111704,0.9910142162111704,1,1,1
15335,261,Última Hora,Adiós al CDA de papel: Paraguay entra en la era del CDA digital,existing_event,0.9987819597151892,0.9987819597151892,3,3,3
15336,534,Última Hora,"Ex marido de Lindsay Clancy habla por primera vez: ""Estoy seguro de que hay cosas que no vi""",new_event,,,0,0,0
15337,84,Última Hora,"Xi Jinping hará una visita de Estado a EEUU del 23 al 25 de septiembre, confirma China",existing_event,0.9990603703260676,0.9990603703260676,5,5,6
15338,535,Última Hora,Sospechoso del caso Madeleine admite que estaba a metros de la niña antes de su desaparición,new_event,,,0,0,0
15339,403,Última Hora,Personal de blanco se moviliza en Misiones para exigir aumento salarial del 50%,existing_event,0.9245806621274103,0.9245806621274103,1,1,1
15340,484,Última Hora,Transportistas preocupados por costo del combustible: “Es difícil llevar el pan a nuestros hogares”,existing_event,0.98294841414007,0.98294841414007,1,1,1
15341,287,Última Hora,Conductor alcoholizado ocasiona choques múltiples y termina incrustado contra un árbol,existing_event,0.953952172833462,0.953952172833462,1,1,1
15342,536,La Nación,"La Nación / Eventos y promoción internacional impulsan el crecimiento del turismo, destacan",new_event,0.20101338372812858,,0,0,0
15343,537,La Nación,La Nación / Municipalidad de Fernando de la Mora amedrenta a vecinos y a periodistas,new_event,0.014288017870528897,,0,0,0
15344,538,La Nación,La Nación / LN PM: edición del 21 de setiembre,new_event,0.7851754473341468,,0,0,0
15345,296,La Nación,La Nación / Fiscalía solicitó 12 años de prisión para Rivas,existing_event,0.9313490662077724,0.9313490662077724,5,5,8
15346,539,La Nación,La Nación / De Asunción a Berlín: la paraguaya que trabaja con las figuras de los famosos,new_event,,,0,0,0
15347,439,San Lorenzo Py,ANDE abre concurso para 230 jóvenes: 137 vacancias corresponden a Asunción y Central » San Lorenzo PY,existing_event,0.9964381145485246,0.9964381145485246,2,2,2
15348,540,La Nación,La Nación / MAG entrega implementos agrícolas por más de G. 700 millones a productores de Eugenio A. Garay,new_event,0.0072873291652958755,,0,0,0
15349,541,La Nación,La Nación / MOPC solicita despejar franja de dominio ante avance de la obra de duplicación de la ruta PY01,new_event,0.031101021426193573,,0,0,0
15350,542,La Nación,La Nación / “Ni un ramo de manzanilla”: los mejores memes de quienes no recibieron flores amarillas,new_event,0.19195364242269994,,0,0,0
15351,543,HOY,Diario HOY | Dos senadores de “Primera División” le presumen su antigüedad a César Sosa,new_event,0.892738670151148,,0,0,0
15352,296,NPY,Fiscalía solicita 12 años de prisión para el exsenador colorado Hernán Rivas,existing_event,0.9805737535387721,0.9805737535387721,5,5,9
15353,410,Concepción al Día,El vori vori vuelve a ser reconocido como el mejor plato del mundo - Concepción al Día,existing_event,0.9943228657422789,0.9943228657422789,5,5,5
15354,544,Itapúa en Noticias,"CAMBYRETÁ CRECE, PERO ¿ESTÁ PREPARADO PARA EL SALTO?",new_event,0.44268263969956395,,0,0,0
15355,545,Itapúa en Noticias,"AGUAS DANZANTES, BUS TURÍSTICO Y LA RECUPERACIÓN DE LA ZONA BAJA: LAS PROPUESTAS DE NOVOSAD",new_event,0.20897845044812927,,0,0,0
15356,546,5Días,"¿Una moneda, dos lados, o más?",new_event,,,0,0,0
15357,547,5Días,La IA acelera más rápido que la economía que debe sostenerla,new_event,0.03947871392284416,,0,0,0
15358,548,5Días,"Hortipar 2026 presenta nuevas tecnologías, cultivos y su primer congreso internacional",new_event,0.0019447220332547569,,0,0,0
15359,549,5Días,Paraguay atrae más capital extranjero y cambia su perfil de inversión,new_event,0.09481330241798201,,0,0,0
15360,296,El Independiente,Fiscalía pide 12 años de prisión para el exsenador Hernán Rivas por documentos falsos,existing_event,0.9917677918873491,0.9917677918873491,5,5,10
15361,550,El Independiente,SENADOR IGNACIO IRAMAIN. PREMIO “ANTORCHA DE LA LIBERTAD” 2026 DE RADIO LIBRE 1200AM,new_event,0.013994866988444396,,0,0,0
15362,296,Resumen de Noticias,Caso título falso: Fiscalía pide 12 años de cárcel para Hernán Rivas,existing_event,0.9933588032656485,0.9933588032656485,5,5,11
15363,204,Resumen de Noticias,Prieto atribuye disputa en Honor Colorado a “negocios”,existing_event,0.9961915348236408,0.9961915348236408,1,1,1
15364,519,Resumen de Noticias,"Jóvenes, los más afectados por siniestros viales",existing_event,0.9993433303461344,0.9993433303461344,1,1,1
15365,35,Resumen de Noticias,Albirroja Sub 20 avanza de manera invicta a semifinales de los Juegos Odesur,existing_event,0.9275526476216553,0.9275526476216553,1,2,2
15366,507,Más Encarnación,"De cada 100 electores, 27 son jóvenes, según la Justicia Electoral",existing_event,0.9987035989182097,0.9987035989182097,1,1,1
15368,551,Resumen de Noticias,Dos minutos de ejercicio ayudan a mejorar la concentraciÃ³n,new_event,,,0,0,0
15369,296,Red Digital San Pedro,Fiscalía pide 12 años de cárcel para Hernán Rivas por ser “abogado falso” - Red Digital San Pedro,existing_event,0.9988224138527916,0.9988224138527916,5,5,12
15370,209,adn,Asaltantes vestidos de policías irrumpen en una casa y roban G. 20 millones - ADN Digital,existing_event,0.9873894627037704,0.9873894627037704,5,5,9
15371,552,adn,Ágata Brozón lleva a Paraguay al podio en el Latinoamericano de Ajedrez - ADN Digital,new_event,0.08210125769510256,,0,0,0
15372,553,adn,Comisión investigará deudas y pagos selectivos en IPS y Salud - ADN Digital,new_event,0.10514011283221866,,0,0,0
15373,445,adn,"Larga vida a Honor Colorado, es lo que augura Bachi Núñez - ADN Digital",existing_event,0.9755485028550184,0.9755485028550184,1,1,1
15374,261,Ñanduti,Banco Continental integra la emisión y custodia en la nueva era del CDA Digital,existing_event,0.9976068860686549,0.955340608360663,4,4,4
15375,507,La Tribuna,Más de 1 millón de jóvenes podrán votar este 4 de octubre,existing_event,0.9553307122804838,0.9553307122804838,2,2,2
15376,554,Megacadena,El Gobierno yemení frena el avance hutí en Taiz y Marib,new_event,0.5853236160106506,,0,0,0
15377,555,Megacadena,Tata Martino respaldó la continuidad de Alfaro y analizó el futuro de Paraguay,new_event,0.04464925877550699,,0,0,0
15378,296,Megacadena,"Fiscalía pide 12 años de prisión para Hernán Rivas por su título ""trucho"" de abogado",existing_event,0.9908822427881325,0.9908822427881325,5,5,13
15379,556,Megacadena,¿Qué hace el Estado cuando todos tienen razón?,new_event,0.08067293804075168,,0,0,0
15380,464,Popular,Popular / ¡Ho'a por prostituir a quinceañera!,existing_event,0.950854686254626,0.950854686254626,1,1,1
15381,557,Popular,"Popular / Vane Domínguez: ""El paraguayo no sabe lo que tiene""",new_event,,,0,0,0
15382,558,Popular,"Popular / ¡""Kili"" Rojas y Natty Balbuena ya laburan juntos!",new_event,0.0009322632484980199,,0,0,0
15383,559,La Jornada,"AUNQUE EL CANDIDATO NO QUIERE QUE PARTICIPEMOS DE LA CAMPAÑA, YO QUIERO QUE GANE LA LISTA 1 EN CIUDAD DEL ESTE.",new_event,0.003467288085570376,,0,0,0
15384,256,Diario Paraguayo Noticias,Lynk & Co 08 PHEV: nueva SUV híbrida en Paraguay | Diario Paraguayo,existing_event,0.9926183794207271,0.9926183794207271,1,1,1
15385,247,Diario Paraguayo Noticias,"Ajedrez: juego, deporte y ciencia para el desarrollo | Diario Paraguayo",existing_event,0.9166990426810357,0.9166990426810357,1,1,1
15386,106,Diario Paraguayo Noticias,"Juventud, trabajo decente y cultura en Paraguay | Diario Paraguayo",existing_event,0.993329132157667,0.993329132157667,3,4,9
15387,560,Diario Paraguayo Noticias,Oniria obtiene su primer Gallo de Oro | Diario Paraguayo,new_event,0.8759831177365197,,0,0,0
15388,561,Diario Paraguayo Noticias,Mass Publicidad gana su cuarto Gallo de Oro | Diario Paraguayo,new_event,0.24075340607037315,,0,0,0
15389,255,Diario Paraguayo Noticias,Latele cumple 18 años con nueva sede y tecnología | Diario Paraguayo,existing_event,0.9865919557153096,0.9865919557153096,1,1,1
15390,231,Diario Paraguayo Noticias,Profesionales de salud reclaman mejora salarial | Diario Paraguayo,existing_event,0.985150314473292,0.985150314473292,2,2,2
15391,562,Diario Paraguayo Noticias,Inter Miami empata 2-2 con San Diego en la MLS | Diario Paraguayo,new_event,0.012508705966660944,,0,0,0
15392,504,Diario Paraguayo Noticias,Festival de la Juventud en Ciudad del Este - 27 de sept | Diario Paraguayo,existing_event,0.9877279555175015,0.9877279555175015,1,1,1
15393,439,Diario Paraguayo Noticias,230 vacantes para jóvenes en Ande - Formación Dual | Diario Paraguayo,existing_event,0.999754797298858,0.999754797298858,3,3,3
15394,408,Diario Paraguayo Noticias,MAG realizará 8 ferias de agricultura familiar | Diario Paraguayo,existing_event,0.999966269681591,0.999966269681591,2,2,2
15395,563,Diario Paraguayo Noticias,Tirzepatida: marco legal tributario y medicamentos | Diario Paraguayo,new_event,0.0015300197568708727,,0,0,0
15396,564,Diario Paraguayo Noticias,Boca vence a San Lorenzo y mantiene buen desempeño | Diario Paraguayo,new_event,0.14992013232561907,,0,0,0
15397,565,Diario Paraguayo Noticias,Raphinha lidera goleadores de La Liga tras 7 jornadas | Diario Paraguayo,new_event,0.006737141425988347,,0,0,0
15398,308,Diario Paraguayo Noticias,Ronaldo Martínez anota doblete en victoria de Vélez | Diario Paraguayo,existing_event,0.9954604663508165,0.9954604663508165,2,2,2
15399,198,Diario Paraguayo Noticias,Sánchez explica lesión de Derlis González en Olimpia | Diario Paraguayo,existing_event,0.945458595889425,0.945458595889425,2,2,2
15400,441,Diario Paraguayo Noticias,Campaña solidaria para rehabilitación de Iván | Diario Paraguayo,existing_event,0.9979292427159194,0.9979292427159194,1,1,1
15401,537,Diario Paraguayo Noticias,Municipalidad de Fernando de la Mora amedrenta a vecinos y a periodistas | Diario Paraguayo,existing_event,0.9988837765642106,0.9988837765642106,1,1,1
15402,566,Extra,¡Sanie y Rubén celebran los 23 años con Vive la Vida!,new_event,0.03660690781727314,,0,0,0
15403,567,Extra,Malala Olitte dijo que su “error” fue ser “sincera” con Vane Nicole,new_event,,,0,0,0
15404,568,Extra,Kiara Coronel festeja los 2 años de TF Stream: “Somos los únicos con conductores preparados”,new_event,0.042933398281214584,,0,0,0
15405,569,Extra,Diputada festejó el cumple de su perrita: “Es mi vida”,new_event,,,0,0,0
15406,570,Crónica,[VIDEO] ¡Chake jagua! Nutridiego fue perseguido por firu en plena competencia,new_event,,,0,0,0
15407,571,Crónica,Viajó para comprar un terreno pero le asaltaron por el camino,new_event,0.09230641206222033,,0,0,0
15408,572,Crónica,[VÍDEO] “¡Esẽpy upégui!” Le gritó Messi a Galarza,new_event,0.14189313100864143,,0,0,0
15409,573,Crónica,[VIDEO] Cantante reveló lo que le dicen las chicas,new_event,,,0,0,0
15410,439,Crónica,ANDE habilita 230 plazas para aprendices,existing_event,0.9521445379729858,0.9521445379729858,4,4,4
15411,574,Crónica,Mirá la emotiva carta que el “Kaku” recibió de sus hijos,new_event,,,0,0,0
15412,226,Crónica,[VIDEO] Te mostramos el álbum de bodas de la actriz Fátima Fernández,existing_event,0.9144630875258627,0.9144630875258627,2,2,2
15413,575,Crónica,[VIDEO] Transformó su auto en mini discoteca y fascina a los pasajeros,new_event,,,0,0,0
15414,441,Crónica,La batalla de Iván recién comienza: buscan G. 1.000 millones para su recuperación,existing_event,0.9938622921606128,0.9938622921606128,2,2,2
15415,576,Crónica,[VÍDEO] El Judo con doblete de bronce en los Odesur,new_event,0.4582570505519969,,0,0,0
15416,296,El Observador,Piden 12 años para Rivas: “Expuso a la administración de justicia al total descrédito y lesionó la moral pública” - El Observador,existing_event,0.9695677461142667,0.9695677461142667,5,5,14
15417,577,La Clave,"Tape Porã, contaminación e impunidad ante un Ministerio Público inoperante – Diario La Clave",new_event,,,0,0,0
15418,578,Ahora CDE,Ratero con más de una docena de antecedentes es otra vez detenido,new_event,0.026060634028611876,,0,0,0
15419,579,Primera Plana,Fundación Tesãi fortalece su liderazgo en nutrición clínica con participación en Congreso Internacional ESPEN 2026,new_event,,,0,0,0
15420,456,Amambay News,Blanca Ovelar cuestiona las supervisiones pedagógicas y pide asumir la “complejidad” de la crisis educativa - Amambay News,existing_event,0.945239414661168,0.945239414661168,1,1,1
15421,580,Amambay News,Caso Tía Chela: tensión en pleno juicio entre fiscal y defensa de Miguel Prieto - Amambay News,new_event,0.834977610577413,,0,0,0
15423,581,Concepción al Día,La Carreta cumple 10 años: una década construyendo su historia gastronómica en Concepción - Concepción al Día,new_event,,,0,0,0
15425,582,Más Encarnación,Hurtan automóvil estacionado frente a un inquilinato en Villa del Maestro,new_event,0.752580858099069,,0,0,0
15426,59,ABC Color,Gremios de salud se movilizan mañana por reajuste y carrera sanitaria - Nacionales - ABC Color,existing_event,0.9403732582665025,0.9403732582665025,1,1,1
15427,258,ABC Color,A 22 años del secuestro de Cecilia Cubas: exfiscal invita a reflexión sobre el caso - Nacionales - ABC Color,existing_event,0.8303564974759057,0.8303564974759057,2,4,4
15428,583,ABC Color,Un exoplaneta “rebelde” desafía lo esperado y orbita en sentido contrario a su estrella - Ciencia - ABC Color,new_event,,,0,0,0
15429,584,Ñanduti,Imputan a las máximas autoridades de APA por presunta lesión de confianza por cerca de G 2.000 millones,new_event,0.009704733055321092,,0,0,0
15430,585,ABC Color,Pagos de setiembre: MEF dio a conocer fechas de acreditación de salarios y beneficios sociales - Economía - ABC Color,new_event,0.0024836545185598934,,0,0,0
15431,586,Última Hora,"Video: Con sirenas, bomberos reclaman pagos de subsidios a la Municipalidad de Hernandarias",new_event,0.8418181374352585,,0,0,0
15432,445,Última Hora,"“Mantenerse en primera división es difícil"", advierte Bachi a Cesarito",existing_event,0.9365571783642088,0.9365571783642088,2,2,2
15433,245,Última Hora,TSJE: Senador insiste en provisión de dos máquinas de votación para auditoría técnica,existing_event,0.9671324678269063,0.9671324678269063,5,5,6
15434,484,La Nación,La Nación / Transportistas manifiestan complicado panorama a causa del alto costo del combustible,existing_event,0.9824529215495287,0.9824529215495287,2,2,2
15435,587,La Nación,La Nación / ¡Paul Landó bajó 23 kilos y reveló cómo logró su impresionante cambio físico!,new_event,,,0,0,0
15436,588,5Días,Elecciones en Brasil: qué pasa con la inversión brasileña en Paraguay,new_event,0.04458959645227899,,0,0,0
15437,589,Telefuturo,Vecinos de Molino de Luque denuncian ola de robos,new_event,0.0014068227661898788,,0,0,0
15438,146,Resumen de Noticias,Proponen licencia para tener perros considerados peligrosos,existing_event,0.9591923997913251,0.9591923997913251,2,2,2
15439,517,Resumen de Noticias,"RÃo Paraguay baja, pero persiste riesgo de inundaciones",existing_event,0.9808191197347002,0.9808191197347002,1,1,1
15440,307,adn,El partido de Putin logra un récord de escaños en Rusia - ADN Digital,existing_event,0.961976590159571,0.9606366963309734,2,2,2
15441,457,adn,Salud amplía vacunación contra el dengue a personas de 6 a 60 años - ADN Digital,existing_event,0.9983766019239526,0.9983766019239526,2,2,2
15442,590,adn,Vivero de Tekotopa registra afluencia masiva y ya entregó más de 60.000 plantines - ADN Digital,new_event,0.004342083642019587,,0,0,0
15443,591,Megacadena,"Casamiento y casa propia ya no están entre las prioridades de los jóvenes, afirman",new_event,0.23309195296110646,,0,0,0
15444,592,Megacadena,Santiago Peña se reúne con empresarios para impulsar proyecto en la Costanera Norte,new_event,0.05800158597964323,,0,0,0
15445,106,Megacadena,"Paraguay atraviesa su mejor momento demográfico, según el INE",existing_event,0.9891648374419123,0.9891648374419123,3,3,10
15446,593,Megacadena,Preocupa el termómetro del gigante,new_event,0.007313915442526416,,0,0,0
15447,594,Megacadena,Hugo Javier no se cayó solo,new_event,0.008317449085771257,,0,0,0
15448,595,Popular,"Popular / (VIDEO) ¡Fio Migliore contó cómo se llamará su segunda ""bendi""!",new_event,0.019179846399702036,,0,0,0
15449,596,Popular,Popular / ¡Celebraron su boda de plata!,new_event,0.01729163095903219,,0,0,0
15450,296,Crónica,Fiscalía pide 12 años para Hernán Rivas por el caso del supuesto título falso,existing_event,0.9925223397925875,0.9925223397925875,5,5,15
15451,243,Crónica,“Vine por mi propia voluntad”: joven menonita pide que liberen a su esposo,existing_event,0.9699514299819485,0.9699514299819485,3,3,3
15452,597,Crónica,Las chicas albirrojas irán por la medalla de bronce,new_event,0.21048859541307605,,0,0,0
15453,598,El Observador,Defensa de Rivas considera excesiva la pena solicitada de 12 años - El Observador,new_event,0.6630173728588042,,0,0,0
15454,599,El Observador,"Juicio oral a ex intendente Prieto por caso ""Tía Chela"" entró en etapa probatoria - El Observador",new_event,0.636140309383232,,0,0,0
15455,453,Primera Plana,"Presentan avances del Proyecto de Duplicación de la Ruta PY07, financiado por Itaipú",existing_event,0.9676223177825619,0.9676223177825619,2,2,2
15456,469,Amambay News,Paraguay avanza invicto y espera rival - Amambay News,existing_event,0.9628013528644028,0.9144620859866031,1,1,1
15457,600,Amambay News,Tonny Sanabria se queda sin DT en Inter de Porto Alegre - Amambay News,new_event,0.01747484978222766,,0,0,0
15458,378,Amambay News,Vehículo vuelca sobre la ruta PY05 y deja dos personas heridas - Amambay News,existing_event,0.9993060878215959,0.9993060878215959,1,1,1
15459,296,Amambay News,Fiscalía pide 12 años de cárcel para Hernán Rivas por ser “abogado falso” - Amambay News,existing_event,0.9997739487504379,0.9997739487504379,5,5,16
15460,601,Amambay Ahora,Incineran más de cuatro toneladas de marihuana en Pedro Juan halladas en Capitán Bado,new_event,0.04050577503359864,,0,0,0
15461,296,Oviedo Press,Fiscalía pide 12 años de cárcel para Hernán Rivas en el caso de título falso - OviedoPress,existing_event,0.9890226871383035,0.9890226871383035,5,5,17
15462,495,Itapúa en Noticias,CARLOS PEREIRA QUIERE MÁS OPORTUNIDADES PARA LOS JÓVENES EN ENCARNACIÓN,existing_event,0.9072901313477097,0.9072901313477097,1,1,1
15463,71,ABC Color,Estos son los ocho departamentos que están ahora en zona de tormentas - Clima - ABC Color,existing_event,0.9472567863444269,0.9472567863444269,4,4,5
15464,602,ABC Color,Diputados define mañana la prohibición de celulares en todas las instituciones educativas - Política - ABC Color,new_event,0.0041843611447669035,,0,0,0
15465,603,ABC Color,Líderes de 22 países e instituciones reclaman supervisión humana para la IA - Tecnología - ABC Color,new_event,0.19198577331994043,,0,0,0
15466,604,ABC Color,Por qué algunos Malinois desarrollan conductas difíciles - Mascotas - ABC Color,new_event,,,0,0,0
15467,605,ABC Color,Guarambaré: atrapan a presuntos implicados en crimen ocurrido tras un partido de fútbol - Policiales - ABC Color,new_event,0.013476795444488446,,0,0,0
15468,606,ABC Color,Crecida del Paraná pone en riesgo a pequeños ganaderos en Cerrito - Economía - ABC Color,new_event,0.09446404881020301,,0,0,0
15469,607,ABC Color,Manifestantes cierran la ruta San Cosme-Ayolas y exigen respuesta a la EBY - Nacionales - ABC Color,new_event,0.006558066781312315,,0,0,0
15470,202,Última Hora,Analista sugiere cambios en el BCP para recuperar confianza en el sector financiero,existing_event,0.9788072879168621,0.9788072879168621,3,3,3
15471,608,Más Encarnación,"Hugo Javier sigue mejorando, pero aún no podrá prestar declaración",new_event,0.8338616738331951,,0,0,0
15472,261,Más Encarnación,BCP habilita los Certificados de Depósito de Ahorro 100% digitales,existing_event,0.9991482367111495,0.9991482367111495,5,5,5
15473,519,Más Encarnación,"Jóvenes, los más afectados por siniestros viales",existing_event,0.9995745969003547,0.9995745969003547,2,2,2
15474,609,La Nación,La Nación / Ministro de Salud anuncia controles estrictos al desempeño de los médicos,new_event,0.019901109508600107,,0,0,0
15475,507,La Nación,La Nación / Padrón electoral registra el 27 % de electores jóvenes,existing_event,0.9794824618476607,0.9794824618476607,3,3,3
15476,610,La Nación,La Nación / Presley Gerber y el llamado Club de los 27: cuando la fama no alcanza para ocultar el dolor,new_event,0.45933339701190334,,0,0,0
15477,611,La Nación,La Nación / Caso muerte de hincha en Guarambaré: caen dos sospechosos durante allanamientos,new_event,0.8461636349721565,,0,0,0
15478,612,Ñanduti,Ministerio de la Mujer repudia denuncias de acoso sexual y violencia digital que afectan a estudiantes de la UNA,new_event,0.00424398118221703,,0,0,0
15479,613,5Días,SoftBank lanza emisión récord por más de US$11.000 millones para financiar inversión en OpenAI,new_event,,,0,0,0
15480,602,Resumen de Noticias,Celulares en escuelas: Diputados define proyecto mañana,existing_event,0.9937102989437265,0.9937102989437265,1,1,1
15481,541,adn,MOPC pide retirar objetos de la franja de la PY01 por obras de duplicación - ADN Digital,existing_event,0.9997566548885871,0.9997566548885871,1,1,1
15482,469,adn,Paraguay empata con Uruguay y avanza a semifinales del Odesur como líder de grupo - ADN Digital,existing_event,0.9061192083996785,0.9061192083996785,2,2,2
15483,614,Amambay News,"Fox News, ABC, CBS y NBC suspenden la cobertura de los actos de Trump tras veto a medios - Amambay News",new_event,0.8448316388595174,,0,0,0
15484,615,Amambay News,De la Fuente augura que “lo mejor está por llegar” tras prorrogar hasta 2032 - Amambay News,new_event,0.013121814139711026,,0,0,0
15486,616,ABC Color,Suba de combustible: ¿llegará el aumento a los precios de los supermercados? - Negocios - ABC Color,new_event,0.23393549072780553,,0,0,0
15487,617,ABC Color,Pacientes con fibrosis pulmonar vuelven a sufrir desabastecimiento en IPS - Nacionales - ABC Color,new_event,,,0,0,0
15488,618,ABC Color,Nicole Sautu cumplió 30 rodeada del amor de Víctor Gavilán y sus cuatro hijos - Gente - ABC Color,new_event,0.002022766980286033,,0,0,0
15489,619,ABC Color,Senado culmina audiencias y avanza hacia las ternas para la Defensoría del Pueblo - Política - ABC Color,new_event,0.020182630862242607,,0,0,0
15490,620,ABC Color,Denuncian contaminación por continuas quemazones en vertedero de Campo 9 - Nacionales - ABC Color,new_event,0.012112954647899372,,0,0,0
15491,621,ABC Color,Elecciones Municipales: La importancia de los observadores - Política - ABC Color,new_event,0.6938887532808043,,0,0,0
15492,622,ABC Color,San Ignacio: OCM reclama asistencia tras la inundación de campo comunal - Economía - ABC Color,new_event,0.18341241710390657,,0,0,0
15493,232,Última Hora,Cartes no se pronuncia y esta semana se podría dar una reunión con Alliana,existing_event,0.8905707013874176,0.8905707013874176,2,2,2
15494,623,Última Hora,Estudiantes presentan conclusiones sobre la educación pública y anuncian audiencia en Diputados,new_event,0.0016824765881259343,,0,0,0
15495,624,Última Hora,"En medio de crisis, pedido de interpelación a ministra de Obras sigue cajoneado por oficialistas",new_event,0.013998405430872125,,0,0,0
15496,625,Última Hora,"""Lofi Girl"", un fenómeno mundial en YouTube con música relajante",new_event,,,0,0,0
15497,592,La Nación,"La Nación / Empresarios prevén construir arena, shopping y hotel en la Costanera Norte tras reunión con Peña",existing_event,0.9841243060217142,0.9841243060217142,1,1,1
15498,626,La Nación,La Nación / ¡No es visita! Paraguaya presume que su novio llega a su casa y hace de todo,new_event,,,0,0,0
15499,610,La Nación,La Nación / Más allá del Club de los 27: la historia de Presley Gerber,existing_event,0.9972940831050954,0.9972940831050954,1,1,1
15500,627,5Días,La histórica caravana de Colosos de la Tierra cerró su 15ª expedición tras días de aventura,new_event,,,0,0,0
15501,296,Telefuturo,Fiscalía pide 12 años de cárcel para Hernán Rivas,existing_event,0.9839866893304762,0.9839866893304762,5,5,18
15502,628,Telefuturo,Preocupación ante escalada del precio del combustible,new_event,0.5189742118290038,,0,0,0
15503,202,Resumen de Noticias,Qué preocupa a Asoban del sistema bancario,existing_event,0.9980187319596765,0.9980187319596765,3,4,4
15504,59,Resumen de Noticias,Gremios de salud marcharán por reajuste salarial del 50%,existing_event,0.9912922691236358,0.9912922691236358,2,2,2
15505,516,Resumen de Noticias,Ingreso de frente frío traerá lluvias y marcado descenso de la temperatura,existing_event,0.9988554281582825,0.9988554281582825,1,1,1
15506,592,adn,Proyecto prevé una gran arena y nuevo polo de entretenimiento en la Costanera Norte - ADN Digital,existing_event,0.9945976989596416,0.9945976989596416,2,2,2
15507,629,adn,Taiwán lanza un organismo intergubernamental internacional de gestión en caso de desastres - ADN Digital,new_event,,,0,0,0
15508,630,adn,Brasil retiene 36 kilos de cabello humano que ingresaron desde Paraguay - ADN Digital,new_event,0.002032568233610211,,0,0,0
15509,508,Megacadena,Semana de la Juventud: SNPP ofrece talleres virtuales gratuitos,existing_event,0.9506053934368575,0.9506053934368575,1,1,1
15510,631,Popular,Popular / (VIDEO) ¡Venden guiso a lo paraguayoité en salones chuchis de yanquilandia!,new_event,0.40707362451804213,,0,0,0
15511,202,Diario Paraguayo Noticias,Análisis de preocupaciones del sistema bancario paraguayo | Diario Paraguayo,existing_event,0.9991023308537419,0.9991023308537419,4,5,5
15512,503,Diario Paraguayo Noticias,Sobre una cama de rosas: estreno teatral integrador | Diario Paraguayo,existing_event,0.9988249162313727,0.9988249162313727,1,1,1
15513,106,Diario Paraguayo Noticias,Bono demográfico de Paraguay: oportunidades hasta 2050 | Diario Paraguayo,existing_event,0.9984310961282917,0.9984310961282917,5,5,11
15514,261,Diario Paraguayo Noticias,CDA digitales: Paraguay moderniza inversiones | Diario Paraguayo,existing_event,0.996539100093623,0.996539100093623,5,5,6
15515,632,Diario Paraguayo Noticias,Figueredo respalda liderazgo de Honor Colorado | Diario Paraguayo,new_event,0.8435031855209292,,0,0,0
15516,412,Diario Paraguayo Noticias,Puente de la Integración avanza con apertura gradual | Diario Paraguayo,existing_event,0.9998155006041965,0.9998155006041965,3,3,3
15517,541,Diario Paraguayo Noticias,MOPC solicita despejar franja de ruta PY01 | Diario Paraguayo,existing_event,0.9999486994074454,0.9999486994074454,2,2,2
15518,610,Diario Paraguayo Noticias,Más allá del Club de los 27: la historia de Presley Gerber | Diario Paraguayo,existing_event,0.9981594587215648,0.9981594587215648,2,2,2
15519,507,Diario Paraguayo Noticias,27 % del padrón electoral está conformado por jóvenes | Diario Paraguayo,existing_event,0.9974342650964093,0.9974342650964093,4,4,4
15520,592,Diario Paraguayo Noticias,Complejo de entretenimiento en Costanera Norte de Asunción | Diario Paraguayo,existing_event,0.9991356692531106,0.9991356692531106,3,3,3
15521,633,Crónica,“Coto” ya dijo que Delmás es intransferible,new_event,0.8053129078045438,,0,0,0
15522,634,Crónica,¿Final de Sudamericana en Brasil?,new_event,0.001304594971574567,,0,0,0
15523,635,Crónica,"Guaraní, nuestro ñe’ẽ llama la atención de extranjeros",new_event,,,0,0,0
15524,636,Crónica,Artista lanzó el top de flores perfectas para quienes tienen más de 40 pirulos,new_event,0.0190853133561417,,0,0,0
15525,404,Crónica,Una mamá que no se rindió: Ema cuenta en un libro cómo buscó justicia para su hijo,existing_event,0.9731441663756336,0.9731441663756336,1,1,1
15526,637,El Observador,Fiscalía pide investigar a auditora del MEC por posible frustración de la persecución penal en el caso Rivas - El Observador,new_event,0.24581631386648387,,0,0,0
15527,638,Amambay News,"Envían a juicio a Begoña Gómez, esposa del presidente español Pedro Sánchez - Amambay News",new_event,0.09775344346078292,,0,0,0
15528,639,San Lorenzo Hoy,Récord: casi una rueda perdida - San Lorenzo Hoy,new_event,0.768833952312067,,0,0,0
15529,518,Itapúa en Noticias,MERCADO LABORAL JUVENIL REGISTRA AVANCES EN FORMALIZACIÓN,existing_event,0.9855833505112124,0.9855833505112124,1,1,1
15530,640,Itapúa en Noticias,"CAEN DOS SOSPECHOSOS Y RECUPERAN PERFUMES, ZAPATILLAS Y UNA COCINA TRAS HURTO",new_event,0.16753692876460538,,0,0,0
15531,258,Itapúa en Noticias,"A 22 AÑOS DEL SECUESTRO DE CECILIA CUBAS, EL CASO QUE CONMOCIONÓ AL PAÍS",existing_event,0.9988552961823419,0.9988552961823419,5,5,5
15532,641,Itapúa en Noticias,MÁS DE 300 PACIENTES FUERON ATENDIDOS EN EL HRE ESTE FIN DE SEMANA,new_event,0.01469133197857218,,0,0,0
15533,640,Más Encarnación,Recuperan objetos hurtados y detienen a joven con orden de captura en Cambyretã,existing_event,0.9927123081292836,0.9927123081292836,1,1,1
15535,642,Más Encarnación,Delincuentes ingresan a un comercio y se llevan talonarios de cheques en Cambyretã,new_event,0.6306726667687452,,0,0,0
15537,643,Más Encarnación,"El asesino múltiple misionero “Gusano” Menocchio rompió el silencio: habló de su vida en Posadas, los crímenes, sus negocios en Paraguay y los lazos políticos",new_event,,,0,0,0
15538,644,Ñanduti,Peña viaja con comitiva de 13 personas a EE.UU.: el decreto no revela cuánto costará la numerosa misión oficial,new_event,0.31963588782385444,,0,0,0
15539,645,ABC Color,Fretes busca más control a médicos tras reajuste: “No sirve ir a marcar y tomar tereré” - Nacionales - ABC Color,new_event,0.7101726290850321,,0,0,0
15540,508,ABC Color,Talleres virtuales gratuitos por la Semana de la Juventud - Nacionales - ABC Color,existing_event,0.9594607337059823,0.9594607337059823,2,2,2
15541,646,ABC Color,"El 18,8 % de la población en edad de trabajar en el mundo usa herramientas de IA - Tecnología - ABC Color",new_event,0.023707435969118083,,0,0,0
15542,647,ABC Color,Una terapia de células madre dirigidas reduce hasta un 94 % las fracturas por osteoporosis - Estilo de vida - ABC Color,new_event,,,0,0,0
15543,592,ABC Color,Peña se reúne en Nueva York con empresarios que pretenden “transformar” la Costanera Norte - Política - ABC Color,existing_event,0.9845174427002334,0.9845174427002334,4,4,4
15544,586,ABC Color,Tres compañías de bomberos exigen a la Municipalidad de Hernandarias el desembolso de recursos - ABC en el Este - ABC Color,existing_event,0.9518229961408311,0.9518229961408311,1,1,1
15545,106,ABC Color,"Paraguay atraviesa su mejor momento demográfico, según el INE - Nacionales - ABC Color",existing_event,0.9748814629447357,0.9748814629447357,5,5,12
15546,648,ABC Color,Ybycuí: peregrinarán al cerro San José por la beatificación del padre Julio - Nacionales - ABC Color,new_event,,,0,0,0
15547,649,ABC Color,#LaMafiaManda: Tribunal decidirá si mantiene en prisión a exdirectores de la Senad - Nacionales - ABC Color,new_event,0.07924710356098279,,0,0,0
15548,650,ABC Color,Acceso al país por el Puente de la Amistad se encuentra en deplorable estado por los baches - ABC en el Este - ABC Color,new_event,0.09042433092892951,,0,0,0
15549,612,Última Hora,UNA: Investigan denuncias de acoso a estudiantes de varias facultades y unidades académicas,existing_event,0.9149466727014984,0.9149466727014984,1,1,1
15550,651,Última Hora,"Titular del BCP, Baruja y Marco Riquelme integran la comitiva de Peña en EEUU",new_event,0.3854814863961224,,0,0,0
15551,652,Última Hora,La última primavera de Cecilia Cubas: A 22 años del secuestro que apagó su vida,new_event,0.8075533769583036,,0,0,0
15552,653,Última Hora,Video: Intentó robar a un peatón en el Mercado 4 y fue aprehendido,new_event,0.06067369317136826,,0,0,0
15553,654,Última Hora,Denuncian agresión a candidato a concejal y piden circuito cerrado,new_event,0.17727836799716018,,0,0,0
15554,655,Última Hora,Advierten que venta de inmuebles no puede financiar fondo de salud de IPS,new_event,0.06579587712369611,,0,0,0
15555,656,Última Hora,"La IA y los robots, dos aliados en el cuidado de los enfermos de Alzheimer",new_event,0.002792596138061312,,0,0,0
15556,612,Última Hora,Denuncia de acoso en la UNA: Piden no difundir imágenes,existing_event,0.9868387054336779,0.9868387054336779,2,2,2
15557,657,Última Hora,Banco Mundial pide recuperar aprendizajes básicos y evitar abandono escolar,new_event,0.11195585088179386,,0,0,0
15558,268,Última Hora,Familiares de fallecido en accidente en J. Augusto Saldívar piden segunda prueba de alcotest,existing_event,0.960338645645708,0.960338645645708,1,1,1
15559,658,Última Hora,Competencia en colegio de Ñemby termina en enfrentamiento entre estudiantes,new_event,0.001058814835952457,,0,0,0
15560,659,Última Hora,"Biblioteca Nacional: 139 años de memoria, libros y patrimonio",new_event,,,0,0,0
15561,660,Última Hora,"Lady Gaga recurrió a la gestación subrogada, según todos los indicios",new_event,0.7532985688584939,,0,0,0
15562,143,La Nación,La Nación / TSJE inicia logística de máquinas de votación para los comicios del 4 de octubre,existing_event,0.9970349053068825,0.9970349053068825,3,3,3
15563,661,La Nación,La Nación / El CCPA y la embajada de EE. UU. lanzan el Premio Freedom 250 de Escultura,new_event,,,0,0,0
15564,662,La Nación,La Nación / “Ella es la grand favorita”: miss paraguaya causa furor en Tailandia,new_event,,,0,0,0
15565,584,La Nación,La Nación / Fiscalía imputa a cuatro directivos de APA por presunto desvío de casi G. 2.000 millones,existing_event,0.9137289232260963,0.9137289232260963,1,1,1
15566,663,Monumental,Olimpia se coloca a un punto de la cima apuntando al duelo crucial contra Libertad,new_event,0.40180568772623004,,0,0,0
15567,664,Monumental,"El retorno de la ""Pantera"": Sportivo Luqueño triunfa en el reestreno de Lucas Barrios al mando",new_event,0.23807494305379615,,0,0,0
15568,665,5Días,"El dilema de la IA ya no es cómo frenarla, sino quién la controla",new_event,0.3069363530940675,,0,0,0
15569,106,5Días,"Paraguay tiene 1,5 millones de jóvenes, pero las empresas enfrentan una brecha de talento",existing_event,0.9469992306828249,0.9469992306828249,2,4,13
15570,666,5Días,El futuro de los 482.028,new_event,0.3291487476971025,,0,0,0
15571,667,5Días,"El petróleo cae a US$ 95,5 y abre expectativas tras subas de hasta G. 600 por litro",new_event,,,0,0,0
15572,668,Telefuturo,Conflicto en Honor Colorado por declaraciones de César Sosa,new_event,0.6384444141238509,,0,0,0
15573,609,Resumen de Noticias,“No sirve el hecho de ir a marcar y tomar tereré”: Fretes advierte controles estrictos a médicos,existing_event,0.9547377112263344,0.9547377112263344,1,1,1
15574,669,adn,Paraguay prepara el Congreso Mundial Braford 2028 - ADN Digital,new_event,0.00796443927376689,,0,0,0
15575,241,adn,"El Vaticano publicó el itinerario del papa León XIV durante su gira por Uruguay, Argentina y Perú - ADN Digital",existing_event,0.9954591765136994,0.8636450500030471,2,2,2
15576,670,La Tribuna,Pilar sería el escenario para el juego extra,new_event,0.010362819491053438,,0,0,0
15577,671,Megacadena,Adolescente Iván sale de terapia intensiva tras ser atropellado al salir del colegio,new_event,0.022284092482926305,,0,0,0
