target_id,target_source,target_title,target_date,candidate_id,candidate_source,candidate_title,candidate_date,similarity,event_label,pair_article_1,pair_article_2,target_entity_count,candidate_entity_count,shared_entities,shared_per,shared_org,shared_loc,entity_jaccard,idf_overlap,idf_jaccard,shared_entity_names,shared_person_names,shared_org_names,shared_location_names,same_event,component_id,oof_probability,cv_fold
14546,Última Hora,Iván Duque debatirá sobre infraestructura en Paraguay,2026-09-19 21:00:00-03:00,14603,El Independiente,Paraguay se encuentra en un punto de inflexión histórica,2026-09-19 21:00:00-03:00,0.784,0,14546,14603,10,12,2,0,1,1,0.1,5.816163695287515,0.0514452174026152,estado | paraguay,,estado,paraguay,0,0,0.01455767419101506,3
14546,Última Hora,Iván Duque debatirá sobre infraestructura en Paraguay,2026-09-19 21:00:00-03:00,14920,El Independiente,Peña tiene ocho encuentros económicos antes del debate de Naciones Unidas,2026-09-20 21:00:00-03:00,0.7823,0,14546,14920,10,12,1,0,0,1,0.0476190476190476,2.326506442740917,0.0217889918200963,paraguay,,,paraguay,0,0,0.00902159948539431,3
14546,Última Hora,Iván Duque debatirá sobre infraestructura en Paraguay,2026-09-19 21:00:00-03:00,15354,Itapúa en Noticias,"CAMBYRETÁ CRECE, PERO ¿ESTÁ PREPARADO PARA EL SALTO?",2026-09-20 21:00:00-03:00,0.7949,0,14546,15354,10,10,0,0,0,0,0.0,0.0,0.0,,,,,0,0,0.010659689627636996,3
14546,Última Hora,Iván Duque debatirá sobre infraestructura en Paraguay,2026-09-19 21:00:00-03:00,15444,Megacadena,Santiago Peña se reúne con empresarios para impulsar proyecto en la Costanera Norte,2026-09-20 21:00:00-03:00,0.7819,0,14546,15444,10,10,1,0,0,1,0.0526315789473684,2.326506442740917,0.0235079450311314,paraguay,,,paraguay,0,0,0.009009974293171324,3
14546,Última Hora,Iván Duque debatirá sobre infraestructura en Paraguay,2026-09-19 21:00:00-03:00,15543,ABC Color,Peña se reúne en Nueva York con empresarios que pretenden “transformar” la Costanera Norte - Política - ABC Color,2026-09-20 21:00:00-03:00,0.7922,0,14546,15543,10,21,2,0,1,1,0.0689655172413793,5.816163695287515,0.0368339593990357,estado | paraguay,,estado,paraguay,0,0,0.018445161744014935,3
14549,Última Hora,Golpe,2026-09-19 21:00:00-03:00,14554,Última Hora,La rebelión de los ahijados traza el futuro del cartismo,2026-09-19 21:00:00-03:00,0.8962,0,14549,14554,15,16,7,5,2,0,0.2916666666666667,30.62363947874397,0.263939306256651,alliana | bcp | cartes | cio cartes | hora | peña | república,alliana | cartes | cio cartes | hora | peña,bcp | república,,0,1,0.5180119930756883,1
14549,Última Hora,Golpe,2026-09-19 21:00:00-03:00,14856,Última Hora,Alliana asume mando en ausencia de Peña y en plena crisis en HC,2026-09-20 21:00:00-03:00,0.8625,0,14549,14856,15,20,6,5,1,0,0.2068965517241379,26.206641658136636,0.1896159323253895,alliana | cartes | cio cartes | hora | partido colorado | peña,alliana | cartes | cio cartes | hora | peña,partido colorado,,0,1,0.13108317173614034,1
14549,Última Hora,Golpe,2026-09-19 21:00:00-03:00,15205,Resumen de Noticias,Alliana asume el gobierno ante fractura interna en HC,2026-09-20 21:00:00-03:00,0.8713,0,14549,15205,15,20,6,5,1,0,0.2068965517241379,26.206641658136636,0.1847038315190107,alliana | cartes | cio cartes | hora | partido colorado | peña,alliana | cartes | cio cartes | hora | peña,partido colorado,,0,1,0.17943345619710632,1
14549,Última Hora,Golpe,2026-09-19 21:00:00-03:00,15493,Última Hora,Cartes no se pronuncia y esta semana se podría dar una reunión con Alliana,2026-09-20 21:00:00-03:00,0.8567,0,14549,15493,15,16,3,3,0,0,0.1071428571428571,12.1363847438204,0.0921312640045418,alliana | cartes | peña,alliana | cartes | peña,,,0,1,0.0864284313368134,1
14550,Última Hora,La cuenta de la canilla abierta,2026-09-19 21:00:00-03:00,14763,La Nación,La Nación / Economistas coinciden en un reajuste de presupuesto y replanteamiento tributario a futuro,2026-09-19 21:00:00-03:00,0.8811,0,14550,14763,2,6,0,0,0,0,0.0,0.0,0.0,,,,,0,2,0.25107695620068754,1
14550,Última Hora,La cuenta de la canilla abierta,2026-09-19 21:00:00-03:00,14859,Última Hora,"PGN 2027: Advierten de más gasto y deuda, con menor margen fiscal",2026-09-20 21:00:00-03:00,0.8473,0,14550,14859,2,6,2,0,2,0,0.3333333333333333,7.0381550051161295,0.2289512951427519,estado | gobierno,,estado | gobierno,,0,2,0.27629196170322845,1
14550,Última Hora,La cuenta de la canilla abierta,2026-09-19 21:00:00-03:00,15071,QAP Chaco News,PGN 2027: más gasto bajo presión fiscal - QAP CHACO NEWS,2026-09-20 21:00:00-03:00,0.8325,0,14550,15071,2,5,0,0,0,0,0.0,0.0,0.0,,,,,0,2,0.04136599916323421,1
14560,Última Hora,Baila 2026: Una pareja eliminada y puro rock and roll,2026-09-19 21:00:00-03:00,14643,Diario Paraguayo Noticias,Dionisio Amarilla reivindica la unidad opositora y el cumplimiento de los acuerdos | Diario Paraguayo,2026-09-19 21:00:00-03:00,0.7208,0,14560,14643,31,26,1,0,0,0,0.0178571428571428,5.435567401601912,0.0166503276367881,en,,,,0,1,0.00040809161720311915,1
14560,Última Hora,Baila 2026: Una pareja eliminada y puro rock and roll,2026-09-19 21:00:00-03:00,14661,Diario Paraguayo Noticias,Amarilla reivindica unidad opositora y cumplimiento de acuerdos | Diario Paraguayo,2026-09-19 21:00:00-03:00,0.7156,0,14560,14661,31,22,0,0,0,0,0.0,0.0,0.0,,,,,0,1,0.00031130249225059815,1
14560,Última Hora,Baila 2026: Una pareja eliminada y puro rock and roll,2026-09-19 21:00:00-03:00,15015,Crónica,"“Vamos con todo”, he’í Aliseda",2026-09-20 21:00:00-03:00,0.719,0,14560,15015,31,9,0,0,0,0,0.0,0.0,0.0,,,,,0,1,0.00035929538129492807,1
14560,Última Hora,Baila 2026: Una pareja eliminada y puro rock and roll,2026-09-19 21:00:00-03:00,15207,Resumen de Noticias,Rock en Py Fest 2026 confirma su quinta edición,2026-09-20 21:00:00-03:00,0.733,0,14560,15207,31,15,0,0,0,0,0.0,0.0,0.0,,,,,0,1,0.0006483564011924098,1
14560,Última Hora,Baila 2026: Una pareja eliminada y puro rock and roll,2026-09-19 21:00:00-03:00,15238,Crónica,[VIDEO] ¿Ya viste cómo le quedaron los cuadraditos a la maína? ??,2026-09-20 21:00:00-03:00,0.723,0,14560,15238,31,2,0,0,0,0,0.0,0.0,0.0,,,,,0,1,0.00042530958803269243,1
14561,Última Hora,"Telefuturo: Vive la Vida celebra 23 años, TF Stream 2 y estrena Calle 7: Al Límite",2026-09-19 21:00:00-03:00,14885,Última Hora,2007 Oniria celebra su primer galardón,2026-09-20 21:00:00-03:00,0.7854,0,14561,14885,11,11,0,0,0,0,0.0,0.0,0.0,,,,,0,3,0.004020872287001163,5
14886,Última Hora,"Latele cumple 18 años de historia, renovando y estrenando casa",2026-09-20 21:00:00-03:00,14561,Última Hora,"Telefuturo: Vive la Vida celebra 23 años, TF Stream 2 y estrena Calle 7: Al Límite",2026-09-19 21:00:00-03:00,0.8154,0,14561,14886,11,11,1,0,1,0,0.0476190476190476,5.658710952916121,0.0442673708241474,úh,,úh,,0,3,0.022508186573057316,5
14561,Última Hora,"Telefuturo: Vive la Vida celebra 23 años, TF Stream 2 y estrena Calle 7: Al Límite",2026-09-19 21:00:00-03:00,15389,Diario Paraguayo Noticias,Latele cumple 18 años con nueva sede y tecnología | Diario Paraguayo,2026-09-20 21:00:00-03:00,0.8085,0,14561,15389,11,17,1,0,1,0,0.037037037037037,5.658710952916121,0.0343879305154857,úh,,úh,,0,3,0.015696740447843367,5
14561,Última Hora,"Telefuturo: Vive la Vida celebra 23 años, TF Stream 2 y estrena Calle 7: Al Límite",2026-09-19 21:00:00-03:00,15402,Extra,¡Sanie y Rubén celebran los 23 años con Vive la Vida!,2026-09-20 21:00:00-03:00,0.8316,0,14561,15402,11,14,1,1,0,0,0.0416666666666666,5.946393025367902,0.0395017168345238,dani willigs,dani willigs,,,0,3,0.03659359769942601,5
14561,Última Hora,"Telefuturo: Vive la Vida celebra 23 años, TF Stream 2 y estrena Calle 7: Al Límite",2026-09-19 21:00:00-03:00,15404,Extra,Kiara Coronel festeja los 2 años de TF Stream: “Somos los únicos con conductores preparados”,2026-09-20 21:00:00-03:00,0.8261,0,14561,15404,11,7,1,0,1,0,0.0588235294117647,5.946393025367902,0.0560599447528932,tf stream,,tf stream,,0,3,0.0384781127374148,5
15325,ABC Color,"Orlando Gill y Meli Ávalos, enamorados en París - Gente - ABC Color",2026-09-20 21:00:00-03:00,14562,Última Hora,El casamiento de Arlette y Fabrizio,2026-09-19 21:00:00-03:00,0.7714,0,14562,15325,12,8,0,0,0,0,0.0,0.0,0.0,,,,,0,0,0.0041292346056327235,3
14564,La Nación,"La Nación / En Capiatá, 95 parejas dan el “sí” y suman más de 7.100 bodas comunitarias",2026-09-19 21:00:00-03:00,14563,Última Hora,"Constanza y Carlos dieron el sí, quiero",2026-09-19 21:00:00-03:00,0.8058,0,14563,14564,8,10,0,0,0,0,0.0,0.0,0.0,,,,,0,4,0.01650203508134482,3
14564,La Nación,"La Nación / En Capiatá, 95 parejas dan el “sí” y suman más de 7.100 bodas comunitarias",2026-09-19 21:00:00-03:00,14647,Diario Paraguayo Noticias,"En Capiatá, 95 parejas dan el “sí” y suman más de 7.100 bodas comunitarias | Diario Paraguayo",2026-09-19 21:00:00-03:00,0.9895,2,14564,14647,8,9,7,1,3,3,0.7,36.60979054617639,0.721544212742381,capiatá | cooperativa capiatá | dios | fundación santa librada | misiones | posta ybycuá | santa rosa,dios,cooperativa capiatá | fundación santa librada | posta ybycuá,capiatá | misiones | santa rosa,1,4,0.9988016904258291,3
14564,La Nación,"La Nación / En Capiatá, 95 parejas dan el “sí” y suman más de 7.100 bodas comunitarias",2026-09-19 21:00:00-03:00,14664,Diario Paraguayo Noticias,95 parejas formalizaron unión en Capiatá | Diario Paraguayo,2026-09-19 21:00:00-03:00,0.9769,2,14564,14664,8,9,7,1,3,3,0.7,36.60979054617639,0.721544212742381,capiatá | dios | fundación santa librada | misiones | parroquia inmaculada concepción | posta ybycuá | santa rosa,dios,fundación santa librada | parroquia inmaculada concepción | posta ybycuá,capiatá | misiones | santa rosa,1,4,0.9980020331347573,3
14657,La Nación,La Nación / IPS Ingavi habilita un consultorio especializado en cirugía vascular,2026-09-19 21:00:00-03:00,14565,La Nación,La Nación / Canindeyú registra cerca de 60.000 atenciones médicas en agosto,2026-09-19 21:00:00-03:00,0.742,0,14565,14657,10,8,0,0,0,0,0.0,0.0,0.0,,,,,0,2,0.0009474772423025468,1
15489,ABC Color,Senado culmina audiencias y avanza hacia las ternas para la Defensoría del Pueblo - Política - ABC Color,2026-09-20 21:00:00-03:00,14566,La Nación,La Nación / Candidata de Lista 1 no objetará mesas del PLRA en Capiatá pese a vencer plazo electoral,2026-09-19 21:00:00-03:00,0.7878,0,14566,15489,24,21,1,0,1,0,0.0227272727272727,4.154633556139848,0.016693301757384,anr,,anr,,0,2,0.009325483666997349,1
15560,Última Hora,"Biblioteca Nacional: 139 años de memoria, libros y patrimonio",2026-09-20 21:00:00-03:00,14576,La Nación,La Nación / Proyectos financiados por el BID deberán ajustarse a nuevas reglas de acceso a la información,2026-09-19 21:00:00-03:00,0.7164,0,14576,15560,9,7,1,0,0,1,0.0666666666666666,2.326506442740917,0.0278742282424088,paraguay,,,paraguay,0,5,0.0003481658756042708,2
14577,La Nación,La Nación / Dionisio Amarilla reivindica la unidad opositora y el cumplimiento de los acuerdos,2026-09-19 21:00:00-03:00,14630,ABC Color,ANR busca unidad en Ayolas y minimiza crisis de la cúpula nacional - Política - ABC Color,2026-09-19 21:00:00-03:00,0.8776,0,14577,14630,23,25,1,0,1,0,0.0212765957446808,4.965563772356176,0.0193139092651008,plra,,plra,,0,1,0.29283895655072406,1
14577,La Nación,La Nación / Dionisio Amarilla reivindica la unidad opositora y el cumplimiento de los acuerdos,2026-09-19 21:00:00-03:00,14643,Diario Paraguayo Noticias,Dionisio Amarilla reivindica la unidad opositora y el cumplimiento de los acuerdos | Diario Paraguayo,2026-09-19 21:00:00-03:00,0.9896,2,14577,14643,23,26,21,10,4,7,0.75,109.87722990451284,0.7233624512274057,aldo lepretti | amarilla | cambyretá | carlos pereira | carnación | claudio chávez | congreso | coronel bogado | di | dionisio amarilla | directorio del partido liberal radical auténtico | diálogo azul | en | encarnación | gloria arregui | itapúa | luis yd | onisio amarilla | paraguay | plra | san juan del paraná,aldo lepretti | amarilla | carlos pereira | claudio chávez | coronel bogado | di | dionisio amarilla | gloria arregui | luis yd | onisio amarilla,congreso | directorio del partido liberal radical auténtico | diálogo azul | plra,cambyretá | carnación | en | encarnación | itapúa | paraguay | san juan del paraná,1,1,0.9995540342800687,1
14577,La Nación,La Nación / Dionisio Amarilla reivindica la unidad opositora y el cumplimiento de los acuerdos,2026-09-19 21:00:00-03:00,14661,Diario Paraguayo Noticias,Amarilla reivindica unidad opositora y cumplimiento de acuerdos | Diario Paraguayo,2026-09-19 21:00:00-03:00,0.9755,2,14577,14661,23,22,18,9,4,5,0.6666666666666666,93.1242405970787,0.6509402228167985,aldo lepretti | amarilla | cambyretá | carlos pereira | claudio chávez | congreso | di | dionisio amarilla | directorio del partido liberal radical auténtico | diálogo azul | encarnación | gloria arregui | itapúa | luis yd | onisio amarilla | paraguay | plra | san juan del paraná,aldo lepretti | amarilla | carlos pereira | claudio chávez | di | dionisio amarilla | gloria arregui | luis yd | onisio amarilla,congreso | directorio del partido liberal radical auténtico | diálogo azul | plra,cambyretá | encarnación | itapúa | paraguay | san juan del paraná,1,1,0.9981515806541174,1
14577,La Nación,La Nación / Dionisio Amarilla reivindica la unidad opositora y el cumplimiento de los acuerdos,2026-09-19 21:00:00-03:00,15120,ABC Color,Senador minimiza disputas internas en HC y apunta a los 10 distritos de Misiones - Política - ABC Color,2026-09-20 21:00:00-03:00,0.8675,0,14577,15120,23,19,0,0,0,0,0.0,0.0,0.0,,,,,0,1,0.15887964380663427,1
14577,La Nación,La Nación / Dionisio Amarilla reivindica la unidad opositora y el cumplimiento de los acuerdos,2026-09-19 21:00:00-03:00,15205,Resumen de Noticias,Alliana asume el gobierno ante fractura interna en HC,2026-09-20 21:00:00-03:00,0.8624,0,14577,15205,23,20,0,0,0,0,0.0,0.0,0.0,,,,,0,1,0.13219035166723636,1
14580,La Nación,La Nación / Otra victoria y clasificación,2026-09-19 21:00:00-03:00,14605,Resumen de Noticias,Team Paraguay suma 22 medallas en los Juegos Odesur 2026,2026-09-19 21:00:00-03:00,0.934,1,14580,14605,25,21,12,7,4,1,0.3529411764705882,62.6300615411358,0.3243935700768253,argentina | carla león | eduardo delmás | gabriela | gabriela narváez | julieta escobar | kevin amarilla | paloma narváez | paraguay | team paraguay | uruguay | venezuela,carla león | eduardo delmás | gabriela | gabriela narváez | julieta escobar | kevin amarilla | paloma narváez,paraguay | team paraguay | uruguay | venezuela,argentina,0,6,0.9373154237433288,5
14580,La Nación,La Nación / Otra victoria y clasificación,2026-09-19 21:00:00-03:00,15231,Crónica,[VÍDEO] Paraguay termina puntero de su grupo en los Odesur,2026-09-20 21:00:00-03:00,0.8765,2,14580,15231,25,13,6,0,3,3,0.1875,27.331193010633285,0.1528592636023929,albirroja | argentina | estadio marcelo bielsa | paraguay | rosario | uruguay,,albirroja | paraguay | uruguay,argentina | estadio marcelo bielsa | rosario,1,6,0.6262370569991776,5
14580,La Nación,La Nación / Otra victoria y clasificación,2026-09-19 21:00:00-03:00,15365,Resumen de Noticias,Albirroja Sub 20 avanza de manera invicta a semifinales de los Juegos Odesur,2026-09-20 21:00:00-03:00,0.9182,2,14580,15365,25,19,7,1,6,0,0.1891891891891892,31.20861579418865,0.1493623580125088,albirroja | albirroja sub-20 | antolín alcaraz | argentina | paraguay | uruguay | venezuela,antolín alcaraz,albirroja | albirroja sub-20 | argentina | paraguay | uruguay | venezuela,,1,6,0.9020122571835206,5
14580,La Nación,La Nación / Otra victoria y clasificación,2026-09-19 21:00:00-03:00,15456,Amambay News,Paraguay avanza invicto y espera rival - Amambay News,2026-09-20 21:00:00-03:00,0.8648,2,14580,15456,25,13,5,1,3,1,0.1515151515151515,22.547950795071067,0.121663804771909,albirroja | antolín alcaraz | estadio marcelo bielsa | paraguay | uruguay,antolín alcaraz,albirroja | paraguay | uruguay,estadio marcelo bielsa,1,6,0.3334513721474283,5
14580,La Nación,La Nación / Otra victoria y clasificación,2026-09-19 21:00:00-03:00,15482,adn,Paraguay empata con Uruguay y avanza a semifinales del Odesur como líder de grupo - ADN Digital,2026-09-20 21:00:00-03:00,0.8521,2,14580,15482,25,15,7,2,5,0,0.2121212121212121,30.920933721736866,0.164132343367637,albirroja | antolín alcaraz | argentina | eduardo delmás | paraguay | uruguay | venezuela,antolín alcaraz | eduardo delmás,albirroja | argentina | paraguay | uruguay | venezuela,,1,6,0.23961792680440439,5
15180,Última Hora,El diseñador paraguayo Simón Villalba es reconocido como Mejor Diseñador en Nueva York,2026-09-20 21:00:00-03:00,14584,La Nación,La Nación / Un paraguayo es elegido Mejor Diseñador de la Temporada en la New York Fashion Week,2026-09-19 21:00:00-03:00,0.9559,2,14584,15180,8,6,5,1,0,4,0.5555555555555556,20.55998065688839,0.4594304585034687,estados unidos | nueva jersey | nueva york | paraguay | villalba,villalba,,estados unidos | nueva jersey | nueva york | paraguay,1,7,0.9945768433328475,5
14768,La Nación,"La Nación / Neruda y Paraguay: un diálogo entre la poesía, el exilio y la memoria",2026-09-19 21:00:00-03:00,14590,La Nación,La Nación / Fiestas patrias: distinguida cita en la Embajada de Chile,2026-09-19 21:00:00-03:00,0.7236,0,14590,14768,15,11,3,0,0,3,0.1304347826086956,10.40524989640878,0.07689949691577,asunción | chile | paraguay,,,asunción | chile | paraguay,0,0,0.0016027114975494226,3
14808,Ñanduti,Patria Querida afirma que la visita de Santiago Peña a Delcy Rodríguez en Venezuela “avergüenza” al Paraguay,2026-09-19 21:00:00-03:00,14593,UNICANAL,Santiago Peña se reúne con Delcy Rodríguez en Venezuela | Unicanal,2026-09-19 21:00:00-03:00,0.8903,2,14593,14808,12,12,4,3,0,1,0.2,15.25958803365473,0.1581214887643323,delcy rodríguez | peña | santiago peña | venezuela,delcy rodríguez | peña | santiago peña,,venezuela,1,0,0.4458828959458461,3
15465,ABC Color,Líderes de 22 países e instituciones reclaman supervisión humana para la IA - Tecnología - ABC Color,2026-09-20 21:00:00-03:00,14598,5Días,Trump acelera la carrera por la IA y prepara un nuevo “zar”,2026-09-19 21:00:00-03:00,0.8245,1,14598,15465,29,4,0,0,0,0,0.0,0.0,0.0,,,,,0,8,0.023515402803656146,4
14603,El Independiente,Paraguay se encuentra en un punto de inflexión histórica,2026-09-19 21:00:00-03:00,14601,El Independiente,De pirata a enclave del lujo,2026-09-19 21:00:00-03:00,0.7879,0,14601,14603,12,4,1,0,0,1,0.0666666666666666,2.326506442740917,0.0301726239613187,paraguay,,,paraguay,0,0,0.011953755206612637,3
14603,El Independiente,Paraguay se encuentra en un punto de inflexión histórica,2026-09-19 21:00:00-03:00,15359,5Días,Paraguay atrae más capital extranjero y cambia su perfil de inversión,2026-09-20 21:00:00-03:00,0.8071,0,14603,15359,12,2,1,0,0,1,0.0769230769230769,2.326506442740917,0.0330543701661369,paraguay,,,paraguay,0,0,0.02649705215281737,3
14603,El Independiente,Paraguay se encuentra en un punto de inflexión histórica,2026-09-19 21:00:00-03:00,15470,Última Hora,Analista sugiere cambios en el BCP para recuperar confianza en el sector financiero,2026-09-20 21:00:00-03:00,0.7894,0,14603,15470,12,15,1,0,0,1,0.0384615384615384,2.326506442740917,0.0168875781807002,paraguay,,,paraguay,0,0,0.011682972227450421,3
14747,Ñanduti,Paraguay y Venezuela anuncian una “nueva etapa” y apuntan a restablecer plenamente sus relaciones diplomáticas,2026-09-19 21:00:00-03:00,14604,Resumen de Noticias,Santiago Peña y Delcy Rodríguez firman documento para afianzar lazos bilaterales,2026-09-19 21:00:00-03:00,0.936,2,14604,14747,12,14,7,4,2,2,0.3684210526315789,27.176295434137405,0.2821334329320923,caracas | delcy rodríguez | paraguay | peña | rodríguez | santiago peña | venezuela,delcy rodríguez | peña | rodríguez | santiago peña,paraguay | venezuela,caracas | venezuela,1,0,0.9393828167221406,3
15115,Ñanduti,Lunes caluroso con tormentas y máxima de 35 grados: el martes la temperatura bajaría hasta 21 grados,2026-09-20 21:00:00-03:00,14606,Resumen de Noticias,Prevén caluroso inicio de semana y luego frente frío,2026-09-19 21:00:00-03:00,0.8653,1,14606,15115,13,8,2,0,2,0,0.1052631578947368,10.352341009788656,0.1030914359628847,dirección de meteorología e hidrología | dmh,,dirección de meteorología e hidrología | dmh,,0,9,0.3019067267773638,3
15550,Última Hora,"Titular del BCP, Baruja y Marco Riquelme integran la comitiva de Peña en EEUU",2026-09-20 21:00:00-03:00,14609,adn,"Es Alliana quien debe elegir a su dupla, según Baruja - ADN Digital",2026-09-19 21:00:00-03:00,0.8915,0,14609,15550,26,11,8,7,0,0,0.2758620689655172,33.12920297131491,0.2330324996196902,alliana | baruja | cartes | honor colorado | horacio cartes | juan carlos baruja | pedro alliana | santiago peña,alliana | baruja | cartes | horacio cartes | juan carlos baruja | pedro alliana | santiago peña,,,0,1,0.2441664945846226,1
15119,ABC Color,San Ignacio: trabajadores de salud cierran la ruta PY01 y exigen aumento salarial del 50% - Nacionales - ABC Color,2026-09-20 21:00:00-03:00,14611,adn,Unos 16 sindicatos de Salud marcharán por reajuste salarial y carrera sanitaria - ADN Digital,2026-09-19 21:00:00-03:00,0.8705,1,14611,15119,13,18,1,1,0,0,0.0333333333333333,4.742420221041966,0.0285884708604586,isaías fretes,isaías fretes,,,0,10,0.19440638203259594,5
15489,ABC Color,Senado culmina audiencias y avanza hacia las ternas para la Defensoría del Pueblo - Política - ABC Color,2026-09-20 21:00:00-03:00,14612,adn,Rigo Chamorro propone una Junta Municipal con “menos confrontación y más soluciones” - ADN Digital,2026-09-19 21:00:00-03:00,0.7909,0,14612,15489,24,25,1,0,1,0,0.0208333333333333,4.154633556139848,0.0145315608860824,anr,,anr,,0,2,0.010557333684038122,1
14796,Amambay News,Paraguay duplica las pruebas de VIH y agiliza inicio de los tratamientos en todo el país - Amambay News,2026-09-19 21:00:00-03:00,14615,adn,Paraguay supera las 350.000 pruebas de VIH y avanza en el tratamiento temprano - ADN Digital,2026-09-19 21:00:00-03:00,0.9212,2,14615,14796,2,3,0,0,0,0,0.0,0.0,0.0,,,,,1,11,0.6453650536349804,1
14809,ABC Color,El partido de Putin se perfila ganador en elecciones rusas marcadas por ataque ucraniano - Mundo - ABC Color,2026-09-19 21:00:00-03:00,14619,adn,Las elecciones en Rusia entran en su última jornada tras denuncias de fraude y una baja participación del electorado - ADN Digital,2026-09-19 21:00:00-03:00,0.9397,1,14619,14809,14,22,5,2,2,1,0.1612903225806451,26.699865209114645,0.1503046592503659,ldpr | moscú | putin | rusia unida | serguéi sobianin,putin | serguéi sobianin,ldpr | rusia unida,moscú,0,12,0.9377100754588115,4
15114,Ñanduti,"Rusia Unida obtiene su mejor resultado histórico y revalida la mayoría constitucional en la Duma, según datos oficiales",2026-09-20 21:00:00-03:00,14619,adn,Las elecciones en Rusia entran en su última jornada tras denuncias de fraude y una baja participación del electorado - ADN Digital,2026-09-19 21:00:00-03:00,0.8456,2,14619,15114,15,22,8,1,6,1,0.2758620689655172,44.16620440442627,0.265922987995532,kremlin | nikolái ribakov | partido comunista | rusia justa | rusia unida | tribunal supremo | ucrania | yábloko,nikolái ribakov,kremlin | partido comunista | rusia justa | rusia unida | tribunal supremo | yábloko,ucrania,1,12,0.5315967464153382,4
14822,ABC Color,Miguel Prieto: “Honor Colorado está usando al BCP como garrote” - Política - ABC Color,2026-09-20 21:00:00-03:00,14622,ABC Color,Filizzola acusa a Peña y al cartismo de poner en riesgo los fondos públicos y del IPS - Política - ABC Color,2026-09-19 21:00:00-03:00,0.8497,0,14622,14822,15,23,4,0,3,0,0.1176470588235294,15.326321945355737,0.0882833704349019,banco central del paraguay | bcp | estado | honor colorado,,banco central del paraguay | bcp | estado,,0,0,0.2356882600719051,3
15429,Ñanduti,Imputan a las máximas autoridades de APA por presunta lesión de confianza por cerca de G 2.000 millones,2026-09-20 21:00:00-03:00,14622,ABC Color,Filizzola acusa a Peña y al cartismo de poner en riesgo los fondos públicos y del IPS - Política - ABC Color,2026-09-19 21:00:00-03:00,0.7911,0,14622,15429,14,23,0,0,0,0,0.0,0.0,0.0,,,,,0,0,0.009148383986357365,3
14874,Última Hora,Jóvenes denuncian injusticias y reclaman oportunidades reales,2026-09-20 21:00:00-03:00,14623,ABC Color,"Iglesia llama a jóvenes a no entregar la patria a quienes siembran “muerte, violencia y corrupción” - Nacionales - ABC Color",2026-09-19 21:00:00-03:00,0.8897,0,14623,14874,7,6,1,0,1,0,0.0833333333333333,5.099095164980699,0.0758770675012341,iglesia,,iglesia,,0,13,0.46468095028518264,2
14677,ABC Color,Gobernador vaticina victoria de la ANR en los 10 distritos de Misiones - Política - ABC Color,2026-09-19 21:00:00-03:00,14630,ABC Color,ANR busca unidad en Ayolas y minimiza crisis de la cúpula nacional - Política - ABC Color,2026-09-19 21:00:00-03:00,0.9138,2,14630,14677,11,25,8,2,2,4,0.2857142857142857,40.25359847855025,0.2608475328404531,anr | ayolas | josé mutti | misiones | partido colorado | richard ramírez | san patricio | santa rosa,josé mutti | richard ramírez,anr | partido colorado,ayolas | misiones | san patricio | santa rosa,1,1,0.946933245117795,1
14631,ABC Color,Bomberos advierten sobre hundimiento del asfalto sobre ruta PY06 en Trinidad - Economía - ABC Color,2026-09-19 21:00:00-03:00,15492,ABC Color,San Ignacio: OCM reclama asistencia tras la inundación de campo comunal - Economía - ABC Color,2026-09-20 21:00:00-03:00,0.8096,0,14631,15492,7,20,0,0,0,0,0.0,0.0,0.0,,,,,0,14,0.019204612443552267,3
14999,Diario Paraguayo Noticias,EE. UU. y China establecen diálogo sobre IA | Diario Paraguayo,2026-09-20 21:00:00-03:00,14638,Diario Paraguayo Noticias,China y EEUU afinan visita de Xi con tregua comercial en juego | Diario Paraguayo,2026-09-19 21:00:00-03:00,0.9221,0,14638,14999,16,18,9,5,3,1,0.36,45.70239991815359,0.3338912910040938,bessent | china | donald trump | he lifeng | nueva york | pekín | scott bessent | washington | xi jinping,bessent | donald trump | he lifeng | scott bessent | xi jinping,china | pekín | washington,nueva york,0,8,0.9452839532304659,4
14770,La Nación,"La Nación / IA, desinfodemia y Sun Tzu",2026-09-19 21:00:00-03:00,14640,Diario Paraguayo Noticias,¿Se puede “apagar” una inteligencia artificial? | Diario Paraguayo,2026-09-19 21:00:00-03:00,0.8059,0,14640,14770,9,8,1,0,1,0,0.0625,5.253245844807957,0.0528949355279247,afp,,afp,,0,8,0.018976422936379023,4
15560,Última Hora,"Biblioteca Nacional: 139 años de memoria, libros y patrimonio",2026-09-20 21:00:00-03:00,14645,Diario Paraguayo Noticias,Proyectos financiados por el BID deberán ajustarse a nuevas reglas de acceso a la información | Diario Paraguayo,2026-09-19 21:00:00-03:00,0.7134,0,14645,15560,9,7,1,0,0,1,0.0666666666666666,2.326506442740917,0.0284447202960837,paraguay,,,paraguay,0,5,0.0003044669127310638,2
14657,La Nación,La Nación / IPS Ingavi habilita un consultorio especializado en cirugía vascular,2026-09-19 21:00:00-03:00,14646,Diario Paraguayo Noticias,Canindeyú: 60.000 atenciones médicas en agosto | Diario Paraguayo,2026-09-19 21:00:00-03:00,0.7188,0,14646,14657,10,10,0,0,0,0,0.0,0.0,0.0,,,,,0,2,0.0003562778594742278,1
14681,La Nación,La Nación / XV Feria de Aves de Sudamérica finaliza hoy con una atractiva agenda para la ciudadanía,2026-09-19 21:00:00-03:00,14652,Última Hora,Más de 150 gua’a embellecen el cielo en el Departamento Central,2026-09-19 21:00:00-03:00,0.8016,0,14652,14681,11,14,1,0,0,1,0.0416666666666666,2.326506442740917,0.0182851402862323,paraguay,,,paraguay,0,15,0.014775174374927532,2
14656,La Nación,La Nación / Tragedia en Capiatá: discusión vecinal termina con un fallecido y un herido,2026-09-19 21:00:00-03:00,14853,ABC Color,Capiatá: hombre mató a tiros a joven por cruzar su cancha de vóley - Policiales - ABC Color,2026-09-20 21:00:00-03:00,0.9244,2,14656,14853,15,14,4,1,1,2,0.16,19.754285675216643,0.138601566777489,capiatá | divino niño jesús | ministerio público | ulises fabián candia báez,ulises fabián candia báez,ministerio público,capiatá | divino niño jesús,1,16,0.889011281336191,1
14657,La Nación,La Nación / IPS Ingavi habilita un consultorio especializado en cirugía vascular,2026-09-19 21:00:00-03:00,14682,El Independiente,Ministro de salud llevará sus visitas sorpresa a hospitales de todo el país,2026-09-19 21:00:00-03:00,0.6997,0,14657,14682,10,6,0,0,0,0,0.0,0.0,0.0,,,,,0,2,0.00015920321918002085,1
14657,La Nación,La Nación / IPS Ingavi habilita un consultorio especializado en cirugía vascular,2026-09-19 21:00:00-03:00,15217,Megacadena,Maratón de Cirugías del IPS Ciudad del Este concluyó con 213 procedimientos a 181 pacientes,2026-09-20 21:00:00-03:00,0.7291,0,14657,15217,10,4,0,0,0,0,0.0,0.0,0.0,,,,,0,2,0.0005500553028068515,1
14657,La Nación,La Nación / IPS Ingavi habilita un consultorio especializado en cirugía vascular,2026-09-19 21:00:00-03:00,15573,Resumen de Noticias,“No sirve el hecho de ir a marcar y tomar tereré”: Fretes advierte controles estrictos a médicos,2026-09-20 21:00:00-03:00,0.6851,0,14657,15573,10,8,0,0,0,0,0.0,0.0,0.0,,,,,0,2,8.600100729380389e-05,1
14770,La Nación,"La Nación / IA, desinfodemia y Sun Tzu",2026-09-19 21:00:00-03:00,14660,Diario Paraguayo Noticias,¿Es posible detener una inteligencia artificial? | Diario Paraguayo,2026-09-19 21:00:00-03:00,0.8043,0,14660,14770,9,5,0,0,0,0,0.0,0.0,0.0,,,,,0,8,0.009598352074144374,4
15560,Última Hora,"Biblioteca Nacional: 139 años de memoria, libros y patrimonio",2026-09-20 21:00:00-03:00,14663,Diario Paraguayo Noticias,Instituciones paraguayas se adecuan a política de acceso a la información del BID | Diario Paraguayo,2026-09-19 21:00:00-03:00,0.7276,0,14663,15560,9,7,1,0,0,1,0.0666666666666666,2.326506442740917,0.0284447202960837,paraguay,,,paraguay,0,5,0.0005743953117585949,2
14677,ABC Color,Gobernador vaticina victoria de la ANR en los 10 distritos de Misiones - Política - ABC Color,2026-09-19 21:00:00-03:00,14667,Última Hora,"Dirigentes admiten preferencias, pero relativizan interna por vice",2026-09-19 21:00:00-03:00,0.8656,0,14667,14677,11,12,2,2,0,0,0.0952380952380952,8.484208561776025,0.0796695928536129,césar sosa | pedro alliana,césar sosa | pedro alliana,,,0,1,0.13760063321778188,1
14667,Última Hora,"Dirigentes admiten preferencias, pero relativizan interna por vice",2026-09-19 21:00:00-03:00,14896,La Nación,La Nación / Baruja ratifica la potestad de Alliana para la elección de su dupla tras las municipales,2026-09-20 21:00:00-03:00,0.9144,2,14667,14896,12,17,6,5,0,0,0.2608695652173913,25.987952457171804,0.2328853424862017,alliana | césar sosa | honor colorado | juan carlos baruja | pedro alliana | raúl latorre,alliana | césar sosa | juan carlos baruja | pedro alliana | raúl latorre,,,1,1,0.5389074923057444,1
14667,Última Hora,"Dirigentes admiten preferencias, pero relativizan interna por vice",2026-09-19 21:00:00-03:00,14988,Diario Paraguayo Noticias,Baruja ratifica la potestad de Alliana para la elección de su dupla tras las municipales | Diario Paraguayo,2026-09-20 21:00:00-03:00,0.9074,2,14667,14988,12,17,6,5,0,0,0.2608695652173913,25.987952457171804,0.2370184337867532,alliana | césar sosa | honor colorado | juan carlos baruja | pedro alliana | raúl latorre,alliana | césar sosa | juan carlos baruja | pedro alliana | raúl latorre,,,1,1,0.46521945655880564,1
14667,Última Hora,"Dirigentes admiten preferencias, pero relativizan interna por vice",2026-09-19 21:00:00-03:00,15116,ABC Color,"Crisis en Honor Colorado: “Lo que se ve no se pregunta”, dice Beto Ovelar - Nacionales - ABC Color",2026-09-20 21:00:00-03:00,0.9109,2,14667,15116,12,16,3,2,0,0,0.12,12.40464873041508,0.0985662648098907,honor colorado | juan carlos baruja | pedro alliana,juan carlos baruja | pedro alliana,,,1,1,0.536674911912788,1
14667,Última Hora,"Dirigentes admiten preferencias, pero relativizan interna por vice",2026-09-19 21:00:00-03:00,15205,Resumen de Noticias,Alliana asume el gobierno ante fractura interna en HC,2026-09-20 21:00:00-03:00,0.9099,1,14667,15205,12,20,4,3,0,0,0.1428571428571428,16.482909307770353,0.1202400037760048,alliana | césar sosa | honor colorado | pedro alliana,alliana | césar sosa | pedro alliana,,,0,1,0.4972761034359958,1
14667,Última Hora,"Dirigentes admiten preferencias, pero relativizan interna por vice",2026-09-19 21:00:00-03:00,15281,ABC Color,"Crisis en Honor Colorado: “Lo que se ve no se pregunta”, dice Beto Ovelar - Política - ABC Color",2026-09-20 21:00:00-03:00,0.9089,2,14667,15281,12,16,3,2,0,0,0.12,12.40464873041508,0.0976032578699633,honor colorado | juan carlos baruja | pedro alliana,juan carlos baruja | pedro alliana,,,1,1,0.5156434721047203,1
14747,Ñanduti,Paraguay y Venezuela anuncian una “nueva etapa” y apuntan a restablecer plenamente sus relaciones diplomáticas,2026-09-19 21:00:00-03:00,14668,Última Hora,Peña inicia diálogo con Delcy para reanudar relaciones con Venezuela,2026-09-19 21:00:00-03:00,0.9455,2,14668,14747,12,18,8,4,3,3,0.3636363636363636,32.61186283573932,0.2979799070587425,caracas | delcy rodríguez | paraguay | peña | presidencia | rodríguez | santiago peña | venezuela,delcy rodríguez | peña | rodríguez | santiago peña,paraguay | presidencia | venezuela,caracas | paraguay | venezuela,1,0,0.9726851624138548,3
14808,Ñanduti,Patria Querida afirma que la visita de Santiago Peña a Delcy Rodríguez en Venezuela “avergüenza” al Paraguay,2026-09-19 21:00:00-03:00,14668,Última Hora,Peña inicia diálogo con Delcy para reanudar relaciones con Venezuela,2026-09-19 21:00:00-03:00,0.899,2,14668,14808,12,18,8,4,0,3,0.3636363636363636,30.724793186706936,0.2768408270588893,caracas | delcy rodríguez | gobierno | paraguay | peña | rodríguez | santiago peña | venezuela,delcy rodríguez | peña | rodríguez | santiago peña,,caracas | paraguay | venezuela,1,0,0.7123397913529249,3
15491,ABC Color,Elecciones Municipales: La importancia de los observadores - Política - ABC Color,2026-09-20 21:00:00-03:00,14669,Última Hora,Justicia Electoral y el Ministerio Público coordinan aplicación del Voto Asistido,2026-09-19 21:00:00-03:00,0.7933,0,14669,15491,10,7,0,0,0,0,0.0,0.0,0.0,,,,,0,17,0.005869020489717051,4
14670,La Nación,La Nación / Vende sopa paraguaya en Argentina para cumplir su sueño: estudiar en la universidad,2026-09-19 21:00:00-03:00,14827,ABC Color,Estudiar en el país de los títulos falsos: el amargo contraste de ser joven hoy en Paraguay - Nacionales - ABC Color,2026-09-20 21:00:00-03:00,0.7394,0,14670,14827,8,12,0,0,0,0,0.0,0.0,0.0,,,,,0,0,0.0011283256063368845,3
14670,La Nación,La Nación / Vende sopa paraguaya en Argentina para cumplir su sueño: estudiar en la universidad,2026-09-19 21:00:00-03:00,14832,ABC Color,Día de la Juventud: un emprendedor que incursiona en la relojería - ABC en el Este - ABC Color,2026-09-20 21:00:00-03:00,0.7336,0,14670,14832,8,2,0,0,0,0,0.0,0.0,0.0,,,,,0,0,0.0008916160822774523,3
14670,La Nación,La Nación / Vende sopa paraguaya en Argentina para cumplir su sueño: estudiar en la universidad,2026-09-19 21:00:00-03:00,15157,San Lorenzo Py,"Don Felipe, el “Rey del bollo” que trabaja desde hace 25 años en las calles de San Lorenzo » San Lorenzo PY",2026-09-20 21:00:00-03:00,0.7402,0,14670,15157,8,16,0,0,0,0,0.0,0.0,0.0,,,,,0,0,0.0011655658059367096,3
14670,La Nación,La Nación / Vende sopa paraguaya en Argentina para cumplir su sueño: estudiar en la universidad,2026-09-19 21:00:00-03:00,15226,Extra,Joven salteño vende sopa paraguaya con la receta que le dio su abuela,2026-09-20 21:00:00-03:00,0.8752,2,14670,15226,8,13,4,1,1,2,0.2352941176470588,22.111595667899937,0.2330488595162227,argentina | barrio miguel ortiz | brandon | informate salta,brandon,informate salta,argentina | barrio miguel ortiz,1,0,0.49390490523429403,3
14670,La Nación,La Nación / Vende sopa paraguaya en Argentina para cumplir su sueño: estudiar en la universidad,2026-09-19 21:00:00-03:00,15232,Crónica,Nuestro vori vori sigue mandando en el mundo ??,2026-09-20 21:00:00-03:00,0.731,0,14670,15232,8,3,0,0,0,0,0.0,0.0,0.0,,,,,0,0,0.0008022901244899865,3
14675,Itapúa en Noticias,TRES PERSONAS ABANDONAN ANIMAL VACUNO TRAS HUIR DE LA POLICÍA EN ALTO VERÁ,2026-09-19 21:00:00-03:00,15073,Concepción al Día,Faenan una vaca preñada en estancia de San Carlos del Apa - Concepción al Día,2026-09-20 21:00:00-03:00,0.8316,0,14675,15073,6,9,1,0,1,0,0.0714285714285714,3.3814436679063653,0.0414997263778635,ministerio público,,ministerio público,,0,18,0.062022404970340436,4
14675,Itapúa en Noticias,TRES PERSONAS ABANDONAN ANIMAL VACUNO TRAS HUIR DE LA POLICÍA EN ALTO VERÁ,2026-09-19 21:00:00-03:00,15077,Itapúa en Noticias,“CAZAN” CAMIONETAS EN ITAPÚA Y LAS ESCONDEN EN CAAZAPÁ,2026-09-20 21:00:00-03:00,0.7939,0,14675,15077,6,7,1,0,0,1,0.0833333333333333,4.560098664248011,0.0693217339537021,república del paraguay,,,república del paraguay,0,18,0.014687891655500203,4
14676,Ñanduti,"Juventud paraguaya: 1,5 millones enfrentan informalidad, pobreza y el desafío de acceder a más oportunidades",2026-09-19 21:00:00-03:00,15248,Ahora CDE,"En Paraguay el 24,7% de la población tiene entre 15 y 29 años de edad",2026-09-20 21:00:00-03:00,0.8917,0,14676,15248,4,3,3,0,2,1,0.75,11.366661063563402,0.6839184555142168,ine | instituto nacional de estadística | paraguay,,ine | instituto nacional de estadística,paraguay,0,19,0.9968390957093844,4
14676,Ñanduti,"Juventud paraguaya: 1,5 millones enfrentan informalidad, pobreza y el desafío de acceder a más oportunidades",2026-09-19 21:00:00-03:00,15300,Megacadena,El acceso al primer empleo formal continúa siendo uno de los principales desafíos para los jóvenes en Paraguay,2026-09-20 21:00:00-03:00,0.8869,0,14676,15300,4,4,1,0,0,1,0.1428571428571428,2.326506442740917,0.0652130358831927,paraguay,,,paraguay,0,19,0.6127315917728251,4
14676,Ñanduti,"Juventud paraguaya: 1,5 millones enfrentan informalidad, pobreza y el desafío de acceder a más oportunidades",2026-09-19 21:00:00-03:00,15316,ABC Color,"Día de la Juventud: desempleo golpea con más fuerza a menores de 25 años, revela MTESS - Economía - ABC Color",2026-09-20 21:00:00-03:00,0.8943,0,14676,15316,4,5,2,0,1,1,0.2857142857142857,6.806562399315392,0.2004981205809635,ine | paraguay,,ine,paraguay,0,19,0.8860865507374589,4
14676,Ñanduti,"Juventud paraguaya: 1,5 millones enfrentan informalidad, pobreza y el desafío de acceder a más oportunidades",2026-09-19 21:00:00-03:00,15529,Itapúa en Noticias,MERCADO LABORAL JUVENIL REGISTRA AVANCES EN FORMALIZACIÓN,2026-09-20 21:00:00-03:00,0.8816,0,14676,15529,4,6,3,0,2,1,0.4285714285714285,11.366661063563402,0.3260234452289117,ine | instituto nacional de estadística | paraguay,,ine | instituto nacional de estadística,paraguay,0,19,0.9392453221599203,4
14677,ABC Color,Gobernador vaticina victoria de la ANR en los 10 distritos de Misiones - Política - ABC Color,2026-09-19 21:00:00-03:00,15120,ABC Color,Senador minimiza disputas internas en HC y apunta a los 10 distritos de Misiones - Política - ABC Color,2026-09-20 21:00:00-03:00,0.9205,2,14677,15120,11,19,7,2,2,3,0.3043478260869565,34.81803107694834,0.2897716889614638,anr | ayolas | josé mutti | misiones | partido colorado | richard ramírez | santa rosa,josé mutti | richard ramírez,anr | partido colorado,ayolas | misiones | santa rosa,1,1,0.9444385371099139,1
14677,ABC Color,Gobernador vaticina victoria de la ANR en los 10 distritos de Misiones - Política - ABC Color,2026-09-19 21:00:00-03:00,15192,HOY,"Diario HOY | “Tenemos Honor Colorado para rato”, predice Bachi",2026-09-20 21:00:00-03:00,0.8729,0,14677,15192,11,19,2,1,1,0,0.0714285714285714,8.427050147936079,0.0593935406819163,anr | césar sosa,césar sosa,anr,,0,1,0.24658381988199776,1
14677,ABC Color,Gobernador vaticina victoria de la ANR en los 10 distritos de Misiones - Política - ABC Color,2026-09-19 21:00:00-03:00,15205,Resumen de Noticias,Alliana asume el gobierno ante fractura interna en HC,2026-09-20 21:00:00-03:00,0.8708,0,14677,15205,11,20,3,2,1,0,0.1071428571428571,12.9642645183505,0.0954625314009725,césar sosa | partido colorado | pedro alliana,césar sosa | pedro alliana,partido colorado,,0,1,0.2168489462788586,1
14678,Última Hora,Trump dice que los hutíes de Yemen aceptaron no luchar contra EEUU,2026-09-19 21:00:00-03:00,14696,Diario Paraguayo Noticias,Trump dice que los hutíes de Yemen aceptaron no luchar contra EEUU | Diario Paraguayo,2026-09-19 21:00:00-03:00,0.9875,2,14678,14696,10,12,8,2,3,3,0.5714285714285714,40.63275195449919,0.5496435798040752,arabia saudita | eeuu | estados unidos | fox news | irlanda | trump | yemen | yingst,trump | yingst,eeuu | estados unidos | fox news,arabia saudita | irlanda | yemen,1,20,0.9998374756345076,4
14678,Última Hora,Trump dice que los hutíes de Yemen aceptaron no luchar contra EEUU,2026-09-19 21:00:00-03:00,14736,Diario Paraguayo Noticias,Trump afirma acuerdo con hutíes de Yemen | Diario Paraguayo,2026-09-19 21:00:00-03:00,0.9625,2,14678,14736,10,12,7,2,2,3,0.4666666666666667,35.379506109691235,0.4545440821186735,arabia saudita | estados unidos | fox news | irlanda | trump | yemen | yingst,trump | yingst,estados unidos | fox news,arabia saudita | irlanda | yemen,1,20,0.9986977358419449,4
14678,Última Hora,Trump dice que los hutíes de Yemen aceptaron no luchar contra EEUU,2026-09-19 21:00:00-03:00,14836,ABC Color,Los hutíes dicen haber atacado “sitios sensibles” en la capital de Arabia Saudita - Mundo - ABC Color,2026-09-20 21:00:00-03:00,0.8428,1,14678,14836,10,14,4,0,2,2,0.2,19.031981910365243,0.1735588266382065,afp | arabia saudita | estados unidos | yemen,,afp | estados unidos,arabia saudita | yemen,0,20,0.35539225892383985,4
14678,Última Hora,Trump dice que los hutíes de Yemen aceptaron no luchar contra EEUU,2026-09-19 21:00:00-03:00,14983,Diario Paraguayo Noticias,Ataques hutíes contra Arabia Saudí propician “escalada peligrosa” | Diario Paraguayo,2026-09-20 21:00:00-03:00,0.822,1,14678,14983,10,11,1,0,0,1,0.05,4.847780736699793,0.0456411115778543,yemen,,,yemen,0,20,0.03896804560096989,4
14678,Última Hora,Trump dice que los hutíes de Yemen aceptaron no luchar contra EEUU,2026-09-19 21:00:00-03:00,15376,Megacadena,El Gobierno yemení frena el avance hutí en Taiz y Marib,2026-09-20 21:00:00-03:00,0.8618,1,14678,15376,10,9,1,0,0,0,0.0555555555555555,5.253245844807957,0.0524017890222475,arabia saudita,,,,0,20,0.1675597231143316,4
14684,ABC Color,Final feliz: localizan a familiares de una mujer desorientada en Asunción - Policiales - ABC Color,2026-09-19 21:00:00-03:00,14679,Última Hora,"Asalto con toma de rehén, persecución y tiroteo con policías en María Auxiliadora",2026-09-19 21:00:00-03:00,0.7351,0,14679,14684,7,5,0,0,0,0,0.0,0.0,0.0,,,,,0,21,0.0005609840913842006,2
14681,La Nación,La Nación / XV Feria de Aves de Sudamérica finaliza hoy con una atractiva agenda para la ciudadanía,2026-09-19 21:00:00-03:00,14702,Diario Paraguayo Noticias,Naturaleza y aventura: la propuesta de la Senatur para los más jóvenes | Diario Paraguayo,2026-09-19 21:00:00-03:00,0.7866,0,14681,14702,11,18,2,0,0,2,0.074074074074074,5.439686124052603,0.0380049033979091,asunción | paraguay,,,asunción | paraguay,0,15,0.010181986564262413,2
14681,La Nación,La Nación / XV Feria de Aves de Sudamérica finaliza hoy con una atractiva agenda para la ciudadanía,2026-09-19 21:00:00-03:00,14703,Diario Paraguayo Noticias,XV Feria de Aves de Sudamérica finaliza hoy con una atractiva agenda para la ciudadanía | Diario Paraguayo,2026-09-19 21:00:00-03:00,0.9941,2,14681,14703,11,14,11,0,2,9,0.7857142857142857,56.72030529388704,0.7960287529391088,asunción | centro cultural del puerto de asunción | estación puerto olivares | lagunas saladas del chaco central | mef | mic | paraguay | parque nacional ybycuí | refugio biológico de mbaracayú | reserva natural del bosque mbaracayú | siara,,mef | mic,asunción | centro cultural del puerto de asunción | estación puerto olivares | lagunas saladas del chaco central | paraguay | parque nacional ybycuí | refugio biológico de mbaracayú | reserva natural del bosque mbaracayú | siara,1,15,0.9997321724328458,2
14681,La Nación,La Nación / XV Feria de Aves de Sudamérica finaliza hoy con una atractiva agenda para la ciudadanía,2026-09-19 21:00:00-03:00,14739,Diario Paraguayo Noticias,Naturaleza y aventura: propuesta de Senatur para jóvenes | Diario Paraguayo,2026-09-19 21:00:00-03:00,0.7945,0,14681,14739,11,13,1,0,0,1,0.0434782608695652,3.1131796813116863,0.0257022205777061,asunción,,,asunción,0,15,0.010836006500026592,2
14681,La Nación,La Nación / XV Feria de Aves de Sudamérica finaliza hoy con una atractiva agenda para la ciudadanía,2026-09-19 21:00:00-03:00,14740,Diario Paraguayo Noticias,XV Feria de Aves de Sudamérica culmina con actividades | Diario Paraguayo,2026-09-19 21:00:00-03:00,0.9872,2,14681,14740,11,11,8,0,0,8,0.5714285714285714,39.39195184154933,0.5345163596639936,asunción | centro cultural del puerto de asunción | estación puerto olivares | lagunas saladas del chaco central | paraguay | parque nacional ybycuí | refugio biológico de mbaracayú | reserva natural del bosque mbaracayú,,,asunción | centro cultural del puerto de asunción | estación puerto olivares | lagunas saladas del chaco central | paraguay | parque nacional ybycuí | refugio biológico de mbaracayú | reserva natural del bosque mbaracayú,1,15,0.9988110763872919,2
15330,ABC Color,PGN 2027: Salud tendrá más recursos pese a limitada ejecución 2026 - Economía - ABC Color,2026-09-20 21:00:00-03:00,14682,El Independiente,Ministro de salud llevará sus visitas sorpresa a hospitales de todo el país,2026-09-19 21:00:00-03:00,0.7944,0,14682,15330,12,6,2,1,1,0,0.125,9.70798399339814,0.1106545058019485,isaías fretes | ministerio,isaías fretes,ministerio,,0,2,0.013734430710633483,1
14684,ABC Color,Final feliz: localizan a familiares de una mujer desorientada en Asunción - Policiales - ABC Color,2026-09-19 21:00:00-03:00,15051,Amambay News,Aprehenden a funcionario público denunciado por violencia familiar en PJC - Amambay News,2026-09-20 21:00:00-03:00,0.7586,0,14684,15051,7,8,0,0,0,0,0.0,0.0,0.0,,,,,0,21,0.0016029035028733772,2
14684,ABC Color,Final feliz: localizan a familiares de una mujer desorientada en Asunción - Policiales - ABC Color,2026-09-19 21:00:00-03:00,15117,ABC Color,Alerta Mafe: estas son las personas reportadas como desaparecidas en los últimos días - Nacionales - ABC Color,2026-09-20 21:00:00-03:00,0.7717,0,14684,15117,7,17,0,0,0,0,0.0,0.0,0.0,,,,,0,21,0.0028759244297353135,2
14684,ABC Color,Final feliz: localizan a familiares de una mujer desorientada en Asunción - Policiales - ABC Color,2026-09-19 21:00:00-03:00,15193,NPY,Mujer fue brutalmente golpeada y su actual pareja es el principal sospechoso,2026-09-20 21:00:00-03:00,0.7713,0,14684,15193,7,8,0,0,0,0,0.0,0.0,0.0,,,,,0,21,0.002825081207344388,2
14684,ABC Color,Final feliz: localizan a familiares de una mujer desorientada en Asunción - Policiales - ABC Color,2026-09-19 21:00:00-03:00,15334,Última Hora,Policías rescatan a víctima de una agresión brutal en un auto y detienen a la pareja en Caaguazú,2026-09-20 21:00:00-03:00,0.7825,0,14684,15334,7,5,0,0,0,0,0.0,0.0,0.0,,,,,0,21,0.004653256245605024,2
14747,Ñanduti,Paraguay y Venezuela anuncian una “nueva etapa” y apuntan a restablecer plenamente sus relaciones diplomáticas,2026-09-19 21:00:00-03:00,14686,El Independiente,Paraguay y Venezuela abren una nueva etapa con foco en comercio y cooperación,2026-09-19 21:00:00-03:00,0.9484,2,14686,14747,12,7,6,2,3,3,0.4615384615384615,23.714809058557503,0.4082569274985173,caracas | delcy rodríguez | estados | paraguay | santiago peña | venezuela,delcy rodríguez | santiago peña,estados | paraguay | venezuela,caracas | paraguay | venezuela,1,0,0.985565348503141,3
15186,La Nación,La Nación / Campaña “Todos con Iván” busca alcanzar meta de G. 1.000 millones para su rehabilitación,2026-09-20 21:00:00-03:00,14695,Diario Paraguayo Noticias,Caacupé: Valenzuela critica a conductores que provocan accidentes y se dan a la fuga | Diario Paraguayo,2026-09-19 21:00:00-03:00,0.7343,0,14695,15186,9,8,0,0,0,0,0.0,0.0,0.0,,,,,0,10,0.0003432012656908907,5
14729,La Nación,La Nación / Expo Kambuchi reunirá a artesanos y propuestas culturales en Tobatí,2026-09-19 21:00:00-03:00,14701,Diario Paraguayo Noticias,Expo Kambuchi 2026: artesanía y cultura en Tobatí | Diario Paraguayo,2026-09-19 21:00:00-03:00,0.984,2,14701,14729,9,10,8,2,2,4,0.7272727272727273,46.03069916199607,0.7793833642773886,barrio san rafael | cordillera | daniela gonzález | finca aguayo | gobernación de cordillera | graciela acuña | secretaría de turismo | tobatí,daniela gonzález | graciela acuña,gobernación de cordillera | secretaría de turismo,barrio san rafael | cordillera | finca aguayo | tobatí,1,15,0.9981496992479948,2
14768,La Nación,"La Nación / Neruda y Paraguay: un diálogo entre la poesía, el exilio y la memoria",2026-09-19 21:00:00-03:00,14712,Amambay News,Patria Querida sostiene que el encuentro entre Santi y Delcy Rodríguez «avergüenza» al país - Amambay News,2026-09-19 21:00:00-03:00,0.7388,0,14712,14768,15,11,0,0,0,0,0.0,0.0,0.0,,,,,0,0,0.0011011775235801843,3
14808,Ñanduti,Patria Querida afirma que la visita de Santiago Peña a Delcy Rodríguez en Venezuela “avergüenza” al Paraguay,2026-09-19 21:00:00-03:00,14712,Amambay News,Patria Querida sostiene que el encuentro entre Santi y Delcy Rodríguez «avergüenza» al país - Amambay News,2026-09-19 21:00:00-03:00,0.9362,2,14712,14808,12,11,6,2,2,2,0.3529411764705882,27.894311429119917,0.3322053650624137,caracas | delcy rodríguez | patria querida | ppq | santiago peña | venezuela,delcy rodríguez | santiago peña,patria querida | ppq,caracas | venezuela,1,0,0.9499619273914984,3
14809,ABC Color,El partido de Putin se perfila ganador en elecciones rusas marcadas por ataque ucraniano - Mundo - ABC Color,2026-09-19 21:00:00-03:00,14720,Amambay News,"El partido del Kremlin gana las elecciones con el 57,5 % de votos, según los primeros resultados - Amambay News",2026-09-19 21:00:00-03:00,0.9271,1,14720,14809,14,19,4,1,1,1,0.1379310344827586,21.7830916009279,0.1293651224993565,duma | kiev | moscú | serguéi sobianin,serguéi sobianin,duma,moscú,0,12,0.8903576688122262,4
15114,Ñanduti,"Rusia Unida obtiene su mejor resultado histórico y revalida la mayoría constitucional en la Duma, según datos oficiales",2026-09-20 21:00:00-03:00,14720,Amambay News,"El partido del Kremlin gana las elecciones con el 57,5 % de votos, según los primeros resultados - Amambay News",2026-09-19 21:00:00-03:00,0.8827,2,14720,15114,15,19,5,1,3,0,0.1724137931034483,27.79847749778276,0.1651882035994149,duma | kremlin | nueva gente | rusia justa | vladímir putin,vladímir putin,duma | kremlin | rusia justa,,1,12,0.5927486750702919,4
14722,Ñanduti,Cooperativa Universitaria celebró la juventud con su primer Sunset Experience,2026-09-19 21:00:00-03:00,14895,La Nación,La Nación / La Municipalidad de Asunción invita a una jornada para jóvenes,2026-09-20 21:00:00-03:00,0.8076,0,14722,14895,5,12,0,0,0,0,0.0,0.0,0.0,,,,,0,5,0.01416033058757639,2
14722,Ñanduti,Cooperativa Universitaria celebró la juventud con su primer Sunset Experience,2026-09-19 21:00:00-03:00,15102,Más Encarnación,"Color, Baile y Alegría marcaron la celebración de la Juventud y la Primavera en Encarnación",2026-09-20 21:00:00-03:00,0.8316,0,14722,15102,5,6,0,0,0,0,0.0,0.0,0.0,,,,,0,5,0.040319438075545645,2
14722,Ñanduti,Cooperativa Universitaria celebró la juventud con su primer Sunset Experience,2026-09-19 21:00:00-03:00,15152,Diario Paraguayo Noticias,Municipalidad de Asunción invita a jornada para jóvenes | Diario Paraguayo,2026-09-20 21:00:00-03:00,0.8203,0,14722,15152,5,13,0,0,0,0,0.0,0.0,0.0,,,,,0,5,0.024720192941209303,2
14722,Ñanduti,Cooperativa Universitaria celebró la juventud con su primer Sunset Experience,2026-09-19 21:00:00-03:00,15173,ABC Color,Comunidades rurales de Lima se unen mediante el deporte y reclaman un polideportivo - Nacionales - ABC Color,2026-09-20 21:00:00-03:00,0.8091,0,14722,15173,5,7,0,0,0,0,0.0,0.0,0.0,,,,,0,5,0.015127928618626545,2
14722,Ñanduti,Cooperativa Universitaria celebró la juventud con su primer Sunset Experience,2026-09-19 21:00:00-03:00,15264,Oviedo Press,"Juventud ovetense tendrá teatro, formación y actividades comunitarias durante septiembre - OviedoPress",2026-09-20 21:00:00-03:00,0.8054,0,14722,15264,5,12,0,0,0,0,0.0,0.0,0.0,,,,,0,5,0.012850566554747497,2
14723,Ñanduti,"Continental, preparado para liderar la nueva era del CDA Digital en Paraguay",2026-09-19 21:00:00-03:00,14894,La Nación,La Nación / Un paso más hacia la digitalización: BCP pone en marcha el CDA-d desde este lunes,2026-09-20 21:00:00-03:00,0.9164,2,14723,14894,5,4,2,0,2,0,0.2857142857142857,8.04975591679461,0.2479347252533526,banco central del paraguay | bcp,,banco central del paraguay | bcp,,1,22,0.8825455281703026,5
14723,Ñanduti,"Continental, preparado para liderar la nueva era del CDA Digital en Paraguay",2026-09-19 21:00:00-03:00,14990,Diario Paraguayo Noticias,Un paso más hacia la digitalización: BCP pone en marcha el CDA-d desde este lunes | Diario Paraguayo,2026-09-20 21:00:00-03:00,0.9183,2,14723,14990,5,4,2,0,2,0,0.2857142857142857,8.04975591679461,0.2479347252533526,banco central del paraguay | bcp,,banco central del paraguay | bcp,,1,22,0.8917168591190326,5
14723,Ñanduti,"Continental, preparado para liderar la nueva era del CDA Digital en Paraguay",2026-09-19 21:00:00-03:00,15150,Diario Paraguayo Noticias,BCP activa sistema CDA-d para certificados digitales | Diario Paraguayo,2026-09-20 21:00:00-03:00,0.9204,2,14723,15150,5,4,2,0,2,0,0.2857142857142857,8.04975591679461,0.2479347252533526,banco central del paraguay | bcp,,banco central del paraguay | bcp,,1,22,0.9011158670457824,5
15374,Ñanduti,Banco Continental integra la emisión y custodia en la nueva era del CDA Digital,2026-09-20 21:00:00-03:00,14723,Ñanduti,"Continental, preparado para liderar la nueva era del CDA Digital en Paraguay",2026-09-19 21:00:00-03:00,0.9718,2,14723,15374,5,5,4,0,3,0,0.6666666666666666,19.942541967530413,0.6967823306731393,banco central del paraguay | banco continental | bcp | continental,,banco central del paraguay | banco continental | bcp,,1,22,0.9976988094825119,5
14723,Ñanduti,"Continental, preparado para liderar la nueva era del CDA Digital en Paraguay",2026-09-19 21:00:00-03:00,15472,Más Encarnación,BCP habilita los Certificados de Depósito de Ahorro 100% digitales,2026-09-20 21:00:00-03:00,0.9156,2,14723,15472,5,5,2,0,2,0,0.25,8.04975591679461,0.2163351167817005,banco central del paraguay | bcp,,banco central del paraguay | bcp,,1,22,0.8654703181058319,5
14874,Última Hora,Jóvenes denuncian injusticias y reclaman oportunidades reales,2026-09-20 21:00:00-03:00,14724,ABC Color,Jóvenes alzan su voz y reclaman protagonismo en la Iglesia y la sociedad - Nacionales - ABC Color,2026-09-19 21:00:00-03:00,0.9537,2,14724,14874,7,9,5,1,2,2,0.4545454545454545,28.373841642686315,0.4490302533941879,diócesis de san lorenzo | guarambaré | iglesia | joaquín robledo | parroquia natividad de maría,joaquín robledo,diócesis de san lorenzo | iglesia,guarambaré | parroquia natividad de maría,1,13,0.9830014962445669,2
14874,Última Hora,Jóvenes denuncian injusticias y reclaman oportunidades reales,2026-09-20 21:00:00-03:00,14726,Última Hora,"Cardenal Martínez insta a los jóvenes a sembrar amor, honestidad y esperanza",2026-09-19 21:00:00-03:00,0.8383,0,14726,14874,7,8,0,0,0,0,0.0,0.0,0.0,,,,,0,13,0.053649437242554734,2
14729,La Nación,La Nación / Expo Kambuchi reunirá a artesanos y propuestas culturales en Tobatí,2026-09-19 21:00:00-03:00,14740,Diario Paraguayo Noticias,XV Feria de Aves de Sudamérica culmina con actividades | Diario Paraguayo,2026-09-19 21:00:00-03:00,0.7436,0,14729,14740,9,11,0,0,0,0,0.0,0.0,0.0,,,,,0,15,0.0008202047753492387,2
14729,La Nación,La Nación / Expo Kambuchi reunirá a artesanos y propuestas culturales en Tobatí,2026-09-19 21:00:00-03:00,15130,Resumen de Noticias,¿Dónde serán las ferias agrícolas esta semana?,2026-09-20 21:00:00-03:00,0.7539,0,14729,15130,9,21,1,0,0,1,0.0344827586206896,5.099095164980699,0.0322576318856862,cordillera,,,cordillera,0,15,0.001749374498574023,2
14729,La Nación,La Nación / Expo Kambuchi reunirá a artesanos y propuestas culturales en Tobatí,2026-09-19 21:00:00-03:00,15292,La Nación,La Nación / MAG prevé 8 ferias de la agricultura familiar en la semana de la primavera,2026-09-20 21:00:00-03:00,0.7472,0,14729,15292,9,19,1,0,0,1,0.037037037037037,5.099095164980699,0.0349523908662996,cordillera,,,cordillera,0,15,0.0013033563307107265,2
14729,La Nación,La Nación / Expo Kambuchi reunirá a artesanos y propuestas culturales en Tobatí,2026-09-19 21:00:00-03:00,15394,Diario Paraguayo Noticias,MAG realizará 8 ferias de agricultura familiar | Diario Paraguayo,2026-09-20 21:00:00-03:00,0.7633,0,14729,15394,9,21,0,0,0,0,0.0,0.0,0.0,,,,,0,15,0.001977090474567553,2
14806,Ñanduti,"94 meses sin pagar: acumula deuda de G. 58,6 millones por asistencia alimentaria",2026-09-19 21:00:00-03:00,14734,Megacadena,Imputan a un hombre por acumular deuda de G. 58 millones en asistencia alimentaria,2026-09-19 21:00:00-03:00,0.9691,2,14734,14806,9,9,6,1,4,1,0.5,33.68033200201309,0.5174949941137935,banco nacional de fomento | bnf | hernandarias | juzgado de la niñez y adolescencia | unidad penal n.o 4 | víctor adolfo santander,víctor adolfo santander,banco nacional de fomento | bnf | juzgado de la niñez y adolescencia | unidad penal n.o 4,hernandarias,1,23,0.9963707179631447,5
14747,Ñanduti,Paraguay y Venezuela anuncian una “nueva etapa” y apuntan a restablecer plenamente sus relaciones diplomáticas,2026-09-19 21:00:00-03:00,15064,Oviedo Press,Peña se reúne con Delcy Rodríguez y abre camino para retomar relaciones con Venezuela - OviedoPress,2026-09-20 21:00:00-03:00,0.9537,2,14747,15064,12,10,8,4,3,2,0.5714285714285714,32.275390599118104,0.500629113630433,caracas | delcy rodríguez | estados | paraguay | peña | rodríguez | santiago peña | venezuela,delcy rodríguez | peña | rodríguez | santiago peña,estados | paraguay | venezuela,caracas | venezuela,1,0,0.9869299635157117,3
14747,Ñanduti,Paraguay y Venezuela anuncian una “nueva etapa” y apuntan a restablecer plenamente sus relaciones diplomáticas,2026-09-19 21:00:00-03:00,15072,QAP Chaco News,Paraguay y Venezuela reabren el diálogo - QAP CHACO NEWS,2026-09-20 21:00:00-03:00,0.9546,2,14747,15072,12,16,9,6,2,3,0.4736842105263157,39.59232962863776,0.4132767178360582,caracas | delcy rodríguez | fél | ix plasencia | paraguay | peña | rubén ramírez lezcano | santiago peña | venezuela,delcy rodríguez | fél | ix plasencia | peña | rubén ramírez lezcano | santiago peña,paraguay | venezuela,caracas | paraguay | venezuela,1,0,0.9774875810872025,3
14768,La Nación,"La Nación / Neruda y Paraguay: un diálogo entre la poesía, el exilio y la memoria",2026-09-19 21:00:00-03:00,14748,Última Hora,"Patria Querida dice que Peña ""avergüenza"" a Paraguay por encuentro con Delcy Rodríguez",2026-09-19 21:00:00-03:00,0.7424,0,14748,14768,15,15,1,0,0,1,0.0344827586206896,2.326506442740917,0.0152553673215926,paraguay,,,paraguay,0,0,0.001726978660750426,3
14808,Ñanduti,Patria Querida afirma que la visita de Santiago Peña a Delcy Rodríguez en Venezuela “avergüenza” al Paraguay,2026-09-19 21:00:00-03:00,14748,Última Hora,"Patria Querida dice que Peña ""avergüenza"" a Paraguay por encuentro con Delcy Rodríguez",2026-09-19 21:00:00-03:00,0.9722,2,14748,14808,12,15,9,4,2,3,0.5,36.38350413962306,0.4145347853716314,caracas | delcy rodríguez | gobierno | paraguay | patria querida | peña | rodríguez | santiago peña | venezuela,delcy rodríguez | peña | rodríguez | santiago peña,gobierno | patria querida,caracas | paraguay | venezuela,1,0,0.9918832110533644,3
15498,La Nación,La Nación / ¡No es visita! Paraguaya presume que su novio llega a su casa y hace de todo,2026-09-20 21:00:00-03:00,14748,Última Hora,"Patria Querida dice que Peña ""avergüenza"" a Paraguay por encuentro con Delcy Rodríguez",2026-09-19 21:00:00-03:00,0.7328,0,14748,15498,7,15,0,0,0,0,0.0,0.0,0.0,,,,,0,0,0.0008631211002795417,3
14862,Última Hora,El gran negocio de la marihuana se expande en las áreas protegidas,2026-09-20 21:00:00-03:00,14749,Última Hora,Caen dos sujetos que transportaban más de dos toneladas de marihuana en Amambay,2026-09-19 21:00:00-03:00,0.786,0,14749,14862,8,19,0,0,0,0,0.0,0.0,0.0,,,,,0,24,0.004138443012740084,5
15178,Última Hora,Maluma anunció el nacimiento de su segundo bebé,2026-09-20 21:00:00-03:00,14751,Última Hora,Millie Bobby Brown es madre por segunda vez a través de la adopción,2026-09-19 21:00:00-03:00,0.808,0,14751,15178,11,12,0,0,0,0,0.0,0.0,0.0,,,,,0,25,0.011865326833214812,5
14837,ABC Color,"Francia considera ""real y documentada"" la amenaza de guerra híbrida rusa - Mundo - ABC Color",2026-09-20 21:00:00-03:00,14757,Pedro Juan Digital,Rusia asegura que el intento de Kiev de atacar Moscú durante los comicios legislativos no tuvo éxito,2026-09-19 21:00:00-03:00,0.8234,0,14757,14837,9,9,1,0,1,1,0.0588235294117647,5.099095164980699,0.05038883437373,rusia,,rusia,rusia,0,12,0.04970219666693037,4
15294,La Nación,"La Nación / Senabico subastará inmuebles, vehículos y maquinaria pesada el 24 de septiembre",2026-09-20 21:00:00-03:00,14758,Amambay News,Juez de Capitán Bado enfrenta doble presión: imputación por subasta de bienes de “Cabeza Branca” y polémica por su matrimonio en Brasil - Amambay News,2026-09-19 21:00:00-03:00,0.7411,0,14758,15294,16,23,1,0,1,0,0.0263157894736842,5.658710952916121,0.0258000788858959,secretaría nacional de administración de bienes incautados y comisados,,secretaría nacional de administración de bienes incautados y comisados,,0,2,0.001324604553811224,1
15215,Megacadena,Blanca Ovelar cuestiona a las supervisiones pedagógicas tras los resultados de pruebas PISA,2026-09-20 21:00:00-03:00,14764,La Nación,La Nación / PISA 2025: Nancy Ovelar urge acompañar al docente y enfocar en la lectura,2026-09-19 21:00:00-03:00,0.8849,0,14764,15215,4,9,1,1,0,0,0.0833333333333333,4.965563772356176,0.0728183716799391,ovelar,ovelar,,,0,26,0.35465902612237543,4
15215,Megacadena,Blanca Ovelar cuestiona a las supervisiones pedagógicas tras los resultados de pruebas PISA,2026-09-20 21:00:00-03:00,14765,La Nación,La Nación / PISA 2025: especialista urge cambios metodológicos ante rezago en Paraguay,2026-09-19 21:00:00-03:00,0.805,0,14765,15215,4,9,0,0,0,0,0.0,0.0,0.0,,,,,0,26,0.00990288398439578,4
14768,La Nación,"La Nación / Neruda y Paraguay: un diálogo entre la poesía, el exilio y la memoria",2026-09-19 21:00:00-03:00,14923,El Independiente,3×3 lunes 21de septiembre del 2026 por Benjamín Fernández Bogado,2026-09-20 21:00:00-03:00,0.7261,0,14768,14923,15,10,0,0,0,0,0.0,0.0,0.0,,,,,0,0,0.0006575340790887595,3
14768,La Nación,"La Nación / Neruda y Paraguay: un diálogo entre la poesía, el exilio y la memoria",2026-09-19 21:00:00-03:00,15355,Itapúa en Noticias,"AGUAS DANZANTES, BUS TURÍSTICO Y LA RECUPERACIÓN DE LA ZONA BAJA: LAS PROPUESTAS DE NOVOSAD",2026-09-20 21:00:00-03:00,0.725,0,14768,15355,15,8,0,0,0,0,0.0,0.0,0.0,,,,,0,0,0.0006288075536302825,3
15175,Última Hora,Orquesta de Cateura participa en dos actividades con proyectos independientes,2026-09-20 21:00:00-03:00,14769,La Nación,"La Nación / Parque Caballero, el revivir de un pulmón histórico de Asunción",2026-09-19 21:00:00-03:00,0.7157,0,14769,15175,12,8,0,0,0,0,0.0,0.0,0.0,,,,,0,5,0.00023567363895763926,2
14770,La Nación,"La Nación / IA, desinfodemia y Sun Tzu",2026-09-19 21:00:00-03:00,15357,5Días,La IA acelera más rápido que la economía que debe sostenerla,2026-09-20 21:00:00-03:00,0.811,0,14770,15357,9,0,0,0,0,0,0.0,0.0,0.0,,,,,0,8,0.012937339251027347,4
15465,ABC Color,Líderes de 22 países e instituciones reclaman supervisión humana para la IA - Tecnología - ABC Color,2026-09-20 21:00:00-03:00,14770,La Nación,"La Nación / IA, desinfodemia y Sun Tzu",2026-09-19 21:00:00-03:00,0.8289,1,14770,15465,29,9,0,0,0,0,0.0,0.0,0.0,,,,,0,8,0.02852489295835346,4
14770,La Nación,"La Nación / IA, desinfodemia y Sun Tzu",2026-09-19 21:00:00-03:00,15568,5Días,"El dilema de la IA ya no es cómo frenarla, sino quién la controla",2026-09-20 21:00:00-03:00,0.8852,0,14770,15568,9,0,0,0,0,0,0.0,0.0,0.0,,,,,0,8,0.27068501361277786,4
14784,Diario Paraguayo Noticias,Primavera 2026: llega el 22 de septiembre en Paraguay | Diario Paraguayo,2026-09-19 21:00:00-03:00,14772,La Nación,"La Nación / ¿No es mañana?: todos celebran la primavera el 21, pero este año llegará un día después",2026-09-19 21:00:00-03:00,0.9751,2,14772,14784,3,4,3,0,1,2,0.75,14.219292493476722,0.7604164675287278,nasa | paraguay | tierra,,nasa,paraguay | tierra,1,5,0.9955524325926691,2
14806,Ñanduti,"94 meses sin pagar: acumula deuda de G. 58,6 millones por asistencia alimentaria",2026-09-19 21:00:00-03:00,14776,Popular,"Popular / ""Xuxa"" demandó a su ex paquita por ""malagradecida""",2026-09-19 21:00:00-03:00,0.7162,0,14776,14806,9,13,0,0,0,0,0.0,0.0,0.0,,,,,0,23,0.00014338440849277187,5
15180,Última Hora,El diseñador paraguayo Simón Villalba es reconocido como Mejor Diseñador en Nueva York,2026-09-20 21:00:00-03:00,14781,Diario Paraguayo Noticias,Simón Villalba: Primer Mejor Diseñador Paraguayo | Diario Paraguayo,2026-09-19 21:00:00-03:00,0.9559,2,14781,15180,8,6,6,3,0,3,0.75,28.180350115827963,0.7262111212573944,estados unidos | món villalba | nueva jersey | paraguay | si | villalba,món villalba | si | villalba,,estados unidos | nueva jersey | paraguay,1,7,0.9955006448465135,5
15491,ABC Color,Elecciones Municipales: La importancia de los observadores - Política - ABC Color,2026-09-20 21:00:00-03:00,14783,Diario Paraguayo Noticias,Distribución de máquinas de votación inicia el 27 | Diario Paraguayo,2026-09-19 21:00:00-03:00,0.7854,0,14783,15491,10,26,2,0,2,0,0.0588235294117647,10.10102658150775,0.0555105485193261,tribunal superior de justicia electoral | tsje,,tribunal superior de justicia electoral | tsje,,0,17,0.008348841116830095,4
14784,Diario Paraguayo Noticias,Primavera 2026: llega el 22 de septiembre en Paraguay | Diario Paraguayo,2026-09-19 21:00:00-03:00,14932,Resumen de Noticias,Primavera y juventud: una tradición que une a Paraguay,2026-09-20 21:00:00-03:00,0.7867,0,14784,14932,3,5,1,0,0,1,0.1428571428571428,2.326506442740917,0.0646564628740594,paraguay,,,paraguay,0,5,0.009251999898382858,2
14796,Amambay News,Paraguay duplica las pruebas de VIH y agiliza inicio de los tratamientos en todo el país - Amambay News,2026-09-19 21:00:00-03:00,14946,La Tribuna,Sistema de salud realiza 371.000 pruebas de VIH al año en Paraguay,2026-09-20 21:00:00-03:00,0.8795,2,14796,14946,2,9,1,0,0,0,0.1,5.099095164980699,0.1043915664653271,amambay,,,,1,11,0.29480140968789936,1
14805,Ñanduti,Bonifacio Ríos: “La política es el cáncer de la academia”,2026-09-19 21:00:00-03:00,15116,ABC Color,"Crisis en Honor Colorado: “Lo que se ve no se pregunta”, dice Beto Ovelar - Nacionales - ABC Color",2026-09-20 21:00:00-03:00,0.7458,0,14805,15116,6,16,0,0,0,0,0.0,0.0,0.0,,,,,0,1,0.0011120270701461701,1
14805,Ñanduti,Bonifacio Ríos: “La política es el cáncer de la academia”,2026-09-19 21:00:00-03:00,15192,HOY,"Diario HOY | “Tenemos Honor Colorado para rato”, predice Bachi",2026-09-20 21:00:00-03:00,0.7544,0,14805,15192,6,19,0,0,0,0,0.0,0.0,0.0,,,,,0,1,0.0015975739696389498,1
14805,Ñanduti,Bonifacio Ríos: “La política es el cáncer de la academia”,2026-09-19 21:00:00-03:00,15281,ABC Color,"Crisis en Honor Colorado: “Lo que se ve no se pregunta”, dice Beto Ovelar - Política - ABC Color",2026-09-20 21:00:00-03:00,0.7478,0,14805,15281,6,16,0,0,0,0,0.0,0.0,0.0,,,,,0,1,0.0012098010505514503,1
14805,Ñanduti,Bonifacio Ríos: “La política es el cáncer de la academia”,2026-09-19 21:00:00-03:00,15432,Última Hora,"“Mantenerse en primera división es difícil"", advierte Bachi a Cesarito",2026-09-20 21:00:00-03:00,0.7532,0,14805,15432,6,10,0,0,0,0,0.0,0.0,0.0,,,,,0,1,0.001518834869140733,1
14805,Ñanduti,Bonifacio Ríos: “La política es el cáncer de la academia”,2026-09-19 21:00:00-03:00,15515,Diario Paraguayo Noticias,Figueredo respalda liderazgo de Honor Colorado | Diario Paraguayo,2026-09-20 21:00:00-03:00,0.752,0,14805,15515,6,10,0,0,0,0,0.0,0.0,0.0,,,,,0,1,0.0014439709439661717,1
14806,Ñanduti,"94 meses sin pagar: acumula deuda de G. 58,6 millones por asistencia alimentaria",2026-09-19 21:00:00-03:00,14870,Última Hora,Filizzola cuestiona Hambre Cero y denuncia uso político de recursos,2026-09-20 21:00:00-03:00,0.7218,0,14806,14870,9,10,0,0,0,0,0.0,0.0,0.0,,,,,0,23,0.0001878380929180189,5
14806,Ñanduti,"94 meses sin pagar: acumula deuda de G. 58,6 millones por asistencia alimentaria",2026-09-19 21:00:00-03:00,15247,Ahora CDE,Imputan a hombre por no pagar asistencia alimentaria durante 94 meses,2026-09-20 21:00:00-03:00,0.9616,2,14806,15247,9,6,6,1,4,1,0.6666666666666666,31.11538264455155,0.676012487168781,banco nacional de fomento | bnf | hernandarias | ministerio público | unidad penal n.o 4 | víctor adolfo santander,víctor adolfo santander,banco nacional de fomento | bnf | ministerio público | unidad penal n.o 4,hernandarias,1,23,0.9969752131202017,5
14806,Ñanduti,"94 meses sin pagar: acumula deuda de G. 58,6 millones por asistencia alimentaria",2026-09-19 21:00:00-03:00,15259,Amambay News,Filizzola cuestiona Hambre Cero y denuncia uso político de recursos - Amambay News,2026-09-20 21:00:00-03:00,0.723,0,14806,15259,9,10,0,0,0,0,0.0,0.0,0.0,,,,,0,23,0.00019902826122812948,5
14807,Ñanduti,Hombre es imputado tras agredir a su hijastro y arrojar una PlayStation por el balcón,2026-09-19 21:00:00-03:00,15008,Extra,Agredió a su familia y tiró la Play de su hijastro desde el balcón,2026-09-20 21:00:00-03:00,0.9508,2,14807,15008,7,4,3,0,1,2,0.375,12.971644625648125,0.3081745280389543,ciudad del este | lado acaray | ministerio público,,ministerio público,ciudad del este | lado acaray,1,21,0.9736703139662036,2
14807,Ñanduti,Hombre es imputado tras agredir a su hijastro y arrojar una PlayStation por el balcón,2026-09-19 21:00:00-03:00,15037,TN Press,Imputan a cobarde que agredió a su pareja con bebé en brazos y golpeó a su hijastro de 13 años,2026-09-20 21:00:00-03:00,0.9576,2,14807,15037,7,5,3,0,1,2,0.3333333333333333,12.971644625648125,0.2700273002889203,ciudad del este | lado acaray | ministerio público,,ministerio público,ciudad del este | lado acaray,1,21,0.9788585990252007,2
14807,Ñanduti,Hombre es imputado tras agredir a su hijastro y arrojar una PlayStation por el balcón,2026-09-19 21:00:00-03:00,15051,Amambay News,Aprehenden a funcionario público denunciado por violencia familiar en PJC - Amambay News,2026-09-20 21:00:00-03:00,0.7868,0,14807,15051,7,8,1,0,1,0,0.0714285714285714,3.3814436679063653,0.0429668209688079,ministerio público,,ministerio público,,0,21,0.008443549985543714,2
14807,Ñanduti,Hombre es imputado tras agredir a su hijastro y arrojar una PlayStation por el balcón,2026-09-19 21:00:00-03:00,15193,NPY,Mujer fue brutalmente golpeada y su actual pareja es el principal sospechoso,2026-09-20 21:00:00-03:00,0.7695,0,14807,15193,7,8,2,0,2,0,0.1538461538461538,7.094244471767173,0.0991700472996007,fiscalía | ministerio público,,fiscalía | ministerio público,,0,21,0.00599237369605448,2
14807,Ñanduti,Hombre es imputado tras agredir a su hijastro y arrojar una PlayStation por el balcón,2026-09-19 21:00:00-03:00,15268,Concepción al Día,Discusión por una PlayStation terminó en una denuncia por violencia familiar - Concepción al Día,2026-09-20 21:00:00-03:00,0.9518,2,14807,15268,7,4,3,0,1,2,0.375,13.303001761602566,0.3191208082062071,ciudad del este | fiscalía | lado acaray,,fiscalía,ciudad del este | lado acaray,1,21,0.9747928134481206,2
14808,Ñanduti,Patria Querida afirma que la visita de Santiago Peña a Delcy Rodríguez en Venezuela “avergüenza” al Paraguay,2026-09-19 21:00:00-03:00,15072,QAP Chaco News,Paraguay y Venezuela reabren el diálogo - QAP CHACO NEWS,2026-09-20 21:00:00-03:00,0.8856,2,14808,15072,12,16,6,3,0,3,0.2727272727272727,22.32851469743761,0.1980914649365917,caracas | delcy rodríguez | paraguay | peña | santiago peña | venezuela,delcy rodríguez | peña | santiago peña,,caracas | paraguay | venezuela,1,0,0.5526957974030489,3
14837,ABC Color,"Francia considera ""real y documentada"" la amenaza de guerra híbrida rusa - Mundo - ABC Color",2026-09-20 21:00:00-03:00,14809,ABC Color,El partido de Putin se perfila ganador en elecciones rusas marcadas por ataque ucraniano - Mundo - ABC Color,2026-09-19 21:00:00-03:00,0.7948,0,14809,14837,9,14,0,0,0,0,0.0,0.0,0.0,,,,,0,12,0.006276846581595265,4
14809,ABC Color,El partido de Putin se perfila ganador en elecciones rusas marcadas por ataque ucraniano - Mundo - ABC Color,2026-09-19 21:00:00-03:00,14956,Megacadena,Putin amplía su control del Parlamento ruso tras una elección cuestionada internacionalmente,2026-09-20 21:00:00-03:00,0.88,1,14809,14956,14,14,4,1,2,0,0.1666666666666666,21.22347581299248,0.1570554670777896,kiev | ldpr | putin | rusia unida,putin,ldpr | rusia unida,,0,12,0.5216683978895988,4
15114,Ñanduti,"Rusia Unida obtiene su mejor resultado histórico y revalida la mayoría constitucional en la Duma, según datos oficiales",2026-09-20 21:00:00-03:00,14809,ABC Color,El partido de Putin se perfila ganador en elecciones rusas marcadas por ataque ucraniano - Mundo - ABC Color,2026-09-19 21:00:00-03:00,0.8408,2,14809,15114,15,14,2,0,2,0,0.074074074074074,10.534662566582613,0.0677935966567476,duma | rusia unida,,duma | rusia unida,,1,12,0.10345297806828145,4
14809,ABC Color,El partido de Putin se perfila ganador en elecciones rusas marcadas por ataque ucraniano - Mundo - ABC Color,2026-09-19 21:00:00-03:00,15134,La Tribuna,Drones ucranianos golpean Moscú ante el cierre electoral de Putin,2026-09-20 21:00:00-03:00,0.9531,2,14809,15134,14,18,6,2,2,2,0.2307692307692307,33.44476593070032,0.2241984168586039,andréi vorobiov | comisión electoral | jersón | moscú | putin | rusia unida,andréi vorobiov | putin,comisión electoral | rusia unida,jersón | moscú,1,12,0.9837662853125505,4
14809,ABC Color,El partido de Putin se perfila ganador en elecciones rusas marcadas por ataque ucraniano - Mundo - ABC Color,2026-09-19 21:00:00-03:00,15440,adn,El partido de Putin logra un récord de escaños en Rusia - ADN Digital,2026-09-20 21:00:00-03:00,0.9056,1,14809,15440,14,27,4,1,3,0,0.1081081081081081,21.22347581299248,0.0978598481347765,duma | ldpr | putin | rusia unida,putin,duma | ldpr | rusia unida,,0,12,0.7099170241582531,4
14819,ABC Color,Reunión Asoban-Peña: Dionisio Borda advierte sobre riesgo de concentración y pide preservar la institucionalidad del BCP - Economía - ABC Color,2026-09-20 21:00:00-03:00,14818,ABC Color,Advierten diferencias contables en los registros de fondos públicos en banco - Política - ABC Color,2026-09-20 21:00:00-03:00,0.8903,2,14818,14819,19,10,5,0,4,0,0.2083333333333333,22.228226415751077,0.1750563238266145,asoban | banco central del paraguay | bcp | estado | ueno bank,,banco central del paraguay | bcp | estado | ueno bank,,1,0,0.7315818943303777,3
14819,ABC Color,Reunión Asoban-Peña: Dionisio Borda advierte sobre riesgo de concentración y pide preservar la institucionalidad del BCP - Economía - ABC Color,2026-09-20 21:00:00-03:00,15165,ABC Color,Senador denuncia “favoritismo fuerte y grosero” hacia Ueno Bank y exige transparencia al BCP - Política - ABC Color,2026-09-20 21:00:00-03:00,0.8813,2,14819,15165,19,7,3,0,3,0,0.1304347826086956,13.48532331839652,0.1105245611447701,banco central del paraguay | bcp | ueno bank,,banco central del paraguay | bcp | ueno bank,,1,0,0.5363841307739097,3
14819,ABC Color,Reunión Asoban-Peña: Dionisio Borda advierte sobre riesgo de concentración y pide preservar la institucionalidad del BCP - Economía - ABC Color,2026-09-20 21:00:00-03:00,15470,Última Hora,Analista sugiere cambios en el BCP para recuperar confianza en el sector financiero,2026-09-20 21:00:00-03:00,0.9045,2,14819,15470,19,15,5,0,4,0,0.1724137931034483,23.29866782745249,0.1514235690595658,asoban | banco central del paraguay | bcp | senado | superintendencia de bancos,,banco central del paraguay | bcp | senado | superintendencia de bancos,,1,0,0.8134439574990101,3
14819,ABC Color,Reunión Asoban-Peña: Dionisio Borda advierte sobre riesgo de concentración y pide preservar la institucionalidad del BCP - Economía - ABC Color,2026-09-20 21:00:00-03:00,15511,Diario Paraguayo Noticias,Análisis de preocupaciones del sistema bancario paraguayo | Diario Paraguayo,2026-09-20 21:00:00-03:00,0.9004,2,14819,15511,19,11,4,0,3,0,0.1538461538461538,18.961712714518686,0.1399369980723242,asoban | banco central del paraguay | bcp | superintendencia de bancos,,banco central del paraguay | bcp | superintendencia de bancos,,1,0,0.7294415764604646,3
15478,Ñanduti,Ministerio de la Mujer repudia denuncias de acoso sexual y violencia digital que afectan a estudiantes de la UNA,2026-09-20 21:00:00-03:00,14820,ABC Color,Día de la Juventud: cómo protegerse del ciberacoso y el grooming - Policiales - ABC Color,2026-09-20 21:00:00-03:00,0.7826,0,14820,15478,6,2,0,0,0,0,0.0,0.0,0.0,,,,,0,27,0.003514717352131759,5
15317,ABC Color,Día de la Juventud: jóvenes encabezan estadísticas de muertes y lesiones por siniestros viales - Nacionales - ABC Color,2026-09-20 21:00:00-03:00,14821,ABC Color,"Así es la juventud en Paraguay: cuántos son, a qué se dedican y cuál es su realidad, según el INE - Nacionales - ABC Color",2026-09-20 21:00:00-03:00,0.7448,0,14821,15317,6,3,1,0,0,1,0.125,2.326506442740917,0.0623580472385548,paraguay,,,paraguay,0,28,0.0010478203479032033,5
14822,ABC Color,Miguel Prieto: “Honor Colorado está usando al BCP como garrote” - Política - ABC Color,2026-09-20 21:00:00-03:00,15165,ABC Color,Senador denuncia “favoritismo fuerte y grosero” hacia Ueno Bank y exige transparencia al BCP - Política - ABC Color,2026-09-20 21:00:00-03:00,0.8503,0,14822,15165,15,7,2,0,2,0,0.1,8.04975591679461,0.0788400160390467,banco central del paraguay | bcp,,banco central del paraguay | bcp,,0,0,0.18793529241348642,3
14822,ABC Color,Miguel Prieto: “Honor Colorado está usando al BCP como garrote” - Política - ABC Color,2026-09-20 21:00:00-03:00,15329,ABC Color,Juicio de Miguel Prieto: Defensas cuestionan a fiscal por su falta de objetividad - Política - ABC Color,2026-09-20 21:00:00-03:00,0.862,0,14822,15329,15,20,3,1,2,0,0.09375,14.583935607064632,0.0848555242117694,fiscalía | miguel prieto | yo creo,miguel prieto,fiscalía | yo creo,,0,0,0.24467751339690438,3
14822,ABC Color,Miguel Prieto: “Honor Colorado está usando al BCP como garrote” - Política - ABC Color,2026-09-20 21:00:00-03:00,15421,Amambay News,Caso Tía Chela: tensión en pleno juicio entre fiscal y defensa de Miguel Prieto - Amambay News,2026-09-20 21:00:00-03:00,0.8405,0,14822,15421,15,7,1,1,0,0,0.0476190476190476,5.435567401601912,0.0514448179068277,miguel prieto,miguel prieto,,,0,0,0.06561939208056754,3
15189,La Nación,La Nación / Hurto y violencia familiar: los delitos que acorralan a la juventud paraguaya,2026-09-20 21:00:00-03:00,14825,ABC Color,Día de la Juventud: hurto y violencia familiar encabezan los delitos cometidos por jóvenes en Paraguay - Nacionales - ABC Color,2026-09-20 21:00:00-03:00,0.9766,2,14825,15189,2,4,2,0,1,1,0.5,7.985217395657038,0.4318268992246138,observatorio del ministerio público | paraguay,,observatorio del ministerio público,paraguay,1,28,0.9966110341476597,5
15317,ABC Color,Día de la Juventud: jóvenes encabezan estadísticas de muertes y lesiones por siniestros viales - Nacionales - ABC Color,2026-09-20 21:00:00-03:00,14825,ABC Color,Día de la Juventud: hurto y violencia familiar encabezan los delitos cometidos por jóvenes en Paraguay - Nacionales - ABC Color,2026-09-20 21:00:00-03:00,0.7578,0,14825,15317,6,4,1,0,0,1,0.1111111111111111,2.326506442740917,0.0523588305328662,paraguay,,,paraguay,0,28,0.0018729515796811259,5
15235,Crónica,Se hicieron pasar por polis y pelaron una vivienda,2026-09-20 21:00:00-03:00,14828,ABC Color,"Vestidos de policías, asaltan vivienda en busca de dinero del accidente aéreo de Prosegur - ABC en el Este - ABC Color",2026-09-20 21:00:00-03:00,0.9275,2,14828,15235,6,11,3,0,1,1,0.2142857142857142,13.659676705541298,0.179802900914194,hospital distrital | minga guazú | policía nacional,,policía nacional,minga guazú,1,29,0.8839443863887796,2
15554,Última Hora,Advierten que venta de inmuebles no puede financiar fondo de salud de IPS,2026-09-20 21:00:00-03:00,14830,ABC Color,Jubilados advierten que la ley de emergencia del IPS podría volver a beneficiar a los “amigos” de Peña - Política - ABC Color,2026-09-20 21:00:00-03:00,0.8256,0,14830,15554,10,10,3,1,2,0,0.1764705882352941,15.200121746488447,0.1585184559759172,gustavo canatta | instituto de previsión social | ips,gustavo canatta,instituto de previsión social | ips,,0,2,0.07502437803105028,1
15328,ABC Color,"El río Paraná alcanza 3,67 m y proyectan descenso en Ayolas - Nacionales - ABC Color",2026-09-20 21:00:00-03:00,14831,ABC Color,Río Paraguay sigue descendiendo en zona de Concepción - Clima - ABC Color,2026-09-20 21:00:00-03:00,0.8929,0,14831,15328,14,9,0,0,0,0,0.0,0.0,0.0,,,,,0,30,0.39450263439519856,2
14834,ABC Color,Pargos Tech consolida su expansión con la inauguración de su nuevo Centro de distribución y logística - Negocios - ABC Color,2026-09-20 21:00:00-03:00,14992,Diario Paraguayo Noticias,Tecnología para no perder margen: así se prepara la agroindustria de Alto Paraná para una nueva campaña | Diario Paraguayo,2026-09-20 21:00:00-03:00,0.7328,0,14834,14992,4,10,0,0,0,0,0.0,0.0,0.0,,,,,0,31,0.0005061793946542733,2
14834,ABC Color,Pargos Tech consolida su expansión con la inauguración de su nuevo Centro de distribución y logística - Negocios - ABC Color,2026-09-20 21:00:00-03:00,15001,Diario Paraguayo Noticias,Disponibilidad tecnológica: estrategia empresarial clave | Diario Paraguayo,2026-09-20 21:00:00-03:00,0.7253,0,14834,15001,4,3,0,0,0,0,0.0,0.0,0.0,,,,,0,31,0.0003619965219148596,2
14834,ABC Color,Pargos Tech consolida su expansión con la inauguración de su nuevo Centro de distribución y logística - Negocios - ABC Color,2026-09-20 21:00:00-03:00,15169,ABC Color,"Munich, tradición que se transforma - Negocios - ABC Color",2026-09-20 21:00:00-03:00,0.7042,0,14834,15169,4,9,0,0,0,0,0.0,0.0,0.0,,,,,0,31,0.00014092974774678054,2
14834,ABC Color,Pargos Tech consolida su expansión con la inauguración de su nuevo Centro de distribución y logística - Negocios - ABC Color,2026-09-20 21:00:00-03:00,15196,5Días,Grupo Luminotecnia celebra 35 años de trayectoria e impacto en la industria paraguaya,2026-09-20 21:00:00-03:00,0.7061,0,14834,15196,4,1,0,0,0,0,0.0,0.0,0.0,,,,,0,31,0.00015342582473180125,2
14834,ABC Color,Pargos Tech consolida su expansión con la inauguración de su nuevo Centro de distribución y logística - Negocios - ABC Color,2026-09-20 21:00:00-03:00,15348,La Nación,La Nación / MAG entrega implementos agrícolas por más de G. 700 millones a productores de Eugenio A. Garay,2026-09-20 21:00:00-03:00,0.71,0,14834,15348,4,9,0,0,0,0,0.0,0.0,0.0,,,,,0,31,0.00018265450129569346,2
14836,ABC Color,Los hutíes dicen haber atacado “sitios sensibles” en la capital de Arabia Saudita - Mundo - ABC Color,2026-09-20 21:00:00-03:00,14868,Última Hora,Ataques hutíes contra Arabia Saudí propician “escalada peligrosa”,2026-09-20 21:00:00-03:00,0.9015,2,14836,14868,14,13,6,0,1,5,0.2857142857142857,30.50787415716926,0.2669957305990673,arabia saudí | aramco | irán | riad | yanbu | yemen,,aramco,arabia saudí | irán | riad | yanbu | yemen,1,20,0.9650219291170566,4
14836,ABC Color,Los hutíes dicen haber atacado “sitios sensibles” en la capital de Arabia Saudita - Mundo - ABC Color,2026-09-20 21:00:00-03:00,14983,Diario Paraguayo Noticias,Ataques hutíes contra Arabia Saudí propician “escalada peligrosa” | Diario Paraguayo,2026-09-20 21:00:00-03:00,0.9053,2,14836,14983,14,11,6,0,1,5,0.3157894736842105,30.50787415716926,0.2911928125293286,arabia saudí | aramco | irán | riad | yanbu | yemen,,aramco,arabia saudí | irán | riad | yanbu | yemen,1,20,0.9765287275043254,4
14836,ABC Color,Los hutíes dicen haber atacado “sitios sensibles” en la capital de Arabia Saudita - Mundo - ABC Color,2026-09-20 21:00:00-03:00,15144,Diario Paraguayo Noticias,Liga Árabe advierte sobre escalada de tensiones | Diario Paraguayo,2026-09-20 21:00:00-03:00,0.8667,1,14836,15144,14,11,6,0,1,4,0.3157894736842105,30.50787415716926,0.290395421641276,arabia saudí | aramco | irán | riad | yanbu | yemen,,aramco,arabia saudí | riad | yanbu | yemen,0,20,0.8523935280676197,4
14836,ABC Color,Los hutíes dicen haber atacado “sitios sensibles” en la capital de Arabia Saudita - Mundo - ABC Color,2026-09-20 21:00:00-03:00,15278,Red Digital San Pedro,Ataques hutíes contra Arabia Saudí propician “escalada peligrosa” - Red Digital San Pedro,2026-09-20 21:00:00-03:00,0.8945,2,14836,15278,14,10,6,0,1,5,0.3333333333333333,30.50787415716926,0.309986512653812,arabia saudí | aramco | irán | riad | yanbu | yemen,,aramco,arabia saudí | irán | riad | yanbu | yemen,1,20,0.9671157804231636,4
14836,ABC Color,Los hutíes dicen haber atacado “sitios sensibles” en la capital de Arabia Saudita - Mundo - ABC Color,2026-09-20 21:00:00-03:00,15376,Megacadena,El Gobierno yemení frena el avance hutí en Taiz y Marib,2026-09-20 21:00:00-03:00,0.9024,2,14836,15376,14,9,1,0,1,0,0.0454545454545454,5.253245844807957,0.0422073331258631,arabia saudita,,arabia saudita,,1,20,0.5663883660322417,4
14837,ABC Color,"Francia considera ""real y documentada"" la amenaza de guerra híbrida rusa - Mundo - ABC Color",2026-09-20 21:00:00-03:00,15134,La Tribuna,Drones ucranianos golpean Moscú ante el cierre electoral de Putin,2026-09-20 21:00:00-03:00,0.8266,0,14837,15134,9,18,1,0,0,1,0.0384615384615384,5.099095164980699,0.0335868138732228,rusia,,,rusia,0,12,0.04352578599018927,4
14999,Diario Paraguayo Noticias,EE. UU. y China establecen diálogo sobre IA | Diario Paraguayo,2026-09-20 21:00:00-03:00,14840,ABC Color,China confirma que Xi Jinping visitará EE.UU. esta semana - Mundo - ABC Color,2026-09-20 21:00:00-03:00,0.862,0,14840,14999,16,20,9,4,1,2,0.3333333333333333,44.46333579401638,0.3120252216510791,bessent | casa blanca | estados unidos | he lifeng | nueva york | pekín | scott bessent | washington | xi jinping,bessent | he lifeng | scott bessent | xi jinping,washington,casa blanca | nueva york,0,8,0.5447840923029639,4
14884,Última Hora,"Muere a los 27 años el modelo Presley Gerber, hijo de Cindy Crawford",2026-09-20 21:00:00-03:00,14847,ABC Color,"Murió Presley Gerber, hijo de la modelo estadounidense Cindy Crawford - Gente - ABC Color",2026-09-20 21:00:00-03:00,0.9163,2,14847,14884,16,27,8,4,2,2,0.2285714285714285,44.587834449387785,0.2163189075967305,california | cindy crawford | cnn | kaia gerber | los ángeles | presley gerber | rande gerber | tmz,cindy crawford | kaia gerber | presley gerber | rande gerber,cnn | tmz,california | los ángeles,1,32,0.8373477741075959,2
15325,ABC Color,"Orlando Gill y Meli Ávalos, enamorados en París - Gente - ABC Color",2026-09-20 21:00:00-03:00,14849,ABC Color,¡Fátima Fernández Mercado ya pasó al club de las casadas! - Gente - ABC Color,2026-09-20 21:00:00-03:00,0.773,0,14849,15325,12,12,0,0,0,0,0.0,0.0,0.0,,,,,0,0,0.004405408596392012,3
15111,Ñanduti,Conductor murió en choque frontal en J. Augusto Saldívar: hallaron botellas con olor a cerveza en su vehículo,2026-09-20 21:00:00-03:00,14851,ABC Color,Accidente en J. Augusto Saldívar: conductor de 42 años falleció en un choque frontal - Policiales - ABC Color,2026-09-20 21:00:00-03:00,0.8928,2,14851,15111,7,10,4,2,1,1,0.3076923076923077,20.976615735060957,0.2930520225169944,bomberos de capiatá | j. augusto saldívar | miguel ángel ferreira velázquez | ramón cabrera acosta,miguel ángel ferreira velázquez | ramón cabrera acosta,bomberos de capiatá,j. augusto saldívar,1,33,0.609587901941663,2
15115,Ñanduti,Lunes caluroso con tormentas y máxima de 35 grados: el martes la temperatura bajaría hasta 21 grados,2026-09-20 21:00:00-03:00,14852,ABC Color,Lunes con tormentas en Paraguay: ¿Hasta qué día va a llover y cuándo volverá el fresco? - Clima - ABC Color,2026-09-20 21:00:00-03:00,0.8719,1,14852,15115,13,7,1,0,1,0,0.0526315789473684,5.099095164980699,0.0550325420443878,dirección de meteorología e hidrología,,dirección de meteorología e hidrología,,0,9,0.27174273174212454,3
14856,Última Hora,Alliana asume mando en ausencia de Peña y en plena crisis en HC,2026-09-20 21:00:00-03:00,14896,La Nación,La Nación / Baruja ratifica la potestad de Alliana para la elección de su dupla tras las municipales,2026-09-20 21:00:00-03:00,0.9132,2,14856,14896,20,17,10,8,2,0,0.3703703703703703,42.34471047961526,0.3378085687128192,alliana | cartes | cio cartes | césar sosa | honor colorado | hora | juan carlos baruja | partido colorado | pedro alliana | santiago peña,alliana | cartes | cio cartes | césar sosa | hora | juan carlos baruja | pedro alliana | santiago peña,honor colorado | partido colorado,,1,1,0.6157138140296844,1
14856,Última Hora,Alliana asume mando en ausencia de Peña y en plena crisis en HC,2026-09-20 21:00:00-03:00,15116,ABC Color,"Crisis en Honor Colorado: “Lo que se ve no se pregunta”, dice Beto Ovelar - Nacionales - ABC Color",2026-09-20 21:00:00-03:00,0.9114,2,14856,15116,20,16,7,6,1,0,0.2413793103448276,29.380445961264755,0.2113825403071026,cartes | cio cartes | honor colorado | hora | juan carlos baruja | pedro alliana | santiago peña,cartes | cio cartes | hora | juan carlos baruja | pedro alliana | santiago peña,honor colorado,,1,1,0.5222959794224346,1
14856,Última Hora,Alliana asume mando en ausencia de Peña y en plena crisis en HC,2026-09-20 21:00:00-03:00,15162,ABC Color,Bachi Núñez niega crisis en Honor Colorado: “Es una disparidad de opiniones” - Política - ABC Color,2026-09-20 21:00:00-03:00,0.9096,1,14856,15162,20,24,9,6,2,1,0.2571428571428571,39.15985634030055,0.2257330180682475,alliana | cartes | césar sosa | guairá | honor colorado | horacio cartes | juan carlos baruja | partido colorado | pedro alliana,alliana | cartes | césar sosa | horacio cartes | juan carlos baruja | pedro alliana,honor colorado | partido colorado,guairá,0,1,0.6772636573954295,1
14856,Última Hora,Alliana asume mando en ausencia de Peña y en plena crisis en HC,2026-09-20 21:00:00-03:00,15205,Resumen de Noticias,Alliana asume el gobierno ante fractura interna en HC,2026-09-20 21:00:00-03:00,0.9717,2,14856,15205,20,20,15,10,4,1,0.6,64.81042317644935,0.5452088066465945,alliana | cartes | cio cartes | consejo de gobernadores | césar sosa | delcy rodríguez | ejecutivo | honor colorado | hora | horacio cartes | partido colorado | pedro alliana | peña | santiago peña | venezuela,alliana | cartes | cio cartes | césar sosa | delcy rodríguez | hora | horacio cartes | pedro alliana | peña | santiago peña,consejo de gobernadores | ejecutivo | honor colorado | partido colorado,venezuela,1,1,0.9854847623166816,1
14856,Última Hora,Alliana asume mando en ausencia de Peña y en plena crisis en HC,2026-09-20 21:00:00-03:00,15493,Última Hora,Cartes no se pronuncia y esta semana se podría dar una reunión con Alliana,2026-09-20 21:00:00-03:00,0.9225,2,14856,15493,20,16,11,7,1,2,0.44,44.4867482014703,0.386939904090585,alliana | cartes | delcy rodríguez | ejecutivo | estados unidos | honor colorado | horacio cartes | pedro alliana | peña | santiago peña | venezuela,alliana | cartes | delcy rodríguez | horacio cartes | pedro alliana | peña | santiago peña,ejecutivo,estados unidos | venezuela,1,1,0.8478954606733495,1
14857,Última Hora,"La primavera es recibida con calor, lluvias y un posterior descenso",2026-09-20 21:00:00-03:00,14900,La Nación,La Nación / La primavera arranca con ambiente cálido a caluroso y lluvias,2026-09-20 21:00:00-03:00,0.9253,2,14857,14900,10,5,0,0,0,0,0.0,0.0,0.0,,,,,1,9,0.6831796270552118,3
14857,Última Hora,"La primavera es recibida con calor, lluvias y un posterior descenso",2026-09-20 21:00:00-03:00,14984,Diario Paraguayo Noticias,"La primavera es recibida con calor, lluvias y un posterior descenso | Diario Paraguayo",2026-09-20 21:00:00-03:00,0.9538,2,14857,14984,10,4,2,1,1,0,0.1666666666666666,10.506491689615912,0.1846498954479488,aracely fernández | dirección de meteorología,aracely fernández,dirección de meteorología,,1,9,0.9283751274935541,3
14857,Última Hora,"La primavera es recibida con calor, lluvias y un posterior descenso",2026-09-20 21:00:00-03:00,14998,Diario Paraguayo Noticias,Primavera inicia con clima cálido y lluvias | Diario Paraguayo,2026-09-20 21:00:00-03:00,0.9325,2,14857,14998,10,4,0,0,0,0,0.0,0.0,0.0,,,,,1,9,0.7428825995235097,3
14857,Última Hora,"La primavera es recibida con calor, lluvias y un posterior descenso",2026-09-20 21:00:00-03:00,15058,Amambay Ahora,"La primavera es recibida con calor, lluvias y un posterior descenso",2026-09-20 21:00:00-03:00,0.9289,2,14857,15058,10,3,3,2,1,0,0.3,16.452884714983817,0.3410094228196139,aracely fernández | dirección de meteorología | rodrigo villamayor,aracely fernández | rodrigo villamayor,dirección de meteorología,,1,9,0.8614498306822076,3
14857,Última Hora,"La primavera es recibida con calor, lluvias y un posterior descenso",2026-09-20 21:00:00-03:00,15145,Diario Paraguayo Noticias,"Primavera con calor, lluvia y descenso de temperaturas | Diario Paraguayo",2026-09-20 21:00:00-03:00,0.9618,2,14857,15145,10,4,2,1,1,0,0.1666666666666666,10.506491689615912,0.1846498954479488,aracely fernández | dirección de meteorología,aracely fernández,dirección de meteorología,,1,9,0.9472042980684708,3
15330,ABC Color,PGN 2027: Salud tendrá más recursos pese a limitada ejecución 2026 - Economía - ABC Color,2026-09-20 21:00:00-03:00,14859,Última Hora,"PGN 2027: Advierten de más gasto y deuda, con menor margen fiscal",2026-09-20 21:00:00-03:00,0.8449,0,14859,15330,12,6,0,0,0,0,0.0,0.0,0.0,,,,,0,2,0.06786478641472381,1
14862,Última Hora,El gran negocio de la marihuana se expande en las áreas protegidas,2026-09-20 21:00:00-03:00,15067,Oviedo Press,Operativos en Brasil dejan cuatro paraguayos detenidos y más de 3.400 kilos de marihuana - OviedoPress,2026-09-20 21:00:00-03:00,0.7896,0,14862,15067,8,10,1,0,0,1,0.0588235294117647,4.3369551129338015,0.0423333555405492,brasil,,,brasil,0,24,0.007279099695385446,5
14862,Última Hora,El gran negocio de la marihuana se expande en las áreas protegidas,2026-09-20 21:00:00-03:00,15460,Amambay Ahora,Incineran más de cuatro toneladas de marihuana en Pedro Juan halladas en Capitán Bado,2026-09-20 21:00:00-03:00,0.8023,0,14862,15460,8,13,2,0,2,0,0.1052631578947368,11.892786050735804,0.1044413380294152,secretaría nacional antidrogas | senad,,secretaría nacional antidrogas | senad,,0,24,0.01669168458442969,5
15491,ABC Color,Elecciones Municipales: La importancia de los observadores - Política - ABC Color,2026-09-20 21:00:00-03:00,14863,Última Hora,No hay observadores nacionales para municipales y sugieren ley,2026-09-20 21:00:00-03:00,0.8885,1,14863,15491,10,16,4,0,4,0,0.1818181818181818,21.482987008477565,0.1652546077662224,oea | tribunal superior de justicia electoral | tsje | unión europea,,oea | tribunal superior de justicia electoral | tsje | unión europea,,0,17,0.7484815464343213,4
14866,Última Hora,"El Papa se verá con Milei, visitará una cárcel y oficiará misa multitudinaria en Argentina",2026-09-20 21:00:00-03:00,15161,Digital Misiones,"El Papa se verá con Milei, visitará una cárcel y oficiará misa multitudinaria en Argentina",2026-09-20 21:00:00-03:00,0.9874,2,14866,15161,28,22,19,3,2,14,0.6129032258064516,106.90151928957226,0.5921828704718697,argentina | buenos aires | c | casa rosada | catedral de nuestra señora de la asunción | catedral metropolitana | córdoba | ejércitos de la independencia | episcopado argentino | escuela de aviación militar | laypole | león xiv | luján | milei | monumento al general san martín | monumento de los españoles | palacio de san martín | papa | plaza san martín,león xiv | milei | papa,ejércitos de la independencia | episcopado argentino,argentina | buenos aires | c | casa rosada | catedral de nuestra señora de la asunción | catedral metropolitana | córdoba | escuela de aviación militar | laypole | luján | monumento al general san martín | monumento de los españoles | palacio de san martín | plaza san martín,1,34,0.9999750100484248,1
14866,Última Hora,"El Papa se verá con Milei, visitará una cárcel y oficiará misa multitudinaria en Argentina",2026-09-20 21:00:00-03:00,15163,ABC Color,"El papa León XIV en América del Sur: 11 días, 14 ciudades, 35 discursos y 9 misas - Mundo - ABC Color",2026-09-20 21:00:00-03:00,0.9007,2,14866,15163,28,28,6,2,0,4,0.12,30.56681669280271,0.1038421839212234,argentina | buenos aires | c | francisco | león xiv | perú,francisco | león xiv,,argentina | buenos aires | c | perú,1,34,0.7783955516775436,1
14866,Última Hora,"El Papa se verá con Milei, visitará una cárcel y oficiará misa multitudinaria en Argentina",2026-09-20 21:00:00-03:00,15575,adn,"El Vaticano publicó el itinerario del papa León XIV durante su gira por Uruguay, Argentina y Perú - ADN Digital",2026-09-20 21:00:00-03:00,0.8898,1,14866,15575,28,24,10,2,0,8,0.238095238095238,54.01259072068353,0.2200941706230308,argentina | buenos aires | casa rosada | córdoba | león xiv | luján | palacio libertad | papa | perú | plaza san martín,león xiv | papa,,argentina | buenos aires | casa rosada | córdoba | luján | palacio libertad | perú | plaza san martín,0,34,0.9356276201616212,1
14868,Última Hora,Ataques hutíes contra Arabia Saudí propician “escalada peligrosa”,2026-09-20 21:00:00-03:00,14983,Diario Paraguayo Noticias,Ataques hutíes contra Arabia Saudí propician “escalada peligrosa” | Diario Paraguayo,2026-09-20 21:00:00-03:00,0.9837,2,14868,14983,13,11,10,0,4,8,0.7142857142857143,52.47328731489112,0.7027180409012626,arabia saudí | aramco | irán | liga árabe | mar rojo | oriente medio | ormuz | riad | yanbu | yemen,,aramco | irán | liga árabe | riad,arabia saudí | irán | mar rojo | oriente medio | ormuz | riad | yanbu | yemen,1,20,0.9999899200919444,4
14868,Última Hora,Ataques hutíes contra Arabia Saudí propician “escalada peligrosa”,2026-09-20 21:00:00-03:00,15144,Diario Paraguayo Noticias,Liga Árabe advierte sobre escalada de tensiones | Diario Paraguayo,2026-09-20 21:00:00-03:00,0.9585,2,14868,15144,13,11,10,0,5,6,0.7142857142857143,52.7609693873429,0.7065706560641468,arabia | arabia saudí | aramco | irán | liga árabe | mar rojo | oriente medio | riad | yanbu | yemen,,arabia | aramco | irán | liga árabe | riad,arabia saudí | mar rojo | oriente medio | riad | yanbu | yemen,1,20,0.9999554920964416,4
14868,Última Hora,Ataques hutíes contra Arabia Saudí propician “escalada peligrosa”,2026-09-20 21:00:00-03:00,15278,Red Digital San Pedro,Ataques hutíes contra Arabia Saudí propician “escalada peligrosa” - Red Digital San Pedro,2026-09-20 21:00:00-03:00,0.9891,2,14868,15278,13,10,10,0,4,8,0.7692307692307693,52.47328731489112,0.7680512220613814,arabia saudí | aramco | irán | liga árabe | mar rojo | oriente medio | ormuz | riad | yanbu | yemen,,aramco | irán | liga árabe | riad,arabia saudí | irán | mar rojo | oriente medio | ormuz | riad | yanbu | yemen,1,20,0.9999948984190614,4
14868,Última Hora,Ataques hutíes contra Arabia Saudí propician “escalada peligrosa”,2026-09-20 21:00:00-03:00,15376,Megacadena,El Gobierno yemení frena el avance hutí en Taiz y Marib,2026-09-20 21:00:00-03:00,0.8472,1,14868,15376,13,9,1,0,1,0,0.0476190476190476,3.548497752569532,0.0300627695301894,gobierno,,gobierno,,0,20,0.09948589075015274,4
15111,Ñanduti,Conductor murió en choque frontal en J. Augusto Saldívar: hallaron botellas con olor a cerveza en su vehículo,2026-09-20 21:00:00-03:00,14873,Última Hora,Violento choque frontal deja un fallecido en J. Augusto Saldívar,2026-09-20 21:00:00-03:00,0.8949,2,14873,15111,7,6,3,2,0,1,0.3,15.317904782144833,0.2731457093320866,j. augusto saldívar | miguel ángel ferreira velázquez | ramón cabrera acosta,miguel ángel ferreira velázquez | ramón cabrera acosta,,j. augusto saldívar,1,33,0.5630302096898923,2
14874,Última Hora,Jóvenes denuncian injusticias y reclaman oportunidades reales,2026-09-20 21:00:00-03:00,15041,TN Press,El compromiso de la juventud hará florecer al Paraguay,2026-09-20 21:00:00-03:00,0.8006,0,14874,15041,7,2,0,0,0,0,0.0,0.0,0.0,,,,,0,13,0.010393877978176126,2
15345,La Nación,La Nación / Fiscalía solicitó 12 años de prisión para Rivas,2026-09-20 21:00:00-03:00,14875,Última Hora,Parlamentarios están expectantes ante la sentencia en el caso Rivas,2026-09-20 21:00:00-03:00,0.8926,1,14875,15345,12,14,2,2,0,0,0.0833333333333333,9.389530262279608,0.0729615680660195,hernán rivas | rivas,hernán rivas | rivas,,,0,2,0.3250440684977047,1
15489,ABC Color,Senado culmina audiencias y avanza hacia las ternas para la Defensoría del Pueblo - Política - ABC Color,2026-09-20 21:00:00-03:00,14875,Última Hora,Parlamentarios están expectantes ante la sentencia en el caso Rivas,2026-09-20 21:00:00-03:00,0.787,0,14875,15489,24,14,0,0,0,0,0.0,0.0,0.0,,,,,0,2,0.006290208035337627,1
15147,Diario Paraguayo Noticias,Dinelco amplía opciones de pago para comercios | Diario Paraguayo,2026-09-20 21:00:00-03:00,14883,Última Hora,Dinelco amplía las opciones de pago para comercios con su nueva campaña,2026-09-20 21:00:00-03:00,0.9738,2,14883,15147,7,4,4,0,3,1,0.5714285714285714,17.644411224885747,0.5620055814612551,banco central del paraguay | bepsa del paraguay s.a.e.c.a. | dinelco | paraguay,,banco central del paraguay | bepsa del paraguay s.a.e.c.a. | dinelco,paraguay,1,35,0.9955998223620678,3
14884,Última Hora,"Muere a los 27 años el modelo Presley Gerber, hijo de Cindy Crawford",2026-09-20 21:00:00-03:00,15476,La Nación,La Nación / Presley Gerber y el llamado Club de los 27: cuando la fama no alcanza para ocultar el dolor,2026-09-20 21:00:00-03:00,0.8642,1,14884,15476,16,16,3,2,0,1,0.1034482758620689,15.654377018766043,0.0965265943111495,kaia gerber | los ángeles | presley gerber,kaia gerber | presley gerber,,los ángeles,0,32,0.18338164827716277,2
14884,Última Hora,"Muere a los 27 años el modelo Presley Gerber, hijo de Cindy Crawford",2026-09-20 21:00:00-03:00,15499,La Nación,La Nación / Más allá del Club de los 27: la historia de Presley Gerber,2026-09-20 21:00:00-03:00,0.8637,1,14884,15499,16,15,3,2,0,1,0.1071428571428571,15.654377018766043,0.1007233738227162,cindy crawford | kaia gerber | los ángeles,cindy crawford | kaia gerber,,los ángeles,0,32,0.18109753271693738,2
14884,Última Hora,"Muere a los 27 años el modelo Presley Gerber, hijo de Cindy Crawford",2026-09-20 21:00:00-03:00,15518,Diario Paraguayo Noticias,Más allá del Club de los 27: la historia de Presley Gerber | Diario Paraguayo,2026-09-20 21:00:00-03:00,0.8569,1,14884,15518,16,16,4,3,0,1,0.1428571428571428,21.08994442036796,0.135696895073278,cindy crawford | kaia gerber | los ángeles | presley gerber,cindy crawford | kaia gerber | presley gerber,,los ángeles,0,32,0.13582318452953068,2
14884,Última Hora,"Muere a los 27 años el modelo Presley Gerber, hijo de Cindy Crawford",2026-09-20 21:00:00-03:00,15561,Última Hora,"Lady Gaga recurrió a la gestación subrogada, según todos los indicios",2026-09-20 21:00:00-03:00,0.7148,0,14884,15561,16,12,2,0,1,1,0.0769230769230769,10.624274725272295,0.0715264885030878,los ángeles | tmz,,tmz,los ángeles,0,32,0.00043352345957714853,2
14886,Última Hora,"Latele cumple 18 años de historia, renovando y estrenando casa",2026-09-20 21:00:00-03:00,14885,Última Hora,2007 Oniria celebra su primer galardón,2026-09-20 21:00:00-03:00,0.7608,0,14885,14886,11,11,0,0,0,0,0.0,0.0,0.0,,,,,0,3,0.0012309724997453153,5
14886,Última Hora,"Latele cumple 18 años de historia, renovando y estrenando casa",2026-09-20 21:00:00-03:00,15389,Diario Paraguayo Noticias,Latele cumple 18 años con nueva sede y tecnología | Diario Paraguayo,2026-09-20 21:00:00-03:00,0.9737,2,14886,15389,11,17,9,7,2,0,0.4736842105263157,53.22985515585934,0.4646817285194222,césar trinidad | dani vuyk | latele | lorena azucas | maría liz | mathías benítez | pelusa rubin | rossana barrios | úh,césar trinidad | dani vuyk | lorena azucas | maría liz | mathías benítez | pelusa rubin | rossana barrios,latele | úh,,1,3,0.989386635756156,5
14886,Última Hora,"Latele cumple 18 años de historia, renovando y estrenando casa",2026-09-20 21:00:00-03:00,15402,Extra,¡Sanie y Rubén celebran los 23 años con Vive la Vida!,2026-09-20 21:00:00-03:00,0.7843,0,14886,15402,11,14,0,0,0,0,0.0,0.0,0.0,,,,,0,3,0.00381389947508297,5
14886,Última Hora,"Latele cumple 18 años de historia, renovando y estrenando casa",2026-09-20 21:00:00-03:00,15404,Extra,Kiara Coronel festeja los 2 años de TF Stream: “Somos los únicos con conductores preparados”,2026-09-20 21:00:00-03:00,0.7317,0,14886,15404,11,7,0,0,0,0,0.0,0.0,0.0,,,,,0,3,0.0003027647051937918,5
15538,Ñanduti,Peña viaja con comitiva de 13 personas a EE.UU.: el decreto no revela cuánto costará la numerosa misión oficial,2026-09-20 21:00:00-03:00,14888,La Nación,La Nación / Santiago Peña inicia intensa agenda en Nueva York antes del debate en la ONU,2026-09-20 21:00:00-03:00,0.836,0,14888,15538,27,12,9,2,6,1,0.3,41.11848016628762,0.2532587615288417,bank of america | emerging variant | estado | estados unidos | modirum gespi | onu | peña | santiago peña | scorpio tankers,peña | santiago peña,bank of america | emerging variant | estado | modirum gespi | onu | scorpio tankers,estados unidos,0,0,0.38876335121071587,3
14894,La Nación,La Nación / Un paso más hacia la digitalización: BCP pone en marcha el CDA-d desde este lunes,2026-09-20 21:00:00-03:00,14990,Diario Paraguayo Noticias,Un paso más hacia la digitalización: BCP pone en marcha el CDA-d desde este lunes | Diario Paraguayo,2026-09-20 21:00:00-03:00,0.992,2,14894,14990,4,4,4,0,4,0,1.0,18.24794624675601,1.0,banco central del paraguay | bcp | depo | depositaria de valores,,banco central del paraguay | bcp | depo | depositaria de valores,,1,22,0.999744992937961,5
14894,La Nación,La Nación / Un paso más hacia la digitalización: BCP pone en marcha el CDA-d desde este lunes,2026-09-20 21:00:00-03:00,15150,Diario Paraguayo Noticias,BCP activa sistema CDA-d para certificados digitales | Diario Paraguayo,2026-09-20 21:00:00-03:00,0.9815,2,14894,15150,4,4,4,0,4,0,1.0,18.24794624675601,1.0,banco central del paraguay | bcp | depo | depositaria de valores,,banco central del paraguay | bcp | depo | depositaria de valores,,1,22,0.9995769237356655,5
14894,La Nación,La Nación / Un paso más hacia la digitalización: BCP pone en marcha el CDA-d desde este lunes,2026-09-20 21:00:00-03:00,15335,Última Hora,Adiós al CDA de papel: Paraguay entra en la era del CDA digital,2026-09-20 21:00:00-03:00,0.9643,2,14894,15335,4,5,4,0,4,0,0.8,18.24794624675601,0.886922559843909,banco central del paraguay | bcp | depo | depositaria de valores,,banco central del paraguay | bcp | depo | depositaria de valores,,1,22,0.9981385052961776,5
15374,Ñanduti,Banco Continental integra la emisión y custodia en la nueva era del CDA Digital,2026-09-20 21:00:00-03:00,14894,La Nación,La Nación / Un paso más hacia la digitalización: BCP pone en marcha el CDA-d desde este lunes,2026-09-20 21:00:00-03:00,0.9323,2,14894,15374,5,4,2,0,2,0,0.2857142857142857,8.04975591679461,0.2205860373771528,banco central del paraguay | bcp,,banco central del paraguay | bcp,,1,22,0.9417852388362528,5
14894,La Nación,La Nación / Un paso más hacia la digitalización: BCP pone en marcha el CDA-d desde este lunes,2026-09-20 21:00:00-03:00,15472,Más Encarnación,BCP habilita los Certificados de Depósito de Ahorro 100% digitales,2026-09-20 21:00:00-03:00,0.9799,2,14894,15472,4,5,4,0,4,0,0.8,18.24794624675601,0.7937214168515081,banco central del paraguay | bcp | depo | depositaria de valores,,banco central del paraguay | bcp | depo | depositaria de valores,,1,22,0.9991219438665885,5
14894,La Nación,La Nación / Un paso más hacia la digitalización: BCP pone en marcha el CDA-d desde este lunes,2026-09-20 21:00:00-03:00,15514,Diario Paraguayo Noticias,CDA digitales: Paraguay moderniza inversiones | Diario Paraguayo,2026-09-20 21:00:00-03:00,0.9436,2,14894,15514,4,6,3,0,3,0,0.4285714285714285,14.198673206273986,0.4433565404796054,banco central del paraguay | depo | depositaria de valores,,banco central del paraguay | depo | depositaria de valores,,1,22,0.9808100439469357,5
15112,Ñanduti,Alfaro convocó a 28 jugadores para los amistosos de Paraguay ante Bolivia y Colombia: varias caras nuevas en la lista,2026-09-20 21:00:00-03:00,14897,La Nación,La Nación / Se inicia un nuevo ciclo,2026-09-20 21:00:00-03:00,0.9662,2,14897,15112,42,31,18,7,7,3,0.3272727272727272,88.92013735695134,0.2899311569695785,albirroja | alexis cañete | atlético tucumán | audi field | bolivia | c | colombia | enso gonzález | gustavo alfaro | hugo adrián benítez | hugo quintana | nacional | nueva jersey | paraguay | robert morales | santiago rojas | sports illustrated stadium | wolverhampton,alexis cañete | enso gonzález | gustavo alfaro | hugo adrián benítez | hugo quintana | robert morales | santiago rojas,albirroja | atlético tucumán | bolivia | c | colombia | nacional | wolverhampton,audi field | nueva jersey | sports illustrated stadium,1,36,0.9934111129760362,4
15111,Ñanduti,Conductor murió en choque frontal en J. Augusto Saldívar: hallaron botellas con olor a cerveza en su vehículo,2026-09-20 21:00:00-03:00,14903,NPY,Choque frontal en J. Augusto Saldívar deja un fallecido y a una familia que exige esclarecer el caso,2026-09-20 21:00:00-03:00,0.8778,2,14903,15111,7,8,2,1,0,1,0.1538461538461538,10.064658937336874,0.1358724588976735,j. augusto saldívar | ramón cabrera acosta,ramón cabrera acosta,,j. augusto saldívar,1,33,0.33535027626243746,2
15294,La Nación,"La Nación / Senabico subastará inmuebles, vehículos y maquinaria pesada el 24 de septiembre",2026-09-20 21:00:00-03:00,14904,5Días,Principales Empresas Adjudicadas en Licitaciones Públicas – Semana del 14 al 20 de septiembre de 2026,2026-09-20 21:00:00-03:00,0.7653,0,14904,15294,16,2,0,0,0,0,0.0,0.0,0.0,,,,,0,2,0.002527843474594642,1
15294,La Nación,"La Nación / Senabico subastará inmuebles, vehículos y maquinaria pesada el 24 de septiembre",2026-09-20 21:00:00-03:00,14905,5Días,Municipalidades con Mayor Monto Adjudicado en Paraguay – Semana del 14 al 20 de septiembre de 2026,2026-09-20 21:00:00-03:00,0.7255,0,14905,15294,16,1,0,0,0,0,0.0,0.0,0.0,,,,,0,2,0.00047259162087991564,1
15294,La Nación,"La Nación / Senabico subastará inmuebles, vehículos y maquinaria pesada el 24 de septiembre",2026-09-20 21:00:00-03:00,14906,5Días,Gobernaciones con Adjudicaciones – Semana del 14 al 20 de septiembre de 2026,2026-09-20 21:00:00-03:00,0.7647,0,14906,15294,16,1,0,0,0,0,0.0,0.0,0.0,,,,,0,2,0.002464820428573103,1
15554,Última Hora,Advierten que venta de inmuebles no puede financiar fondo de salud de IPS,2026-09-20 21:00:00-03:00,14907,5Días,Top Convocantes con Mayor Monto Adjudicado – Semana del 14 al 20 de septiembre de 2026,2026-09-20 21:00:00-03:00,0.7416,0,14907,15554,10,3,2,0,2,0,0.1818181818181818,9.253728721120543,0.1474760770565903,instituto de previsión social | ips,,instituto de previsión social | ips,,0,2,0.002847379962550357,1
15113,Ñanduti,"La Unión Europea busca no quedarse atrás en inteligencia artificial, pero apuesta por una regulación robusta",2026-09-20 21:00:00-03:00,14915,5Días,Europa debate cómo competir en IA frente a EE.UU.,2026-09-20 21:00:00-03:00,0.9143,2,14915,15113,19,2,1,0,1,0,0.05,5.435567401601912,0.0468087329239596,europa,,europa,,1,8,0.6983713824066432,4
15538,Ñanduti,Peña viaja con comitiva de 13 personas a EE.UU.: el decreto no revela cuánto costará la numerosa misión oficial,2026-09-20 21:00:00-03:00,14920,El Independiente,Peña tiene ocho encuentros económicos antes del debate de Naciones Unidas,2026-09-20 21:00:00-03:00,0.8224,0,14920,15538,27,12,7,2,4,1,0.21875,32.52972774876032,0.1917812900530855,bank of america | emerging variant | estados unidos | modirum gespi | peña | santiago peña | scorpio tankers,peña | santiago peña,bank of america | emerging variant | modirum gespi | scorpio tankers,estados unidos,0,0,0.14615752124912496,3
15160,Más Encarnación,Transferencia por error: alertan sobre maniobra delictiva,2026-09-20 21:00:00-03:00,14927,Resumen de Noticias,Transferencia por error: alertan sobre maniobra delictiva,2026-09-20 21:00:00-03:00,0.9876,2,14927,15160,4,3,3,2,1,0,0.75,15.893268927048393,0.7701835791861193,luis samaniego correa | policía nacional | samaniego correa,luis samaniego correa | samaniego correa,policía nacional,,1,37,0.9959124797573897,1
15112,Ñanduti,Alfaro convocó a 28 jugadores para los amistosos de Paraguay ante Bolivia y Colombia: varias caras nuevas en la lista,2026-09-20 21:00:00-03:00,14931,Resumen de Noticias,Primera lista de Gustavo Alfaro en la Albirroja tras renovar,2026-09-20 21:00:00-03:00,0.9609,2,14931,15112,42,41,21,15,5,1,0.3387096774193548,113.046431222264,0.3218176889644491,alan benítez | albirroja | alejandro romero gamarra | alexis cañete | atlético tucumán | audi field | bolivia | braian ojeda | colombia | damián bobadilla | enso gonzález | fabián balbuena | gabriel ávalos | gustavo alfaro | gustavo velázquez | hugo adrián benítez | hugo quintana | isidro pitta | nacional | robert morales | santiago rojas,alan benítez | alejandro romero gamarra | alexis cañete | braian ojeda | damián bobadilla | enso gonzález | fabián balbuena | gabriel ávalos | gustavo alfaro | gustavo velázquez | hugo adrián benítez | hugo quintana | isidro pitta | robert morales | santiago rojas,albirroja | atlético tucumán | bolivia | colombia | nacional,audi field,1,36,0.8902035252029677,4
15291,La Nación,La Nación / Rigo Chamorro agasajará a la juventud esteña con un festival estelar y gratuito,2026-09-20 21:00:00-03:00,14932,Resumen de Noticias,Primavera y juventud: una tradición que une a Paraguay,2026-09-20 21:00:00-03:00,0.8283,0,14932,15291,14,5,0,0,0,0,0.0,0.0,0.0,,,,,0,5,0.034980986319567024,2
15111,Ñanduti,Conductor murió en choque frontal en J. Augusto Saldívar: hallaron botellas con olor a cerveza en su vehículo,2026-09-20 21:00:00-03:00,14934,Resumen de Noticias,Choque frontal en J. Augusto Saldívar deja un fallecido,2026-09-20 21:00:00-03:00,0.8973,2,14934,15111,7,11,4,2,1,0,0.2857142857142857,20.976615735060957,0.2637203566767455,bomberos de capiatá | j. augusto saldívar | miguel ángel ferreira velázquez | ramón cabrera acosta,miguel ángel ferreira velázquez | ramón cabrera acosta,bomberos de capiatá,,1,33,0.5921480664621845,2
15119,ABC Color,San Ignacio: trabajadores de salud cierran la ruta PY01 y exigen aumento salarial del 50% - Nacionales - ABC Color,2026-09-20 21:00:00-03:00,14936,adn,Trabajadores de salud piden 50% de aumento y cifran reclamo en USD 103 millones - ADN Digital,2026-09-20 21:00:00-03:00,0.8916,1,14936,15119,13,6,0,0,0,0,0.0,0.0,0.0,,,,,0,10,0.40370373394100656,5
15186,La Nación,La Nación / Campaña “Todos con Iván” busca alcanzar meta de G. 1.000 millones para su rehabilitación,2026-09-20 21:00:00-03:00,14936,adn,Trabajadores de salud piden 50% de aumento y cifran reclamo en USD 103 millones - ADN Digital,2026-09-20 21:00:00-03:00,0.7543,0,14936,15186,9,6,0,0,0,0,0.0,0.0,0.0,,,,,0,10,0.0008999932280612312,5
15188,La Nación,La Nación / Funcionarios de municipio fernandino denuncian cuatro meses de atraso salarial,2026-09-20 21:00:00-03:00,14936,adn,Trabajadores de salud piden 50% de aumento y cifran reclamo en USD 103 millones - ADN Digital,2026-09-20 21:00:00-03:00,0.8069,0,14936,15188,9,6,0,0,0,0,0.0,0.0,0.0,,,,,0,10,0.011259128503388907,5
15294,La Nación,"La Nación / Senabico subastará inmuebles, vehículos y maquinaria pesada el 24 de septiembre",2026-09-20 21:00:00-03:00,14939,adn,Subasta pública de bienes incautados se realizará el próximo jueves - ADN Digital,2026-09-20 21:00:00-03:00,0.974,2,14939,15294,16,15,10,0,2,8,0.4761904761904761,57.62005478331195,0.4745282151914586,avenida madame lynch | calle punta brava | centro militar naval aeronáutico | lu | mariano roque alonso | pedro juan caballero | que | san pedro del paraná | secretaría nacional de administración de bienes incautados y comisados | senabico,,secretaría nacional de administración de bienes incautados y comisados | senabico,avenida madame lynch | calle punta brava | centro militar naval aeronáutico | lu | mariano roque alonso | pedro juan caballero | que | san pedro del paraná,1,2,0.999619213631452,1
15489,ABC Color,Senado culmina audiencias y avanza hacia las ternas para la Defensoría del Pueblo - Política - ABC Color,2026-09-20 21:00:00-03:00,14941,adn,Juicio a Hernán Rivas se reanuda hoy con los alegatos finales de la Fiscalía - ADN Digital,2026-09-20 21:00:00-03:00,0.8049,0,14941,15489,24,19,2,0,2,0,0.048780487804878,9.294220082475285,0.0410786838189061,jem | jurado de enjuiciamiento de magistrados,,jem | jurado de enjuiciamiento de magistrados,,0,2,0.027341573377098694,1
15538,Ñanduti,Peña viaja con comitiva de 13 personas a EE.UU.: el decreto no revela cuánto costará la numerosa misión oficial,2026-09-20 21:00:00-03:00,14942,adn,Peña cumple agenda empresarial en Nueva York antes de la Asamblea de la ONU - ADN Digital,2026-09-20 21:00:00-03:00,0.8443,0,14942,15538,27,13,6,2,3,1,0.1764705882352941,26.8710167958442,0.1478665692444524,bank of america | emerging variant | estados unidos | peña | santiago peña | scorpio tankers,peña | santiago peña,bank of america | emerging variant | scorpio tankers,estados unidos,0,0,0.22097293565364393,3
14999,Diario Paraguayo Noticias,EE. UU. y China establecen diálogo sobre IA | Diario Paraguayo,2026-09-20 21:00:00-03:00,14952,La Tribuna,China busca con EE.UU. salvar la tregua antes de la cumbre Xi-Trump en Washington,2026-09-20 21:00:00-03:00,0.9092,0,14952,14999,16,21,12,6,5,1,0.48,60.76206982917294,0.4519322239625404,bessent | casa blanca | china | donald trump | estados unidos | he lifeng | jamieson greer | nueva york | pekín | scott bessent | washington | xi jinping,bessent | donald trump | he lifeng | jamieson greer | scott bessent | xi jinping,casa blanca | china | estados unidos | pekín | washington,nueva york,0,8,0.9611533410562265,4
15465,ABC Color,Líderes de 22 países e instituciones reclaman supervisión humana para la IA - Tecnología - ABC Color,2026-09-20 21:00:00-03:00,14955,Megacadena,Líderes mundiales se reúnen en Nueva York para la asamblea de la ONU con las guerras e inteligencia artificial en la agenda,2026-09-20 21:00:00-03:00,0.8339,1,14955,15465,29,26,2,0,2,0,0.0377358490566037,8.64759291755023,0.0278021458754694,gobierno | onu,,gobierno | onu,,0,8,0.059535182781015654,4
15114,Ñanduti,"Rusia Unida obtiene su mejor resultado histórico y revalida la mayoría constitucional en la Duma, según datos oficiales",2026-09-20 21:00:00-03:00,14956,Megacadena,Putin amplía su control del Parlamento ruso tras una elección cuestionada internacionalmente,2026-09-20 21:00:00-03:00,0.918,2,14956,15114,15,14,6,0,4,1,0.2608695652173913,32.27341835369046,0.2482605590740778,kremlin | nueva gente | parlamento | partido comunista | rusia unida | ucrania,,kremlin | parlamento | partido comunista | rusia unida,ucrania,1,12,0.963907397507465,4
15112,Ñanduti,Alfaro convocó a 28 jugadores para los amistosos de Paraguay ante Bolivia y Colombia: varias caras nuevas en la lista,2026-09-20 21:00:00-03:00,14962,Megacadena,Alfaro abre su segundo ciclo en la Albirroja con 28 convocados,2026-09-19 21:00:00-03:00,0.9605,2,14962,15112,42,33,16,8,4,4,0.2711864406779661,78.0545046309015,0.2336060872181404,alan benítez | albirroja | alexis cañete | alfaro | audi field | bolivia | colombia | estados unidos | gustavo alfaro | math | nueva jersey | paraguay | robert morales | santiago rojas | sports illustrated stadium | ías villasanti,alan benítez | alexis cañete | alfaro | gustavo alfaro | math | robert morales | santiago rojas | ías villasanti,albirroja | bolivia | colombia | paraguay,audi field | estados unidos | nueva jersey | sports illustrated stadium,1,36,0.9806645286669128,4
15096,Más Encarnación,Conductor en presunto estado de ebriedad es aprehendido por escándalo y resistencia en barrio San Roque,2026-09-20 21:00:00-03:00,14963,Megacadena,Sin licencia y alcoholizado: Chofer con antecedentes queda preso tras chocar 4 veces en Luque,2026-09-20 21:00:00-03:00,0.8131,0,14963,15096,14,14,1,0,1,0,0.037037037037037,4.480055956574475,0.0275404547753858,policía,,policía,,0,38,0.019519731798163742,5
15345,La Nación,La Nación / Fiscalía solicitó 12 años de prisión para Rivas,2026-09-20 21:00:00-03:00,14965,Megacadena,Fiscalía inicia alegatos finales y asegura que acusación contra Hernán Rivas quedó acreditada,2026-09-20 21:00:00-03:00,0.9031,1,14965,15345,12,13,5,2,3,0,0.25,23.60882275575633,0.2354871533450725,corte | fiscalía | herná | jem | n rivas,herná | n rivas,corte | fiscalía | jem,,0,2,0.7474927309536411,1
15187,La Nación,"La Nación / En violento asalto domiciliario, gavilla roba más de G. 20 millones en Minga Guazú",2026-09-20 21:00:00-03:00,14967,Megacadena,Asalto tipo comando en Minga Guazú: golpearon a un hombre y se llevaron millonario botín,2026-09-20 21:00:00-03:00,0.9496,2,14967,15187,12,11,4,1,1,2,0.2105263157894736,18.625240477897474,0.1865929113566135,alberto fernández | hospital distrital | minga guazú | policía nacional,alberto fernández,policía nacional,hospital distrital | minga guazú,1,29,0.9584423414892091,2
15235,Crónica,Se hicieron pasar por polis y pelaron una vivienda,2026-09-20 21:00:00-03:00,14967,Megacadena,Asalto tipo comando en Minga Guazú: golpearon a un hombre y se llevaron millonario botín,2026-09-20 21:00:00-03:00,0.9255,2,14967,15235,6,11,4,0,2,1,0.3076923076923077,18.13973266211577,0.2689003612470898,hospital distrital | minga guazú | policía | policía nacional,,policía | policía nacional,minga guazú,1,29,0.9160675022722843,2
15183,La Nación,La Nación / Peña anuncia nuevas oportunidades de formación y experiencia laboral para jóvenes,2026-09-20 21:00:00-03:00,14968,Megacadena,Ministra admite el primer empleo sigue siendo un desafío y apuntan a más oportunidades para jóvenes,2026-09-20 21:00:00-03:00,0.8812,0,14968,15183,17,11,2,0,1,1,0.0769230769230769,5.875004195310448,0.0441660491731614,gobierno | paraguay,,gobierno,paraguay,0,39,0.4251405743415056,2
15007,Extra,¡Descontrol! Aspirantes a policía salieron de farra y volvieron apintonadas,2026-09-20 21:00:00-03:00,14974,Popular,Popular / Poli de la Caminera ligó sapatu plantilla râicha,2026-09-20 21:00:00-03:00,0.7842,0,14974,15007,15,7,0,0,0,0,0.0,0.0,0.0,,,,,0,40,0.00390249548905262,4
15498,La Nación,La Nación / ¡No es visita! Paraguaya presume que su novio llega a su casa y hace de todo,2026-09-20 21:00:00-03:00,14977,Popular,Popular / Oiko ñemenda guasu de 95 parejas,2026-09-20 21:00:00-03:00,0.7335,0,14977,15498,7,9,0,0,0,0,0.0,0.0,0.0,,,,,0,0,0.0008880034344874757,3
15510,Popular,Popular / (VIDEO) ¡Venden guiso a lo paraguayoité en salones chuchis de yanquilandia!,2026-09-20 21:00:00-03:00,14977,Popular,Popular / Oiko ñemenda guasu de 95 parejas,2026-09-20 21:00:00-03:00,0.8947,0,14977,15510,3,9,0,0,0,0,0.0,0.0,0.0,,,,,0,0,0.3834211448427504,3
15115,Ñanduti,Lunes caluroso con tormentas y máxima de 35 grados: el martes la temperatura bajaría hasta 21 grados,2026-09-20 21:00:00-03:00,14984,Diario Paraguayo Noticias,"La primavera es recibida con calor, lluvias y un posterior descenso | Diario Paraguayo",2026-09-20 21:00:00-03:00,0.8729,1,14984,15115,13,4,0,0,0,0,0.0,0.0,0.0,,,,,0,9,0.20408973727649302,3
15498,La Nación,La Nación / ¡No es visita! Paraguaya presume que su novio llega a su casa y hace de todo,2026-09-20 21:00:00-03:00,14985,Diario Paraguayo Noticias,"Lo que tenés que saber: Iglesia critica omisión, venezolanos contra Peña y visitas sorpresas de Fretes | Diario Paraguayo",2026-09-20 21:00:00-03:00,0.7372,0,14985,15498,7,13,0,0,0,0,0.0,0.0,0.0,,,,,0,0,0.001031930271751454,3
15147,Diario Paraguayo Noticias,Dinelco amplía opciones de pago para comercios | Diario Paraguayo,2026-09-20 21:00:00-03:00,14986,Diario Paraguayo Noticias,Dinelco amplía las opciones de pago para comercios con su nueva campaña | Diario Paraguayo,2026-09-20 21:00:00-03:00,0.9937,2,14986,15147,7,6,6,0,5,1,0.8571428571428571,26.296342544034577,0.8375848359802774,banco central del paraguay | bepsa del paraguay s.a.e.c.a. | diario ultimahora | dinelco | grupo diario paraguayo | paraguay,,banco central del paraguay | bepsa del paraguay s.a.e.c.a. | diario ultimahora | dinelco | grupo diario paraguayo,paraguay,1,35,0.9994999077453738,3
15111,Ñanduti,Conductor murió en choque frontal en J. Augusto Saldívar: hallaron botellas con olor a cerveza en su vehículo,2026-09-20 21:00:00-03:00,14987,Diario Paraguayo Noticias,Violento choque frontal deja un fallecido en J. Augusto Saldívar | Diario Paraguayo,2026-09-20 21:00:00-03:00,0.8841,2,14987,15111,7,8,3,2,0,1,0.25,15.317904782144833,0.2366374186517265,j. augusto saldívar | miguel ángel ferreira velázquez | ramón cabrera acosta,miguel ángel ferreira velázquez | ramón cabrera acosta,,j. augusto saldívar,1,33,0.4195331685995631,2
15550,Última Hora,"Titular del BCP, Baruja y Marco Riquelme integran la comitiva de Peña en EEUU",2026-09-20 21:00:00-03:00,14988,Diario Paraguayo Noticias,Baruja ratifica la potestad de Alliana para la elección de su dupla tras las municipales | Diario Paraguayo,2026-09-20 21:00:00-03:00,0.8887,0,14988,15550,26,17,9,8,0,0,0.2647058823529412,38.02065877151736,0.2326300349536851,alliana | baruja | cartes | césar sosa | honor colorado | juan carlos baruja | pedro alliana | raúl latorre | santiago peña,alliana | baruja | cartes | césar sosa | juan carlos baruja | pedro alliana | raúl latorre | santiago peña,,,0,1,0.18819416015935228,1
15374,Ñanduti,Banco Continental integra la emisión y custodia en la nueva era del CDA Digital,2026-09-20 21:00:00-03:00,14990,Diario Paraguayo Noticias,Un paso más hacia la digitalización: BCP pone en marcha el CDA-d desde este lunes | Diario Paraguayo,2026-09-20 21:00:00-03:00,0.9393,2,14990,15374,5,4,2,0,2,0,0.2857142857142857,8.04975591679461,0.2205860373771528,banco central del paraguay | bcp,,banco central del paraguay | bcp,,1,22,0.9577611445131724,5
15112,Ñanduti,Alfaro convocó a 28 jugadores para los amistosos de Paraguay ante Bolivia y Colombia: varias caras nuevas en la lista,2026-09-20 21:00:00-03:00,14994,Diario Paraguayo Noticias,Convocatoria de Paraguay para amistosos ante Bolivia y Colombia | Diario Paraguayo,2026-09-20 21:00:00-03:00,0.9679,2,14994,15112,42,34,20,6,9,5,0.3571428571428571,99.23738704692872,0.3227884508655316,albirroja | atlético tucumán | audi field | bolivia | c | colombia | enso gonzález | erro porteño | estados unidos | gustavo alfaro | hugo adrián benítez | hugo quintana | nacional | nueva jersey | paraguay | robert morales | santiago rojas | sports illustrated stadium | washington d.c. | wolverhampton,enso gonzález | gustavo alfaro | hugo adrián benítez | hugo quintana | robert morales | santiago rojas,albirroja | atlético tucumán | bolivia | c | colombia | erro porteño | nacional | paraguay | wolverhampton,audi field | estados unidos | nueva jersey | sports illustrated stadium | washington d.c.,1,36,0.9981692677512594,4
15113,Ñanduti,"La Unión Europea busca no quedarse atrás en inteligencia artificial, pero apuesta por una regulación robusta",2026-09-20 21:00:00-03:00,14999,Diario Paraguayo Noticias,EE. UU. y China establecen diálogo sobre IA | Diario Paraguayo,2026-09-20 21:00:00-03:00,0.793,0,14999,15113,19,16,1,0,1,0,0.0294117647058823,3.677709484049538,0.0190446186736024,estados unidos,,estados unidos,,0,8,0.008241925195203257,4
14999,Diario Paraguayo Noticias,EE. UU. y China establecen diálogo sobre IA | Diario Paraguayo,2026-09-20 21:00:00-03:00,15337,Última Hora,"Xi Jinping hará una visita de Estado a EEUU del 23 al 25 de septiembre, confirma China",2026-09-20 21:00:00-03:00,0.8739,0,14999,15337,16,23,10,4,3,2,0.3448275862068966,49.56243095899708,0.3204525007460642,bessent | casa blanca | china | estados unidos | he lifeng | nueva york | pekín | scott bessent | washington | xi jinping,bessent | he lifeng | scott bessent | xi jinping,china | estados unidos | washington,casa blanca | nueva york,0,8,0.7407236446367941,4
15007,Extra,¡Descontrol! Aspirantes a policía salieron de farra y volvieron apintonadas,2026-09-20 21:00:00-03:00,15063,Oviedo Press,Ocho hinchas de Olimpia dieron positivo al alcotest durante operativo en el Defensores - OviedoPress,2026-09-20 21:00:00-03:00,0.8011,0,15007,15063,15,10,1,0,0,1,0.0416666666666666,3.1131796813116863,0.0215210661144991,asunción,,,asunción,0,40,0.014580188017155325,4
15429,Ñanduti,Imputan a las máximas autoridades de APA por presunta lesión de confianza por cerca de G 2.000 millones,2026-09-20 21:00:00-03:00,15018,El Observador,Estas son las pruebas por las cuales un Tribunal condenó a Hugo Javier y Robles - El Observador,2026-09-19 21:00:00-03:00,0.8021,0,15018,15429,14,13,0,0,0,0,0.0,0.0,0.0,,,,,0,0,0.014231177803424078,3
15280,Ñanduti,Mades hace vista gorda a transformadores de la ANDE en evidente estado de contaminación en San Lorenzo,2026-09-20 21:00:00-03:00,15024,Ahora CDE,HAMBRE CERO: Padres EXIGEN a gobernador LANDY TORRES garantías sobre la CALIDAD del almuerzo escolar,2026-09-20 21:00:00-03:00,0.727,0,15024,15280,9,8,0,0,0,0,0.0,0.0,0.0,,,,,0,41,0.00024136973896329871,5
15096,Más Encarnación,Conductor en presunto estado de ebriedad es aprehendido por escándalo y resistencia en barrio San Roque,2026-09-20 21:00:00-03:00,15025,Ahora CDE,Detienen a conductor tras embestir una patrullera durante operativo por polución sonora,2026-09-20 21:00:00-03:00,0.8842,0,15025,15096,14,7,1,0,1,0,0.05,4.480055956574475,0.038704845840929,policía,,policía,,0,38,0.39054694258223943,5
15187,La Nación,"La Nación / En violento asalto domiciliario, gavilla roba más de G. 20 millones en Minga Guazú",2026-09-20 21:00:00-03:00,15027,Ahora CDE,Encapuchados armados asaltan una vivienda y exigen dinero vinculado al accidente aéreo de Prosegur,2026-09-20 21:00:00-03:00,0.9489,2,15027,15187,12,15,3,1,1,1,0.125,13.526145312916777,0.1034173410247032,alberto fernández | minga guazú | policía nacional,alberto fernández,policía nacional,minga guazú,1,29,0.9377299801764825,2
15235,Crónica,Se hicieron pasar por polis y pelaron una vivienda,2026-09-20 21:00:00-03:00,15027,Ahora CDE,Encapuchados armados asaltan una vivienda y exigen dinero vinculado al accidente aéreo de Prosegur,2026-09-20 21:00:00-03:00,0.9195,2,15027,15235,6,15,3,0,2,1,0.1666666666666666,13.040637497135076,0.1324820057507146,minga guazú | policía | policía nacional,,policía | policía nacional,minga guazú,1,29,0.8645133961780578,2
15096,Más Encarnación,Conductor en presunto estado de ebriedad es aprehendido por escándalo y resistencia en barrio San Roque,2026-09-20 21:00:00-03:00,15038,TN Press,Persecución policial termina con un chofer borracho detenido en el centro de Minga G.,2026-09-20 21:00:00-03:00,0.8345,0,15038,15096,14,12,0,0,0,0,0.0,0.0,0.0,,,,,0,38,0.04132567819200795,5
15115,Ñanduti,Lunes caluroso con tormentas y máxima de 35 grados: el martes la temperatura bajaría hasta 21 grados,2026-09-20 21:00:00-03:00,15058,Amambay Ahora,"La primavera es recibida con calor, lluvias y un posterior descenso",2026-09-20 21:00:00-03:00,0.8779,1,15058,15115,13,3,0,0,0,0,0.0,0.0,0.0,,,,,0,9,0.2390773713666907,3
15112,Ñanduti,Alfaro convocó a 28 jugadores para los amistosos de Paraguay ante Bolivia y Colombia: varias caras nuevas en la lista,2026-09-20 21:00:00-03:00,15061,Oviedo Press,Alfaro da a conocer la lista de 28 convocados para el nuevo ciclo de la Albirroja - OviedoPress,2026-09-20 21:00:00-03:00,0.9743,2,15061,15112,42,28,21,11,6,4,0.4285714285714285,108.63376761812822,0.3998169521050175,alan benítez | albirroja | alexis cañete | alfaro | atlético tucumán | audi field | bolivia | cléver ferreira | colombia | enso gonzález | estados unidos | gustavo alfaro | hugo quintana | independiente del valle | math | nacional | nueva jersey | robert morales | santiago rojas | sports illustrated stadium | ías villasanti,alan benítez | alexis cañete | alfaro | cléver ferreira | enso gonzález | gustavo alfaro | hugo quintana | math | robert morales | santiago rojas | ías villasanti,albirroja | atlético tucumán | bolivia | colombia | independiente del valle | nacional,audi field | estados unidos | nueva jersey | sports illustrated stadium,1,36,0.9948870758195458,4
15175,Última Hora,Orquesta de Cateura participa en dos actividades con proyectos independientes,2026-09-20 21:00:00-03:00,15070,Caazapa Ahora,Pilar reunió a jóvenes artistas en la XXXII edición del Festival del País,2026-09-20 21:00:00-03:00,0.7232,0,15070,15175,12,24,1,0,0,1,0.0285714285714285,4.3369551129338015,0.0212286067882484,central,,,central,0,5,0.00043885333185340127,2
15177,Última Hora,Ñande Impro reúne en Asunción a figuras internacionales del teatro sin guion,2026-09-20 21:00:00-03:00,15070,Caazapa Ahora,Pilar reunió a jóvenes artistas en la XXXII edición del Festival del País,2026-09-20 21:00:00-03:00,0.775,0,15070,15177,25,24,1,0,0,1,0.0208333333333333,2.326506442740917,0.0082834926100272,paraguay,,,paraguay,0,5,0.004367725855281502,2
15330,ABC Color,PGN 2027: Salud tendrá más recursos pese a limitada ejecución 2026 - Economía - ABC Color,2026-09-20 21:00:00-03:00,15071,QAP Chaco News,PGN 2027: más gasto bajo presión fiscal - QAP CHACO NEWS,2026-09-20 21:00:00-03:00,0.8707,0,15071,15330,12,5,0,0,0,0,0.0,0.0,0.0,,,,,0,2,0.17776015095281406,1
15355,Itapúa en Noticias,"AGUAS DANZANTES, BUS TURÍSTICO Y LA RECUPERACIÓN DE LA ZONA BAJA: LAS PROPUESTAS DE NOVOSAD",2026-09-20 21:00:00-03:00,15080,Itapúa en Noticias,"EMPLEO, INDUSTRIAS Y ADULTOS MAYORES MARCAN LA VISIÓN DE FUTURO PARA CAMBYRETÁ",2026-09-20 21:00:00-03:00,0.8247,0,15080,15355,8,5,1,0,0,1,0.0833333333333333,4.560098664248011,0.0638794394093443,república del paraguay,,,república del paraguay,0,0,0.0536798682278124,3
15187,La Nación,"La Nación / En violento asalto domiciliario, gavilla roba más de G. 20 millones en Minga Guazú",2026-09-20 21:00:00-03:00,15081,Itapúa en Noticias,MINGA GUAZÚ: FALSOS POLICÍAS SE LLEVAN G. 15 MILLONES Y R$ 5.000 TRAS VIOLENTO ASALTO,2026-09-20 21:00:00-03:00,0.9401,2,15081,15187,12,9,5,1,2,2,0.3125,22.897657069693704,0.2783263404720246,alberto fernández | fiscalía | fracción el trébol | minga guazú | policía nacional,alberto fernández,fiscalía | policía nacional,fracción el trébol | minga guazú,1,29,0.9600320203993115,2
15235,Crónica,Se hicieron pasar por polis y pelaron una vivienda,2026-09-20 21:00:00-03:00,15081,Itapúa en Noticias,MINGA GUAZÚ: FALSOS POLICÍAS SE LLEVAN G. 15 MILLONES Y R$ 5.000 TRAS VIOLENTO ASALTO,2026-09-20 21:00:00-03:00,0.9098,2,15081,15235,6,9,2,0,1,1,0.1538461538461538,8.5605815405606,0.134258170609929,minga guazú | policía nacional,,policía nacional,minga guazú,1,29,0.7546787214350494,2
15099,Más Encarnación,Mujer es aprehendida tras dañar a pedradas una bodega en Encarnación,2026-09-20 21:00:00-03:00,15083,Itapúa en Noticias,APREHENDEN A MUJER TRAS PRESUNTAMENTE CAUSAR DAÑOS EN UNA BODEGA DE ENCARNACIÓN,2026-09-20 21:00:00-03:00,0.9294,2,15083,15099,11,9,5,2,1,2,0.3333333333333333,26.59165162447441,0.326729960513747,avenida ucrania | bodega kaña rape | mariola belén vargas valdez | ministerio público | vargas valdez,mariola belén vargas valdez | vargas valdez,ministerio público,avenida ucrania | bodega kaña rape,1,21,0.9139838206285541,2
15088,Más Encarnación,Alertan sobre infartos a edades cada vez más tempranas,2026-09-20 21:00:00-03:00,15255,Amambay News,Alertan sobre infartos a edades cada vez más tempranas - Amambay News,2026-09-20 21:00:00-03:00,0.9737,2,15088,15255,3,2,1,1,0,0,0.25,5.658710952916121,0.2449144478182797,gonzález,gonzález,,,1,42,0.9722259498867724,2
15099,Más Encarnación,Mujer es aprehendida tras dañar a pedradas una bodega en Encarnación,2026-09-20 21:00:00-03:00,15093,Más Encarnación,Hombre con dos órdenes de captura por hurto agravado es detenido tras agredir a su pareja en Tomás Romero Pereira,2026-09-20 21:00:00-03:00,0.7904,0,15093,15099,11,12,1,0,1,0,0.0454545454545454,4.742420221041966,0.0378048407487387,edicion prensa,,edicion prensa,,0,21,0.00943054634986471,2
15096,Más Encarnación,Conductor en presunto estado de ebriedad es aprehendido por escándalo y resistencia en barrio San Roque,2026-09-20 21:00:00-03:00,15237,Crónica,Tatácho al volante ojapo sarambi en Luque,2026-09-20 21:00:00-03:00,0.8374,0,15096,15237,14,7,0,0,0,0,0.0,0.0,0.0,,,,,0,38,0.0472366535307469,5
15099,Más Encarnación,Mujer es aprehendida tras dañar a pedradas una bodega en Encarnación,2026-09-20 21:00:00-03:00,15193,NPY,Mujer fue brutalmente golpeada y su actual pareja es el principal sospechoso,2026-09-20 21:00:00-03:00,0.7867,0,15099,15193,11,8,1,0,1,0,0.0555555555555555,3.3814436679063653,0.034371555924472,ministerio público,,ministerio público,,0,21,0.008158025590130905,2
15099,Más Encarnación,Mujer es aprehendida tras dañar a pedradas una bodega en Encarnación,2026-09-20 21:00:00-03:00,15227,Extra,Joven armó un sarambi y atacó a piedrazos el negocio de su novio de 56 años,2026-09-20 21:00:00-03:00,0.9159,2,15099,15227,11,10,3,0,1,2,0.1666666666666666,17.263814931200145,0.1715656208807522,avenida ucrania | bodega kaña rape | comisaría 107.a,,comisaría 107.a,avenida ucrania | bodega kaña rape,1,21,0.8393030709197197,2
15291,La Nación,La Nación / Rigo Chamorro agasajará a la juventud esteña con un festival estelar y gratuito,2026-09-20 21:00:00-03:00,15102,Más Encarnación,"Color, Baile y Alegría marcaron la celebración de la Juventud y la Primavera en Encarnación",2026-09-20 21:00:00-03:00,0.8393,0,15102,15291,14,6,0,0,0,0,0.0,0.0,0.0,,,,,0,5,0.05596577962065607,2
15115,Ñanduti,Lunes caluroso con tormentas y máxima de 35 grados: el martes la temperatura bajaría hasta 21 grados,2026-09-20 21:00:00-03:00,15105,Red Digital San Pedro,"La primavera es recibida con calor, lluvias y un posterior descenso - Red Digital San Pedro",2026-09-20 21:00:00-03:00,0.8768,1,15105,15115,13,3,0,0,0,0,0.0,0.0,0.0,,,,,0,9,0.2310406322395646,3
15560,Última Hora,"Biblioteca Nacional: 139 años de memoria, libros y patrimonio",2026-09-20 21:00:00-03:00,15106,The Asuncion Times,Historic Adoption Records Open Path To Finding Family Origins In Paraguay,2026-09-20 21:00:00-03:00,0.6959,0,15106,15560,9,19,1,0,0,1,0.037037037037037,2.326506442740917,0.014235909218001,paraguay,,,paraguay,0,5,0.00013159503050673278,2
15177,Última Hora,Ñande Impro reúne en Asunción a figuras internacionales del teatro sin guion,2026-09-20 21:00:00-03:00,15109,The Asuncion Times,"Jorge Báez And ""Barrunto"" Take Top Honours At Premios Edda 2026 Theatre Awards",2026-09-20 21:00:00-03:00,0.7795,0,15109,15177,25,15,2,0,0,2,0.0526315789473684,5.439686124052603,0.0235971452238714,asunción | paraguay,,,asunción | paraguay,0,5,0.007137479028592553,2
15110,Ñanduti,"«Paraguay está en su mejor momento demográfico», afirma el director del INE en el Día de la Juventud y la Primavera",2026-09-20 21:00:00-03:00,15213,adn,"Demográficamente, nuestro país pasa por su mejor momento, porque la mayoría de la población es joven - ADN Digital",2026-09-20 21:00:00-03:00,0.9851,2,15110,15213,7,6,6,2,2,2,0.8571428571428571,26.6639465585055,0.8176531400394085,américa latina | ine | instituto nacional de estadística | iván ojeda | ojeda | paraguay,iván ojeda | ojeda,ine | instituto nacional de estadística,américa latina | paraguay,1,43,0.9999734300587929,4
15288,Última Hora,Día de la Juventud: ¿Cuándo Paraguay dejará de tener una mayoría de población joven?,2026-09-20 21:00:00-03:00,15110,Ñanduti,"«Paraguay está en su mejor momento demográfico», afirma el director del INE en el Día de la Juventud y la Primavera",2026-09-20 21:00:00-03:00,0.9509,2,15110,15288,5,7,5,2,2,1,0.7142857142857143,21.5648513935248,0.6612887712518376,ine | instituto nacional de estadística | iván ojeda | ojeda | paraguay,iván ojeda | ojeda,ine | instituto nacional de estadística,paraguay,1,43,0.9995103297001892,4
15110,Ñanduti,"«Paraguay está en su mejor momento demográfico», afirma el director del INE en el Día de la Juventud y la Primavera",2026-09-20 21:00:00-03:00,15445,Megacadena,"Paraguay atraviesa su mejor momento demográfico, según el INE",2026-09-20 21:00:00-03:00,0.9359,2,15110,15445,7,5,5,2,2,1,0.7142857142857143,21.5648513935248,0.6612887712518376,ine | instituto nacional de estadística | iván ojeda | ojeda | paraguay,iván ojeda | ojeda,ine | instituto nacional de estadística,paraguay,1,43,0.9990378577386599,4
15110,Ñanduti,"«Paraguay está en su mejor momento demográfico», afirma el director del INE en el Día de la Juventud y la Primavera",2026-09-20 21:00:00-03:00,15513,Diario Paraguayo Noticias,Bono demográfico de Paraguay: oportunidades hasta 2050 | Diario Paraguayo,2026-09-20 21:00:00-03:00,0.9371,2,15110,15513,7,5,5,2,2,1,0.7142857142857143,21.5648513935248,0.6612887712518376,ine | instituto nacional de estadística | iván ojeda | ojeda | paraguay,iván ojeda | ojeda,ine | instituto nacional de estadística,paraguay,1,43,0.9990884552031906,4
15110,Ñanduti,"«Paraguay está en su mejor momento demográfico», afirma el director del INE en el Día de la Juventud y la Primavera",2026-09-20 21:00:00-03:00,15545,ABC Color,"Paraguay atraviesa su mejor momento demográfico, según el INE - Nacionales - ABC Color",2026-09-20 21:00:00-03:00,0.9283,2,15110,15545,7,9,5,2,2,1,0.4545454545454545,21.5648513935248,0.4122195906035292,ine | instituto nacional de estadística | iván ojeda | ojeda | paraguay,iván ojeda | ojeda,ine | instituto nacional de estadística,paraguay,1,43,0.9893756507688788,4
15113,Ñanduti,"La Unión Europea busca no quedarse atrás en inteligencia artificial, pero apuesta por una regulación robusta",2026-09-20 21:00:00-03:00,15357,5Días,La IA acelera más rápido que la economía que debe sostenerla,2026-09-20 21:00:00-03:00,0.7972,0,15113,15357,19,0,0,0,0,0,0.0,0.0,0.0,,,,,0,8,0.0069887069727810995,4
15465,ABC Color,Líderes de 22 países e instituciones reclaman supervisión humana para la IA - Tecnología - ABC Color,2026-09-20 21:00:00-03:00,15113,Ñanduti,"La Unión Europea busca no quedarse atrás en inteligencia artificial, pero apuesta por una regulación robusta",2026-09-20 21:00:00-03:00,0.8587,0,15113,15465,29,19,2,0,2,0,0.0434782608695652,8.64759291755023,0.0309346369820696,estados | gobierno,,estados | gobierno,,0,8,0.16846126805489503,4
15113,Ñanduti,"La Unión Europea busca no quedarse atrás en inteligencia artificial, pero apuesta por una regulación robusta",2026-09-20 21:00:00-03:00,15568,5Días,"El dilema de la IA ya no es cómo frenarla, sino quién la controla",2026-09-20 21:00:00-03:00,0.7929,0,15113,15568,19,0,0,0,0,0,0.0,0.0,0.0,,,,,0,8,0.005764788803872214,4
15114,Ñanduti,"Rusia Unida obtiene su mejor resultado histórico y revalida la mayoría constitucional en la Duma, según datos oficiales",2026-09-20 21:00:00-03:00,15440,adn,El partido de Putin logra un récord de escaños en Rusia - ADN Digital,2026-09-20 21:00:00-03:00,0.9246,2,15114,15440,15,27,4,0,3,1,0.1052631578947368,20.732852896544006,0.0928552862640873,duma | kremlin | rusia unida | ucrania,,duma | kremlin | rusia unida,ucrania,1,12,0.9021748735308432,4
15188,La Nación,La Nación / Funcionarios de municipio fernandino denuncian cuatro meses de atraso salarial,2026-09-20 21:00:00-03:00,15119,ABC Color,San Ignacio: trabajadores de salud cierran la ruta PY01 y exigen aumento salarial del 50% - Nacionales - ABC Color,2026-09-20 21:00:00-03:00,0.819,0,15119,15188,9,13,0,0,0,0,0.0,0.0,0.0,,,,,0,10,0.020003268820617728,5
15119,ABC Color,San Ignacio: trabajadores de salud cierran la ruta PY01 y exigen aumento salarial del 50% - Nacionales - ABC Color,2026-09-20 21:00:00-03:00,15339,Última Hora,Personal de blanco se moviliza en Misiones para exigir aumento salarial del 50%,2026-09-20 21:00:00-03:00,0.939,2,15119,15339,13,8,2,0,1,1,0.1052631578947368,10.593503066605544,0.1011259588853917,asociación salud unida paraguay | misiones,,asociación salud unida paraguay,misiones,1,10,0.9296055500233271,5
15119,ABC Color,San Ignacio: trabajadores de salud cierran la ruta PY01 y exigen aumento salarial del 50% - Nacionales - ABC Color,2026-09-20 21:00:00-03:00,15426,ABC Color,Gremios de salud se movilizan mañana por reajuste y carrera sanitaria - Nacionales - ABC Color,2026-09-20 21:00:00-03:00,0.8819,1,15119,15426,13,29,1,1,0,0,0.024390243902439,4.742420221041966,0.0191886388164976,isaías fretes,isaías fretes,,,0,10,0.28884295998746373,5
15119,ABC Color,San Ignacio: trabajadores de salud cierran la ruta PY01 y exigen aumento salarial del 50% - Nacionales - ABC Color,2026-09-20 21:00:00-03:00,15504,Resumen de Noticias,Gremios de salud marcharán por reajuste salarial del 50%,2026-09-20 21:00:00-03:00,0.8968,1,15119,15504,13,16,0,0,0,0,0.0,0.0,0.0,,,,,0,10,0.46524283451967474,5
15292,La Nación,La Nación / MAG prevé 8 ferias de la agricultura familiar en la semana de la primavera,2026-09-20 21:00:00-03:00,15130,Resumen de Noticias,¿Dónde serán las ferias agrícolas esta semana?,2026-09-20 21:00:00-03:00,0.9633,2,15130,15292,19,21,13,0,2,11,0.4814814814814814,65.78725810786426,0.4487077991668905,asunción | caacupé | central | cordillera | fernando de la mora | itauguá | lambaré | mag | ministerio de agricultura y ganadería | paseo 1811 | san lorenzo | shopping century plaza | shopping multiplaza,,mag | ministerio de agricultura y ganadería,asunción | caacupé | central | cordillera | fernando de la mora | itauguá | lambaré | paseo 1811 | san lorenzo | shopping century plaza | shopping multiplaza,1,15,0.998810021407005,2
15183,La Nación,La Nación / Peña anuncia nuevas oportunidades de formación y experiencia laboral para jóvenes,2026-09-20 21:00:00-03:00,15133,adn,Gobierno prepara planes de trabajo para los jóvenes - ADN Digital,2026-09-20 21:00:00-03:00,0.8723,0,15133,15183,17,11,1,0,1,0,0.037037037037037,3.548497752569532,0.0262033680104777,gobierno,,gobierno,,0,39,0.26741583887997633,2
15188,La Nación,La Nación / Funcionarios de municipio fernandino denuncian cuatro meses de atraso salarial,2026-09-20 21:00:00-03:00,15135,Megacadena,Ortega cuestiona contrato colectivo firmado por Bello a días de las elecciones,2026-09-20 21:00:00-03:00,0.8131,0,15135,15188,9,8,0,0,0,0,0.0,0.0,0.0,,,,,0,10,0.015124212468955556,5
15282,ABC Color,Taste Atlas 2026: el vori vori se vuelve a posicionar como el mejor plato del mundo y la mejor sopa - Gastronomía - ABC Color,2026-09-20 21:00:00-03:00,15136,Megacadena,El vorí vorí vuelve a ser elegido como la mejor sopa del mundo,2026-09-20 21:00:00-03:00,0.9473,2,15136,15282,3,4,1,0,1,0,0.1666666666666666,5.253245844807957,0.1690361769176822,tasteatlas,,tasteatlas,,1,0,0.918218126316417,3
15510,Popular,Popular / (VIDEO) ¡Venden guiso a lo paraguayoité en salones chuchis de yanquilandia!,2026-09-20 21:00:00-03:00,15136,Megacadena,El vorí vorí vuelve a ser elegido como la mejor sopa del mundo,2026-09-20 21:00:00-03:00,0.804,0,15136,15510,3,4,1,0,0,1,0.1666666666666666,2.326506442740917,0.0748610985042634,paraguay,,,paraguay,0,0,0.030409563073710507,3
15548,ABC Color,Acceso al país por el Puente de la Amistad se encuentra en deplorable estado por los baches - ABC en el Este - ABC Color,2026-09-20 21:00:00-03:00,15138,Megacadena,"Puente de Integración sigue lejos de una apertura total, según Director de Migraciones",2026-09-20 21:00:00-03:00,0.8391,0,15138,15548,18,10,3,0,0,1,0.12,12.60985458104262,0.0946634683664772,brasil | paraguay | puente de la amistad,,,puente de la amistad,0,44,0.08882126204127216,5
15550,Última Hora,"Titular del BCP, Baruja y Marco Riquelme integran la comitiva de Peña en EEUU",2026-09-20 21:00:00-03:00,15148,Diario Paraguayo Noticias,Baruja ratifica potestad de Alliana para elegir dupla | Diario Paraguayo,2026-09-20 21:00:00-03:00,0.8923,0,15148,15550,26,16,9,8,0,0,0.2727272727272727,38.02065877151736,0.2401215633144278,alliana | baruja | cartes | césar sosa | honor colorado | juan carlos baruja | pedro alliana | raúl latorre | santiago peña,alliana | baruja | cartes | césar sosa | juan carlos baruja | pedro alliana | raúl latorre | santiago peña,,,0,1,0.2163940732228888,1
15491,ABC Color,Elecciones Municipales: La importancia de los observadores - Política - ABC Color,2026-09-20 21:00:00-03:00,15149,Diario Paraguayo Noticias,TSJE responde sobre verificación de máquinas electorales | Diario Paraguayo,2026-09-20 21:00:00-03:00,0.7804,0,15149,15491,10,8,2,0,2,0,0.125,10.10102658150775,0.1174809949762862,tribunal superior de justicia electoral | tsje,,tribunal superior de justicia electoral | tsje,,0,17,0.011257377854583858,4
15374,Ñanduti,Banco Continental integra la emisión y custodia en la nueva era del CDA Digital,2026-09-20 21:00:00-03:00,15150,Diario Paraguayo Noticias,BCP activa sistema CDA-d para certificados digitales | Diario Paraguayo,2026-09-20 21:00:00-03:00,0.9348,2,15150,15374,5,4,2,0,2,0,0.2857142857142857,8.04975591679461,0.2205860373771528,banco central del paraguay | bcp,,banco central del paraguay | bcp,,1,22,0.9480544916629915,5
15291,La Nación,La Nación / Rigo Chamorro agasajará a la juventud esteña con un festival estelar y gratuito,2026-09-20 21:00:00-03:00,15152,Diario Paraguayo Noticias,Municipalidad de Asunción invita a jornada para jóvenes | Diario Paraguayo,2026-09-20 21:00:00-03:00,0.8174,0,15152,15291,14,13,0,0,0,0,0.0,0.0,0.0,,,,,0,5,0.021778938994969948,2
15202,Resumen de Noticias,El Vorí vorí vuelve a ser número uno entre las sopas del mundo,2026-09-20 21:00:00-03:00,15158,Itapúa en Noticias,VORÍ VORÍ VUELVE A CONQUISTAR EL PRIMER LUGAR ENTRE LAS MEJORES SOPAS DEL MUNDO,2026-09-20 21:00:00-03:00,0.9765,2,15158,15202,6,3,2,0,1,1,0.2857142857142857,7.579752287548874,0.2169077234342663,paraguay | tasteatlas,,tasteatlas,paraguay,1,0,0.9846559842130077,3
15282,ABC Color,Taste Atlas 2026: el vori vori se vuelve a posicionar como el mejor plato del mundo y la mejor sopa - Gastronomía - ABC Color,2026-09-20 21:00:00-03:00,15158,Itapúa en Noticias,VORÍ VORÍ VUELVE A CONQUISTAR EL PRIMER LUGAR ENTRE LAS MEJORES SOPAS DEL MUNDO,2026-09-20 21:00:00-03:00,0.9379,2,15158,15282,3,3,1,0,1,0,0.2,5.253245844807957,0.2114529607826778,tasteatlas,,tasteatlas,,1,0,0.8943378655844001,3
15164,ABC Color,Batalla de Boquerón: ¿se traslada al lunes el feriado del 29 de setiembre? - Viajes - ABC Color,2026-09-20 21:00:00-03:00,15296,Resumen de Noticias,Feriado por Batalla de Boquerón pasa al lunes 28 de septiembre,2026-09-20 21:00:00-03:00,0.9729,2,15164,15296,4,6,3,1,2,0,0.4285714285714285,11.369412096935294,0.3549160450401093,ejecutivo | gobierno | santiago peña,santiago peña,ejecutivo | gobierno,,1,45,0.988206974306406,1
15275,Más Encarnación,Aspirantes a Suboficiales de la Policía celebran la primavera y la juventud con competencias deportivas en Itapúa,2026-09-20 21:00:00-03:00,15173,ABC Color,Comunidades rurales de Lima se unen mediante el deporte y reclaman un polideportivo - Nacionales - ABC Color,2026-09-20 21:00:00-03:00,0.8304,0,15173,15275,6,7,0,0,0,0,0.0,0.0,0.0,,,,,0,5,0.0382934345303063,2
15187,La Nación,"La Nación / En violento asalto domiciliario, gavilla roba más de G. 20 millones en Minga Guazú",2026-09-20 21:00:00-03:00,15174,Última Hora,Gavilla con un falso policía asalta a una familia en Minga Guazú y se lleva millonaria suma,2026-09-20 21:00:00-03:00,0.9644,2,15174,15187,12,12,5,1,2,2,0.2631578947368421,24.57163350326537,0.23981097602246,alberto fernández | comisaría 8.a | hospital distrital | minga guazú | policía nacional,alberto fernández,comisaría 8.a | policía nacional,hospital distrital | minga guazú,1,29,0.9848076866749915,2
15175,Última Hora,Orquesta de Cateura participa en dos actividades con proyectos independientes,2026-09-20 21:00:00-03:00,15176,Última Hora,Concierto de primavera en el Teatro Municipal,2026-09-20 21:00:00-03:00,0.7246,0,15175,15176,12,33,0,0,0,0,0.0,0.0,0.0,,,,,0,5,0.00035084400245471124,2
15175,Última Hora,Orquesta de Cateura participa en dos actividades con proyectos independientes,2026-09-20 21:00:00-03:00,15264,Oviedo Press,"Juventud ovetense tendrá teatro, formación y actividades comunitarias durante septiembre - OviedoPress",2026-09-20 21:00:00-03:00,0.7351,0,15175,15264,12,12,0,0,0,0,0.0,0.0,0.0,,,,,0,5,0.0005609840913842006,2
15175,Última Hora,Orquesta de Cateura participa en dos actividades con proyectos independientes,2026-09-20 21:00:00-03:00,15392,Diario Paraguayo Noticias,Festival de la Juventud en Ciudad del Este - 27 de sept | Diario Paraguayo,2026-09-20 21:00:00-03:00,0.7198,0,15175,15392,12,11,0,0,0,0,0.0,0.0,0.0,,,,,0,5,0.0002830866303028248,2
15560,Última Hora,"Biblioteca Nacional: 139 años de memoria, libros y patrimonio",2026-09-20 21:00:00-03:00,15175,Última Hora,Orquesta de Cateura participa en dos actividades con proyectos independientes,2026-09-20 21:00:00-03:00,0.7028,0,15175,15560,9,12,0,0,0,0,0.0,0.0,0.0,,,,,0,5,0.00013237806134660333,2
15177,Última Hora,Ñande Impro reúne en Asunción a figuras internacionales del teatro sin guion,2026-09-20 21:00:00-03:00,15290,Última Hora,Sobre una cama de rosas: Teatro total para una nueva generación,2026-09-20 21:00:00-03:00,0.792,0,15177,15290,25,16,1,0,0,1,0.025,3.1131796813116863,0.0130341417878967,asunción,,,asunción,0,5,0.009368757360098578,2
15177,Última Hora,Ñande Impro reúne en Asunción a figuras internacionales del teatro sin guion,2026-09-20 21:00:00-03:00,15392,Diario Paraguayo Noticias,Festival de la Juventud en Ciudad del Este - 27 de sept | Diario Paraguayo,2026-09-20 21:00:00-03:00,0.7553,0,15177,15392,25,11,0,0,0,0,0.0,0.0,0.0,,,,,0,5,0.0013832838550536766,2
15177,Última Hora,Ñande Impro reúne en Asunción a figuras internacionales del teatro sin guion,2026-09-20 21:00:00-03:00,15512,Diario Paraguayo Noticias,Sobre una cama de rosas: estreno teatral integrador | Diario Paraguayo,2026-09-20 21:00:00-03:00,0.7639,0,15177,15512,25,11,1,0,0,1,0.0285714285714285,3.1131796813116863,0.0153025066916699,asunción,,,asunción,0,5,0.0027026987840968854,2
15178,Última Hora,Maluma anunció el nacimiento de su segundo bebé,2026-09-20 21:00:00-03:00,15179,Última Hora,Hay dudas de si Lady Gaga estuvo embarazada,2026-09-20 21:00:00-03:00,0.7266,0,15178,15179,11,19,0,0,0,0,0.0,0.0,0.0,,,,,0,25,0.00023675882571068591,5
15178,Última Hora,Maluma anunció el nacimiento de su segundo bebé,2026-09-20 21:00:00-03:00,15191,La Nación,La Nación / ¡Marc Anthony hizo esto por su hijo paraguayo y sorprendió en Las Vegas!,2026-09-20 21:00:00-03:00,0.7508,0,15178,15191,11,10,0,0,0,0,0.0,0.0,0.0,,,,,0,25,0.0007603031716019848,5
15178,Última Hora,Maluma anunció el nacimiento de su segundo bebé,2026-09-20 21:00:00-03:00,15411,Crónica,Mirá la emotiva carta que el “Kaku” recibió de sus hijos,2026-09-20 21:00:00-03:00,0.7469,0,15178,15411,11,6,0,0,0,0,0.0,0.0,0.0,,,,,0,25,0.0006300160616559622,5
15178,Última Hora,Maluma anunció el nacimiento de su segundo bebé,2026-09-20 21:00:00-03:00,15448,Popular,"Popular / (VIDEO) ¡Fio Migliore contó cómo se llamará su segunda ""bendi""!",2026-09-20 21:00:00-03:00,0.7936,0,15178,15448,11,5,0,0,0,0,0.0,0.0,0.0,,,,,0,25,0.005959862155373533,5
15180,Última Hora,El diseñador paraguayo Simón Villalba es reconocido como Mejor Diseñador en Nueva York,2026-09-20 21:00:00-03:00,15234,Crónica,"¡Oita paraguayito! Compatriota ligó premiazo en el NY Fashion Week, apenami",2026-09-20 21:00:00-03:00,0.9226,2,15180,15234,8,2,0,0,0,0,0.0,0.0,0.0,,,,,1,7,0.7512174604854569,5
15183,La Nación,La Nación / Peña anuncia nuevas oportunidades de formación y experiencia laboral para jóvenes,2026-09-20 21:00:00-03:00,15200,Resumen de Noticias,ANDE habilita concurso para incorporar 230 aprendices,2026-09-20 21:00:00-03:00,0.9172,2,15183,15200,17,8,5,0,4,1,0.25,24.559799045618373,0.2486687346943249,administración nacional de electricidad | ande | asunción | servicio nacional de promoción profesional | snpp,,administración nacional de electricidad | ande | servicio nacional de promoción profesional | snpp,asunción,1,39,0.9206955036033463,2
15183,La Nación,La Nación / Peña anuncia nuevas oportunidades de formación y experiencia laboral para jóvenes,2026-09-20 21:00:00-03:00,15410,Crónica,ANDE habilita 230 plazas para aprendices,2026-09-20 21:00:00-03:00,0.9137,2,15183,15410,17,5,2,0,2,0,0.1,10.352341009788656,0.1055586017400921,ande | snpp,,ande | snpp,,1,39,0.7746711829253046,2
15548,ABC Color,Acceso al país por el Puente de la Amistad se encuentra en deplorable estado por los baches - ABC en el Este - ABC Color,2026-09-20 21:00:00-03:00,15184,La Nación,La Nación / La habilitación del Puente de la Integración avanza por etapas acordadas con Brasil,2026-09-20 21:00:00-03:00,0.8172,0,15184,15548,18,10,2,0,0,2,0.0769230769230769,9.184735849633594,0.0666684810584236,brasil | y,,,brasil | y,0,44,0.034787257585228645,5
15186,La Nación,La Nación / Campaña “Todos con Iván” busca alcanzar meta de G. 1.000 millones para su rehabilitación,2026-09-20 21:00:00-03:00,15400,Diario Paraguayo Noticias,Campaña solidaria para rehabilitación de Iván | Diario Paraguayo,2026-09-20 21:00:00-03:00,0.9704,2,15186,15400,9,7,7,3,2,2,0.7777777777777778,37.97646512042663,0.7553790042189693,aldo sosa | avenida sacramento | colegio técnico javier | i | ips | iván | molas lópez,aldo sosa | i | iván,colegio técnico javier | ips,avenida sacramento | molas lópez,1,10,0.9981011120652833,5
15186,La Nación,La Nación / Campaña “Todos con Iván” busca alcanzar meta de G. 1.000 millones para su rehabilitación,2026-09-20 21:00:00-03:00,15414,Crónica,La batalla de Iván recién comienza: buscan G. 1.000 millones para su recuperación,2026-09-20 21:00:00-03:00,0.9582,2,15186,15414,9,6,5,2,2,1,0.5,26.59450469345682,0.4696470688763822,aldo sosa | avenida sacramento | colegio técnico javier | ips | iván,aldo sosa | iván,colegio técnico javier | ips,avenida sacramento,1,10,0.9908913204623199,5
15186,La Nación,La Nación / Campaña “Todos con Iván” busca alcanzar meta de G. 1.000 millones para su rehabilitación,2026-09-20 21:00:00-03:00,15577,Megacadena,Adolescente Iván sale de terapia intensiva tras ser atropellado al salir del colegio,2026-09-20 21:00:00-03:00,0.788,1,15186,15577,9,3,2,2,0,0,0.2,10.871134803203825,0.1967972427555366,aldo sosa | iván,aldo sosa | iván,,,0,10,0.0068340646262026895,5
15187,La Nación,"La Nación / En violento asalto domiciliario, gavilla roba más de G. 20 millones en Minga Guazú",2026-09-20 21:00:00-03:00,15370,adn,Asaltantes vestidos de policías irrumpen en una casa y roban G. 20 millones - ADN Digital,2026-09-20 21:00:00-03:00,0.966,2,15187,15370,12,7,4,1,0,3,0.2666666666666666,20.28346855450101,0.2596634133701967,alberto fernández | fracción el trébol | hospital distrital | minga guazú,alberto fernández,,fracción el trébol | hospital distrital | minga guazú,1,29,0.9809089227964177,2
15188,La Nación,La Nación / Funcionarios de municipio fernandino denuncian cuatro meses de atraso salarial,2026-09-20 21:00:00-03:00,15339,Última Hora,Personal de blanco se moviliza en Misiones para exigir aumento salarial del 50%,2026-09-20 21:00:00-03:00,0.8257,0,15188,15339,9,8,0,0,0,0,0.0,0.0,0.0,,,,,0,10,0.027424701400139504,5
15188,La Nación,La Nación / Funcionarios de municipio fernandino denuncian cuatro meses de atraso salarial,2026-09-20 21:00:00-03:00,15553,Última Hora,Denuncian agresión a candidato a concejal y piden circuito cerrado,2026-09-20 21:00:00-03:00,0.8129,0,15188,15553,9,10,0,0,0,0,0.0,0.0,0.0,,,,,0,10,0.014981196717798254,5
15189,La Nación,La Nación / Hurto y violencia familiar: los delitos que acorralan a la juventud paraguaya,2026-09-20 21:00:00-03:00,15203,Resumen de Noticias,¿Cuáles son los delitos que más involucran a jóvenes?,2026-09-20 21:00:00-03:00,0.9533,2,15189,15203,2,4,0,0,0,0,0.0,0.0,0.0,,,,,1,28,0.9299433148480528,5
15189,La Nación,La Nación / Hurto y violencia familiar: los delitos que acorralan a la juventud paraguaya,2026-09-20 21:00:00-03:00,15262,Oviedo Press,Hurto y violencia familiar concentran la mayor presencia de jóvenes entre investigados - OviedoPress,2026-09-20 21:00:00-03:00,0.9351,2,15189,15262,2,3,1,0,1,0,0.25,5.658710952916121,0.2888523799534656,observatorio del ministerio público,,observatorio del ministerio público,,1,28,0.9348324663398969,5
15464,ABC Color,Diputados define mañana la prohibición de celulares en todas las instituciones educativas - Política - ABC Color,2026-09-20 21:00:00-03:00,15190,La Nación,La Nación / Senado lanza app para dar mayor participación ciudadana en la toma de decisiones,2026-09-20 21:00:00-03:00,0.7378,0,15190,15464,4,9,1,0,1,0,0.0833333333333333,4.3369551129338015,0.0659078243597733,senado,,senado,,0,26,0.0010604014243805059,4
15192,HOY,"Diario HOY | “Tenemos Honor Colorado para rato”, predice Bachi",2026-09-20 21:00:00-03:00,15205,Resumen de Noticias,Alliana asume el gobierno ante fractura interna en HC,2026-09-20 21:00:00-03:00,0.9054,2,15192,15205,19,20,6,5,1,0,0.1818181818181818,24.136769567472943,0.1464921654734707,alliana | cartes | césar sosa | honor colorado | horacio cartes | santiago peña,alliana | cartes | césar sosa | horacio cartes | santiago peña,honor colorado,,1,1,0.46158361429954436,1
15192,HOY,"Diario HOY | “Tenemos Honor Colorado para rato”, predice Bachi",2026-09-20 21:00:00-03:00,15253,Amambay News,"Bachi Núñez minimiza la tensión en Honor Colorado: “Hay disparidad de opiniones, pero terminará en coincidencias” - Amambay News",2026-09-20 21:00:00-03:00,0.9155,2,15192,15253,19,13,6,4,2,0,0.2307692307692307,25.372379456742067,0.1956035734622586,congreso | césar sosa | honor colorado | horacio cartes | núñez | santiago peña,césar sosa | horacio cartes | núñez | santiago peña,congreso | honor colorado,,1,1,0.7093619468926772,1
15192,HOY,"Diario HOY | “Tenemos Honor Colorado para rato”, predice Bachi",2026-09-20 21:00:00-03:00,15351,HOY,Diario HOY | Dos senadores de “Primera División” le presumen su antigüedad a César Sosa,2026-09-20 21:00:00-03:00,0.9287,2,15192,15351,19,18,5,2,2,1,0.15625,21.353574338303734,0.1280548132514528,anr | asunción | basilio núñez | congreso | césar sosa,basilio núñez | césar sosa,anr | congreso,asunción,1,1,0.8789340602343173,1
15192,HOY,"Diario HOY | “Tenemos Honor Colorado para rato”, predice Bachi",2026-09-20 21:00:00-03:00,15373,adn,"Larga vida a Honor Colorado, es lo que augura Bachi Núñez - ADN Digital",2026-09-20 21:00:00-03:00,0.9529,2,15192,15373,19,12,11,8,3,0,0.55,48.86255375056558,0.4843580716788253,alliana | anr | basilio núñez | cartes | ce | congreso | césar sosa | honor colorado | horacio cartes | núñez | santiago peña,alliana | basilio núñez | cartes | ce | césar sosa | horacio cartes | núñez | santiago peña,anr | congreso | honor colorado,,1,1,0.9507984575144331,1
15192,HOY,"Diario HOY | “Tenemos Honor Colorado para rato”, predice Bachi",2026-09-20 21:00:00-03:00,15432,Última Hora,"“Mantenerse en primera división es difícil"", advierte Bachi a Cesarito",2026-09-20 21:00:00-03:00,0.9457,2,15192,15432,19,10,5,3,2,0,0.2083333333333333,21.739621360554796,0.1729087431283814,bachi | congreso | césar sosa | honor colorado | santiago peña,bachi | césar sosa | santiago peña,congreso | honor colorado,,1,1,0.907472040732528,1
15202,Resumen de Noticias,El Vorí vorí vuelve a ser número uno entre las sopas del mundo,2026-09-20 21:00:00-03:00,15226,Extra,Joven salteño vende sopa paraguaya con la receta que le dio su abuela,2026-09-20 21:00:00-03:00,0.814,0,15202,15226,6,13,2,0,1,1,0.1176470588235294,7.985217395657038,0.0855171930208738,paraguay | taste atlas,,taste atlas,paraguay,0,0,0.050057255803692205,3
15202,Resumen de Noticias,El Vorí vorí vuelve a ser número uno entre las sopas del mundo,2026-09-20 21:00:00-03:00,15232,Crónica,Nuestro vori vori sigue mandando en el mundo ??,2026-09-20 21:00:00-03:00,0.9298,2,15202,15232,6,3,2,0,1,1,0.2857142857142857,7.985217395657038,0.2173655435279687,paraguay | taste atlas,,taste atlas,paraguay,1,0,0.905838102331022,3
15282,ABC Color,Taste Atlas 2026: el vori vori se vuelve a posicionar como el mejor plato del mundo y la mejor sopa - Gastronomía - ABC Color,2026-09-20 21:00:00-03:00,15202,Resumen de Noticias,El Vorí vorí vuelve a ser número uno entre las sopas del mundo,2026-09-20 21:00:00-03:00,0.9282,2,15202,15282,3,6,1,0,1,0,0.125,5.253245844807957,0.1219184011997994,tasteatlas,,tasteatlas,,1,0,0.8202324319158063,3
15202,Resumen de Noticias,El Vorí vorí vuelve a ser número uno entre las sopas del mundo,2026-09-20 21:00:00-03:00,15353,Concepción al Día,El vori vori vuelve a ser reconocido como el mejor plato del mundo - Concepción al Día,2026-09-20 21:00:00-03:00,0.9457,2,15202,15353,6,2,2,0,1,1,0.3333333333333333,7.579752287548874,0.2494611891235963,paraguay | tasteatlas,,tasteatlas,paraguay,1,0,0.9548697363431641,3
15550,Última Hora,"Titular del BCP, Baruja y Marco Riquelme integran la comitiva de Peña en EEUU",2026-09-20 21:00:00-03:00,15205,Resumen de Noticias,Alliana asume el gobierno ante fractura interna en HC,2026-09-20 21:00:00-03:00,0.8913,0,15205,15550,26,20,9,7,1,0,0.2432432432432432,36.70847238255119,0.2009401898068709,alliana | cartes | césar sosa | ejecutivo | honor colorado | horacio cartes | pedro alliana | peña | santiago peña,alliana | cartes | césar sosa | horacio cartes | pedro alliana | peña | santiago peña,ejecutivo,,0,1,0.28194299504104703,1
15548,ABC Color,Acceso al país por el Puente de la Amistad se encuentra en deplorable estado por los baches - ABC en el Este - ABC Color,2026-09-20 21:00:00-03:00,15208,adn,No hay fecha fija para habilitación total del Puente de la Integración - ADN Digital,2026-09-20 21:00:00-03:00,0.834,0,15208,15548,18,8,2,0,0,0,0.0833333333333333,6.663461555674719,0.0525280370753434,brasil | paraguay,,,,0,44,0.052355866012081885,5
15491,ABC Color,Elecciones Municipales: La importancia de los observadores - Política - ABC Color,2026-09-20 21:00:00-03:00,15210,adn,Advierten que dudas de opositores afectarían negativamente en la participación en las municipales - ADN Digital,2026-09-20 21:00:00-03:00,0.8256,1,15210,15491,10,5,1,0,1,0,0.0714285714285714,4.847780736699793,0.0623122778333687,tsje,,tsje,,0,17,0.0480353133966093,4
15349,La Nación,La Nación / MOPC solicita despejar franja de dominio ante avance de la obra de duplicación de la ruta PY01,2026-09-20 21:00:00-03:00,15211,adn,"Duplicación de la PY07 tendrá cuatro carriles, tres viaductos y costará hasta US$ 100 millones - ADN Digital",2026-09-20 21:00:00-03:00,0.8059,0,15211,15349,18,10,0,0,0,0,0.0,0.0,0.0,,,,,0,46,0.016568116622669465,3
15288,Última Hora,Día de la Juventud: ¿Cuándo Paraguay dejará de tener una mayoría de población joven?,2026-09-20 21:00:00-03:00,15213,adn,"Demográficamente, nuestro país pasa por su mejor momento, porque la mayoría de la población es joven - ADN Digital",2026-09-20 21:00:00-03:00,0.9427,2,15213,15288,5,6,5,2,2,1,0.8333333333333334,21.5648513935248,0.8087644245088638,ine | instituto nacional de estadística | iván ojeda | ojeda | paraguay,iván ojeda | ojeda,ine | instituto nacional de estadística,paraguay,1,43,0.9997254459334731,4
15215,Megacadena,Blanca Ovelar cuestiona a las supervisiones pedagógicas tras los resultados de pruebas PISA,2026-09-20 21:00:00-03:00,15420,Amambay News,Blanca Ovelar cuestiona las supervisiones pedagógicas y pide asumir la “complejidad” de la crisis educativa - Amambay News,2026-09-20 21:00:00-03:00,0.9352,2,15215,15420,4,2,2,2,0,0,0.5,10.911956797724075,0.5398090442134615,blanca ovelar | ovelar,blanca ovelar | ovelar,,,1,26,0.9912435651218786,4
15215,Megacadena,Blanca Ovelar cuestiona a las supervisiones pedagógicas tras los resultados de pruebas PISA,2026-09-20 21:00:00-03:00,15557,Última Hora,Banco Mundial pide recuperar aprendizajes básicos y evitar abandono escolar,2026-09-20 21:00:00-03:00,0.7987,0,15215,15557,4,5,0,0,0,0,0.0,0.0,0.0,,,,,0,26,0.007473752835916923,4
15464,ABC Color,Diputados define mañana la prohibición de celulares en todas las instituciones educativas - Política - ABC Color,2026-09-20 21:00:00-03:00,15218,Megacadena,El Senado lanza “Mi Senado App” para seguir las sesiones en tiempo real y proyectos de ley en estudio,2026-09-20 21:00:00-03:00,0.7541,0,15218,15464,4,6,1,0,1,0,0.1111111111111111,4.3369551129338015,0.087643603935391,senado,,senado,,0,26,0.0027530271379528856,4
15280,Ñanduti,Mades hace vista gorda a transformadores de la ANDE en evidente estado de contaminación en San Lorenzo,2026-09-20 21:00:00-03:00,15222,Megacadena,Incautan tanques de 45.000 litros en depósito vinculado a una maniobra con cheques robados,2026-09-20 21:00:00-03:00,0.7505,0,15222,15280,9,7,0,0,0,0,0.0,0.0,0.0,,,,,0,41,0.0007493894256995256,5
15510,Popular,Popular / (VIDEO) ¡Venden guiso a lo paraguayoité en salones chuchis de yanquilandia!,2026-09-20 21:00:00-03:00,15226,Extra,Joven salteño vende sopa paraguaya con la receta que le dio su abuela,2026-09-20 21:00:00-03:00,0.8346,0,15226,15510,3,13,1,0,0,1,0.0666666666666666,2.326506442740917,0.0278024134921795,paraguay,,,paraguay,0,0,0.07467758654584085,3
15282,ABC Color,Taste Atlas 2026: el vori vori se vuelve a posicionar como el mejor plato del mundo y la mejor sopa - Gastronomía - ABC Color,2026-09-20 21:00:00-03:00,15232,Crónica,Nuestro vori vori sigue mandando en el mundo ??,2026-09-20 21:00:00-03:00,0.9269,2,15232,15282,3,3,0,0,0,0,0.0,0.0,0.0,,,,,1,0,0.6970820533036459,3
15510,Popular,Popular / (VIDEO) ¡Venden guiso a lo paraguayoité en salones chuchis de yanquilandia!,2026-09-20 21:00:00-03:00,15232,Crónica,Nuestro vori vori sigue mandando en el mundo ??,2026-09-20 21:00:00-03:00,0.8207,0,15232,15510,3,3,1,0,0,1,0.2,2.326506442740917,0.0860369200830033,paraguay,,,paraguay,0,0,0.0639212461294442,3
15317,ABC Color,Día de la Juventud: jóvenes encabezan estadísticas de muertes y lesiones por siniestros viales - Nacionales - ABC Color,2026-09-20 21:00:00-03:00,15245,La Clave,Cuatro personas mueren en accidentes durante el fin de semana en Alto Paraná – Diario La Clave,2026-09-20 21:00:00-03:00,0.755,0,15245,15317,6,11,0,0,0,0,0.0,0.0,0.0,,,,,0,28,0.0009308687513684486,5
15486,ABC Color,Suba de combustible: ¿llegará el aumento a los precios de los supermercados? - Negocios - ABC Color,2026-09-20 21:00:00-03:00,15251,Amambay News,Petropar anticipó nueva suba y transportistas expresaron preocupación - Amambay News,2026-09-20 21:00:00-03:00,0.8426,0,15251,15486,5,6,0,0,0,0,0.0,0.0,0.0,,,,,0,47,0.05162646997951324,4
15330,ABC Color,PGN 2027: Salud tendrá más recursos pese a limitada ejecución 2026 - Economía - ABC Color,2026-09-20 21:00:00-03:00,15257,Amambay News,Fretes anuncia visitas sorpresa a hospitales públicos de todo el país - Amambay News,2026-09-20 21:00:00-03:00,0.7932,0,15257,15330,12,9,1,1,0,0,0.05,4.742420221041966,0.0448362063567345,isaías fretes,isaías fretes,,,0,2,0.007857823985445137,1
15464,ABC Color,Diputados define mañana la prohibición de celulares en todas las instituciones educativas - Política - ABC Color,2026-09-20 21:00:00-03:00,15269,Itapúa en Noticias,«MI SENADO»: AHORA VAS A PODER VER QUÉ HACEN LOS SENADORES EN TIEMPO REAL,2026-09-20 21:00:00-03:00,0.7429,0,15269,15464,4,3,1,0,1,0,0.1666666666666666,4.3369551129338015,0.1381482079707324,senado,,senado,,0,26,0.002587596640477143,4
15355,Itapúa en Noticias,"AGUAS DANZANTES, BUS TURÍSTICO Y LA RECUPERACIÓN DE LA ZONA BAJA: LAS PROPUESTAS DE NOVOSAD",2026-09-20 21:00:00-03:00,15271,Itapúa en Noticias,CARLOS PEREIRA PRESENTÓ UNA AGENDA LEGISLATIVA Y ASUMIÓ COMPROMISOS DE CAMPAÑA,2026-09-20 21:00:00-03:00,0.8597,0,15271,15355,8,10,2,0,0,1,0.125,8.966046648668765,0.0968450934549229,encarnación | república del paraguay,,,república del paraguay,0,0,0.2103250614945213,3
15280,Ñanduti,Mades hace vista gorda a transformadores de la ANDE en evidente estado de contaminación en San Lorenzo,2026-09-20 21:00:00-03:00,15417,La Clave,"Tape Porã, contaminación e impunidad ante un Ministerio Público inoperante – Diario La Clave",2026-09-20 21:00:00-03:00,0.7485,0,15280,15417,9,8,0,0,0,0,0.0,0.0,0.0,,,,,0,41,0.0006805252708833246,5
15280,Ñanduti,Mades hace vista gorda a transformadores de la ANDE en evidente estado de contaminación en San Lorenzo,2026-09-20 21:00:00-03:00,15437,Telefuturo,Vecinos de Molino de Luque denuncian ola de robos,2026-09-20 21:00:00-03:00,0.7529,0,15280,15437,9,1,0,0,0,0,0.0,0.0,0.0,,,,,0,41,0.0008412779399700607,5
15280,Ñanduti,Mades hace vista gorda a transformadores de la ANDE en evidente estado de contaminación en San Lorenzo,2026-09-20 21:00:00-03:00,15490,ABC Color,Denuncian contaminación por continuas quemazones en vertedero de Campo 9 - Nacionales - ABC Color,2026-09-20 21:00:00-03:00,0.7981,0,15280,15490,9,10,1,0,1,0,0.0555555555555555,5.658710952916121,0.0530480953611063,mades,,mades,,0,41,0.010154989896802599,5
15282,ABC Color,Taste Atlas 2026: el vori vori se vuelve a posicionar como el mejor plato del mundo y la mejor sopa - Gastronomía - ABC Color,2026-09-20 21:00:00-03:00,15353,Concepción al Día,El vori vori vuelve a ser reconocido como el mejor plato del mundo - Concepción al Día,2026-09-20 21:00:00-03:00,0.9751,2,15282,15353,3,2,1,0,1,0,0.25,5.253245844807957,0.2589914950045481,tasteatlas,,tasteatlas,,1,0,0.9780474096638045,3
15288,Última Hora,Día de la Juventud: ¿Cuándo Paraguay dejará de tener una mayoría de población joven?,2026-09-20 21:00:00-03:00,15445,Megacadena,"Paraguay atraviesa su mejor momento demográfico, según el INE",2026-09-20 21:00:00-03:00,0.9205,2,15288,15445,5,5,5,2,2,1,1.0,21.5648513935248,1.0,ine | instituto nacional de estadística | iván ojeda | ojeda | paraguay,iván ojeda | ojeda,ine | instituto nacional de estadística,paraguay,1,43,0.9998020625560775,4
15288,Última Hora,Día de la Juventud: ¿Cuándo Paraguay dejará de tener una mayoría de población joven?,2026-09-20 21:00:00-03:00,15513,Diario Paraguayo Noticias,Bono demográfico de Paraguay: oportunidades hasta 2050 | Diario Paraguayo,2026-09-20 21:00:00-03:00,0.9628,2,15288,15513,5,5,5,2,2,1,1.0,21.5648513935248,1.0,ine | instituto nacional de estadística | iván ojeda | ojeda | paraguay,iván ojeda | ojeda,ine | instituto nacional de estadística,paraguay,1,43,0.9999705682627877,4
15288,Última Hora,Día de la Juventud: ¿Cuándo Paraguay dejará de tener una mayoría de población joven?,2026-09-20 21:00:00-03:00,15545,ABC Color,"Paraguay atraviesa su mejor momento demográfico, según el INE - Nacionales - ABC Color",2026-09-20 21:00:00-03:00,0.9247,2,15288,15545,5,9,5,2,2,1,0.5555555555555556,21.5648513935248,0.5225499020894504,ine | instituto nacional de estadística | iván ojeda | ojeda | paraguay,iván ojeda | ojeda,ine | instituto nacional de estadística,paraguay,1,43,0.9943829794844938,4
15291,La Nación,La Nación / Rigo Chamorro agasajará a la juventud esteña con un festival estelar y gratuito,2026-09-20 21:00:00-03:00,15392,Diario Paraguayo Noticias,Festival de la Juventud en Ciudad del Este - 27 de sept | Diario Paraguayo,2026-09-20 21:00:00-03:00,0.9476,2,15291,15392,14,11,7,1,1,4,0.3888888888888889,37.98716501784893,0.3705165312904039,alto paraná | ciudad del este | club 3 de febrero | cumbia juan | integral | richard duarte | talento de barrio,richard duarte,talento de barrio,alto paraná | ciudad del este | club 3 de febrero | integral,1,5,0.9792163503086765,2
15292,La Nación,La Nación / MAG prevé 8 ferias de la agricultura familiar en la semana de la primavera,2026-09-20 21:00:00-03:00,15394,Diario Paraguayo Noticias,MAG realizará 8 ferias de agricultura familiar | Diario Paraguayo,2026-09-20 21:00:00-03:00,0.9853,2,15292,15394,19,21,17,0,2,15,0.7391304347826086,89.06200458556988,0.7167266600506392,asunción | bajo chaco | central | centro de exposición y venta | dirección de educación agraria | fernando de la mora | itauguá | lambaré | mag | ministerio de agricultura y ganadería | paseo 1811 | plaza flores | san lorenzo | shopping century plaza | shopping multiplaza | universidad nacional de asunción | ñeembucú,,mag | ministerio de agricultura y ganadería,asunción | bajo chaco | central | centro de exposición y venta | dirección de educación agraria | fernando de la mora | itauguá | lambaré | paseo 1811 | plaza flores | san lorenzo | shopping century plaza | shopping multiplaza | universidad nacional de asunción | ñeembucú,1,15,0.9998922364271253,2
15554,Última Hora,Advierten que venta de inmuebles no puede financiar fondo de salud de IPS,2026-09-20 21:00:00-03:00,15294,La Nación,"La Nación / Senabico subastará inmuebles, vehículos y maquinaria pesada el 24 de septiembre",2026-09-20 21:00:00-03:00,0.7117,0,15294,15554,10,16,0,0,0,0,0.0,0.0,0.0,,,,,0,2,0.00026409059985330654,1
15351,HOY,Diario HOY | Dos senadores de “Primera División” le presumen su antigüedad a César Sosa,2026-09-20 21:00:00-03:00,15297,Resumen de Noticias,“Lo que se ve no se pregunta”: Ovelar habla de crisis en Honor Colorado,2026-09-20 21:00:00-03:00,0.8747,1,15297,15351,18,13,3,2,0,1,0.1071428571428571,13.737454406583984,0.0989697695098002,asunción | ovelar | silvio ovelar,ovelar | silvio ovelar,,asunción,0,1,0.2626464358263416,1
15349,La Nación,La Nación / MOPC solicita despejar franja de dominio ante avance de la obra de duplicación de la ruta PY01,2026-09-20 21:00:00-03:00,15307,Ahora CDE,El asfaltado de la ruta D065 entre San Cristóbal y Juan E. O’Leary avanza tras décadas de reclamos,2026-09-20 21:00:00-03:00,0.8128,0,15307,15349,18,11,2,0,2,0,0.074074074074074,10.352341009788656,0.0692678222398401,ministerio de obras públicas y comunicaciones | mopc,,ministerio de obras públicas y comunicaciones | mopc,,0,46,0.04458743072541634,3
15453,El Observador,Defensa de Rivas considera excesiva la pena solicitada de 12 años - El Observador,2026-09-20 21:00:00-03:00,15312,ABC Color,Fiscalía pide 12 años de cárcel para Hernán Rivas por su título falso de abogado - Nacionales - ABC Color,2026-09-20 21:00:00-03:00,0.8897,1,15312,15453,9,16,3,1,2,0,0.1363636363636363,11.83666469280914,0.0981471499258465,fiscalía | herná | ministerio público,herná,fiscalía | ministerio público,,0,2,0.5191143912194198,1
15328,ABC Color,"El río Paraná alcanza 3,67 m y proyectan descenso en Ayolas - Nacionales - ABC Color",2026-09-20 21:00:00-03:00,15315,ABC Color,"Río Paraguay sigue en descenso, pero riesgo de inundaciones por El Niño se mantiene - Nacionales - ABC Color",2026-09-20 21:00:00-03:00,0.8921,0,15315,15328,14,8,0,0,0,0,0.0,0.0,0.0,,,,,0,30,0.38598982808082427,2
15317,ABC Color,Día de la Juventud: jóvenes encabezan estadísticas de muertes y lesiones por siniestros viales - Nacionales - ABC Color,2026-09-20 21:00:00-03:00,15364,Resumen de Noticias,"Jóvenes, los más afectados por siniestros viales",2026-09-20 21:00:00-03:00,0.9712,2,15317,15364,6,7,6,0,5,1,0.8571428571428571,28.268685950158044,0.8165292227028075,agencia nacional de tránsito y seguridad vial | antsv | hospital de trauma | ministerio de salud pública y bienestar social | paraguay | policía nacional,,agencia nacional de tránsito y seguridad vial | antsv | hospital de trauma | ministerio de salud pública y bienestar social | policía nacional,paraguay,1,28,0.9992115279659406,5
15317,ABC Color,Día de la Juventud: jóvenes encabezan estadísticas de muertes y lesiones por siniestros viales - Nacionales - ABC Color,2026-09-20 21:00:00-03:00,15473,Más Encarnación,"Jóvenes, los más afectados por siniestros viales",2026-09-20 21:00:00-03:00,0.9578,2,15317,15473,6,7,6,0,5,1,0.8571428571428571,28.268685950158044,0.8563386456531586,agencia nacional de tránsito y seguridad vial | antsv | hospital de trauma | ministerio de salud pública y bienestar social | paraguay | policía nacional,,agencia nacional de tránsito y seguridad vial | antsv | hospital de trauma | ministerio de salud pública y bienestar social | policía nacional,paraguay,1,28,0.9984963042357581,5
15325,ABC Color,"Orlando Gill y Meli Ávalos, enamorados en París - Gente - ABC Color",2026-09-20 21:00:00-03:00,15412,Crónica,[VIDEO] Te mostramos el álbum de bodas de la actriz Fátima Fernández,2026-09-20 21:00:00-03:00,0.7572,0,15325,15412,12,6,0,0,0,0,0.0,0.0,0.0,,,,,0,0,0.0023230167512494453,3
15325,ABC Color,"Orlando Gill y Meli Ávalos, enamorados en París - Gente - ABC Color",2026-09-20 21:00:00-03:00,15449,Popular,Popular / ¡Celebraron su boda de plata!,2026-09-20 21:00:00-03:00,0.7657,0,15325,15449,12,5,0,0,0,0,0.0,0.0,0.0,,,,,0,0,0.0032782786062153487,3
15325,ABC Color,"Orlando Gill y Meli Ávalos, enamorados en París - Gente - ABC Color",2026-09-20 21:00:00-03:00,15498,La Nación,La Nación / ¡No es visita! Paraguaya presume que su novio llega a su casa y hace de todo,2026-09-20 21:00:00-03:00,0.7472,0,15325,15498,12,7,0,0,0,0,0.0,0.0,0.0,,,,,0,0,0.001548486938950773,3
15328,ABC Color,"El río Paraná alcanza 3,67 m y proyectan descenso en Ayolas - Nacionales - ABC Color",2026-09-20 21:00:00-03:00,15439,Resumen de Noticias,"RÃo Paraguay baja, pero persiste riesgo de inundaciones",2026-09-20 21:00:00-03:00,0.8805,0,15328,15439,14,7,0,0,0,0,0.0,0.0,0.0,,,,,0,30,0.27230610055819304,2
15328,ABC Color,"El río Paraná alcanza 3,67 m y proyectan descenso en Ayolas - Nacionales - ABC Color",2026-09-20 21:00:00-03:00,15468,ABC Color,Crecida del Paraná pone en riesgo a pequeños ganaderos en Cerrito - Economía - ABC Color,2026-09-20 21:00:00-03:00,0.8366,0,15328,15468,14,9,2,0,0,2,0.0952380952380952,11.094278354518032,0.0904477121045792,paraná | río paraná,,,paraná | río paraná,0,30,0.0910727022046577,2
15429,Ñanduti,Imputan a las máximas autoridades de APA por presunta lesión de confianza por cerca de G 2.000 millones,2026-09-20 21:00:00-03:00,15329,ABC Color,Juicio de Miguel Prieto: Defensas cuestionan a fiscal por su falta de objetividad - Política - ABC Color,2026-09-20 21:00:00-03:00,0.783,0,15329,15429,14,20,1,0,1,0,0.0303030303030303,3.712800803860808,0.0195265897468409,fiscalía,,fiscalía,,0,0,0.009331456530217047,3
15330,ABC Color,PGN 2027: Salud tendrá más recursos pese a limitada ejecución 2026 - Economía - ABC Color,2026-09-20 21:00:00-03:00,15474,La Nación,La Nación / Ministro de Salud anuncia controles estrictos al desempeño de los médicos,2026-09-20 21:00:00-03:00,0.8017,0,15330,15474,12,7,1,0,1,0,0.0555555555555555,5.658710952916121,0.0584235313348271,comisión bicameral de presupuesto,,comisión bicameral de presupuesto,,0,2,0.01825917951345365,1
15554,Última Hora,Advierten que venta de inmuebles no puede financiar fondo de salud de IPS,2026-09-20 21:00:00-03:00,15330,ABC Color,PGN 2027: Salud tendrá más recursos pese a limitada ejecución 2026 - Economía - ABC Color,2026-09-20 21:00:00-03:00,0.7093,0,15330,15554,10,12,0,0,0,0,0.0,0.0,0.0,,,,,0,2,0.0002386682532790284,1
15486,ABC Color,Suba de combustible: ¿llegará el aumento a los precios de los supermercados? - Negocios - ABC Color,2026-09-20 21:00:00-03:00,15340,Última Hora,Transportistas preocupados por costo del combustible: “Es difícil llevar el pan a nuestros hogares”,2026-09-20 21:00:00-03:00,0.876,0,15340,15486,5,9,0,0,0,0,0.0,0.0,0.0,,,,,0,47,0.19691259275767295,4
15345,La Nación,La Nación / Fiscalía solicitó 12 años de prisión para Rivas,2026-09-20 21:00:00-03:00,15453,El Observador,Defensa de Rivas considera excesiva la pena solicitada de 12 años - El Observador,2026-09-20 21:00:00-03:00,0.8962,1,15345,15453,12,9,4,2,2,0,0.2352941176470588,16.48377473404678,0.1851777895175918,fiscalía | herná | ministerio público | rivas,herná | rivas,fiscalía | ministerio público,,0,2,0.6116515197767761,1
15345,La Nación,La Nación / Fiscalía solicitó 12 años de prisión para Rivas,2026-09-20 21:00:00-03:00,15459,Amambay News,Fiscalía pide 12 años de cárcel para Hernán Rivas por ser “abogado falso” - Amambay News,2026-09-20 21:00:00-03:00,0.9126,2,15345,15459,12,21,8,5,3,0,0.32,36.83453284305725,0.2825233967533942,christian benítez | fiscalía | herná | hernán rivas | jem | jurado de enjuiciamiento de magistrados | n rivas | rivas,christian benítez | herná | hernán rivas | n rivas | rivas,fiscalía | jem | jurado de enjuiciamiento de magistrados,,1,2,0.7582541613949685,1
15349,La Nación,La Nación / MOPC solicita despejar franja de dominio ante avance de la obra de duplicación de la ruta PY01,2026-09-20 21:00:00-03:00,15455,Primera Plana,"Presentan avances del Proyecto de Duplicación de la Ruta PY07, financiado por Itaipú",2026-09-20 21:00:00-03:00,0.8066,0,15349,15455,18,12,0,0,0,0,0.0,0.0,0.0,,,,,0,46,0.017038027038475408,3
15349,La Nación,La Nación / MOPC solicita despejar franja de dominio ante avance de la obra de duplicación de la ruta PY01,2026-09-20 21:00:00-03:00,15481,adn,MOPC pide retirar objetos de la franja de la PY01 por obras de duplicación - ADN Digital,2026-09-20 21:00:00-03:00,0.9559,2,15349,15481,18,18,15,0,6,9,0.7142857142857143,76.29374979748017,0.6740415112017575,alya constructora s.a. | asunción | central | consorcio rutas del mercosur | construpar s.a. | fernando de la mora | ministerio de obras públicas y comunicaciones | mopc | paraguarí | quiindy | san antonio | san lorenzo | tecnoedil s.a. | villa elisa | ñemby,,alya constructora s.a. | consorcio rutas del mercosur | construpar s.a. | ministerio de obras públicas y comunicaciones | mopc | tecnoedil s.a.,asunción | central | fernando de la mora | paraguarí | quiindy | san antonio | san lorenzo | villa elisa | ñemby,1,46,0.9994518529241341,3
15349,La Nación,La Nación / MOPC solicita despejar franja de dominio ante avance de la obra de duplicación de la ruta PY01,2026-09-20 21:00:00-03:00,15517,Diario Paraguayo Noticias,MOPC solicita despejar franja de ruta PY01 | Diario Paraguayo,2026-09-20 21:00:00-03:00,0.9812,2,15349,15517,18,19,16,0,6,10,0.7619047619047619,82.24014282284807,0.7329279707505238,alya constructora s.a. | asunción | atro mojones | central | consorcio rutas del mercosur | construpar s.a. | cu | fernando de la mora | ministerio de obras públicas y comunicaciones | mopc | paraguarí | quiindy | san antonio | san lorenzo | tecnoedil s.a. | villa elisa,,alya constructora s.a. | consorcio rutas del mercosur | construpar s.a. | ministerio de obras públicas y comunicaciones | mopc | tecnoedil s.a.,asunción | atro mojones | central | cu | fernando de la mora | paraguarí | quiindy | san antonio | san lorenzo | villa elisa,1,46,0.9998608804387942,3
15351,HOY,Diario HOY | Dos senadores de “Primera División” le presumen su antigüedad a César Sosa,2026-09-20 21:00:00-03:00,15373,adn,"Larga vida a Honor Colorado, es lo que augura Bachi Núñez - ADN Digital",2026-09-20 21:00:00-03:00,0.8814,2,15351,15373,18,12,4,2,2,0,0.1538461538461538,18.240394656992045,0.141217244748227,anr | basilio núñez | congreso | césar sosa,basilio núñez | césar sosa,anr | congreso,,1,1,0.40015923504327083,1
15351,HOY,Diario HOY | Dos senadores de “Primera División” le presumen su antigüedad a César Sosa,2026-09-20 21:00:00-03:00,15432,Última Hora,"“Mantenerse en primera división es difícil"", advierte Bachi a Cesarito",2026-09-20 21:00:00-03:00,0.8996,2,15351,15432,18,10,3,1,1,1,0.12,13.93161042102494,0.1061867357876613,congreso | césar sosa | guairá,césar sosa,congreso,guairá,1,1,0.6304876462257624,1
15351,HOY,Diario HOY | Dos senadores de “Primera División” le presumen su antigüedad a César Sosa,2026-09-20 21:00:00-03:00,15572,Telefuturo,Conflicto en Honor Colorado por declaraciones de César Sosa,2026-09-20 21:00:00-03:00,0.9114,2,15351,15572,18,6,5,5,0,0,0.2631578947368421,26.78947736780433,0.2771185853395189,basil | césar sosa | io núñez | silvio ovelar | sosa,basil | césar sosa | io núñez | silvio ovelar | sosa,,,1,1,0.508995571882116,1
15453,El Observador,Defensa de Rivas considera excesiva la pena solicitada de 12 años - El Observador,2026-09-20 21:00:00-03:00,15352,NPY,Fiscalía solicita 12 años de prisión para el exsenador colorado Hernán Rivas,2026-09-20 21:00:00-03:00,0.8982,1,15352,15453,9,26,4,2,2,0,0.1290322580645161,16.48377473404678,0.09722309908217,fiscalía | herná | ministerio público | rivas,herná | rivas,fiscalía | ministerio público,,0,2,0.5578369238731035,1
15355,Itapúa en Noticias,"AGUAS DANZANTES, BUS TURÍSTICO Y LA RECUPERACIÓN DE LA ZONA BAJA: LAS PROPUESTAS DE NOVOSAD",2026-09-20 21:00:00-03:00,15444,Megacadena,Santiago Peña se reúne con empresarios para impulsar proyecto en la Costanera Norte,2026-09-20 21:00:00-03:00,0.8147,0,15355,15444,8,10,0,0,0,0,0.0,0.0,0.0,,,,,0,0,0.02352311483631666,3
15355,Itapúa en Noticias,"AGUAS DANZANTES, BUS TURÍSTICO Y LA RECUPERACIÓN DE LA ZONA BAJA: LAS PROPUESTAS DE NOVOSAD",2026-09-20 21:00:00-03:00,15462,Itapúa en Noticias,CARLOS PEREIRA QUIERE MÁS OPORTUNIDADES PARA LOS JÓVENES EN ENCARNACIÓN,2026-09-20 21:00:00-03:00,0.8333,0,15355,15462,8,6,2,0,0,2,0.1666666666666666,8.966046648668765,0.1283027756104368,encarnación | república del paraguay,,,encarnación | república del paraguay,0,0,0.1120461186926265,3
15429,Ñanduti,Imputan a las máximas autoridades de APA por presunta lesión de confianza por cerca de G 2.000 millones,2026-09-20 21:00:00-03:00,15363,Resumen de Noticias,Prieto atribuye disputa en Honor Colorado a “negocios”,2026-09-20 21:00:00-03:00,0.7797,0,15363,15429,14,16,1,0,1,0,0.0344827586206896,3.712800803860808,0.0230428891860564,fiscalía,,fiscalía,,0,0,0.0082716095313235,3
15489,ABC Color,Senado culmina audiencias y avanza hacia las ternas para la Defensoría del Pueblo - Política - ABC Color,2026-09-20 21:00:00-03:00,15372,adn,Comisión investigará deudas y pagos selectivos en IPS y Salud - ADN Digital,2026-09-20 21:00:00-03:00,0.7937,0,15372,15489,24,23,3,0,3,0,0.0681818181818181,11.981245921620246,0.0471150093518949,anr | estado | senado,,anr | estado | senado,,0,2,0.0243491090730516,1
15554,Última Hora,Advierten que venta de inmuebles no puede financiar fondo de salud de IPS,2026-09-20 21:00:00-03:00,15372,adn,Comisión investigará deudas y pagos selectivos en IPS y Salud - ADN Digital,2026-09-20 21:00:00-03:00,0.7669,0,15372,15554,10,23,3,1,2,0,0.1,15.200121746488447,0.0885417966124958,derlis león | instituto de previsión social | ips,derlis león,instituto de previsión social | ips,,0,2,0.005439701156817387,1
15374,Ñanduti,Banco Continental integra la emisión y custodia en la nueva era del CDA Digital,2026-09-20 21:00:00-03:00,15472,Más Encarnación,BCP habilita los Certificados de Depósito de Ahorro 100% digitales,2026-09-20 21:00:00-03:00,0.9297,2,15374,15472,5,5,2,0,2,0,0.25,8.04975591679461,0.1952165354030836,banco central del paraguay | bcp,,banco central del paraguay | bcp,,1,22,0.9270038137765704,5
15453,El Observador,Defensa de Rivas considera excesiva la pena solicitada de 12 años - El Observador,2026-09-20 21:00:00-03:00,15378,Megacadena,"Fiscalía pide 12 años de prisión para Hernán Rivas por su título ""trucho"" de abogado",2026-09-20 21:00:00-03:00,0.885,1,15378,15453,9,21,2,1,1,0,0.0714285714285714,8.35991084509845,0.0538705850959411,fiscalía | rivas,rivas,fiscalía,,0,2,0.3528621889465962,1
15464,ABC Color,Diputados define mañana la prohibición de celulares en todas las instituciones educativas - Política - ABC Color,2026-09-20 21:00:00-03:00,15420,Amambay News,Blanca Ovelar cuestiona las supervisiones pedagógicas y pide asumir la “complejidad” de la crisis educativa - Amambay News,2026-09-20 21:00:00-03:00,0.7837,0,15420,15464,4,2,0,0,0,0,0.0,0.0,0.0,,,,,0,26,0.0038158867196196864,4
15429,Ñanduti,Imputan a las máximas autoridades de APA por presunta lesión de confianza por cerca de G 2.000 millones,2026-09-20 21:00:00-03:00,15565,La Nación,La Nación / Fiscalía imputa a cuatro directivos de APA por presunto desvío de casi G. 2.000 millones,2026-09-20 21:00:00-03:00,0.9351,2,15429,15565,14,15,8,6,2,0,0.3809523809523809,45.04986990898434,0.3743669711265779,apa | david herminio portillo biancotti | fiscalía | humberto victorio rodas orué | juan josé maría vidal bonin | juan leonardi guerrero | julio césar ortiz gonzález | walter mario cabrera martínez,david herminio portillo biancotti | humberto victorio rodas orué | juan josé maría vidal bonin | juan leonardi guerrero | julio césar ortiz gonzález | walter mario cabrera martínez,apa | fiscalía,,1,0,0.8906590467090655,3
15486,ABC Color,Suba de combustible: ¿llegará el aumento a los precios de los supermercados? - Negocios - ABC Color,2026-09-20 21:00:00-03:00,15434,La Nación,La Nación / Transportistas manifiestan complicado panorama a causa del alto costo del combustible,2026-09-20 21:00:00-03:00,0.8726,0,15434,15486,5,11,1,0,0,0,0.0666666666666666,2.326506442740917,0.02728182026419,paraguay,,,,0,47,0.2634983699708653,4
15498,La Nación,La Nación / ¡No es visita! Paraguaya presume que su novio llega a su casa y hace de todo,2026-09-20 21:00:00-03:00,15449,Popular,Popular / ¡Celebraron su boda de plata!,2026-09-20 21:00:00-03:00,0.7415,0,15449,15498,7,5,0,0,0,0,0.0,0.0,0.0,,,,,0,0,0.0012287173073561757,3
15453,El Observador,Defensa de Rivas considera excesiva la pena solicitada de 12 años - El Observador,2026-09-20 21:00:00-03:00,15450,Crónica,Fiscalía pide 12 años para Hernán Rivas por el caso del supuesto título falso,2026-09-20 21:00:00-03:00,0.8958,1,15450,15453,9,11,4,2,2,0,0.25,16.48377473404678,0.1983359624611923,fiscalía | herná | ministerio público | rivas,herná | rivas,fiscalía | ministerio público,,0,2,0.6176929336432367,1
15464,ABC Color,Diputados define mañana la prohibición de celulares en todas las instituciones educativas - Política - ABC Color,2026-09-20 21:00:00-03:00,15480,Resumen de Noticias,Celulares en escuelas: Diputados define proyecto mañana,2026-09-20 21:00:00-03:00,0.9626,2,15464,15480,4,5,3,0,3,0,0.5,15.382443303282402,0.4574420341637689,"comisión de educación, cultura y culto | cámara de diputados | senado",,"comisión de educación, cultura y culto | cámara de diputados | senado",,1,26,0.998934077752273,4
15465,ABC Color,Líderes de 22 países e instituciones reclaman supervisión humana para la IA - Tecnología - ABC Color,2026-09-20 21:00:00-03:00,15568,5Días,"El dilema de la IA ya no es cómo frenarla, sino quién la controla",2026-09-20 21:00:00-03:00,0.8415,1,15465,15568,29,0,0,0,0,0,0.0,0.0,0.0,,,,,0,8,0.049252886954482204,4
15478,Ñanduti,Ministerio de la Mujer repudia denuncias de acoso sexual y violencia digital que afectan a estudiantes de la UNA,2026-09-20 21:00:00-03:00,15549,Última Hora,UNA: Investigan denuncias de acoso a estudiantes de varias facultades y unidades académicas,2026-09-20 21:00:00-03:00,0.9296,1,15478,15549,6,18,3,0,3,0,0.1428571428571428,13.66479180620807,0.1164342425240395,ministerio de la mujer | ministerio público | una,,ministerio de la mujer | ministerio público | una,,0,27,0.9109477637320894,5
15478,Ñanduti,Ministerio de la Mujer repudia denuncias de acoso sexual y violencia digital que afectan a estudiantes de la UNA,2026-09-20 21:00:00-03:00,15556,Última Hora,Denuncia de acoso en la UNA: Piden no difundir imágenes,2026-09-20 21:00:00-03:00,0.9632,1,15478,15556,6,2,2,0,2,0,0.3333333333333333,9.81334450905597,0.357599830761105,ministerio | una,,ministerio | una,,0,27,0.9882207806717885,5
15486,ABC Color,Suba de combustible: ¿llegará el aumento a los precios de los supermercados? - Negocios - ABC Color,2026-09-20 21:00:00-03:00,15502,Telefuturo,Preocupación ante escalada del precio del combustible,2026-09-20 21:00:00-03:00,0.8217,0,15486,15502,5,2,0,0,0,0,0.0,0.0,0.0,,,,,0,47,0.020785972848885653,4
15548,ABC Color,Acceso al país por el Puente de la Amistad se encuentra en deplorable estado por los baches - ABC en el Este - ABC Color,2026-09-20 21:00:00-03:00,15516,Diario Paraguayo Noticias,Puente de la Integración avanza con apertura gradual | Diario Paraguayo,2026-09-20 21:00:00-03:00,0.8318,0,15516,15548,18,12,3,0,0,2,0.1111111111111111,11.511242292374511,0.0798730951319138,brasil | paraguay | y,,,brasil | y,0,44,0.07535359624525136,5
15538,Ñanduti,Peña viaja con comitiva de 13 personas a EE.UU.: el decreto no revela cuánto costará la numerosa misión oficial,2026-09-20 21:00:00-03:00,15543,ABC Color,Peña se reúne en Nueva York con empresarios que pretenden “transformar” la Costanera Norte - Política - ABC Color,2026-09-20 21:00:00-03:00,0.8473,0,15538,15543,27,21,4,2,2,0,0.0909090909090909,15.475357524516223,0.0641357330834577,estado | onu | peña | santiago peña,peña | santiago peña,estado | onu,,0,0,0.13545578741802647,3
