target_id,target_source,target_title,target_date,candidate_id,candidate_source,candidate_title,candidate_date,similarity,event_label,pair_article_1,pair_article_2,target_entity_count,candidate_entity_count,shared_entities,shared_per,shared_org,shared_loc,entity_jaccard,idf_overlap,idf_jaccard,shared_entity_names,shared_person_names,shared_org_names,shared_location_names,same_event,prob_logistic_regression,prob_random_forest,prob_extra_trees,prob_gradient_boosting,prob_histgradientboosting,cv_fold
14546,Última Hora,Iván Duque debatirá sobre infraestructura en Paraguay,2026-09-19 21:00:00-03:00,14603,El Independiente,Paraguay se encuentra en un punto de inflexión histórica,2026-09-19 21:00:00-03:00,0.784,0,14546,14603,10,12,2,0,1,1,0.1,5.816163695287515,0.0514452174026152,estado | paraguay,,estado,paraguay,0,0.010735212311772937,0.09938879658017588,0.13509530467544906,0.022810815544484737,0.006288010793196704,3
14546,Última Hora,Iván Duque debatirá sobre infraestructura en Paraguay,2026-09-19 21:00:00-03:00,14920,El Independiente,Peña tiene ocho encuentros económicos antes del debate de Naciones Unidas,2026-09-20 21:00:00-03:00,0.7823,0,14546,14920,10,12,1,0,0,1,0.0476190476190476,2.326506442740917,0.0217889918200963,paraguay,,,paraguay,0,0.006326292436407431,0.00961764691679946,0.03182771212415212,0.0035337899697328646,0.0007453641086414149,3
14546,Última Hora,Iván Duque debatirá sobre infraestructura en Paraguay,2026-09-19 21:00:00-03:00,15354,Itapúa en Noticias,"CAMBYRETÁ CRECE, PERO ¿ESTÁ PREPARADO PARA EL SALTO?",2026-09-20 21:00:00-03:00,0.7949,0,14546,15354,10,10,0,0,0,0,0.0,0.0,0.0,,,,,0,0.008173585476021228,0.0017089876555475738,0.03559329617637198,0.0037788103555991904,0.0007777402052384721,3
14546,Última Hora,Iván Duque debatirá sobre infraestructura en Paraguay,2026-09-19 21:00:00-03:00,15444,Megacadena,Santiago Peña se reúne con empresarios para impulsar proyecto en la Costanera Norte,2026-09-20 21:00:00-03:00,0.7819,0,14546,15444,10,10,1,0,0,1,0.0526315789473684,2.326506442740917,0.0235079450311314,paraguay,,,paraguay,0,0.006268099558016075,0.0036945699937225357,0.033005150218021806,0.0035337899697328646,0.0007453641086414149,3
14546,Última Hora,Iván Duque debatirá sobre infraestructura en Paraguay,2026-09-19 21:00:00-03:00,15543,ABC Color,Peña se reúne en Nueva York con empresarios que pretenden “transformar” la Costanera Norte - Política - ABC Color,2026-09-20 21:00:00-03:00,0.7922,0,14546,15543,10,21,2,0,1,1,0.0689655172413793,5.816163695287515,0.0368339593990357,estado | paraguay,,estado,paraguay,0,0.01468113292575605,0.027389241505620818,0.09873719110959338,0.003516490252866353,0.0007717376347629094,3
14549,Última Hora,Golpe,2026-09-19 21:00:00-03:00,14554,Última Hora,La rebelión de los ahijados traza el futuro del cartismo,2026-09-19 21:00:00-03:00,0.8962,0,14549,14554,15,16,7,5,2,0,0.2916666666666667,30.62363947874397,0.263939306256651,alliana | bcp | cartes | cio cartes | hora | peña | república,alliana | cartes | cio cartes | hora | peña,bcp | república,,0,0.6054602939556689,0.5668056343982815,0.6634802030890486,0.419827257988273,0.10891559417363027,4
14549,Última Hora,Golpe,2026-09-19 21:00:00-03:00,14856,Última Hora,Alliana asume mando en ausencia de Peña y en plena crisis en HC,2026-09-20 21:00:00-03:00,0.8625,0,14549,14856,15,20,6,5,1,0,0.2068965517241379,26.206641658136636,0.1896159323253895,alliana | cartes | cio cartes | hora | partido colorado | peña,alliana | cartes | cio cartes | hora | peña,partido colorado,,0,0.15210395570169802,0.1605292968469439,0.49319569843339334,0.025915583504449984,0.014738317274310525,4
14549,Última Hora,Golpe,2026-09-19 21:00:00-03:00,15205,Resumen de Noticias,Alliana asume el gobierno ante fractura interna en HC,2026-09-20 21:00:00-03:00,0.8713,0,14549,15205,15,20,6,5,1,0,0.2068965517241379,26.206641658136636,0.1847038315190107,alliana | cartes | cio cartes | hora | partido colorado | peña,alliana | cartes | cio cartes | hora | peña,partido colorado,,0,0.22187150057893157,0.2597816777993249,0.5476332032375424,0.025915583504449984,0.027877630076142572,4
14549,Última Hora,Golpe,2026-09-19 21:00:00-03:00,15493,Última Hora,Cartes no se pronuncia y esta semana se podría dar una reunión con Alliana,2026-09-20 21:00:00-03:00,0.8567,0,14549,15493,15,16,3,3,0,0,0.1071428571428571,12.1363847438204,0.0921312640045418,alliana | cartes | peña,alliana | cartes | peña,,,0,0.10832064555236258,0.053073960947189275,0.27090969558928507,0.010653986053914419,0.0026610282432995695,4
14550,Última Hora,La cuenta de la canilla abierta,2026-09-19 21:00:00-03:00,14763,La Nación,La Nación / Economistas coinciden en un reajuste de presupuesto y replanteamiento tributario a futuro,2026-09-19 21:00:00-03:00,0.8811,0,14550,14763,2,6,0,0,0,0,0.0,0.0,0.0,,,,,0,0.2641546734847047,0.01132425431323022,0.14673759375951972,0.05736264155611962,0.008934623009311183,1
14550,Última Hora,La cuenta de la canilla abierta,2026-09-19 21:00:00-03:00,14859,Última Hora,"PGN 2027: Advierten de más gasto y deuda, con menor margen fiscal",2026-09-20 21:00:00-03:00,0.8473,0,14550,14859,2,6,2,0,2,0,0.3333333333333333,7.0381550051161295,0.2289512951427519,estado | gobierno,,estado | gobierno,,0,0.28718776434336685,0.28485073289283824,0.45172885344168645,0.09362024546874687,0.1024199506996554,1
14550,Última Hora,La cuenta de la canilla abierta,2026-09-19 21:00:00-03:00,15071,QAP Chaco News,PGN 2027: más gasto bajo presión fiscal - QAP CHACO NEWS,2026-09-20 21:00:00-03:00,0.8325,0,14550,15071,2,5,0,0,0,0,0.0,0.0,0.0,,,,,0,0.04485312822091028,0.0012226436633437088,0.06252839003097248,0.003706143686534739,0.0015583150054668858,1
14560,Última Hora,Baila 2026: Una pareja eliminada y puro rock and roll,2026-09-19 21:00:00-03:00,14643,Diario Paraguayo Noticias,Dionisio Amarilla reivindica la unidad opositora y el cumplimiento de los acuerdos | Diario Paraguayo,2026-09-19 21:00:00-03:00,0.7208,0,14560,14643,31,26,1,0,0,0,0.0178571428571428,5.435567401601912,0.0166503276367881,en,,,,0,9.52425402335142e-05,0.002004793224586145,0.04591805049762235,0.002056540117576608,0.000723584931933367,4
14560,Última Hora,Baila 2026: Una pareja eliminada y puro rock and roll,2026-09-19 21:00:00-03:00,14661,Diario Paraguayo Noticias,Amarilla reivindica unidad opositora y cumplimiento de acuerdos | Diario Paraguayo,2026-09-19 21:00:00-03:00,0.7156,0,14560,14661,31,22,0,0,0,0,0.0,0.0,0.0,,,,,0,6.463952735890451e-05,0.0016992376690305893,0.03974634111741453,0.002056540117576608,0.000723584931933367,4
14560,Última Hora,Baila 2026: Una pareja eliminada y puro rock and roll,2026-09-19 21:00:00-03:00,15015,Crónica,"“Vamos con todo”, he’í Aliseda",2026-09-20 21:00:00-03:00,0.719,0,14560,15015,31,9,0,0,0,0,0.0,0.0,0.0,,,,,0,7.73124147727266e-05,0.0016992376690305893,0.0401364861073135,0.002056540117576608,0.000723584931933367,4
14560,Última Hora,Baila 2026: Una pareja eliminada y puro rock and roll,2026-09-19 21:00:00-03:00,15207,Resumen de Noticias,Rock en Py Fest 2026 confirma su quinta edición,2026-09-20 21:00:00-03:00,0.733,0,14560,15207,31,15,0,0,0,0,0.0,0.0,0.0,,,,,0,0.00016157968210675042,0.0016992376690305893,0.04126794275930071,0.002056540117576608,0.000723584931933367,4
14560,Última Hora,Baila 2026: Una pareja eliminada y puro rock and roll,2026-09-19 21:00:00-03:00,15238,Crónica,[VIDEO] ¿Ya viste cómo le quedaron los cuadraditos a la maína? ??,2026-09-20 21:00:00-03:00,0.723,0,14560,15238,31,2,0,0,0,0,0.0,0.0,0.0,,,,,0,9.543763828185193e-05,0.0016992376690305893,0.0401364861073135,0.002056540117576608,0.000723584931933367,4
14561,Última Hora,"Telefuturo: Vive la Vida celebra 23 años, TF Stream 2 y estrena Calle 7: Al Límite",2026-09-19 21:00:00-03:00,14885,Última Hora,2007 Oniria celebra su primer galardón,2026-09-20 21:00:00-03:00,0.7854,0,14561,14885,11,11,0,0,0,0,0.0,0.0,0.0,,,,,0,0.005848499651752381,0.0007894984010036467,0.047026400084646855,0.0034600117955988635,0.001113050845307434,5
14886,Última Hora,"Latele cumple 18 años de historia, renovando y estrenando casa",2026-09-20 21:00:00-03:00,14561,Última Hora,"Telefuturo: Vive la Vida celebra 23 años, TF Stream 2 y estrena Calle 7: Al Límite",2026-09-19 21:00:00-03:00,0.8154,0,14561,14886,11,11,1,0,1,0,0.0476190476190476,5.658710952916121,0.0442673708241474,úh,,úh,,0,0.01397859818873257,0.017161865911865914,0.090435894116044,0.002056540117576608,0.0007980390387704565,4
14561,Última Hora,"Telefuturo: Vive la Vida celebra 23 años, TF Stream 2 y estrena Calle 7: Al Límite",2026-09-19 21:00:00-03:00,15389,Diario Paraguayo Noticias,Latele cumple 18 años con nueva sede y tecnología | Diario Paraguayo,2026-09-20 21:00:00-03:00,0.8085,0,14561,15389,11,17,1,0,1,0,0.037037037037037,5.658710952916121,0.0343879305154857,úh,,úh,,0,0.022328447972302407,0.005258696315230567,0.09085383615291148,0.0034600117955988635,0.001173950279370284,5
14561,Última Hora,"Telefuturo: Vive la Vida celebra 23 años, TF Stream 2 y estrena Calle 7: Al Límite",2026-09-19 21:00:00-03:00,15402,Extra,¡Sanie y Rubén celebran los 23 años con Vive la Vida!,2026-09-20 21:00:00-03:00,0.8316,0,14561,15402,11,14,1,1,0,0,0.0416666666666666,5.946393025367902,0.0395017168345238,dani willigs,dani willigs,,,0,0.041053902411957215,0.004239421564702463,0.09860960733015277,0.004027650483356624,0.001043267560071331,5
14561,Última Hora,"Telefuturo: Vive la Vida celebra 23 años, TF Stream 2 y estrena Calle 7: Al Límite",2026-09-19 21:00:00-03:00,15404,Extra,Kiara Coronel festeja los 2 años de TF Stream: “Somos los únicos con conductores preparados”,2026-09-20 21:00:00-03:00,0.8261,0,14561,15404,11,7,1,0,1,0,0.0588235294117647,5.946393025367902,0.0560599447528932,tf stream,,tf stream,,0,0.04951434055967816,0.007329408881629976,0.12852889304585882,0.0034600117955988635,0.001173950279370284,5
15325,ABC Color,"Orlando Gill y Meli Ávalos, enamorados en París - Gente - ABC Color",2026-09-20 21:00:00-03:00,14562,Última Hora,El casamiento de Arlette y Fabrizio,2026-09-19 21:00:00-03:00,0.7714,0,14562,15325,12,8,0,0,0,0,0.0,0.0,0.0,,,,,0,0.004032563036599769,0.001993951413616215,0.03975041974889296,0.0039700585174930105,0.0010265869969534485,2
14564,La Nación,"La Nación / En Capiatá, 95 parejas dan el “sí” y suman más de 7.100 bodas comunitarias",2026-09-19 21:00:00-03:00,14563,Última Hora,"Constanza y Carlos dieron el sí, quiero",2026-09-19 21:00:00-03:00,0.8058,0,14563,14564,8,10,0,0,0,0,0.0,0.0,0.0,,,,,0,0.013952049396153372,0.0007894984010036467,0.05072357099395112,0.0034600117955988635,0.001113050845307434,5
14564,La Nación,"La Nación / En Capiatá, 95 parejas dan el “sí” y suman más de 7.100 bodas comunitarias",2026-09-19 21:00:00-03:00,14647,Diario Paraguayo Noticias,"En Capiatá, 95 parejas dan el “sí” y suman más de 7.100 bodas comunitarias | Diario Paraguayo",2026-09-19 21:00:00-03:00,0.9895,2,14564,14647,8,9,7,1,3,3,0.7,36.60979054617639,0.721544212742381,capiatá | cooperativa capiatá | dios | fundación santa librada | misiones | posta ybycuá | santa rosa,dios,cooperativa capiatá | fundación santa librada | posta ybycuá,capiatá | misiones | santa rosa,1,0.9992192062575379,0.9996,0.9532642493257142,0.9946453733879022,0.997603360040164,5
14564,La Nación,"La Nación / En Capiatá, 95 parejas dan el “sí” y suman más de 7.100 bodas comunitarias",2026-09-19 21:00:00-03:00,14664,Diario Paraguayo Noticias,95 parejas formalizaron unión en Capiatá | Diario Paraguayo,2026-09-19 21:00:00-03:00,0.9769,2,14564,14664,8,9,7,1,3,3,0.7,36.60979054617639,0.721544212742381,capiatá | dios | fundación santa librada | misiones | parroquia inmaculada concepción | posta ybycuá | santa rosa,dios,fundación santa librada | parroquia inmaculada concepción | posta ybycuá,capiatá | misiones | santa rosa,1,0.9986581394531309,0.9996,0.9528452096928398,0.9946453733879022,0.997603360040164,5
14657,La Nación,La Nación / IPS Ingavi habilita un consultorio especializado en cirugía vascular,2026-09-19 21:00:00-03:00,14565,La Nación,La Nación / Canindeyú registra cerca de 60.000 atenciones médicas en agosto,2026-09-19 21:00:00-03:00,0.742,0,14565,14657,10,8,0,0,0,0,0.0,0.0,0.0,,,,,0,0.0012680167945074681,0.001993951413616215,0.03495044762138321,0.0039700585174930105,0.0010265869969534485,2
15489,ABC Color,Senado culmina audiencias y avanza hacia las ternas para la Defensoría del Pueblo - Política - ABC Color,2026-09-20 21:00:00-03:00,14566,La Nación,La Nación / Candidata de Lista 1 no objetará mesas del PLRA en Capiatá pese a vencer plazo electoral,2026-09-19 21:00:00-03:00,0.7878,0,14566,15489,24,21,1,0,1,0,0.0227272727272727,4.154633556139848,0.016693301757384,anr,,anr,,0,0.01006340291550633,0.0064739456449982745,0.06316681309575313,0.003706143686534739,0.0011706792451142698,1
15560,Última Hora,"Biblioteca Nacional: 139 años de memoria, libros y patrimonio",2026-09-20 21:00:00-03:00,14576,La Nación,La Nación / Proyectos financiados por el BID deberán ajustarse a nuevas reglas de acceso a la información,2026-09-19 21:00:00-03:00,0.7164,0,14576,15560,9,7,1,0,0,1,0.0666666666666666,2.326506442740917,0.0278742282424088,paraguay,,,paraguay,0,0.0005721056793714297,0.00044242424242424243,0.053507476489179265,0.007022610880641306,0.0010708246241200798,1
14577,La Nación,La Nación / Dionisio Amarilla reivindica la unidad opositora y el cumplimiento de los acuerdos,2026-09-19 21:00:00-03:00,14630,ABC Color,ANR busca unidad en Ayolas y minimiza crisis de la cúpula nacional - Política - ABC Color,2026-09-19 21:00:00-03:00,0.8776,0,14577,14630,23,25,1,0,1,0,0.0212765957446808,4.965563772356176,0.0193139092651008,plra,,plra,,0,0.3433647636161402,0.07863769487257266,0.24847626802728973,0.08677251000157986,0.01846960333009324,3
14577,La Nación,La Nación / Dionisio Amarilla reivindica la unidad opositora y el cumplimiento de los acuerdos,2026-09-19 21:00:00-03:00,14643,Diario Paraguayo Noticias,Dionisio Amarilla reivindica la unidad opositora y el cumplimiento de los acuerdos | Diario Paraguayo,2026-09-19 21:00:00-03:00,0.9896,2,14577,14643,23,26,21,10,4,7,0.75,109.87722990451284,0.7233624512274057,aldo lepretti | amarilla | cambyretá | carlos pereira | carnación | claudio chávez | congreso | coronel bogado | di | dionisio amarilla | directorio del partido liberal radical auténtico | diálogo azul | en | encarnación | gloria arregui | itapúa | luis yd | onisio amarilla | paraguay | plra | san juan del paraná,aldo lepretti | amarilla | carlos pereira | claudio chávez | coronel bogado | di | dionisio amarilla | gloria arregui | luis yd | onisio amarilla,congreso | directorio del partido liberal radical auténtico | diálogo azul | plra,cambyretá | carnación | en | encarnación | itapúa | paraguay | san juan del paraná,1,0.9991354847699727,0.8819888139638141,0.9345681495482053,0.9649951468521357,0.9716185870583685,3
14577,La Nación,La Nación / Dionisio Amarilla reivindica la unidad opositora y el cumplimiento de los acuerdos,2026-09-19 21:00:00-03:00,14661,Diario Paraguayo Noticias,Amarilla reivindica unidad opositora y cumplimiento de acuerdos | Diario Paraguayo,2026-09-19 21:00:00-03:00,0.9755,2,14577,14661,23,22,18,9,4,5,0.6666666666666666,93.1242405970787,0.6509402228167985,aldo lepretti | amarilla | cambyretá | carlos pereira | claudio chávez | congreso | di | dionisio amarilla | directorio del partido liberal radical auténtico | diálogo azul | encarnación | gloria arregui | itapúa | luis yd | onisio amarilla | paraguay | plra | san juan del paraná,aldo lepretti | amarilla | carlos pereira | claudio chávez | di | dionisio amarilla | gloria arregui | luis yd | onisio amarilla,congreso | directorio del partido liberal radical auténtico | diálogo azul | plra,cambyretá | encarnación | itapúa | paraguay | san juan del paraná,1,0.9973845351772306,0.8832221472971474,0.9317814558804938,0.9891598639969589,0.9716185870583685,3
14577,La Nación,La Nación / Dionisio Amarilla reivindica la unidad opositora y el cumplimiento de los acuerdos,2026-09-19 21:00:00-03:00,15120,ABC Color,Senador minimiza disputas internas en HC y apunta a los 10 distritos de Misiones - Política - ABC Color,2026-09-20 21:00:00-03:00,0.8675,0,14577,15120,23,19,0,0,0,0,0.0,0.0,0.0,,,,,0,0.18129905933838886,0.007959659206219126,0.13506923734349105,0.014013731734756008,0.0033601854848879903,3
14577,La Nación,La Nación / Dionisio Amarilla reivindica la unidad opositora y el cumplimiento de los acuerdos,2026-09-19 21:00:00-03:00,15205,Resumen de Noticias,Alliana asume el gobierno ante fractura interna en HC,2026-09-20 21:00:00-03:00,0.8624,0,14577,15205,23,20,0,0,0,0,0.0,0.0,0.0,,,,,0,0.14947028122981498,0.008459659206219126,0.12108882087660426,0.014013731734756008,0.0033601854848879903,3
14580,La Nación,La Nación / Otra victoria y clasificación,2026-09-19 21:00:00-03:00,14605,Resumen de Noticias,Team Paraguay suma 22 medallas en los Juegos Odesur 2026,2026-09-19 21:00:00-03:00,0.934,1,14580,14605,25,21,12,7,4,1,0.3529411764705882,62.6300615411358,0.3243935700768253,argentina | carla león | eduardo delmás | gabriela | gabriela narváez | julieta escobar | kevin amarilla | paloma narváez | paraguay | team paraguay | uruguay | venezuela,carla león | eduardo delmás | gabriela | gabriela narváez | julieta escobar | kevin amarilla | paloma narváez,paraguay | team paraguay | uruguay | venezuela,argentina,0,0.9018746653852359,0.8628676046176044,0.7989322078833289,0.8634708219893199,0.9151136257744438,4
14580,La Nación,La Nación / Otra victoria y clasificación,2026-09-19 21:00:00-03:00,15231,Crónica,[VÍDEO] Paraguay termina puntero de su grupo en los Odesur,2026-09-20 21:00:00-03:00,0.8765,2,14580,15231,25,13,6,0,3,3,0.1875,27.331193010633285,0.1528592636023929,albirroja | argentina | estadio marcelo bielsa | paraguay | rosario | uruguay,,albirroja | paraguay | uruguay,argentina | estadio marcelo bielsa | rosario,1,0.4755226003040384,0.5353362660215601,0.621029311688315,0.6324354846305853,0.7974215678562018,4
14580,La Nación,La Nación / Otra victoria y clasificación,2026-09-19 21:00:00-03:00,15365,Resumen de Noticias,Albirroja Sub 20 avanza de manera invicta a semifinales de los Juegos Odesur,2026-09-20 21:00:00-03:00,0.9182,2,14580,15365,25,19,7,1,6,0,0.1891891891891892,31.20861579418865,0.1493623580125088,albirroja | albirroja sub-20 | antolín alcaraz | argentina | paraguay | uruguay | venezuela,antolín alcaraz,albirroja | albirroja sub-20 | argentina | paraguay | uruguay | venezuela,,1,0.7361419156248988,0.9066596958596959,0.7539216314962042,0.9715273138023284,0.9864689181855341,4
14580,La Nación,La Nación / Otra victoria y clasificación,2026-09-19 21:00:00-03:00,15456,Amambay News,Paraguay avanza invicto y espera rival - Amambay News,2026-09-20 21:00:00-03:00,0.8648,2,14580,15456,25,13,5,1,3,1,0.1515151515151515,22.547950795071067,0.121663804771909,albirroja | antolín alcaraz | estadio marcelo bielsa | paraguay | uruguay,antolín alcaraz,albirroja | paraguay | uruguay,estadio marcelo bielsa,1,0.19904989397631717,0.17244290709290705,0.4578780017142192,0.02450266105956376,0.010457991681024705,4
14580,La Nación,La Nación / Otra victoria y clasificación,2026-09-19 21:00:00-03:00,15482,adn,Paraguay empata con Uruguay y avanza a semifinales del Odesur como líder de grupo - ADN Digital,2026-09-20 21:00:00-03:00,0.8521,2,14580,15482,25,15,7,2,5,0,0.2121212121212121,30.920933721736866,0.164132343367637,albirroja | antolín alcaraz | argentina | eduardo delmás | paraguay | uruguay | venezuela,antolín alcaraz | eduardo delmás,albirroja | argentina | paraguay | uruguay | venezuela,,1,0.08853177728580336,0.1261113442113442,0.39172002117081706,0.007220647771358903,0.011738941969560563,4
15180,Última Hora,El diseñador paraguayo Simón Villalba es reconocido como Mejor Diseñador en Nueva York,2026-09-20 21:00:00-03:00,14584,La Nación,La Nación / Un paraguayo es elegido Mejor Diseñador de la Temporada en la New York Fashion Week,2026-09-19 21:00:00-03:00,0.9559,2,14584,15180,8,6,5,1,0,4,0.5555555555555556,20.55998065688839,0.4594304585034687,estados unidos | nueva jersey | nueva york | paraguay | villalba,villalba,,estados unidos | nueva jersey | nueva york | paraguay,1,0.9900925533086053,0.9517756153976741,0.8766023041320119,0.9969058318430944,0.9986684501605275,1
14768,La Nación,"La Nación / Neruda y Paraguay: un diálogo entre la poesía, el exilio y la memoria",2026-09-19 21:00:00-03:00,14590,La Nación,La Nación / Fiestas patrias: distinguida cita en la Embajada de Chile,2026-09-19 21:00:00-03:00,0.7236,0,14590,14768,15,11,3,0,0,3,0.1304347826086956,10.40524989640878,0.07689949691577,asunción | chile | paraguay,,,asunción | chile | paraguay,0,0.0012796301843296097,0.094222113997114,0.16560158033293232,0.022156843925869838,0.0014344454054452964,5
14808,Ñanduti,Patria Querida afirma que la visita de Santiago Peña a Delcy Rodríguez en Venezuela “avergüenza” al Paraguay,2026-09-19 21:00:00-03:00,14593,UNICANAL,Santiago Peña se reúne con Delcy Rodríguez en Venezuela | Unicanal,2026-09-19 21:00:00-03:00,0.8903,2,14593,14808,12,12,4,3,0,1,0.2,15.25958803365473,0.1581214887643323,delcy rodríguez | peña | santiago peña | venezuela,delcy rodríguez | peña | santiago peña,,venezuela,1,0.4312616273504104,0.563375313575313,0.6023406249913597,0.25859414252697277,0.26990229861020265,1
15465,ABC Color,Líderes de 22 países e instituciones reclaman supervisión humana para la IA - Tecnología - ABC Color,2026-09-20 21:00:00-03:00,14598,5Días,Trump acelera la carrera por la IA y prepara un nuevo “zar”,2026-09-19 21:00:00-03:00,0.8245,1,14598,15465,29,4,0,0,0,0,0.0,0.0,0.0,,,,,0,0.030662031762730593,0.0007894984010036467,0.05893362510743732,0.0034600117955988635,0.001113050845307434,5
14603,El Independiente,Paraguay se encuentra en un punto de inflexión histórica,2026-09-19 21:00:00-03:00,14601,El Independiente,De pirata a enclave del lujo,2026-09-19 21:00:00-03:00,0.7879,0,14601,14603,12,4,1,0,0,1,0.0666666666666666,2.326506442740917,0.0301726239613187,paraguay,,,paraguay,0,0.008415133182777944,0.00026679221594475835,0.03840433118595004,0.0035337899697328646,0.0007453641086414149,3
14603,El Independiente,Paraguay se encuentra en un punto de inflexión histórica,2026-09-19 21:00:00-03:00,15359,5Días,Paraguay atrae más capital extranjero y cambia su perfil de inversión,2026-09-20 21:00:00-03:00,0.8071,0,14603,15359,12,2,1,0,0,1,0.0769230769230769,2.326506442740917,0.0330543701661369,paraguay,,,paraguay,0,0.020216472668395564,0.017455723905723905,0.044499477690329886,0.01656708681752539,0.003416801663710889,3
14603,El Independiente,Paraguay se encuentra en un punto de inflexión histórica,2026-09-19 21:00:00-03:00,15470,Última Hora,Analista sugiere cambios en el BCP para recuperar confianza en el sector financiero,2026-09-20 21:00:00-03:00,0.7894,0,14603,15470,12,15,1,0,0,1,0.0384615384615384,2.326506442740917,0.0168875781807002,paraguay,,,paraguay,0,0.008569175298296464,0.00026679221594475835,0.03041140854206749,0.0035337899697328646,0.0007453641086414149,3
14747,Ñanduti,Paraguay y Venezuela anuncian una “nueva etapa” y apuntan a restablecer plenamente sus relaciones diplomáticas,2026-09-19 21:00:00-03:00,14604,Resumen de Noticias,Santiago Peña y Delcy Rodríguez firman documento para afianzar lazos bilaterales,2026-09-19 21:00:00-03:00,0.936,2,14604,14747,12,14,7,4,2,2,0.3684210526315789,27.176295434137405,0.2821334329320923,caracas | delcy rodríguez | paraguay | peña | rodríguez | santiago peña | venezuela,delcy rodríguez | peña | rodríguez | santiago peña,paraguay | venezuela,caracas | venezuela,1,0.9695890899718258,0.9865619047619049,0.8754858855823123,0.9917129556481163,0.9918090673470418,4
15115,Ñanduti,Lunes caluroso con tormentas y máxima de 35 grados: el martes la temperatura bajaría hasta 21 grados,2026-09-20 21:00:00-03:00,14606,Resumen de Noticias,Prevén caluroso inicio de semana y luego frente frío,2026-09-19 21:00:00-03:00,0.8653,1,14606,15115,13,8,2,0,2,0,0.1052631578947368,10.352341009788656,0.1030914359628847,dirección de meteorología e hidrología | dmh,,dirección de meteorología e hidrología | dmh,,0,0.33313922242961114,0.28073966442054665,0.4107610998365717,0.07678632137857982,0.4802724795205724,3
15550,Última Hora,"Titular del BCP, Baruja y Marco Riquelme integran la comitiva de Peña en EEUU",2026-09-20 21:00:00-03:00,14609,adn,"Es Alliana quien debe elegir a su dupla, según Baruja - ADN Digital",2026-09-19 21:00:00-03:00,0.8915,0,14609,15550,26,11,8,7,0,0,0.2758620689655172,33.12920297131491,0.2330324996196902,alliana | baruja | cartes | honor colorado | horacio cartes | juan carlos baruja | pedro alliana | santiago peña,alliana | baruja | cartes | horacio cartes | juan carlos baruja | pedro alliana | santiago peña,,,0,0.5074646368287568,0.6440269785769783,0.7131861866815196,0.49670900311251476,0.6210687259079081,2
15119,ABC Color,San Ignacio: trabajadores de salud cierran la ruta PY01 y exigen aumento salarial del 50% - Nacionales - ABC Color,2026-09-20 21:00:00-03:00,14611,adn,Unos 16 sindicatos de Salud marcharán por reajuste salarial y carrera sanitaria - ADN Digital,2026-09-19 21:00:00-03:00,0.8705,1,14611,15119,13,18,1,1,0,0,0.0333333333333333,4.742420221041966,0.0285884708604586,isaías fretes,isaías fretes,,,0,0.1811500089300294,0.009168746253537018,0.18508737721954727,0.024187478167948587,0.0058806738541255,2
15489,ABC Color,Senado culmina audiencias y avanza hacia las ternas para la Defensoría del Pueblo - Política - ABC Color,2026-09-20 21:00:00-03:00,14612,adn,Rigo Chamorro propone una Junta Municipal con “menos confrontación y más soluciones” - ADN Digital,2026-09-19 21:00:00-03:00,0.7909,0,14612,15489,24,25,1,0,1,0,0.0208333333333333,4.154633556139848,0.0145315608860824,anr,,anr,,0,0.011378554953645243,0.0064739456449982745,0.06364476239369944,0.003706143686534739,0.0011706792451142698,1
14796,Amambay News,Paraguay duplica las pruebas de VIH y agiliza inicio de los tratamientos en todo el país - Amambay News,2026-09-19 21:00:00-03:00,14615,adn,Paraguay supera las 350.000 pruebas de VIH y avanza en el tratamiento temprano - ADN Digital,2026-09-19 21:00:00-03:00,0.9212,2,14615,14796,2,3,0,0,0,0,0.0,0.0,0.0,,,,,1,0.657857972759101,0.9396301265399443,0.6045692999593599,0.9373460297695425,0.9690630724894236,1
14809,ABC Color,El partido de Putin se perfila ganador en elecciones rusas marcadas por ataque ucraniano - Mundo - ABC Color,2026-09-19 21:00:00-03:00,14619,adn,Las elecciones en Rusia entran en su última jornada tras denuncias de fraude y una baja participación del electorado - ADN Digital,2026-09-19 21:00:00-03:00,0.9397,1,14619,14809,14,22,5,2,2,1,0.1612903225806451,26.699865209114645,0.1503046592503659,ldpr | moscú | putin | rusia unida | serguéi sobianin,putin | serguéi sobianin,ldpr | rusia unida,moscú,0,0.9302893172262429,0.961748217142335,0.8508640382258291,0.9710294499313817,0.9925862888652219,4
15114,Ñanduti,"Rusia Unida obtiene su mejor resultado histórico y revalida la mayoría constitucional en la Duma, según datos oficiales",2026-09-20 21:00:00-03:00,14619,adn,Las elecciones en Rusia entran en su última jornada tras denuncias de fraude y una baja participación del electorado - ADN Digital,2026-09-19 21:00:00-03:00,0.8456,2,14619,15114,15,22,8,1,6,1,0.2758620689655172,44.16620440442627,0.265922987995532,kremlin | nikolái ribakov | partido comunista | rusia justa | rusia unida | tribunal supremo | ucrania | yábloko,nikolái ribakov,kremlin | partido comunista | rusia justa | rusia unida | tribunal supremo | yábloko,ucrania,1,0.10755070806829141,0.14285534302299016,0.41395500346745273,0.009474540921403945,0.007346548109544489,4
14822,ABC Color,Miguel Prieto: “Honor Colorado está usando al BCP como garrote” - Política - ABC Color,2026-09-20 21:00:00-03:00,14622,ABC Color,Filizzola acusa a Peña y al cartismo de poner en riesgo los fondos públicos y del IPS - Política - ABC Color,2026-09-19 21:00:00-03:00,0.8497,0,14622,14822,15,23,4,0,3,0,0.1176470588235294,15.326321945355737,0.0882833704349019,banco central del paraguay | bcp | estado | honor colorado,,banco central del paraguay | bcp | estado,,0,0.2659095424232739,0.5393229089537916,0.532089085173139,0.5125944024002981,0.912412595475211,3
15429,Ñanduti,Imputan a las máximas autoridades de APA por presunta lesión de confianza por cerca de G 2.000 millones,2026-09-20 21:00:00-03:00,14622,ABC Color,Filizzola acusa a Peña y al cartismo de poner en riesgo los fondos públicos y del IPS - Política - ABC Color,2026-09-19 21:00:00-03:00,0.7911,0,14622,15429,14,23,0,0,0,0,0.0,0.0,0.0,,,,,0,0.00688911105524228,0.0017089876555475738,0.03482879642789322,0.0037788103555991904,0.0007777402052384721,3
14874,Última Hora,Jóvenes denuncian injusticias y reclaman oportunidades reales,2026-09-20 21:00:00-03:00,14623,ABC Color,"Iglesia llama a jóvenes a no entregar la patria a quienes siembran “muerte, violencia y corrupción” - Nacionales - ABC Color",2026-09-19 21:00:00-03:00,0.8897,0,14623,14874,7,6,1,0,1,0,0.0833333333333333,5.099095164980699,0.0758770675012341,iglesia,,iglesia,,0,0.46438051594461405,0.22472996776718887,0.40256550909210714,0.14034474716538703,0.05877146742882072,5
14677,ABC Color,Gobernador vaticina victoria de la ANR en los 10 distritos de Misiones - Política - ABC Color,2026-09-19 21:00:00-03:00,14630,ABC Color,ANR busca unidad en Ayolas y minimiza crisis de la cúpula nacional - Política - ABC Color,2026-09-19 21:00:00-03:00,0.9138,2,14630,14677,11,25,8,2,2,4,0.2857142857142857,40.25359847855025,0.2608475328404531,anr | ayolas | josé mutti | misiones | partido colorado | richard ramírez | san patricio | santa rosa,josé mutti | richard ramírez,anr | partido colorado,ayolas | misiones | san patricio | santa rosa,1,0.9193064390133497,0.957702308802309,0.8331842918619785,0.9750043261070757,0.988952704882486,1
14631,ABC Color,Bomberos advierten sobre hundimiento del asfalto sobre ruta PY06 en Trinidad - Economía - ABC Color,2026-09-19 21:00:00-03:00,15492,ABC Color,San Ignacio: OCM reclama asistencia tras la inundación de campo comunal - Economía - ABC Color,2026-09-20 21:00:00-03:00,0.8096,0,14631,15492,7,20,0,0,0,0,0.0,0.0,0.0,,,,,0,0.01769059994320079,0.0012226436633437088,0.05194140012202658,0.003706143686534739,0.0010708246241200798,1
14999,Diario Paraguayo Noticias,EE. UU. y China establecen diálogo sobre IA | Diario Paraguayo,2026-09-20 21:00:00-03:00,14638,Diario Paraguayo Noticias,China y EEUU afinan visita de Xi con tregua comercial en juego | Diario Paraguayo,2026-09-19 21:00:00-03:00,0.9221,0,14638,14999,16,18,9,5,3,1,0.36,45.70239991815359,0.3338912910040938,bessent | china | donald trump | he lifeng | nueva york | pekín | scott bessent | washington | xi jinping,bessent | donald trump | he lifeng | scott bessent | xi jinping,china | pekín | washington,nueva york,0,0.9365207175875432,0.9371148705096077,0.8195492853799058,0.9652175027275051,0.9635770240017212,2
14770,La Nación,"La Nación / IA, desinfodemia y Sun Tzu",2026-09-19 21:00:00-03:00,14640,Diario Paraguayo Noticias,¿Se puede “apagar” una inteligencia artificial? | Diario Paraguayo,2026-09-19 21:00:00-03:00,0.8059,0,14640,14770,9,8,1,0,1,0,0.0625,5.253245844807957,0.0528949355279247,afp,,afp,,0,0.021618443023720978,0.00506274221496331,0.09741577018616462,0.0034600117955988635,0.001173950279370284,5
15560,Última Hora,"Biblioteca Nacional: 139 años de memoria, libros y patrimonio",2026-09-20 21:00:00-03:00,14645,Diario Paraguayo Noticias,Proyectos financiados por el BID deberán ajustarse a nuevas reglas de acceso a la información | Diario Paraguayo,2026-09-19 21:00:00-03:00,0.7134,0,14645,15560,9,7,1,0,0,1,0.0666666666666666,2.326506442740917,0.0284447202960837,paraguay,,,paraguay,0,0.0005046355587073274,0.00044242424242424243,0.053507476489179265,0.007022610880641306,0.0010708246241200798,1
14657,La Nación,La Nación / IPS Ingavi habilita un consultorio especializado en cirugía vascular,2026-09-19 21:00:00-03:00,14646,Diario Paraguayo Noticias,Canindeyú: 60.000 atenciones médicas en agosto | Diario Paraguayo,2026-09-19 21:00:00-03:00,0.7188,0,14646,14657,10,10,0,0,0,0,0.0,0.0,0.0,,,,,0,0.0005081703564357817,0.001993951413616215,0.03395125724230667,0.0039700585174930105,0.0010265869969534485,2
14681,La Nación,La Nación / XV Feria de Aves de Sudamérica finaliza hoy con una atractiva agenda para la ciudadanía,2026-09-19 21:00:00-03:00,14652,Última Hora,Más de 150 gua’a embellecen el cielo en el Departamento Central,2026-09-19 21:00:00-03:00,0.8016,0,14652,14681,11,14,1,0,0,1,0.0416666666666666,2.326506442740917,0.0182851402862323,paraguay,,,paraguay,0,0.014886751111976725,0.00026679221594475835,0.03483185948241741,0.0035337899697328646,0.0007453641086414149,3
14656,La Nación,La Nación / Tragedia en Capiatá: discusión vecinal termina con un fallecido y un herido,2026-09-19 21:00:00-03:00,14853,ABC Color,Capiatá: hombre mató a tiros a joven por cruzar su cancha de vóley - Policiales - ABC Color,2026-09-20 21:00:00-03:00,0.9244,2,14656,14853,15,14,4,1,1,2,0.16,19.754285675216643,0.138601566777489,capiatá | divino niño jesús | ministerio público | ulises fabián candia báez,ulises fabián candia báez,ministerio público,capiatá | divino niño jesús,1,0.8679202354903847,0.891838816738817,0.8014583065588037,0.958307081825627,0.9868769811493331,1
14657,La Nación,La Nación / IPS Ingavi habilita un consultorio especializado en cirugía vascular,2026-09-19 21:00:00-03:00,14682,El Independiente,Ministro de salud llevará sus visitas sorpresa a hospitales de todo el país,2026-09-19 21:00:00-03:00,0.6997,0,14657,14682,10,6,0,0,0,0,0.0,0.0,0.0,,,,,0,0.00023928665193115268,0.001993951413616215,0.03379588123236261,0.0039700585174930105,0.0010265869969534485,2
14657,La Nación,La Nación / IPS Ingavi habilita un consultorio especializado en cirugía vascular,2026-09-19 21:00:00-03:00,15217,Megacadena,Maratón de Cirugías del IPS Ciudad del Este concluyó con 213 procedimientos a 181 pacientes,2026-09-20 21:00:00-03:00,0.7291,0,14657,15217,10,4,0,0,0,0,0.0,0.0,0.0,,,,,0,0.0007626952180190169,0.001993951413616215,0.03471422714894227,0.0039700585174930105,0.0010265869969534485,2
14657,La Nación,La Nación / IPS Ingavi habilita un consultorio especializado en cirugía vascular,2026-09-19 21:00:00-03:00,15573,Resumen de Noticias,“No sirve el hecho de ir a marcar y tomar tereré”: Fretes advierte controles estrictos a médicos,2026-09-20 21:00:00-03:00,0.6851,0,14657,15573,10,8,0,0,0,0,0.0,0.0,0.0,,,,,0,0.0001345386648461707,0.001993951413616215,0.03379588123236261,0.0039700585174930105,0.0010265869969534485,2
14770,La Nación,"La Nación / IA, desinfodemia y Sun Tzu",2026-09-19 21:00:00-03:00,14660,Diario Paraguayo Noticias,¿Es posible detener una inteligencia artificial? | Diario Paraguayo,2026-09-19 21:00:00-03:00,0.8043,0,14660,14770,9,5,0,0,0,0,0.0,0.0,0.0,,,,,0,0.013091555217890275,0.0007894984010036467,0.05046401227793729,0.0034600117955988635,0.001113050845307434,5
15560,Última Hora,"Biblioteca Nacional: 139 años de memoria, libros y patrimonio",2026-09-20 21:00:00-03:00,14663,Diario Paraguayo Noticias,Instituciones paraguayas se adecuan a política de acceso a la información del BID | Diario Paraguayo,2026-09-19 21:00:00-03:00,0.7276,0,14663,15560,9,7,1,0,0,1,0.0666666666666666,2.326506442740917,0.0284447202960837,paraguay,,,paraguay,0,0.0009138983475633988,0.00044242424242424243,0.053507476489179265,0.007022610880641306,0.0010708246241200798,1
14677,ABC Color,Gobernador vaticina victoria de la ANR en los 10 distritos de Misiones - Política - ABC Color,2026-09-19 21:00:00-03:00,14667,Última Hora,"Dirigentes admiten preferencias, pero relativizan interna por vice",2026-09-19 21:00:00-03:00,0.8656,0,14667,14677,11,12,2,2,0,0,0.0952380952380952,8.484208561776025,0.0796695928536129,césar sosa | pedro alliana,césar sosa | pedro alliana,,,0,0.15266540381534022,0.05460648355475942,0.25723647651015297,0.042525138835010315,0.003283330324062291,1
14667,Última Hora,"Dirigentes admiten preferencias, pero relativizan interna por vice",2026-09-19 21:00:00-03:00,14896,La Nación,La Nación / Baruja ratifica la potestad de Alliana para la elección de su dupla tras las municipales,2026-09-20 21:00:00-03:00,0.9144,2,14667,14896,12,17,6,5,0,0,0.2608695652173913,25.987952457171804,0.2328853424862017,alliana | césar sosa | honor colorado | juan carlos baruja | pedro alliana | raúl latorre,alliana | césar sosa | juan carlos baruja | pedro alliana | raúl latorre,,,1,0.6370435007145707,0.8631018315018318,0.7107436311510362,0.8262075671259508,0.9827755522000107,5
14667,Última Hora,"Dirigentes admiten preferencias, pero relativizan interna por vice",2026-09-19 21:00:00-03:00,14988,Diario Paraguayo Noticias,Baruja ratifica la potestad de Alliana para la elección de su dupla tras las municipales | Diario Paraguayo,2026-09-20 21:00:00-03:00,0.9074,2,14667,14988,12,17,6,5,0,0,0.2608695652173913,25.987952457171804,0.2370184337867532,alliana | césar sosa | honor colorado | juan carlos baruja | pedro alliana | raúl latorre,alliana | césar sosa | juan carlos baruja | pedro alliana | raúl latorre,,,1,0.5649825792654343,0.7466686147186145,0.664512907239877,0.3835691746457213,0.8127421170158439,5
14667,Última Hora,"Dirigentes admiten preferencias, pero relativizan interna por vice",2026-09-19 21:00:00-03:00,15116,ABC Color,"Crisis en Honor Colorado: “Lo que se ve no se pregunta”, dice Beto Ovelar - Nacionales - ABC Color",2026-09-20 21:00:00-03:00,0.9109,2,14667,15116,12,16,3,2,0,0,0.12,12.40464873041508,0.0985662648098907,honor colorado | juan carlos baruja | pedro alliana,juan carlos baruja | pedro alliana,,,1,0.5917704175495933,0.7994515373515373,0.5756070643078033,0.9115940270718166,0.9029046604562608,5
14667,Última Hora,"Dirigentes admiten preferencias, pero relativizan interna por vice",2026-09-19 21:00:00-03:00,15205,Resumen de Noticias,Alliana asume el gobierno ante fractura interna en HC,2026-09-20 21:00:00-03:00,0.9099,1,14667,15205,12,20,4,3,0,0,0.1428571428571428,16.482909307770353,0.1202400037760048,alliana | césar sosa | honor colorado | pedro alliana,alliana | césar sosa | pedro alliana,,,0,0.5664150768319741,0.7697907148407147,0.6196220332456384,0.6550140760088761,0.9420577162985868,5
14667,Última Hora,"Dirigentes admiten preferencias, pero relativizan interna por vice",2026-09-19 21:00:00-03:00,15281,ABC Color,"Crisis en Honor Colorado: “Lo que se ve no se pregunta”, dice Beto Ovelar - Política - ABC Color",2026-09-20 21:00:00-03:00,0.9089,2,14667,15281,12,16,3,2,0,0,0.12,12.40464873041508,0.0976032578699633,honor colorado | juan carlos baruja | pedro alliana,juan carlos baruja | pedro alliana,,,1,0.5708321925190155,0.753840426240426,0.5601043951822202,0.523829820166814,0.9235261159412466,5
14747,Ñanduti,Paraguay y Venezuela anuncian una “nueva etapa” y apuntan a restablecer plenamente sus relaciones diplomáticas,2026-09-19 21:00:00-03:00,14668,Última Hora,Peña inicia diálogo con Delcy para reanudar relaciones con Venezuela,2026-09-19 21:00:00-03:00,0.9455,2,14668,14747,12,18,8,4,3,3,0.3636363636363636,32.61186283573932,0.2979799070587425,caracas | delcy rodríguez | paraguay | peña | presidencia | rodríguez | santiago peña | venezuela,delcy rodríguez | peña | rodríguez | santiago peña,paraguay | presidencia | venezuela,caracas | paraguay | venezuela,1,0.9800058508378257,0.9515611111111112,0.8689003111178358,0.9889146938552609,0.9804599749325462,4
14808,Ñanduti,Patria Querida afirma que la visita de Santiago Peña a Delcy Rodríguez en Venezuela “avergüenza” al Paraguay,2026-09-19 21:00:00-03:00,14668,Última Hora,Peña inicia diálogo con Delcy para reanudar relaciones con Venezuela,2026-09-19 21:00:00-03:00,0.899,2,14668,14808,12,18,8,4,0,3,0.3636363636363636,30.724793186706936,0.2768408270588893,caracas | delcy rodríguez | gobierno | paraguay | peña | rodríguez | santiago peña | venezuela,delcy rodríguez | peña | rodríguez | santiago peña,,caracas | paraguay | venezuela,1,0.7149720008841426,0.7750422513760749,0.7048816321656561,0.8446984309389032,0.8460475598487424,1
15491,ABC Color,Elecciones Municipales: La importancia de los observadores - Política - ABC Color,2026-09-20 21:00:00-03:00,14669,Última Hora,Justicia Electoral y el Ministerio Público coordinan aplicación del Voto Asistido,2026-09-19 21:00:00-03:00,0.7933,0,14669,15491,10,7,0,0,0,0,0.0,0.0,0.0,,,,,0,0.00951392425826206,0.001993951413616215,0.043595311349023565,0.0039700585174930105,0.0010265869969534485,2
14670,La Nación,La Nación / Vende sopa paraguaya en Argentina para cumplir su sueño: estudiar en la universidad,2026-09-19 21:00:00-03:00,14827,ABC Color,Estudiar en el país de los títulos falsos: el amargo contraste de ser joven hoy en Paraguay - Nacionales - ABC Color,2026-09-20 21:00:00-03:00,0.7394,0,14670,14827,8,12,0,0,0,0,0.0,0.0,0.0,,,,,0,0.0008124326671372031,0.0007894984010036467,0.04196688407436467,0.0034600117955988635,0.001113050845307434,5
14670,La Nación,La Nación / Vende sopa paraguaya en Argentina para cumplir su sueño: estudiar en la universidad,2026-09-19 21:00:00-03:00,14832,ABC Color,Día de la Juventud: un emprendedor que incursiona en la relojería - ABC en el Este - ABC Color,2026-09-20 21:00:00-03:00,0.7336,0,14670,14832,8,2,0,0,0,0,0.0,0.0,0.0,,,,,0,0.0006331398818945112,0.0007894984010036467,0.04168544450509527,0.0034600117955988635,0.001113050845307434,5
14670,La Nación,La Nación / Vende sopa paraguaya en Argentina para cumplir su sueño: estudiar en la universidad,2026-09-19 21:00:00-03:00,15157,San Lorenzo Py,"Don Felipe, el “Rey del bollo” que trabaja desde hace 25 años en las calles de San Lorenzo » San Lorenzo PY",2026-09-20 21:00:00-03:00,0.7402,0,14670,15157,8,16,0,0,0,0,0.0,0.0,0.0,,,,,0,0.000840856733508354,0.0007894984010036467,0.04196688407436467,0.0034600117955988635,0.001113050845307434,5
14670,La Nación,La Nación / Vende sopa paraguaya en Argentina para cumplir su sueño: estudiar en la universidad,2026-09-19 21:00:00-03:00,15226,Extra,Joven salteño vende sopa paraguaya con la receta que le dio su abuela,2026-09-20 21:00:00-03:00,0.8752,2,14670,15226,8,13,4,1,1,2,0.2352941176470588,22.111595667899937,0.2330488595162227,argentina | barrio miguel ortiz | brandon | informate salta,brandon,informate salta,argentina | barrio miguel ortiz,1,0.5148034044364106,0.4662373570873571,0.5962954541521904,0.20489034027228883,0.06025752213929612,5
14670,La Nación,La Nación / Vende sopa paraguaya en Argentina para cumplir su sueño: estudiar en la universidad,2026-09-19 21:00:00-03:00,15232,Crónica,Nuestro vori vori sigue mandando en el mundo ??,2026-09-20 21:00:00-03:00,0.731,0,14670,15232,8,3,0,0,0,0,0.0,0.0,0.0,,,,,0,0.0005661755033222438,0.0007894984010036467,0.04137893246247415,0.0034600117955988635,0.001113050845307434,5
14675,Itapúa en Noticias,TRES PERSONAS ABANDONAN ANIMAL VACUNO TRAS HUIR DE LA POLICÍA EN ALTO VERÁ,2026-09-19 21:00:00-03:00,15073,Concepción al Día,Faenan una vaca preñada en estancia de San Carlos del Apa - Concepción al Día,2026-09-20 21:00:00-03:00,0.8316,0,14675,15073,6,9,1,0,1,0,0.0714285714285714,3.3814436679063653,0.0414997263778635,ministerio público,,ministerio público,,0,0.037278974672639534,0.00154029304029304,0.10066801535760486,0.002056540117576608,0.0007839851458165137,4
14675,Itapúa en Noticias,TRES PERSONAS ABANDONAN ANIMAL VACUNO TRAS HUIR DE LA POLICÍA EN ALTO VERÁ,2026-09-19 21:00:00-03:00,15077,Itapúa en Noticias,“CAZAN” CAMIONETAS EN ITAPÚA Y LAS ESCONDEN EN CAAZAPÁ,2026-09-20 21:00:00-03:00,0.7939,0,14675,15077,6,7,1,0,0,1,0.0833333333333333,4.560098664248011,0.0693217339537021,república del paraguay,,,república del paraguay,0,0.007663029162323577,0.0018255271970314053,0.06978151834830366,0.0027934759373402064,0.0007535323051061472,4
14676,Ñanduti,"Juventud paraguaya: 1,5 millones enfrentan informalidad, pobreza y el desafío de acceder a más oportunidades",2026-09-19 21:00:00-03:00,15248,Ahora CDE,"En Paraguay el 24,7% de la población tiene entre 15 y 29 años de edad",2026-09-20 21:00:00-03:00,0.8917,0,14676,15248,4,3,3,0,2,1,0.75,11.366661063563402,0.6839184555142168,ine | instituto nacional de estadística | paraguay,,ine | instituto nacional de estadística,paraguay,0,0.985201153046539,0.743431715506715,0.8156050046893436,0.5834516693457027,0.8273854894790944,4
14676,Ñanduti,"Juventud paraguaya: 1,5 millones enfrentan informalidad, pobreza y el desafío de acceder a más oportunidades",2026-09-19 21:00:00-03:00,15300,Megacadena,El acceso al primer empleo formal continúa siendo uno de los principales desafíos para los jóvenes en Paraguay,2026-09-20 21:00:00-03:00,0.8869,0,14676,15300,4,4,1,0,0,1,0.1428571428571428,2.326506442740917,0.0652130358831927,paraguay,,,paraguay,0,0.6018048865133026,0.5146194154926437,0.4890174044796183,0.1816072001001037,0.5033272352257316,4
14676,Ñanduti,"Juventud paraguaya: 1,5 millones enfrentan informalidad, pobreza y el desafío de acceder a más oportunidades",2026-09-19 21:00:00-03:00,15316,ABC Color,"Día de la Juventud: desempleo golpea con más fuerza a menores de 25 años, revela MTESS - Economía - ABC Color",2026-09-20 21:00:00-03:00,0.8943,0,14676,15316,4,5,2,0,1,1,0.2857142857142857,6.806562399315392,0.2004981205809635,ine | paraguay,,ine,paraguay,0,0.8241479734207983,0.8451706765456768,0.7896712153822091,0.8376202743942637,0.9777257258134155,4
14676,Ñanduti,"Juventud paraguaya: 1,5 millones enfrentan informalidad, pobreza y el desafío de acceder a más oportunidades",2026-09-19 21:00:00-03:00,15529,Itapúa en Noticias,MERCADO LABORAL JUVENIL REGISTRA AVANCES EN FORMALIZACIÓN,2026-09-20 21:00:00-03:00,0.8816,0,14676,15529,4,6,3,0,2,1,0.4285714285714285,11.366661063563402,0.3260234452289117,ine | instituto nacional de estadística | paraguay,,ine | instituto nacional de estadística,paraguay,0,0.834515569578688,0.7046593933843932,0.6767330248711724,0.8412431454198113,0.8725753583713269,4
14677,ABC Color,Gobernador vaticina victoria de la ANR en los 10 distritos de Misiones - Política - ABC Color,2026-09-19 21:00:00-03:00,15120,ABC Color,Senador minimiza disputas internas en HC y apunta a los 10 distritos de Misiones - Política - ABC Color,2026-09-20 21:00:00-03:00,0.9205,2,14677,15120,11,19,7,2,2,3,0.3043478260869565,34.81803107694834,0.2897716889614638,anr | ayolas | josé mutti | misiones | partido colorado | richard ramírez | santa rosa,josé mutti | richard ramírez,anr | partido colorado,ayolas | misiones | santa rosa,1,0.9250550713724148,0.9579784992784995,0.8516616875258326,0.9750043261070757,0.9877564516768842,1
14677,ABC Color,Gobernador vaticina victoria de la ANR en los 10 distritos de Misiones - Política - ABC Color,2026-09-19 21:00:00-03:00,15192,HOY,"Diario HOY | “Tenemos Honor Colorado para rato”, predice Bachi",2026-09-20 21:00:00-03:00,0.8729,0,14677,15192,11,19,2,1,1,0,0.0714285714285714,8.427050147936079,0.0593935406819163,anr | césar sosa,césar sosa,anr,,0,0.26032003101268075,0.05577209017036604,0.2278821603074485,0.042525138835010315,0.005913785961204351,1
14677,ABC Color,Gobernador vaticina victoria de la ANR en los 10 distritos de Misiones - Política - ABC Color,2026-09-19 21:00:00-03:00,15205,Resumen de Noticias,Alliana asume el gobierno ante fractura interna en HC,2026-09-20 21:00:00-03:00,0.8708,0,14677,15205,11,20,3,2,1,0,0.1071428571428571,12.9642645183505,0.0954625314009725,césar sosa | partido colorado | pedro alliana,césar sosa | pedro alliana,partido colorado,,0,0.23368241033369155,0.09932163506991096,0.3299596507305522,0.042525138835010315,0.0018897369568924764,1
14678,Última Hora,Trump dice que los hutíes de Yemen aceptaron no luchar contra EEUU,2026-09-19 21:00:00-03:00,14696,Diario Paraguayo Noticias,Trump dice que los hutíes de Yemen aceptaron no luchar contra EEUU | Diario Paraguayo,2026-09-19 21:00:00-03:00,0.9875,2,14678,14696,10,12,8,2,3,3,0.5714285714285714,40.63275195449919,0.5496435798040752,arabia saudita | eeuu | estados unidos | fox news | irlanda | trump | yemen | yingst,trump | yingst,eeuu | estados unidos | fox news,arabia saudita | irlanda | yemen,1,0.9988323415708175,1.0,0.967421177278111,0.9891471631161695,0.9979720827043337,2
14678,Última Hora,Trump dice que los hutíes de Yemen aceptaron no luchar contra EEUU,2026-09-19 21:00:00-03:00,14736,Diario Paraguayo Noticias,Trump afirma acuerdo con hutíes de Yemen | Diario Paraguayo,2026-09-19 21:00:00-03:00,0.9625,2,14678,14736,10,12,7,2,2,3,0.4666666666666667,35.379506109691235,0.4545440821186735,arabia saudita | estados unidos | fox news | irlanda | trump | yemen | yingst,trump | yingst,estados unidos | fox news,arabia saudita | irlanda | yemen,1,0.9940047842292837,0.9968,0.95006396298272,0.9910957970756066,0.9986000673027348,2
14678,Última Hora,Trump dice que los hutíes de Yemen aceptaron no luchar contra EEUU,2026-09-19 21:00:00-03:00,14836,ABC Color,Los hutíes dicen haber atacado “sitios sensibles” en la capital de Arabia Saudita - Mundo - ABC Color,2026-09-20 21:00:00-03:00,0.8428,1,14678,14836,10,14,4,0,2,2,0.2,19.031981910365243,0.1735588266382065,afp | arabia saudita | estados unidos | yemen,,afp | estados unidos,arabia saudita | yemen,0,0.3017945329649663,0.35132857142857143,0.4527222677402436,0.555418985508963,0.2577926637154913,2
14678,Última Hora,Trump dice que los hutíes de Yemen aceptaron no luchar contra EEUU,2026-09-19 21:00:00-03:00,14983,Diario Paraguayo Noticias,Ataques hutíes contra Arabia Saudí propician “escalada peligrosa” | Diario Paraguayo,2026-09-20 21:00:00-03:00,0.822,1,14678,14983,10,11,1,0,0,1,0.05,4.847780736699793,0.0456411115778543,yemen,,,yemen,0,0.04589496938825,0.0029373415856174478,0.06280955011944077,0.0039700585174930105,0.0010265869969534485,2
14678,Última Hora,Trump dice que los hutíes de Yemen aceptaron no luchar contra EEUU,2026-09-19 21:00:00-03:00,15376,Megacadena,El Gobierno yemení frena el avance hutí en Taiz y Marib,2026-09-20 21:00:00-03:00,0.8618,1,14678,15376,10,9,1,0,0,0,0.0555555555555555,5.253245844807957,0.0524017890222475,arabia saudita,,,,0,0.1500950702079822,0.014901447048138007,0.1594123539183329,0.01926209779443326,0.0062034279655331535,2
14684,ABC Color,Final feliz: localizan a familiares de una mujer desorientada en Asunción - Policiales - ABC Color,2026-09-19 21:00:00-03:00,14679,Última Hora,"Asalto con toma de rehén, persecución y tiroteo con policías en María Auxiliadora",2026-09-19 21:00:00-03:00,0.7351,0,14679,14684,7,5,0,0,0,0,0.0,0.0,0.0,,,,,0,0.00018046985147347034,0.0016992376690305893,0.04126794275930071,0.002056540117576608,0.000723584931933367,4
14681,La Nación,La Nación / XV Feria de Aves de Sudamérica finaliza hoy con una atractiva agenda para la ciudadanía,2026-09-19 21:00:00-03:00,14702,Diario Paraguayo Noticias,Naturaleza y aventura: la propuesta de la Senatur para los más jóvenes | Diario Paraguayo,2026-09-19 21:00:00-03:00,0.7866,0,14681,14702,11,18,2,0,0,2,0.074074074074074,5.439686124052603,0.0380049033979091,asunción | paraguay,,,asunción | paraguay,0,0.010091288582449199,0.02359858104858105,0.0510794296100692,0.005629145809739513,0.003918116793361659,3
14681,La Nación,La Nación / XV Feria de Aves de Sudamérica finaliza hoy con una atractiva agenda para la ciudadanía,2026-09-19 21:00:00-03:00,14703,Diario Paraguayo Noticias,XV Feria de Aves de Sudamérica finaliza hoy con una atractiva agenda para la ciudadanía | Diario Paraguayo,2026-09-19 21:00:00-03:00,0.9941,2,14681,14703,11,14,11,0,2,9,0.7857142857142857,56.72030529388704,0.7960287529391088,asunción | centro cultural del puerto de asunción | estación puerto olivares | lagunas saladas del chaco central | mef | mic | paraguay | parque nacional ybycuí | refugio biológico de mbaracayú | reserva natural del bosque mbaracayú | siara,,mef | mic,asunción | centro cultural del puerto de asunción | estación puerto olivares | lagunas saladas del chaco central | paraguay | parque nacional ybycuí | refugio biológico de mbaracayú | reserva natural del bosque mbaracayú | siara,1,0.999776671608524,0.9948666666666666,0.9692088806629988,0.9916953732292522,0.998142824321207,3
14681,La Nación,La Nación / XV Feria de Aves de Sudamérica finaliza hoy con una atractiva agenda para la ciudadanía,2026-09-19 21:00:00-03:00,14739,Diario Paraguayo Noticias,Naturaleza y aventura: propuesta de Senatur para jóvenes | Diario Paraguayo,2026-09-19 21:00:00-03:00,0.7945,0,14681,14739,11,13,1,0,0,1,0.0434782608695652,3.1131796813116863,0.0257022205777061,asunción,,,asunción,0,0.010868629379544775,0.00026679221594475835,0.03316204692594351,0.0035337899697328646,0.0007453641086414149,3
14681,La Nación,La Nación / XV Feria de Aves de Sudamérica finaliza hoy con una atractiva agenda para la ciudadanía,2026-09-19 21:00:00-03:00,14740,Diario Paraguayo Noticias,XV Feria de Aves de Sudamérica culmina con actividades | Diario Paraguayo,2026-09-19 21:00:00-03:00,0.9872,2,14681,14740,11,11,8,0,0,8,0.5714285714285714,39.39195184154933,0.5345163596639936,asunción | centro cultural del puerto de asunción | estación puerto olivares | lagunas saladas del chaco central | paraguay | parque nacional ybycuí | refugio biológico de mbaracayú | reserva natural del bosque mbaracayú,,,asunción | centro cultural del puerto de asunción | estación puerto olivares | lagunas saladas del chaco central | paraguay | parque nacional ybycuí | refugio biológico de mbaracayú | reserva natural del bosque mbaracayú,1,0.998841245835145,0.9491253857253859,0.9108635338086739,0.9926758598757922,0.998422233698016,3
15330,ABC Color,PGN 2027: Salud tendrá más recursos pese a limitada ejecución 2026 - Economía - ABC Color,2026-09-20 21:00:00-03:00,14682,El Independiente,Ministro de salud llevará sus visitas sorpresa a hospitales de todo el país,2026-09-19 21:00:00-03:00,0.7944,0,14682,15330,12,6,2,1,1,0,0.125,9.70798399339814,0.1106545058019485,isaías fretes | ministerio,isaías fretes,ministerio,,0,0.015192157127782034,0.10782972582972586,0.1867490828383401,0.008059519642325067,0.0010071704995157727,1
14684,ABC Color,Final feliz: localizan a familiares de una mujer desorientada en Asunción - Policiales - ABC Color,2026-09-19 21:00:00-03:00,15051,Amambay News,Aprehenden a funcionario público denunciado por violencia familiar en PJC - Amambay News,2026-09-20 21:00:00-03:00,0.7586,0,14684,15051,7,8,0,0,0,0,0.0,0.0,0.0,,,,,0,0.0006217961598093308,0.0016992376690305893,0.04389883882148758,0.002056540117576608,0.000723584931933367,4
14684,ABC Color,Final feliz: localizan a familiares de una mujer desorientada en Asunción - Policiales - ABC Color,2026-09-19 21:00:00-03:00,15117,ABC Color,Alerta Mafe: estas son las personas reportadas como desaparecidas en los últimos días - Nacionales - ABC Color,2026-09-20 21:00:00-03:00,0.7717,0,14684,15117,7,17,0,0,0,0,0.0,0.0,0.0,,,,,0,0.0012387148740325225,0.0016992376690305893,0.04468192920247788,0.002056540117576608,0.000723584931933367,4
14684,ABC Color,Final feliz: localizan a familiares de una mujer desorientada en Asunción - Policiales - ABC Color,2026-09-19 21:00:00-03:00,15193,NPY,Mujer fue brutalmente golpeada y su actual pareja es el principal sospechoso,2026-09-20 21:00:00-03:00,0.7713,0,14684,15193,7,8,0,0,0,0,0.0,0.0,0.0,,,,,0,0.001212927196174089,0.0016992376690305893,0.04468192920247788,0.002056540117576608,0.000723584931933367,4
14684,ABC Color,Final feliz: localizan a familiares de una mujer desorientada en Asunción - Policiales - ABC Color,2026-09-19 21:00:00-03:00,15334,Última Hora,Policías rescatan a víctima de una agresión brutal en un auto y detienen a la pareja en Caaguazú,2026-09-20 21:00:00-03:00,0.7825,0,14684,15334,7,5,0,0,0,0,0.0,0.0,0.0,,,,,0,0.0021855005570769175,0.0016992376690305893,0.04649140309774422,0.002056540117576608,0.000723584931933367,4
14747,Ñanduti,Paraguay y Venezuela anuncian una “nueva etapa” y apuntan a restablecer plenamente sus relaciones diplomáticas,2026-09-19 21:00:00-03:00,14686,El Independiente,Paraguay y Venezuela abren una nueva etapa con foco en comercio y cooperación,2026-09-19 21:00:00-03:00,0.9484,2,14686,14747,12,7,6,2,3,3,0.4615384615384615,23.714809058557503,0.4082569274985173,caracas | delcy rodríguez | estados | paraguay | santiago peña | venezuela,delcy rodríguez | santiago peña,estados | paraguay | venezuela,caracas | paraguay | venezuela,1,0.9936422752467683,0.9832333333333332,0.9107076862473238,0.9902079193651335,0.9933893021895348,4
15186,La Nación,La Nación / Campaña “Todos con Iván” busca alcanzar meta de G. 1.000 millones para su rehabilitación,2026-09-20 21:00:00-03:00,14695,Diario Paraguayo Noticias,Caacupé: Valenzuela critica a conductores que provocan accidentes y se dan a la fuga | Diario Paraguayo,2026-09-19 21:00:00-03:00,0.7343,0,14695,15186,9,8,0,0,0,0,0.0,0.0,0.0,,,,,0,0.00017302634369785648,0.0016992376690305893,0.04126794275930071,0.002056540117576608,0.000723584931933367,4
14729,La Nación,La Nación / Expo Kambuchi reunirá a artesanos y propuestas culturales en Tobatí,2026-09-19 21:00:00-03:00,14701,Diario Paraguayo Noticias,Expo Kambuchi 2026: artesanía y cultura en Tobatí | Diario Paraguayo,2026-09-19 21:00:00-03:00,0.984,2,14701,14729,9,10,8,2,2,4,0.7272727272727273,46.03069916199607,0.7793833642773886,barrio san rafael | cordillera | daniela gonzález | finca aguayo | gobernación de cordillera | graciela acuña | secretaría de turismo | tobatí,daniela gonzález | graciela acuña,gobernación de cordillera | secretaría de turismo,barrio san rafael | cordillera | finca aguayo | tobatí,1,0.9992774789718468,0.9993333333333333,0.968085190351172,0.9898316494021909,0.9981419803093501,2
14768,La Nación,"La Nación / Neruda y Paraguay: un diálogo entre la poesía, el exilio y la memoria",2026-09-19 21:00:00-03:00,14712,Amambay News,Patria Querida sostiene que el encuentro entre Santi y Delcy Rodríguez «avergüenza» al país - Amambay News,2026-09-19 21:00:00-03:00,0.7388,0,14712,14768,15,11,0,0,0,0,0.0,0.0,0.0,,,,,0,0.0007917464618662961,0.0007894984010036467,0.04196688407436467,0.0034600117955988635,0.001113050845307434,5
14808,Ñanduti,Patria Querida afirma que la visita de Santiago Peña a Delcy Rodríguez en Venezuela “avergüenza” al Paraguay,2026-09-19 21:00:00-03:00,14712,Amambay News,Patria Querida sostiene que el encuentro entre Santi y Delcy Rodríguez «avergüenza» al país - Amambay News,2026-09-19 21:00:00-03:00,0.9362,2,14712,14808,12,11,6,2,2,2,0.3529411764705882,27.894311429119917,0.3322053650624137,caracas | delcy rodríguez | patria querida | ppq | santiago peña | venezuela,delcy rodríguez | santiago peña,patria querida | ppq,caracas | venezuela,1,0.9551376838039054,0.9242783549783548,0.8673164911584459,0.8752192518553682,0.9055721944508346,1
14809,ABC Color,El partido de Putin se perfila ganador en elecciones rusas marcadas por ataque ucraniano - Mundo - ABC Color,2026-09-19 21:00:00-03:00,14720,Amambay News,"El partido del Kremlin gana las elecciones con el 57,5 % de votos, según los primeros resultados - Amambay News",2026-09-19 21:00:00-03:00,0.9271,1,14720,14809,14,19,4,1,1,1,0.1379310344827586,21.7830916009279,0.1293651224993565,duma | kiev | moscú | serguéi sobianin,serguéi sobianin,duma,moscú,0,0.8946016428504426,0.9044902773554948,0.8556413532856106,0.9096629514728888,0.9504214284323896,4
15114,Ñanduti,"Rusia Unida obtiene su mejor resultado histórico y revalida la mayoría constitucional en la Duma, según datos oficiales",2026-09-20 21:00:00-03:00,14720,Amambay News,"El partido del Kremlin gana las elecciones con el 57,5 % de votos, según los primeros resultados - Amambay News",2026-09-19 21:00:00-03:00,0.8827,2,14720,15114,15,19,5,1,3,0,0.1724137931034483,27.79847749778276,0.1651882035994149,duma | kremlin | nueva gente | rusia justa | vladímir putin,vladímir putin,duma | kremlin | rusia justa,,1,0.3905201013700594,0.598374347874348,0.5682905202722646,0.5472861703544774,0.8539426295947711,4
14722,Ñanduti,Cooperativa Universitaria celebró la juventud con su primer Sunset Experience,2026-09-19 21:00:00-03:00,14895,La Nación,La Nación / La Municipalidad de Asunción invita a una jornada para jóvenes,2026-09-20 21:00:00-03:00,0.8076,0,14722,14895,5,12,0,0,0,0,0.0,0.0,0.0,,,,,0,0.016293263780295636,0.0012226436633437088,0.051839927868345945,0.003706143686534739,0.0010708246241200798,1
14722,Ñanduti,Cooperativa Universitaria celebró la juventud con su primer Sunset Experience,2026-09-19 21:00:00-03:00,15102,Más Encarnación,"Color, Baile y Alegría marcaron la celebración de la Juventud y la Primavera en Encarnación",2026-09-20 21:00:00-03:00,0.8316,0,14722,15102,5,6,0,0,0,0,0.0,0.0,0.0,,,,,0,0.04326683151414444,0.0012226436633437088,0.060877208710820474,0.003706143686534739,0.0012019897922553415,1
14722,Ñanduti,Cooperativa Universitaria celebró la juventud con su primer Sunset Experience,2026-09-19 21:00:00-03:00,15152,Diario Paraguayo Noticias,Municipalidad de Asunción invita a jornada para jóvenes | Diario Paraguayo,2026-09-20 21:00:00-03:00,0.8203,0,14722,15152,5,13,0,0,0,0,0.0,0.0,0.0,,,,,0,0.027409831397482435,0.0012226436633437088,0.05503781422060166,0.003706143686534739,0.0010708246241200798,1
14722,Ñanduti,Cooperativa Universitaria celebró la juventud con su primer Sunset Experience,2026-09-19 21:00:00-03:00,15173,ABC Color,Comunidades rurales de Lima se unen mediante el deporte y reclaman un polideportivo - Nacionales - ABC Color,2026-09-20 21:00:00-03:00,0.8091,0,14722,15173,5,7,0,0,0,0,0.0,0.0,0.0,,,,,0,0.017330605519709254,0.0012226436633437088,0.05194140012202658,0.003706143686534739,0.0010708246241200798,1
14722,Ñanduti,Cooperativa Universitaria celebró la juventud con su primer Sunset Experience,2026-09-19 21:00:00-03:00,15264,Oviedo Press,"Juventud ovetense tendrá teatro, formación y actividades comunitarias durante septiembre - OviedoPress",2026-09-20 21:00:00-03:00,0.8054,0,14722,15264,5,12,0,0,0,0,0.0,0.0,0.0,,,,,0,0.014881405803205757,0.0012226436633437088,0.05175546331329316,0.003706143686534739,0.0010708246241200798,1
14723,Ñanduti,"Continental, preparado para liderar la nueva era del CDA Digital en Paraguay",2026-09-19 21:00:00-03:00,14894,La Nación,La Nación / Un paso más hacia la digitalización: BCP pone en marcha el CDA-d desde este lunes,2026-09-20 21:00:00-03:00,0.9164,2,14723,14894,5,4,2,0,2,0,0.2857142857142857,8.04975591679461,0.2479347252533526,banco central del paraguay | bcp,,banco central del paraguay | bcp,,1,0.8743966740368567,0.9844126262626263,0.8376590682435135,0.9680503927062484,0.9955503959505655,3
14723,Ñanduti,"Continental, preparado para liderar la nueva era del CDA Digital en Paraguay",2026-09-19 21:00:00-03:00,14990,Diario Paraguayo Noticias,Un paso más hacia la digitalización: BCP pone en marcha el CDA-d desde este lunes | Diario Paraguayo,2026-09-20 21:00:00-03:00,0.9183,2,14723,14990,5,4,2,0,2,0,0.2857142857142857,8.04975591679461,0.2479347252533526,banco central del paraguay | bcp,,banco central del paraguay | bcp,,1,0.8835550857228457,0.9828459595959597,0.8467259551981129,0.9680503927062484,0.9955503959505655,3
14723,Ñanduti,"Continental, preparado para liderar la nueva era del CDA Digital en Paraguay",2026-09-19 21:00:00-03:00,15150,Diario Paraguayo Noticias,BCP activa sistema CDA-d para certificados digitales | Diario Paraguayo,2026-09-20 21:00:00-03:00,0.9204,2,14723,15150,5,4,2,0,2,0,0.2857142857142857,8.04975591679461,0.2479347252533526,banco central del paraguay | bcp,,banco central del paraguay | bcp,,1,0.8929974961231242,0.982479292929293,0.8554033621369721,0.9680503927062484,0.9955503959505655,3
15374,Ñanduti,Banco Continental integra la emisión y custodia en la nueva era del CDA Digital,2026-09-20 21:00:00-03:00,14723,Ñanduti,"Continental, preparado para liderar la nueva era del CDA Digital en Paraguay",2026-09-19 21:00:00-03:00,0.9718,2,14723,15374,5,5,4,0,3,0,0.6666666666666666,19.942541967530413,0.6967823306731393,banco central del paraguay | banco continental | bcp | continental,,banco central del paraguay | banco continental | bcp,,1,0.9966270600205349,0.9743025030525033,0.9457667705928543,0.9664700530789089,0.987368801704352,2
14723,Ñanduti,"Continental, preparado para liderar la nueva era del CDA Digital en Paraguay",2026-09-19 21:00:00-03:00,15472,Más Encarnación,BCP habilita los Certificados de Depósito de Ahorro 100% digitales,2026-09-20 21:00:00-03:00,0.9156,2,14723,15472,5,5,2,0,2,0,0.25,8.04975591679461,0.2163351167817005,banco central del paraguay | bcp,,banco central del paraguay | bcp,,1,0.8630912402363192,0.9779792929292931,0.823888174780891,0.9680503927062484,0.9945420279372493,3
14874,Última Hora,Jóvenes denuncian injusticias y reclaman oportunidades reales,2026-09-20 21:00:00-03:00,14724,ABC Color,Jóvenes alzan su voz y reclaman protagonismo en la Iglesia y la sociedad - Nacionales - ABC Color,2026-09-19 21:00:00-03:00,0.9537,2,14724,14874,7,9,5,1,2,2,0.4545454545454545,28.373841642686315,0.4490302533941879,diócesis de san lorenzo | guarambaré | iglesia | joaquín robledo | parroquia natividad de maría,joaquín robledo,diócesis de san lorenzo | iglesia,guarambaré | parroquia natividad de maría,1,0.987419831284601,0.999125925925926,0.9288648952985307,0.9829261545328408,0.9979886733016621,5
14874,Última Hora,Jóvenes denuncian injusticias y reclaman oportunidades reales,2026-09-20 21:00:00-03:00,14726,Última Hora,"Cardenal Martínez insta a los jóvenes a sembrar amor, honestidad y esperanza",2026-09-19 21:00:00-03:00,0.8383,0,14726,14874,7,8,0,0,0,0,0.0,0.0,0.0,,,,,0,0.05417181877814915,0.002956165067670313,0.07123604210929742,0.0034600117955988635,0.002710245833321002,5
14729,La Nación,La Nación / Expo Kambuchi reunirá a artesanos y propuestas culturales en Tobatí,2026-09-19 21:00:00-03:00,14740,Diario Paraguayo Noticias,XV Feria de Aves de Sudamérica culmina con actividades | Diario Paraguayo,2026-09-19 21:00:00-03:00,0.7436,0,14729,14740,9,11,0,0,0,0,0.0,0.0,0.0,,,,,0,0.0013505143317278292,0.001993951413616215,0.03495044762138321,0.0039700585174930105,0.0010265869969534485,2
14729,La Nación,La Nación / Expo Kambuchi reunirá a artesanos y propuestas culturales en Tobatí,2026-09-19 21:00:00-03:00,15130,Resumen de Noticias,¿Dónde serán las ferias agrícolas esta semana?,2026-09-20 21:00:00-03:00,0.7539,0,14729,15130,9,21,1,0,0,1,0.0344827586206896,5.099095164980699,0.0322576318856862,cordillera,,,cordillera,0,0.003081575035056785,0.00013734158561744768,0.036743052179348396,0.0039700585174930105,0.0010265869969534485,2
14729,La Nación,La Nación / Expo Kambuchi reunirá a artesanos y propuestas culturales en Tobatí,2026-09-19 21:00:00-03:00,15292,La Nación,La Nación / MAG prevé 8 ferias de la agricultura familiar en la semana de la primavera,2026-09-20 21:00:00-03:00,0.7472,0,14729,15292,9,19,1,0,0,1,0.037037037037037,5.099095164980699,0.0349523908662996,cordillera,,,cordillera,0,0.0023904385264852447,0.00013734158561744768,0.03635937671502777,0.0039700585174930105,0.0010265869969534485,2
14729,La Nación,La Nación / Expo Kambuchi reunirá a artesanos y propuestas culturales en Tobatí,2026-09-19 21:00:00-03:00,15394,Diario Paraguayo Noticias,MAG realizará 8 ferias de agricultura familiar | Diario Paraguayo,2026-09-20 21:00:00-03:00,0.7633,0,14729,15394,9,21,0,0,0,0,0.0,0.0,0.0,,,,,0,0.002932897932106024,0.001993951413616215,0.037435451388144435,0.0039700585174930105,0.0010265869969534485,2
14806,Ñanduti,"94 meses sin pagar: acumula deuda de G. 58,6 millones por asistencia alimentaria",2026-09-19 21:00:00-03:00,14734,Megacadena,Imputan a un hombre por acumular deuda de G. 58 millones en asistencia alimentaria,2026-09-19 21:00:00-03:00,0.9691,2,14734,14806,9,9,6,1,4,1,0.5,33.68033200201309,0.5174949941137935,banco nacional de fomento | bnf | hernandarias | juzgado de la niñez y adolescencia | unidad penal n.o 4 | víctor adolfo santander,víctor adolfo santander,banco nacional de fomento | bnf | juzgado de la niñez y adolescencia | unidad penal n.o 4,hernandarias,1,0.9978765989081456,0.9834857142857143,0.9033784198492596,0.9909751319621245,0.9917895414482659,4
14747,Ñanduti,Paraguay y Venezuela anuncian una “nueva etapa” y apuntan a restablecer plenamente sus relaciones diplomáticas,2026-09-19 21:00:00-03:00,15064,Oviedo Press,Peña se reúne con Delcy Rodríguez y abre camino para retomar relaciones con Venezuela - OviedoPress,2026-09-20 21:00:00-03:00,0.9537,2,14747,15064,12,10,8,4,3,2,0.5714285714285714,32.275390599118104,0.500629113630433,caracas | delcy rodríguez | estados | paraguay | peña | rodríguez | santiago peña | venezuela,delcy rodríguez | peña | rodríguez | santiago peña,estados | paraguay | venezuela,caracas | venezuela,1,0.9960082058506595,0.9706714285714286,0.9019412930235045,0.9896999556638113,0.9950237809379978,4
14747,Ñanduti,Paraguay y Venezuela anuncian una “nueva etapa” y apuntan a restablecer plenamente sus relaciones diplomáticas,2026-09-19 21:00:00-03:00,15072,QAP Chaco News,Paraguay y Venezuela reabren el diálogo - QAP CHACO NEWS,2026-09-20 21:00:00-03:00,0.9546,2,14747,15072,12,16,9,6,2,3,0.4736842105263157,39.59232962863776,0.4132767178360582,caracas | delcy rodríguez | fél | ix plasencia | paraguay | peña | rubén ramírez lezcano | santiago peña | venezuela,delcy rodríguez | fél | ix plasencia | peña | rubén ramírez lezcano | santiago peña,paraguay | venezuela,caracas | paraguay | venezuela,1,0.9922945851021229,0.9738562049062048,0.9109572211721412,0.9818202909475104,0.993361944494846,4
14768,La Nación,"La Nación / Neruda y Paraguay: un diálogo entre la poesía, el exilio y la memoria",2026-09-19 21:00:00-03:00,14748,Última Hora,"Patria Querida dice que Peña ""avergüenza"" a Paraguay por encuentro con Delcy Rodríguez",2026-09-19 21:00:00-03:00,0.7424,0,14748,14768,15,15,1,0,0,1,0.0344827586206896,2.326506442740917,0.0152553673215926,paraguay,,,paraguay,0,0.001311486655959448,0.0,0.05312747694300485,0.0034600117955988635,0.001113050845307434,5
14808,Ñanduti,Patria Querida afirma que la visita de Santiago Peña a Delcy Rodríguez en Venezuela “avergüenza” al Paraguay,2026-09-19 21:00:00-03:00,14748,Última Hora,"Patria Querida dice que Peña ""avergüenza"" a Paraguay por encuentro con Delcy Rodríguez",2026-09-19 21:00:00-03:00,0.9722,2,14748,14808,12,15,9,4,2,3,0.5,36.38350413962306,0.4145347853716314,caracas | delcy rodríguez | gobierno | paraguay | patria querida | peña | rodríguez | santiago peña | venezuela,delcy rodríguez | peña | rodríguez | santiago peña,gobierno | patria querida,caracas | paraguay | venezuela,1,0.9928416728095824,0.9960909090909091,0.9393713128035349,0.9914357971811616,0.996883421927436,1
15498,La Nación,La Nación / ¡No es visita! Paraguaya presume que su novio llega a su casa y hace de todo,2026-09-20 21:00:00-03:00,14748,Última Hora,"Patria Querida dice que Peña ""avergüenza"" a Paraguay por encuentro con Delcy Rodríguez",2026-09-19 21:00:00-03:00,0.7328,0,14748,15498,7,15,0,0,0,0,0.0,0.0,0.0,,,,,0,0.000611733114110986,0.0007894984010036467,0.041553512222550035,0.0034600117955988635,0.001113050845307434,5
14862,Última Hora,El gran negocio de la marihuana se expande en las áreas protegidas,2026-09-20 21:00:00-03:00,14749,Última Hora,Caen dos sujetos que transportaban más de dos toneladas de marihuana en Amambay,2026-09-19 21:00:00-03:00,0.786,0,14749,14862,8,19,0,0,0,0,0.0,0.0,0.0,,,,,0,0.006662536809215758,0.0012226436633437088,0.04782158821988639,0.003706143686534739,0.0010708246241200798,1
15178,Última Hora,Maluma anunció el nacimiento de su segundo bebé,2026-09-20 21:00:00-03:00,14751,Última Hora,Millie Bobby Brown es madre por segunda vez a través de la adopción,2026-09-19 21:00:00-03:00,0.808,0,14751,15178,11,12,0,0,0,0,0.0,0.0,0.0,,,,,0,0.015315850607605671,0.0007894984010036467,0.051316869480095846,0.0034600117955988635,0.001113050845307434,5
14837,ABC Color,"Francia considera ""real y documentada"" la amenaza de guerra híbrida rusa - Mundo - ABC Color",2026-09-20 21:00:00-03:00,14757,Pedro Juan Digital,Rusia asegura que el intento de Kiev de atacar Moscú durante los comicios legislativos no tuvo éxito,2026-09-19 21:00:00-03:00,0.8234,0,14757,14837,9,9,1,0,1,1,0.0588235294117647,5.099095164980699,0.05038883437373,rusia,,rusia,rusia,0,0.05586777954852365,0.02613770189580534,0.14799915997750704,0.0034600117955988635,0.001173950279370284,5
15294,La Nación,"La Nación / Senabico subastará inmuebles, vehículos y maquinaria pesada el 24 de septiembre",2026-09-20 21:00:00-03:00,14758,Amambay News,Juez de Capitán Bado enfrenta doble presión: imputación por subasta de bienes de “Cabeza Branca” y polémica por su matrimonio en Brasil - Amambay News,2026-09-19 21:00:00-03:00,0.7411,0,14758,15294,16,23,1,0,1,0,0.0263157894736842,5.658710952916121,0.0258000788858959,secretaría nacional de administración de bienes incautados y comisados,,secretaría nacional de administración de bienes incautados y comisados,,0,0.00024734196082756236,0.003138850038850039,0.056019494973966716,0.002056540117576608,0.0007825879707057254,4
15215,Megacadena,Blanca Ovelar cuestiona a las supervisiones pedagógicas tras los resultados de pruebas PISA,2026-09-20 21:00:00-03:00,14764,La Nación,La Nación / PISA 2025: Nancy Ovelar urge acompañar al docente y enfocar en la lectura,2026-09-19 21:00:00-03:00,0.8849,0,14764,15215,4,9,1,1,0,0,0.0833333333333333,4.965563772356176,0.0728183716799391,ovelar,ovelar,,,0,0.40328049931043214,0.13674216831634017,0.3141445788992732,0.051311412892783896,0.028374709540582837,4
15215,Megacadena,Blanca Ovelar cuestiona a las supervisiones pedagógicas tras los resultados de pruebas PISA,2026-09-20 21:00:00-03:00,14765,La Nación,La Nación / PISA 2025: especialista urge cambios metodológicos ante rezago en Paraguay,2026-09-19 21:00:00-03:00,0.805,0,14765,15215,4,9,0,0,0,0,0.0,0.0,0.0,,,,,0,0.00711159616756264,0.0016992376690305893,0.05380173372789958,0.002056540117576608,0.000723584931933367,4
14768,La Nación,"La Nación / Neruda y Paraguay: un diálogo entre la poesía, el exilio y la memoria",2026-09-19 21:00:00-03:00,14923,El Independiente,3×3 lunes 21de septiembre del 2026 por Benjamín Fernández Bogado,2026-09-20 21:00:00-03:00,0.7261,0,14768,14923,15,10,0,0,0,0,0.0,0.0,0.0,,,,,0,0.0004586142440537929,0.0007894984010036467,0.04137893246247415,0.0034600117955988635,0.001113050845307434,5
14768,La Nación,"La Nación / Neruda y Paraguay: un diálogo entre la poesía, el exilio y la memoria",2026-09-19 21:00:00-03:00,15355,Itapúa en Noticias,"AGUAS DANZANTES, BUS TURÍSTICO Y LA RECUPERACIÓN DE LA ZONA BAJA: LAS PROPUESTAS DE NOVOSAD",2026-09-20 21:00:00-03:00,0.725,0,14768,15355,15,8,0,0,0,0,0.0,0.0,0.0,,,,,0,0.0004374260503326835,0.0007894984010036467,0.04137893246247415,0.0034600117955988635,0.001113050845307434,5
15175,Última Hora,Orquesta de Cateura participa en dos actividades con proyectos independientes,2026-09-20 21:00:00-03:00,14769,La Nación,"La Nación / Parque Caballero, el revivir de un pulmón histórico de Asunción",2026-09-19 21:00:00-03:00,0.7157,0,14769,15175,12,8,0,0,0,0,0.0,0.0,0.0,,,,,0,6.498078925420369e-05,0.0016992376690305893,0.03974634111741453,0.002056540117576608,0.000723584931933367,4
14770,La Nación,"La Nación / IA, desinfodemia y Sun Tzu",2026-09-19 21:00:00-03:00,15357,5Días,La IA acelera más rápido que la economía que debe sostenerla,2026-09-20 21:00:00-03:00,0.811,0,14770,15357,9,0,0,0,0,0,0.0,0.0,0.0,,,,,0,0.017389093479834822,0.0007894984010036467,0.05236461789290787,0.0034600117955988635,0.001113050845307434,5
15465,ABC Color,Líderes de 22 países e instituciones reclaman supervisión humana para la IA - Tecnología - ABC Color,2026-09-20 21:00:00-03:00,14770,La Nación,"La Nación / IA, desinfodemia y Sun Tzu",2026-09-19 21:00:00-03:00,0.8289,1,14770,15465,29,9,0,0,0,0,0.0,0.0,0.0,,,,,0,0.03681655291565769,0.0007894984010036467,0.06175435853272819,0.0034600117955988635,0.0011744595960351614,5
14770,La Nación,"La Nación / IA, desinfodemia y Sun Tzu",2026-09-19 21:00:00-03:00,15568,5Días,"El dilema de la IA ya no es cómo frenarla, sino quién la controla",2026-09-20 21:00:00-03:00,0.8852,0,14770,15568,9,0,0,0,0,0,0.0,0.0,0.0,,,,,0,0.3010672201916685,0.06628084039234562,0.16256748983843278,0.03795216824605916,0.01045711113892666,5
14784,Diario Paraguayo Noticias,Primavera 2026: llega el 22 de septiembre en Paraguay | Diario Paraguayo,2026-09-19 21:00:00-03:00,14772,La Nación,"La Nación / ¿No es mañana?: todos celebran la primavera el 21, pero este año llegará un día después",2026-09-19 21:00:00-03:00,0.9751,2,14772,14784,3,4,3,0,1,2,0.75,14.219292493476722,0.7604164675287278,nasa | paraguay | tierra,,nasa,paraguay | tierra,1,0.9959863870357452,0.9965333333333333,0.959667273895874,0.9963633417348624,0.9984230476089011,3
14806,Ñanduti,"94 meses sin pagar: acumula deuda de G. 58,6 millones por asistencia alimentaria",2026-09-19 21:00:00-03:00,14776,Popular,"Popular / ""Xuxa"" demandó a su ex paquita por ""malagradecida""",2026-09-19 21:00:00-03:00,0.7162,0,14776,14806,9,13,0,0,0,0,0.0,0.0,0.0,,,,,0,6.671431309313673e-05,0.0016992376690305893,0.03974634111741453,0.002056540117576608,0.000723584931933367,4
15180,Última Hora,El diseñador paraguayo Simón Villalba es reconocido como Mejor Diseñador en Nueva York,2026-09-20 21:00:00-03:00,14781,Diario Paraguayo Noticias,Simón Villalba: Primer Mejor Diseñador Paraguayo | Diario Paraguayo,2026-09-19 21:00:00-03:00,0.9559,2,14781,15180,8,6,6,3,0,3,0.75,28.180350115827963,0.7262111212573944,estados unidos | món villalba | nueva jersey | paraguay | si | villalba,món villalba | si | villalba,,estados unidos | nueva jersey | paraguay,1,0.9900600137605238,0.9520068478906711,0.8872767142152703,0.995777468901278,0.9985085978786307,1
15491,ABC Color,Elecciones Municipales: La importancia de los observadores - Política - ABC Color,2026-09-20 21:00:00-03:00,14783,Diario Paraguayo Noticias,Distribución de máquinas de votación inicia el 27 | Diario Paraguayo,2026-09-19 21:00:00-03:00,0.7854,0,14783,15491,10,26,2,0,2,0,0.0588235294117647,10.10102658150775,0.0555105485193261,tribunal superior de justicia electoral | tsje,,tribunal superior de justicia electoral | tsje,,0,0.014541549241733573,0.07925621381542437,0.13191203166200507,0.005613162061644005,0.002700702516959377,2
14784,Diario Paraguayo Noticias,Primavera 2026: llega el 22 de septiembre en Paraguay | Diario Paraguayo,2026-09-19 21:00:00-03:00,14932,Resumen de Noticias,Primavera y juventud: una tradición que une a Paraguay,2026-09-20 21:00:00-03:00,0.7867,0,14784,14932,3,5,1,0,0,1,0.1428571428571428,2.326506442740917,0.0646564628740594,paraguay,,,paraguay,0,0.009108378065350555,0.046203629703629685,0.051788785441725375,0.005497688464251773,0.0015329139609576569,3
14796,Amambay News,Paraguay duplica las pruebas de VIH y agiliza inicio de los tratamientos en todo el país - Amambay News,2026-09-19 21:00:00-03:00,14946,La Tribuna,Sistema de salud realiza 371.000 pruebas de VIH al año en Paraguay,2026-09-20 21:00:00-03:00,0.8795,2,14796,14946,2,9,1,0,0,0,0.1,5.099095164980699,0.1043915664653271,amambay,,,,1,0.3107666184134926,0.08028636428275196,0.21869466730399992,0.10369648587136097,0.012382958446893402,1
14805,Ñanduti,Bonifacio Ríos: “La política es el cáncer de la academia”,2026-09-19 21:00:00-03:00,15116,ABC Color,"Crisis en Honor Colorado: “Lo que se ve no se pregunta”, dice Beto Ovelar - Nacionales - ABC Color",2026-09-20 21:00:00-03:00,0.7458,0,14805,15116,6,16,0,0,0,0,0.0,0.0,0.0,,,,,0,0.0010696739522599921,0.0007894984010036467,0.0426006718874781,0.0034600117955988635,0.001113050845307434,5
14805,Ñanduti,Bonifacio Ríos: “La política es el cáncer de la academia”,2026-09-19 21:00:00-03:00,15192,HOY,"Diario HOY | “Tenemos Honor Colorado para rato”, predice Bachi",2026-09-20 21:00:00-03:00,0.7544,0,14805,15192,6,19,0,0,0,0,0.0,0.0,0.0,,,,,0,0.0015478310616850398,0.0007894984010036467,0.0436831503019222,0.0034600117955988635,0.001113050845307434,5
14805,Ñanduti,Bonifacio Ríos: “La política es el cáncer de la academia”,2026-09-19 21:00:00-03:00,15281,ABC Color,"Crisis en Honor Colorado: “Lo que se ve no se pregunta”, dice Beto Ovelar - Política - ABC Color",2026-09-20 21:00:00-03:00,0.7478,0,14805,15281,6,16,0,0,0,0,0.0,0.0,0.0,,,,,0,0.0011656740802410452,0.0007894984010036467,0.0426006718874781,0.0034600117955988635,0.001113050845307434,5
14805,Ñanduti,Bonifacio Ríos: “La política es el cáncer de la academia”,2026-09-19 21:00:00-03:00,15432,Última Hora,"“Mantenerse en primera división es difícil"", advierte Bachi a Cesarito",2026-09-20 21:00:00-03:00,0.7532,0,14805,15432,6,10,0,0,0,0,0.0,0.0,0.0,,,,,0,0.0014700662486039548,0.0007894984010036467,0.0436831503019222,0.0034600117955988635,0.001113050845307434,5
14805,Ñanduti,Bonifacio Ríos: “La política es el cáncer de la academia”,2026-09-19 21:00:00-03:00,15515,Diario Paraguayo Noticias,Figueredo respalda liderazgo de Honor Colorado | Diario Paraguayo,2026-09-20 21:00:00-03:00,0.752,0,14805,15515,6,10,0,0,0,0,0.0,0.0,0.0,,,,,0,0.0013962029657759577,0.0007894984010036467,0.0436831503019222,0.0034600117955988635,0.001113050845307434,5
14806,Ñanduti,"94 meses sin pagar: acumula deuda de G. 58,6 millones por asistencia alimentaria",2026-09-19 21:00:00-03:00,14870,Última Hora,Filizzola cuestiona Hambre Cero y denuncia uso político de recursos,2026-09-20 21:00:00-03:00,0.7218,0,14806,14870,9,10,0,0,0,0,0.0,0.0,0.0,,,,,0,8.959395873269884e-05,0.0016992376690305893,0.0401364861073135,0.002056540117576608,0.000723584931933367,4
14806,Ñanduti,"94 meses sin pagar: acumula deuda de G. 58,6 millones por asistencia alimentaria",2026-09-19 21:00:00-03:00,15247,Ahora CDE,Imputan a hombre por no pagar asistencia alimentaria durante 94 meses,2026-09-20 21:00:00-03:00,0.9616,2,14806,15247,9,6,6,1,4,1,0.6666666666666666,31.11538264455155,0.676012487168781,banco nacional de fomento | bnf | hernandarias | ministerio público | unidad penal n.o 4 | víctor adolfo santander,víctor adolfo santander,banco nacional de fomento | bnf | ministerio público | unidad penal n.o 4,hernandarias,1,0.9989092886088524,0.9871317460317459,0.9306093396440386,0.9917212176481845,0.9937637017639899,4
14806,Ñanduti,"94 meses sin pagar: acumula deuda de G. 58,6 millones por asistencia alimentaria",2026-09-19 21:00:00-03:00,15259,Amambay News,Filizzola cuestiona Hambre Cero y denuncia uso político de recursos - Amambay News,2026-09-20 21:00:00-03:00,0.723,0,14806,15259,9,10,0,0,0,0,0.0,0.0,0.0,,,,,0,9.543763828185193e-05,0.0016992376690305893,0.0401364861073135,0.002056540117576608,0.000723584931933367,4
14807,Ñanduti,Hombre es imputado tras agredir a su hijastro y arrojar una PlayStation por el balcón,2026-09-19 21:00:00-03:00,15008,Extra,Agredió a su familia y tiró la Play de su hijastro desde el balcón,2026-09-20 21:00:00-03:00,0.9508,2,14807,15008,7,4,3,0,1,2,0.375,12.971644625648125,0.3081745280389543,ciudad del este | lado acaray | ministerio público,,ministerio público,ciudad del este | lado acaray,1,0.9785812559819717,0.9855284992784994,0.9135852500203147,0.9948053377248345,0.9966735123364427,2
14807,Ñanduti,Hombre es imputado tras agredir a su hijastro y arrojar una PlayStation por el balcón,2026-09-19 21:00:00-03:00,15037,TN Press,Imputan a cobarde que agredió a su pareja con bebé en brazos y golpeó a su hijastro de 13 años,2026-09-20 21:00:00-03:00,0.9576,2,14807,15037,7,5,3,0,1,2,0.3333333333333333,12.971644625648125,0.2700273002889203,ciudad del este | lado acaray | ministerio público,,ministerio público,ciudad del este | lado acaray,1,0.9807901541130012,0.9609554834054838,0.9082093766922189,0.951914105694318,0.9888519446336417,2
14807,Ñanduti,Hombre es imputado tras agredir a su hijastro y arrojar una PlayStation por el balcón,2026-09-19 21:00:00-03:00,15051,Amambay News,Aprehenden a funcionario público denunciado por violencia familiar en PJC - Amambay News,2026-09-20 21:00:00-03:00,0.7868,0,14807,15051,7,8,1,0,1,0,0.0714285714285714,3.3814436679063653,0.0429668209688079,ministerio público,,ministerio público,,0,0.012457468186085565,0.012768755221386801,0.06363568355642635,0.0039700585174930105,0.0012415768266845117,2
14807,Ñanduti,Hombre es imputado tras agredir a su hijastro y arrojar una PlayStation por el balcón,2026-09-19 21:00:00-03:00,15193,NPY,Mujer fue brutalmente golpeada y su actual pareja es el principal sospechoso,2026-09-20 21:00:00-03:00,0.7695,0,14807,15193,7,8,2,0,2,0,0.1538461538461538,7.094244471767173,0.0991700472996007,fiscalía | ministerio público,,fiscalía | ministerio público,,0,0.011151841128271694,0.12331466866466867,0.1664117278814316,0.04135692903120127,0.004269737218374711,2
14807,Ñanduti,Hombre es imputado tras agredir a su hijastro y arrojar una PlayStation por el balcón,2026-09-19 21:00:00-03:00,15268,Concepción al Día,Discusión por una PlayStation terminó en una denuncia por violencia familiar - Concepción al Día,2026-09-20 21:00:00-03:00,0.9518,2,14807,15268,7,4,3,0,1,2,0.375,13.303001761602566,0.3191208082062071,ciudad del este | fiscalía | lado acaray,,fiscalía,ciudad del este | lado acaray,1,0.9793926263471239,0.9855284992784994,0.9145266374370133,0.9948053377248345,0.9966735123364427,2
14808,Ñanduti,Patria Querida afirma que la visita de Santiago Peña a Delcy Rodríguez en Venezuela “avergüenza” al Paraguay,2026-09-19 21:00:00-03:00,15072,QAP Chaco News,Paraguay y Venezuela reabren el diálogo - QAP CHACO NEWS,2026-09-20 21:00:00-03:00,0.8856,2,14808,15072,12,16,6,3,0,3,0.2727272727272727,22.32851469743761,0.1980914649365917,caracas | delcy rodríguez | paraguay | peña | santiago peña | venezuela,delcy rodríguez | peña | santiago peña,,caracas | paraguay | venezuela,1,0.5625479864665383,0.6185440226440223,0.6618058727116054,0.5593616088350734,0.5346844871785588,1
14837,ABC Color,"Francia considera ""real y documentada"" la amenaza de guerra híbrida rusa - Mundo - ABC Color",2026-09-20 21:00:00-03:00,14809,ABC Color,El partido de Putin se perfila ganador en elecciones rusas marcadas por ataque ucraniano - Mundo - ABC Color,2026-09-19 21:00:00-03:00,0.7948,0,14809,14837,9,14,0,0,0,0,0.0,0.0,0.0,,,,,0,0.008737907607021452,0.0007894984010036467,0.04954088947148334,0.0034600117955988635,0.001113050845307434,5
14809,ABC Color,El partido de Putin se perfila ganador en elecciones rusas marcadas por ataque ucraniano - Mundo - ABC Color,2026-09-19 21:00:00-03:00,14956,Megacadena,Putin amplía su control del Parlamento ruso tras una elección cuestionada internacionalmente,2026-09-20 21:00:00-03:00,0.88,1,14809,14956,14,14,4,1,2,0,0.1666666666666666,21.22347581299248,0.1570554670777896,kiev | ldpr | putin | rusia unida,putin,ldpr | rusia unida,,0,0.38804387353965186,0.6020985775662246,0.5219432225751134,0.7081764320374407,0.9255883203037102,4
15114,Ñanduti,"Rusia Unida obtiene su mejor resultado histórico y revalida la mayoría constitucional en la Duma, según datos oficiales",2026-09-20 21:00:00-03:00,14809,ABC Color,El partido de Putin se perfila ganador en elecciones rusas marcadas por ataque ucraniano - Mundo - ABC Color,2026-09-19 21:00:00-03:00,0.8408,2,14809,15114,15,14,2,0,2,0,0.074074074074074,10.534662566582613,0.0677935966567476,duma | rusia unida,,duma | rusia unida,,1,0.05125141090670388,0.0006,0.10645723061884296,0.002010072599360753,0.0007839851458165137,4
14809,ABC Color,El partido de Putin se perfila ganador en elecciones rusas marcadas por ataque ucraniano - Mundo - ABC Color,2026-09-19 21:00:00-03:00,15134,La Tribuna,Drones ucranianos golpean Moscú ante el cierre electoral de Putin,2026-09-20 21:00:00-03:00,0.9531,2,14809,15134,14,18,6,2,2,2,0.2307692307692307,33.44476593070032,0.2241984168586039,andréi vorobiov | comisión electoral | jersón | moscú | putin | rusia unida,andréi vorobiov | putin,comisión electoral | rusia unida,jersón | moscú,1,0.9795324207914029,0.9698468253968252,0.8821191462662185,0.9803281944026586,0.9957186638275763,4
14809,ABC Color,El partido de Putin se perfila ganador en elecciones rusas marcadas por ataque ucraniano - Mundo - ABC Color,2026-09-19 21:00:00-03:00,15440,adn,El partido de Putin logra un récord de escaños en Rusia - ADN Digital,2026-09-20 21:00:00-03:00,0.9056,1,14809,15440,14,27,4,1,3,0,0.1081081081081081,21.22347581299248,0.0978598481347765,duma | ldpr | putin | rusia unida,putin,duma | ldpr | rusia unida,,0,0.586847406818312,0.701492882117882,0.5632622148712159,0.5799795484803432,0.6513164809597308,4
14819,ABC Color,Reunión Asoban-Peña: Dionisio Borda advierte sobre riesgo de concentración y pide preservar la institucionalidad del BCP - Economía - ABC Color,2026-09-20 21:00:00-03:00,14818,ABC Color,Advierten diferencias contables en los registros de fondos públicos en banco - Política - ABC Color,2026-09-20 21:00:00-03:00,0.8903,2,14818,14819,19,10,5,0,4,0,0.2083333333333333,22.228226415751077,0.1750563238266145,asoban | banco central del paraguay | bcp | estado | ueno bank,,banco central del paraguay | bcp | estado | ueno bank,,1,0.733785039895956,0.5056281499546207,0.6045182371622673,0.4689327584944795,0.2964357982928343,5
14819,ABC Color,Reunión Asoban-Peña: Dionisio Borda advierte sobre riesgo de concentración y pide preservar la institucionalidad del BCP - Economía - ABC Color,2026-09-20 21:00:00-03:00,15165,ABC Color,Senador denuncia “favoritismo fuerte y grosero” hacia Ueno Bank y exige transparencia al BCP - Política - ABC Color,2026-09-20 21:00:00-03:00,0.8813,2,14819,15165,19,7,3,0,3,0,0.1304347826086956,13.48532331839652,0.1105245611447701,banco central del paraguay | bcp | ueno bank,,banco central del paraguay | bcp | ueno bank,,1,0.5343554385091138,0.3767755411255409,0.4846641891725772,0.1587209208455963,0.2264224808823171,5
14819,ABC Color,Reunión Asoban-Peña: Dionisio Borda advierte sobre riesgo de concentración y pide preservar la institucionalidad del BCP - Economía - ABC Color,2026-09-20 21:00:00-03:00,15470,Última Hora,Analista sugiere cambios en el BCP para recuperar confianza en el sector financiero,2026-09-20 21:00:00-03:00,0.9045,2,14819,15470,19,15,5,0,4,0,0.1724137931034483,23.29866782745249,0.1514235690595658,asoban | banco central del paraguay | bcp | senado | superintendencia de bancos,,banco central del paraguay | bcp | senado | superintendencia de bancos,,1,0.8195984706932106,0.8046939266615744,0.6695626183571624,0.8092367035032155,0.40353265763405366,5
14819,ABC Color,Reunión Asoban-Peña: Dionisio Borda advierte sobre riesgo de concentración y pide preservar la institucionalidad del BCP - Economía - ABC Color,2026-09-20 21:00:00-03:00,15511,Diario Paraguayo Noticias,Análisis de preocupaciones del sistema bancario paraguayo | Diario Paraguayo,2026-09-20 21:00:00-03:00,0.9004,2,14819,15511,19,11,4,0,3,0,0.1538461538461538,18.961712714518686,0.1399369980723242,asoban | banco central del paraguay | bcp | superintendencia de bancos,,banco central del paraguay | bcp | superintendencia de bancos,,1,0.7372648675242423,0.7723230880230885,0.6106541441679297,0.9295114286079573,0.3735911524146465,5
15478,Ñanduti,Ministerio de la Mujer repudia denuncias de acoso sexual y violencia digital que afectan a estudiantes de la UNA,2026-09-20 21:00:00-03:00,14820,ABC Color,Día de la Juventud: cómo protegerse del ciberacoso y el grooming - Policiales - ABC Color,2026-09-20 21:00:00-03:00,0.7826,0,14820,15478,6,2,0,0,0,0,0.0,0.0,0.0,,,,,0,0.0046965553443137405,0.0017089876555475738,0.03377776232233044,0.0037788103555991904,0.0007777402052384721,3
15317,ABC Color,Día de la Juventud: jóvenes encabezan estadísticas de muertes y lesiones por siniestros viales - Nacionales - ABC Color,2026-09-20 21:00:00-03:00,14821,ABC Color,"Así es la juventud en Paraguay: cuántos son, a qué se dedican y cuál es su realidad, según el INE - Nacionales - ABC Color",2026-09-20 21:00:00-03:00,0.7448,0,14821,15317,6,3,1,0,0,1,0.125,2.326506442740917,0.0623580472385548,paraguay,,,paraguay,0,0.002226714331377959,0.01809004329004329,0.07614064954836124,0.008059519642325067,0.0011780318822866094,1
14822,ABC Color,Miguel Prieto: “Honor Colorado está usando al BCP como garrote” - Política - ABC Color,2026-09-20 21:00:00-03:00,15165,ABC Color,Senador denuncia “favoritismo fuerte y grosero” hacia Ueno Bank y exige transparencia al BCP - Política - ABC Color,2026-09-20 21:00:00-03:00,0.8503,0,14822,15165,15,7,2,0,2,0,0.1,8.04975591679461,0.0788400160390467,banco central del paraguay | bcp,,banco central del paraguay | bcp,,0,0.20048459357184,0.3179384602607219,0.3618727351073685,0.10665243024905792,0.7059007068741824,3
14822,ABC Color,Miguel Prieto: “Honor Colorado está usando al BCP como garrote” - Política - ABC Color,2026-09-20 21:00:00-03:00,15329,ABC Color,Juicio de Miguel Prieto: Defensas cuestionan a fiscal por su falta de objetividad - Política - ABC Color,2026-09-20 21:00:00-03:00,0.862,0,14822,15329,15,20,3,1,2,0,0.09375,14.583935607064632,0.0848555242117694,fiscalía | miguel prieto | yo creo,miguel prieto,fiscalía | yo creo,,0,0.26902720000988745,0.21886880214106377,0.3308586906952432,0.07386468916831303,0.2242343742426982,3
14822,ABC Color,Miguel Prieto: “Honor Colorado está usando al BCP como garrote” - Política - ABC Color,2026-09-20 21:00:00-03:00,15421,Amambay News,Caso Tía Chela: tensión en pleno juicio entre fiscal y defensa de Miguel Prieto - Amambay News,2026-09-20 21:00:00-03:00,0.8405,0,14822,15421,15,7,1,1,0,0,0.0476190476190476,5.435567401601912,0.0514448179068277,miguel prieto,miguel prieto,,,0,0.05823492662666666,0.038125567862955685,0.10564450586084283,0.061740622468991646,0.0023055364530963143,3
15189,La Nación,La Nación / Hurto y violencia familiar: los delitos que acorralan a la juventud paraguaya,2026-09-20 21:00:00-03:00,14825,ABC Color,Día de la Juventud: hurto y violencia familiar encabezan los delitos cometidos por jóvenes en Paraguay - Nacionales - ABC Color,2026-09-20 21:00:00-03:00,0.9766,2,14825,15189,2,4,2,0,1,1,0.5,7.985217395657038,0.4318268992246138,observatorio del ministerio público | paraguay,,observatorio del ministerio público,paraguay,1,0.9941127376097822,0.9844513680763682,0.9213061737361992,0.9903125020561748,0.9887474092042053,5
15317,ABC Color,Día de la Juventud: jóvenes encabezan estadísticas de muertes y lesiones por siniestros viales - Nacionales - ABC Color,2026-09-20 21:00:00-03:00,14825,ABC Color,Día de la Juventud: hurto y violencia familiar encabezan los delitos cometidos por jóvenes en Paraguay - Nacionales - ABC Color,2026-09-20 21:00:00-03:00,0.7578,0,14825,15317,6,4,1,0,0,1,0.1111111111111111,2.326506442740917,0.0523588305328662,paraguay,,,paraguay,0,0.00367731550438951,0.009928138528138527,0.06910304429439731,0.007022610880641306,0.0017309347375140758,1
15235,Crónica,Se hicieron pasar por polis y pelaron una vivienda,2026-09-20 21:00:00-03:00,14828,ABC Color,"Vestidos de policías, asaltan vivienda en busca de dinero del accidente aéreo de Prosegur - ABC en el Este - ABC Color",2026-09-20 21:00:00-03:00,0.9275,2,14828,15235,6,11,3,0,1,1,0.2142857142857142,13.659676705541298,0.179802900914194,hospital distrital | minga guazú | policía nacional,,policía nacional,minga guazú,1,0.8987154782795481,0.9619640692640695,0.8265580168010995,0.9304637468922666,0.9822360584479491,3
15554,Última Hora,Advierten que venta de inmuebles no puede financiar fondo de salud de IPS,2026-09-20 21:00:00-03:00,14830,ABC Color,Jubilados advierten que la ley de emergencia del IPS podría volver a beneficiar a los “amigos” de Peña - Política - ABC Color,2026-09-20 21:00:00-03:00,0.8256,0,14830,15554,10,10,3,1,2,0,0.1764705882352941,15.200121746488447,0.1585184559759172,gustavo canatta | instituto de previsión social | ips,gustavo canatta,instituto de previsión social | ips,,0,0.08012651261229646,0.20374062049062047,0.32839117876627516,0.017119843396679397,0.006920209877410058,1
15328,ABC Color,"El río Paraná alcanza 3,67 m y proyectan descenso en Ayolas - Nacionales - ABC Color",2026-09-20 21:00:00-03:00,14831,ABC Color,Río Paraguay sigue descendiendo en zona de Concepción - Clima - ABC Color,2026-09-20 21:00:00-03:00,0.8929,0,14831,15328,14,9,0,0,0,0,0.0,0.0,0.0,,,,,0,0.4230776292154461,0.1812714515662446,0.2663750865863694,0.06842822777033261,0.047418010057519666,4
14834,ABC Color,Pargos Tech consolida su expansión con la inauguración de su nuevo Centro de distribución y logística - Negocios - ABC Color,2026-09-20 21:00:00-03:00,14992,Diario Paraguayo Noticias,Tecnología para no perder margen: así se prepara la agroindustria de Alto Paraná para una nueva campaña | Diario Paraguayo,2026-09-20 21:00:00-03:00,0.7328,0,14834,14992,4,10,0,0,0,0,0.0,0.0,0.0,,,,,0,0.0004933842308517907,0.0017089876555475738,0.025702726937779887,0.0037788103555991904,0.0007777402052384721,3
14834,ABC Color,Pargos Tech consolida su expansión con la inauguración de su nuevo Centro de distribución y logística - Negocios - ABC Color,2026-09-20 21:00:00-03:00,15001,Diario Paraguayo Noticias,Disponibilidad tecnológica: estrategia empresarial clave | Diario Paraguayo,2026-09-20 21:00:00-03:00,0.7253,0,14834,15001,4,3,0,0,0,0,0.0,0.0,0.0,,,,,0,0.0003512309338264495,0.0017089876555475738,0.02394137737358689,0.0037788103555991904,0.0007777402052384721,3
14834,ABC Color,Pargos Tech consolida su expansión con la inauguración de su nuevo Centro de distribución y logística - Negocios - ABC Color,2026-09-20 21:00:00-03:00,15169,ABC Color,"Munich, tradición que se transforma - Negocios - ABC Color",2026-09-20 21:00:00-03:00,0.7042,0,14834,15169,4,9,0,0,0,0,0.0,0.0,0.0,,,,,0,0.00013498515793753667,0.0017089876555475738,0.02289983378454879,0.0037788103555991904,0.0007777402052384721,3
14834,ABC Color,Pargos Tech consolida su expansión con la inauguración de su nuevo Centro de distribución y logística - Negocios - ABC Color,2026-09-20 21:00:00-03:00,15196,5Días,Grupo Luminotecnia celebra 35 años de trayectoria e impacto en la industria paraguaya,2026-09-20 21:00:00-03:00,0.7061,0,14834,15196,4,1,0,0,0,0,0.0,0.0,0.0,,,,,0,0.00014712500619007537,0.0017089876555475738,0.023320121189451575,0.0037788103555991904,0.0007777402052384721,3
14834,ABC Color,Pargos Tech consolida su expansión con la inauguración de su nuevo Centro de distribución y logística - Negocios - ABC Color,2026-09-20 21:00:00-03:00,15348,La Nación,La Nación / MAG entrega implementos agrícolas por más de G. 700 millones a productores de Eugenio A. Garay,2026-09-20 21:00:00-03:00,0.71,0,14834,15348,4,9,0,0,0,0,0.0,0.0,0.0,,,,,0,0.0001755716367202914,0.0017089876555475738,0.023320121189451575,0.0037788103555991904,0.0007777402052384721,3
14836,ABC Color,Los hutíes dicen haber atacado “sitios sensibles” en la capital de Arabia Saudita - Mundo - ABC Color,2026-09-20 21:00:00-03:00,14868,Última Hora,Ataques hutíes contra Arabia Saudí propician “escalada peligrosa”,2026-09-20 21:00:00-03:00,0.9015,2,14836,14868,14,13,6,0,1,5,0.2857142857142857,30.50787415716926,0.2669957305990673,arabia saudí | aramco | irán | riad | yanbu | yemen,,aramco,arabia saudí | irán | riad | yanbu | yemen,1,0.9176974615450295,0.8367168831168832,0.7753970456951447,0.9166275876177618,0.9227103482004438,2
14836,ABC Color,Los hutíes dicen haber atacado “sitios sensibles” en la capital de Arabia Saudita - Mundo - ABC Color,2026-09-20 21:00:00-03:00,14983,Diario Paraguayo Noticias,Ataques hutíes contra Arabia Saudí propician “escalada peligrosa” | Diario Paraguayo,2026-09-20 21:00:00-03:00,0.9053,2,14836,14983,14,11,6,0,1,5,0.3157894736842105,30.50787415716926,0.2911928125293286,arabia saudí | aramco | irán | riad | yanbu | yemen,,aramco,arabia saudí | irán | riad | yanbu | yemen,1,0.9355221664962332,0.8874555555555556,0.8023229105433577,0.8778698853564342,0.9484172021007606,2
14836,ABC Color,Los hutíes dicen haber atacado “sitios sensibles” en la capital de Arabia Saudita - Mundo - ABC Color,2026-09-20 21:00:00-03:00,15144,Diario Paraguayo Noticias,Liga Árabe advierte sobre escalada de tensiones | Diario Paraguayo,2026-09-20 21:00:00-03:00,0.8667,1,14836,15144,14,11,6,0,1,4,0.3157894736842105,30.50787415716926,0.290395421641276,arabia saudí | aramco | irán | riad | yanbu | yemen,,aramco,arabia saudí | riad | yanbu | yemen,0,0.7030382426949917,0.4620396214896217,0.6262313511492525,0.4212082986719396,0.2143782638117492,2
14836,ABC Color,Los hutíes dicen haber atacado “sitios sensibles” en la capital de Arabia Saudita - Mundo - ABC Color,2026-09-20 21:00:00-03:00,15278,Red Digital San Pedro,Ataques hutíes contra Arabia Saudí propician “escalada peligrosa” - Red Digital San Pedro,2026-09-20 21:00:00-03:00,0.8945,2,14836,15278,14,10,6,0,1,5,0.3333333333333333,30.50787415716926,0.309986512653812,arabia saudí | aramco | irán | riad | yanbu | yemen,,aramco,arabia saudí | irán | riad | yanbu | yemen,1,0.910105719523354,0.5778207792207792,0.7360223162364163,0.4359459513206864,0.639468826118276,2
14836,ABC Color,Los hutíes dicen haber atacado “sitios sensibles” en la capital de Arabia Saudita - Mundo - ABC Color,2026-09-20 21:00:00-03:00,15376,Megacadena,El Gobierno yemení frena el avance hutí en Taiz y Marib,2026-09-20 21:00:00-03:00,0.9024,2,14836,15376,14,9,1,0,1,0,0.0454545454545454,5.253245844807957,0.0422073331258631,arabia saudita,,arabia saudita,,1,0.5222684844622939,0.4979251460057436,0.41405407075754225,0.15416454844446031,0.11896471082321285,2
14837,ABC Color,"Francia considera ""real y documentada"" la amenaza de guerra híbrida rusa - Mundo - ABC Color",2026-09-20 21:00:00-03:00,15134,La Tribuna,Drones ucranianos golpean Moscú ante el cierre electoral de Putin,2026-09-20 21:00:00-03:00,0.8266,0,14837,15134,9,18,1,0,0,1,0.0384615384615384,5.099095164980699,0.0335868138732228,rusia,,,rusia,0,0.047398386250337064,0.0005,0.07646402875975877,0.0034600117955988635,0.001113050845307434,5
14999,Diario Paraguayo Noticias,EE. UU. y China establecen diálogo sobre IA | Diario Paraguayo,2026-09-20 21:00:00-03:00,14840,ABC Color,China confirma que Xi Jinping visitará EE.UU. esta semana - Mundo - ABC Color,2026-09-20 21:00:00-03:00,0.862,0,14840,14999,16,20,9,4,1,2,0.3333333333333333,44.46333579401638,0.3120252216510791,bessent | casa blanca | estados unidos | he lifeng | nueva york | pekín | scott bessent | washington | xi jinping,bessent | he lifeng | scott bessent | xi jinping,washington,casa blanca | nueva york,0,0.5063717964665869,0.541868553668554,0.6473644373714889,0.1585960231041248,0.3197673799651598,2
14884,Última Hora,"Muere a los 27 años el modelo Presley Gerber, hijo de Cindy Crawford",2026-09-20 21:00:00-03:00,14847,ABC Color,"Murió Presley Gerber, hijo de la modelo estadounidense Cindy Crawford - Gente - ABC Color",2026-09-20 21:00:00-03:00,0.9163,2,14847,14884,16,27,8,4,2,2,0.2285714285714285,44.587834449387785,0.2163189075967305,california | cindy crawford | cnn | kaia gerber | los ángeles | presley gerber | rande gerber | tmz,cindy crawford | kaia gerber | presley gerber | rande gerber,cnn | tmz,california | los ángeles,1,0.8230432190836087,0.9368287878787884,0.7678326119482598,0.9451585676857712,0.9882484737274028,1
15325,ABC Color,"Orlando Gill y Meli Ávalos, enamorados en París - Gente - ABC Color",2026-09-20 21:00:00-03:00,14849,ABC Color,¡Fátima Fernández Mercado ya pasó al club de las casadas! - Gente - ABC Color,2026-09-20 21:00:00-03:00,0.773,0,14849,15325,12,12,0,0,0,0,0.0,0.0,0.0,,,,,0,0.004294149411521694,0.001993951413616215,0.03975041974889296,0.0039700585174930105,0.0010265869969534485,2
15111,Ñanduti,Conductor murió en choque frontal en J. Augusto Saldívar: hallaron botellas con olor a cerveza en su vehículo,2026-09-20 21:00:00-03:00,14851,ABC Color,Accidente en J. Augusto Saldívar: conductor de 42 años falleció en un choque frontal - Policiales - ABC Color,2026-09-20 21:00:00-03:00,0.8928,2,14851,15111,7,10,4,2,1,1,0.3076923076923077,20.976615735060957,0.2930520225169944,bomberos de capiatá | j. augusto saldívar | miguel ángel ferreira velázquez | ramón cabrera acosta,miguel ángel ferreira velázquez | ramón cabrera acosta,bomberos de capiatá,j. augusto saldívar,1,0.6232356733017997,0.34333701298701286,0.6053384950964623,0.17524527227563277,0.19623003937494626,3
15115,Ñanduti,Lunes caluroso con tormentas y máxima de 35 grados: el martes la temperatura bajaría hasta 21 grados,2026-09-20 21:00:00-03:00,14852,ABC Color,Lunes con tormentas en Paraguay: ¿Hasta qué día va a llover y cuándo volverá el fresco? - Clima - ABC Color,2026-09-20 21:00:00-03:00,0.8719,1,14852,15115,13,7,1,0,1,0,0.0526315789473684,5.099095164980699,0.0550325420443878,dirección de meteorología e hidrología,,dirección de meteorología e hidrología,,0,0.2991240741222354,0.05593891032378809,0.24731565639598513,0.014013731734756008,0.007762337461807907,3
14856,Última Hora,Alliana asume mando en ausencia de Peña y en plena crisis en HC,2026-09-20 21:00:00-03:00,14896,La Nación,La Nación / Baruja ratifica la potestad de Alliana para la elección de su dupla tras las municipales,2026-09-20 21:00:00-03:00,0.9132,2,14856,14896,20,17,10,8,2,0,0.3703703703703703,42.34471047961526,0.3378085687128192,alliana | cartes | cio cartes | césar sosa | honor colorado | hora | juan carlos baruja | partido colorado | pedro alliana | santiago peña,alliana | cartes | cio cartes | césar sosa | hora | juan carlos baruja | pedro alliana | santiago peña,honor colorado | partido colorado,,1,0.6619613339529705,0.8028404154325209,0.6834340873676058,0.4729128636512961,0.7082444803792085,1
14856,Última Hora,Alliana asume mando en ausencia de Peña y en plena crisis en HC,2026-09-20 21:00:00-03:00,15116,ABC Color,"Crisis en Honor Colorado: “Lo que se ve no se pregunta”, dice Beto Ovelar - Nacionales - ABC Color",2026-09-20 21:00:00-03:00,0.9114,2,14856,15116,20,16,7,6,1,0,0.2413793103448276,29.380445961264755,0.2113825403071026,cartes | cio cartes | honor colorado | hora | juan carlos baruja | pedro alliana | santiago peña,cartes | cio cartes | hora | juan carlos baruja | pedro alliana | santiago peña,honor colorado,,1,0.5657074901390261,0.8746825288746336,0.6979388786742394,0.892868061828063,0.9871175950335404,1
14856,Última Hora,Alliana asume mando en ausencia de Peña y en plena crisis en HC,2026-09-20 21:00:00-03:00,15162,ABC Color,Bachi Núñez niega crisis en Honor Colorado: “Es una disparidad de opiniones” - Política - ABC Color,2026-09-20 21:00:00-03:00,0.9096,1,14856,15162,20,24,9,6,2,1,0.2571428571428571,39.15985634030055,0.2257330180682475,alliana | cartes | césar sosa | guairá | honor colorado | horacio cartes | juan carlos baruja | partido colorado | pedro alliana,alliana | cartes | césar sosa | horacio cartes | juan carlos baruja | pedro alliana,honor colorado | partido colorado,guairá,0,0.682267029352775,0.7611279574226939,0.671169871923328,0.5419968523659179,0.8561373367475547,1
14856,Última Hora,Alliana asume mando en ausencia de Peña y en plena crisis en HC,2026-09-20 21:00:00-03:00,15205,Resumen de Noticias,Alliana asume el gobierno ante fractura interna en HC,2026-09-20 21:00:00-03:00,0.9717,2,14856,15205,20,20,15,10,4,1,0.6,64.81042317644935,0.5452088066465945,alliana | cartes | cio cartes | consejo de gobernadores | césar sosa | delcy rodríguez | ejecutivo | honor colorado | hora | horacio cartes | partido colorado | pedro alliana | peña | santiago peña | venezuela,alliana | cartes | cio cartes | césar sosa | delcy rodríguez | hora | horacio cartes | pedro alliana | peña | santiago peña,consejo de gobernadores | ejecutivo | honor colorado | partido colorado,venezuela,1,0.9863221860783403,0.9323044011544012,0.9063555834329073,0.9400047199958933,0.987353036337683,1
14856,Última Hora,Alliana asume mando en ausencia de Peña y en plena crisis en HC,2026-09-20 21:00:00-03:00,15493,Última Hora,Cartes no se pronuncia y esta semana se podría dar una reunión con Alliana,2026-09-20 21:00:00-03:00,0.9225,2,14856,15493,20,16,11,7,1,2,0.44,44.4867482014703,0.386939904090585,alliana | cartes | delcy rodríguez | ejecutivo | estados unidos | honor colorado | horacio cartes | pedro alliana | peña | santiago peña | venezuela,alliana | cartes | delcy rodríguez | horacio cartes | pedro alliana | peña | santiago peña,ejecutivo,estados unidos | venezuela,1,0.8408192605198446,0.8297154401154401,0.76019153857594,0.9158900932653566,0.9441898854383179,1
14857,Última Hora,"La primavera es recibida con calor, lluvias y un posterior descenso",2026-09-20 21:00:00-03:00,14900,La Nación,La Nación / La primavera arranca con ambiente cálido a caluroso y lluvias,2026-09-20 21:00:00-03:00,0.9253,2,14857,14900,10,5,0,0,0,0,0.0,0.0,0.0,,,,,1,0.7074261493979025,0.8928493219499123,0.6734490081889496,0.9496832193510276,0.956252127248791,5
14857,Última Hora,"La primavera es recibida con calor, lluvias y un posterior descenso",2026-09-20 21:00:00-03:00,14984,Diario Paraguayo Noticias,"La primavera es recibida con calor, lluvias y un posterior descenso | Diario Paraguayo",2026-09-20 21:00:00-03:00,0.9538,2,14857,14984,10,4,2,1,1,0,0.1666666666666666,10.506491689615912,0.1846498954479488,aracely fernández | dirección de meteorología,aracely fernández,dirección de meteorología,,1,0.939407435684665,0.9355888348579526,0.8052189135171431,0.9574948766773487,0.9781310157727797,5
14857,Última Hora,"La primavera es recibida con calor, lluvias y un posterior descenso",2026-09-20 21:00:00-03:00,14998,Diario Paraguayo Noticias,Primavera inicia con clima cálido y lluvias | Diario Paraguayo,2026-09-20 21:00:00-03:00,0.9325,2,14857,14998,10,4,0,0,0,0,0.0,0.0,0.0,,,,,1,0.767217614705614,0.8593857577363482,0.6850882415657986,0.938937658186273,0.9338938113392963,5
14857,Última Hora,"La primavera es recibida con calor, lluvias y un posterior descenso",2026-09-20 21:00:00-03:00,15058,Amambay Ahora,"La primavera es recibida con calor, lluvias y un posterior descenso",2026-09-20 21:00:00-03:00,0.9289,2,14857,15058,10,3,3,2,1,0,0.3,16.452884714983817,0.3410094228196139,aracely fernández | dirección de meteorología | rodrigo villamayor,aracely fernández | rodrigo villamayor,dirección de meteorología,,1,0.8755313509768252,0.978577353528824,0.8678735839380346,0.9712524835508359,0.9950630873307543,5
14857,Última Hora,"La primavera es recibida con calor, lluvias y un posterior descenso",2026-09-20 21:00:00-03:00,15145,Diario Paraguayo Noticias,"Primavera con calor, lluvia y descenso de temperaturas | Diario Paraguayo",2026-09-20 21:00:00-03:00,0.9618,2,14857,15145,10,4,2,1,1,0,0.1666666666666666,10.506491689615912,0.1846498954479488,aracely fernández | dirección de meteorología,aracely fernández,dirección de meteorología,,1,0.9562799590266723,0.9291435967627146,0.8106672868211837,0.9574948766773487,0.9781310157727797,5
15330,ABC Color,PGN 2027: Salud tendrá más recursos pese a limitada ejecución 2026 - Economía - ABC Color,2026-09-20 21:00:00-03:00,14859,Última Hora,"PGN 2027: Advierten de más gasto y deuda, con menor margen fiscal",2026-09-20 21:00:00-03:00,0.8449,0,14859,15330,12,6,0,0,0,0,0.0,0.0,0.0,,,,,0,0.07313423052114429,0.026039444678420585,0.0818178509703634,0.02282784925556498,0.003890075286975893,1
14862,Última Hora,El gran negocio de la marihuana se expande en las áreas protegidas,2026-09-20 21:00:00-03:00,15067,Oviedo Press,Operativos en Brasil dejan cuatro paraguayos detenidos y más de 3.400 kilos de marihuana - OviedoPress,2026-09-20 21:00:00-03:00,0.7896,0,14862,15067,8,10,1,0,0,1,0.0588235294117647,4.3369551129338015,0.0423333555405492,brasil,,,brasil,0,0.011830079296149211,0.00044242424242424243,0.0572595974670472,0.007022610880641306,0.0010708246241200798,1
14862,Última Hora,El gran negocio de la marihuana se expande en las áreas protegidas,2026-09-20 21:00:00-03:00,15460,Amambay Ahora,Incineran más de cuatro toneladas de marihuana en Pedro Juan halladas en Capitán Bado,2026-09-20 21:00:00-03:00,0.8023,0,14862,15460,8,13,2,0,2,0,0.1052631578947368,11.892786050735804,0.1044413380294152,secretaría nacional antidrogas | senad,,secretaría nacional antidrogas | senad,,0,0.030324533913103482,0.10183190143190146,0.1815226245431847,0.005629230789765244,0.016145927226985456,1
15491,ABC Color,Elecciones Municipales: La importancia de los observadores - Política - ABC Color,2026-09-20 21:00:00-03:00,14863,Última Hora,No hay observadores nacionales para municipales y sugieren ley,2026-09-20 21:00:00-03:00,0.8885,1,14863,15491,10,16,4,0,4,0,0.1818181818181818,21.482987008477565,0.1652546077662224,oea | tribunal superior de justicia electoral | tsje | unión europea,,oea | tribunal superior de justicia electoral | tsje | unión europea,,0,0.6971550381146727,0.7951699134199139,0.7544300097816988,0.8242371964272445,0.9012160817728705,2
14866,Última Hora,"El Papa se verá con Milei, visitará una cárcel y oficiará misa multitudinaria en Argentina",2026-09-20 21:00:00-03:00,15161,Digital Misiones,"El Papa se verá con Milei, visitará una cárcel y oficiará misa multitudinaria en Argentina",2026-09-20 21:00:00-03:00,0.9874,2,14866,15161,28,22,19,3,2,14,0.6129032258064516,106.90151928957226,0.5921828704718697,argentina | buenos aires | c | casa rosada | catedral de nuestra señora de la asunción | catedral metropolitana | córdoba | ejércitos de la independencia | episcopado argentino | escuela de aviación militar | laypole | león xiv | luján | milei | monumento al general san martín | monumento de los españoles | palacio de san martín | papa | plaza san martín,león xiv | milei | papa,ejércitos de la independencia | episcopado argentino,argentina | buenos aires | c | casa rosada | catedral de nuestra señora de la asunción | catedral metropolitana | córdoba | escuela de aviación militar | laypole | luján | monumento al general san martín | monumento de los españoles | palacio de san martín | plaza san martín,1,0.9998594170704044,1.0,0.9582930154112066,0.9918591607291003,0.9969935427000216,1
14866,Última Hora,"El Papa se verá con Milei, visitará una cárcel y oficiará misa multitudinaria en Argentina",2026-09-20 21:00:00-03:00,15163,ABC Color,"El papa León XIV en América del Sur: 11 días, 14 ciudades, 35 discursos y 9 misas - Mundo - ABC Color",2026-09-20 21:00:00-03:00,0.9007,2,14866,15163,28,28,6,2,0,4,0.12,30.56681669280271,0.1038421839212234,argentina | buenos aires | c | francisco | león xiv | perú,francisco | león xiv,,argentina | buenos aires | c | perú,1,0.7003664842988256,0.70872282635665,0.6376539477979665,0.8728330145745362,0.8939094811147124,1
14866,Última Hora,"El Papa se verá con Milei, visitará una cárcel y oficiará misa multitudinaria en Argentina",2026-09-20 21:00:00-03:00,15575,adn,"El Vaticano publicó el itinerario del papa León XIV durante su gira por Uruguay, Argentina y Perú - ADN Digital",2026-09-20 21:00:00-03:00,0.8898,1,14866,15575,28,24,10,2,0,8,0.238095238095238,54.01259072068353,0.2200941706230308,argentina | buenos aires | casa rosada | córdoba | león xiv | luján | palacio libertad | papa | perú | plaza san martín,león xiv | papa,,argentina | buenos aires | casa rosada | córdoba | luján | palacio libertad | perú | plaza san martín,0,0.8534613443462898,0.6489191530691526,0.746832368814473,0.7280697033706778,0.8116623454711269,1
14868,Última Hora,Ataques hutíes contra Arabia Saudí propician “escalada peligrosa”,2026-09-20 21:00:00-03:00,14983,Diario Paraguayo Noticias,Ataques hutíes contra Arabia Saudí propician “escalada peligrosa” | Diario Paraguayo,2026-09-20 21:00:00-03:00,0.9837,2,14868,14983,13,11,10,0,4,8,0.7142857142857143,52.47328731489112,0.7027180409012626,arabia saudí | aramco | irán | liga árabe | mar rojo | oriente medio | ormuz | riad | yanbu | yemen,,aramco | irán | liga árabe | riad,arabia saudí | irán | mar rojo | oriente medio | ormuz | riad | yanbu | yemen,1,0.9997535006789132,0.9986,0.9749608193828793,0.988583806371425,0.997907756974701,3
14868,Última Hora,Ataques hutíes contra Arabia Saudí propician “escalada peligrosa”,2026-09-20 21:00:00-03:00,15144,Diario Paraguayo Noticias,Liga Árabe advierte sobre escalada de tensiones | Diario Paraguayo,2026-09-20 21:00:00-03:00,0.9585,2,14868,15144,13,11,10,0,5,6,0.7142857142857143,52.7609693873429,0.7065706560641468,arabia | arabia saudí | aramco | irán | liga árabe | mar rojo | oriente medio | riad | yanbu | yemen,,arabia | aramco | irán | liga árabe | riad,arabia saudí | mar rojo | oriente medio | riad | yanbu | yemen,1,0.9991513571034923,0.9940507936507937,0.9636065922639918,0.9961802172536914,0.997907756974701,3
14868,Última Hora,Ataques hutíes contra Arabia Saudí propician “escalada peligrosa”,2026-09-20 21:00:00-03:00,15278,Red Digital San Pedro,Ataques hutíes contra Arabia Saudí propician “escalada peligrosa” - Red Digital San Pedro,2026-09-20 21:00:00-03:00,0.9891,2,14868,15278,13,10,10,0,4,8,0.7692307692307693,52.47328731489112,0.7680512220613814,arabia saudí | aramco | irán | liga árabe | mar rojo | oriente medio | ormuz | riad | yanbu | yemen,,aramco | irán | liga árabe | riad,arabia saudí | irán | mar rojo | oriente medio | ormuz | riad | yanbu | yemen,1,0.999824819300952,0.9982666666666666,0.9761088784041202,0.988583806371425,0.9975745810857115,3
14868,Última Hora,Ataques hutíes contra Arabia Saudí propician “escalada peligrosa”,2026-09-20 21:00:00-03:00,15376,Megacadena,El Gobierno yemení frena el avance hutí en Taiz y Marib,2026-09-20 21:00:00-03:00,0.8472,1,14868,15376,13,9,1,0,1,0,0.0476190476190476,3.548497752569532,0.0300627695301894,gobierno,,gobierno,,0,0.1213194489371122,0.08396430714918493,0.18646034876158862,0.015790864375876082,0.0074238960430016016,3
15111,Ñanduti,Conductor murió en choque frontal en J. Augusto Saldívar: hallaron botellas con olor a cerveza en su vehículo,2026-09-20 21:00:00-03:00,14873,Última Hora,Violento choque frontal deja un fallecido en J. Augusto Saldívar,2026-09-20 21:00:00-03:00,0.8949,2,14873,15111,7,6,3,2,0,1,0.3,15.317904782144833,0.2731457093320866,j. augusto saldívar | miguel ángel ferreira velázquez | ramón cabrera acosta,miguel ángel ferreira velázquez | ramón cabrera acosta,,j. augusto saldívar,1,0.5550390063650442,0.4313016594516595,0.596225135091185,0.17524527227563277,0.2351667268246269,3
14874,Última Hora,Jóvenes denuncian injusticias y reclaman oportunidades reales,2026-09-20 21:00:00-03:00,15041,TN Press,El compromiso de la juventud hará florecer al Paraguay,2026-09-20 21:00:00-03:00,0.8006,0,14874,15041,7,2,0,0,0,0,0.0,0.0,0.0,,,,,0,0.011186620702156872,0.0007894984010036467,0.05039708897322897,0.0034600117955988635,0.001113050845307434,5
15345,La Nación,La Nación / Fiscalía solicitó 12 años de prisión para Rivas,2026-09-20 21:00:00-03:00,14875,Última Hora,Parlamentarios están expectantes ante la sentencia en el caso Rivas,2026-09-20 21:00:00-03:00,0.8926,1,14875,15345,12,14,2,2,0,0,0.0833333333333333,9.389530262279608,0.0729615680660195,hernán rivas | rivas,hernán rivas | rivas,,,0,0.3706371232074646,0.239860656010656,0.3639761277808024,0.1907714764567269,0.07394149267225315,5
15489,ABC Color,Senado culmina audiencias y avanza hacia las ternas para la Defensoría del Pueblo - Política - ABC Color,2026-09-20 21:00:00-03:00,14875,Última Hora,Parlamentarios están expectantes ante la sentencia en el caso Rivas,2026-09-20 21:00:00-03:00,0.787,0,14875,15489,24,14,0,0,0,0,0.0,0.0,0.0,,,,,0,0.006945313929264119,0.0012226436633437088,0.04782158821988639,0.003706143686534739,0.0010708246241200798,1
15147,Diario Paraguayo Noticias,Dinelco amplía opciones de pago para comercios | Diario Paraguayo,2026-09-20 21:00:00-03:00,14883,Última Hora,Dinelco amplía las opciones de pago para comercios con su nueva campaña,2026-09-20 21:00:00-03:00,0.9738,2,14883,15147,7,4,4,0,3,1,0.5714285714285714,17.644411224885747,0.5620055814612551,banco central del paraguay | bepsa del paraguay s.a.e.c.a. | dinelco | paraguay,,banco central del paraguay | bepsa del paraguay s.a.e.c.a. | dinelco,paraguay,1,0.9992652068643333,0.9844301587301587,0.9276017001703587,0.9822998099084365,0.9868031662730148,4
14884,Última Hora,"Muere a los 27 años el modelo Presley Gerber, hijo de Cindy Crawford",2026-09-20 21:00:00-03:00,15476,La Nación,La Nación / Presley Gerber y el llamado Club de los 27: cuando la fama no alcanza para ocultar el dolor,2026-09-20 21:00:00-03:00,0.8642,1,14884,15476,16,16,3,2,0,1,0.1034482758620689,15.654377018766043,0.0965265943111495,kaia gerber | los ángeles | presley gerber,kaia gerber | presley gerber,,los ángeles,0,0.18347069397528826,0.1335830347813107,0.3428638175070111,0.042525138835010315,0.0046230225734171055,1
14884,Última Hora,"Muere a los 27 años el modelo Presley Gerber, hijo de Cindy Crawford",2026-09-20 21:00:00-03:00,15499,La Nación,La Nación / Más allá del Club de los 27: la historia de Presley Gerber,2026-09-20 21:00:00-03:00,0.8637,1,14884,15499,16,15,3,2,0,1,0.1071428571428571,15.654377018766043,0.1007233738227162,cindy crawford | kaia gerber | los ángeles,cindy crawford | kaia gerber,,los ángeles,0,0.18197286034179772,0.13110366970194562,0.33982082867444613,0.042525138835010315,0.0044791060987150536,1
14884,Última Hora,"Muere a los 27 años el modelo Presley Gerber, hijo de Cindy Crawford",2026-09-20 21:00:00-03:00,15518,Diario Paraguayo Noticias,Más allá del Club de los 27: la historia de Presley Gerber | Diario Paraguayo,2026-09-20 21:00:00-03:00,0.8569,1,14884,15518,16,16,4,3,0,1,0.1428571428571428,21.08994442036796,0.135696895073278,cindy crawford | kaia gerber | los ángeles | presley gerber,cindy crawford | kaia gerber | presley gerber,,los ángeles,0,0.1366888218762338,0.26874300144300156,0.3388852070415692,0.012399220054338215,0.01722911268710144,1
14884,Última Hora,"Muere a los 27 años el modelo Presley Gerber, hijo de Cindy Crawford",2026-09-20 21:00:00-03:00,15561,Última Hora,"Lady Gaga recurrió a la gestación subrogada, según todos los indicios",2026-09-20 21:00:00-03:00,0.7148,0,14884,15561,16,12,2,0,1,1,0.0769230769230769,10.624274725272295,0.0715264885030878,los ángeles | tmz,,tmz,los ángeles,0,0.0007248265181344427,0.03752022422022421,0.07540325564723042,0.007022610880641306,0.0031148300314467843,1
14886,Última Hora,"Latele cumple 18 años de historia, renovando y estrenando casa",2026-09-20 21:00:00-03:00,14885,Última Hora,2007 Oniria celebra su primer galardón,2026-09-20 21:00:00-03:00,0.7608,0,14885,14886,11,11,0,0,0,0,0.0,0.0,0.0,,,,,0,0.0006981165646435783,0.0016992376690305893,0.04389883882148758,0.002056540117576608,0.000723584931933367,4
14886,Última Hora,"Latele cumple 18 años de historia, renovando y estrenando casa",2026-09-20 21:00:00-03:00,15389,Diario Paraguayo Noticias,Latele cumple 18 años con nueva sede y tecnología | Diario Paraguayo,2026-09-20 21:00:00-03:00,0.9737,2,14886,15389,11,17,9,7,2,0,0.4736842105263157,53.22985515585934,0.4646817285194222,césar trinidad | dani vuyk | latele | lorena azucas | maría liz | mathías benítez | pelusa rubin | rossana barrios | úh,césar trinidad | dani vuyk | lorena azucas | maría liz | mathías benítez | pelusa rubin | rossana barrios,latele | úh,,1,0.9949655588953223,0.9412346597846596,0.8984538847836545,0.9505326620685636,0.9639582180847454,4
14886,Última Hora,"Latele cumple 18 años de historia, renovando y estrenando casa",2026-09-20 21:00:00-03:00,15402,Extra,¡Sanie y Rubén celebran los 23 años con Vive la Vida!,2026-09-20 21:00:00-03:00,0.7843,0,14886,15402,11,14,0,0,0,0,0.0,0.0,0.0,,,,,0,0.002402269936803122,0.0016992376690305893,0.04649140309774422,0.002056540117576608,0.000723584931933367,4
14886,Última Hora,"Latele cumple 18 años de historia, renovando y estrenando casa",2026-09-20 21:00:00-03:00,15404,Extra,Kiara Coronel festeja los 2 años de TF Stream: “Somos los únicos con conductores preparados”,2026-09-20 21:00:00-03:00,0.7317,0,14886,15404,11,7,0,0,0,0,0.0,0.0,0.0,,,,,0,0.00015089016699875067,0.0016992376690305893,0.041229669353310835,0.002056540117576608,0.000723584931933367,4
15538,Ñanduti,Peña viaja con comitiva de 13 personas a EE.UU.: el decreto no revela cuánto costará la numerosa misión oficial,2026-09-20 21:00:00-03:00,14888,La Nación,La Nación / Santiago Peña inicia intensa agenda en Nueva York antes del debate en la ONU,2026-09-20 21:00:00-03:00,0.836,0,14888,15538,27,12,9,2,6,1,0.3,41.11848016628762,0.2532587615288417,bank of america | emerging variant | estado | estados unidos | modirum gespi | onu | peña | santiago peña | scorpio tankers,peña | santiago peña,bank of america | emerging variant | estado | modirum gespi | onu | scorpio tankers,estados unidos,0,0.4339850422208732,0.5444609181668008,0.6362408834952662,0.43750719105830743,0.17740721288799524,3
14894,La Nación,La Nación / Un paso más hacia la digitalización: BCP pone en marcha el CDA-d desde este lunes,2026-09-20 21:00:00-03:00,14990,Diario Paraguayo Noticias,Un paso más hacia la digitalización: BCP pone en marcha el CDA-d desde este lunes | Diario Paraguayo,2026-09-20 21:00:00-03:00,0.992,2,14894,14990,4,4,4,0,4,0,1.0,18.24794624675601,1.0,banco central del paraguay | bcp | depo | depositaria de valores,,banco central del paraguay | bcp | depo | depositaria de valores,,1,0.9996062971089753,0.951228275645923,0.9352740403632636,0.9623979872057178,0.96943283718957,5
14894,La Nación,La Nación / Un paso más hacia la digitalización: BCP pone en marcha el CDA-d desde este lunes,2026-09-20 21:00:00-03:00,15150,Diario Paraguayo Noticias,BCP activa sistema CDA-d para certificados digitales | Diario Paraguayo,2026-09-20 21:00:00-03:00,0.9815,2,14894,15150,4,4,4,0,4,0,1.0,18.24794624675601,1.0,banco central del paraguay | bcp | depo | depositaria de valores,,banco central del paraguay | bcp | depo | depositaria de valores,,1,0.9993816275426577,0.951228275645923,0.9343375715087988,0.9623979872057178,0.96943283718957,5
14894,La Nación,La Nación / Un paso más hacia la digitalización: BCP pone en marcha el CDA-d desde este lunes,2026-09-20 21:00:00-03:00,15335,Última Hora,Adiós al CDA de papel: Paraguay entra en la era del CDA digital,2026-09-20 21:00:00-03:00,0.9643,2,14894,15335,4,5,4,0,4,0,0.8,18.24794624675601,0.886922559843909,banco central del paraguay | bcp | depo | depositaria de valores,,banco central del paraguay | bcp | depo | depositaria de valores,,1,0.9975973976120246,0.9376735137411614,0.916233663963942,0.9624593402044856,0.9598919575791679,5
15374,Ñanduti,Banco Continental integra la emisión y custodia en la nueva era del CDA Digital,2026-09-20 21:00:00-03:00,14894,La Nación,La Nación / Un paso más hacia la digitalización: BCP pone en marcha el CDA-d desde este lunes,2026-09-20 21:00:00-03:00,0.9323,2,14894,15374,5,4,2,0,2,0,0.2857142857142857,8.04975591679461,0.2205860373771528,banco central del paraguay | bcp,,banco central del paraguay | bcp,,1,0.919400188709159,0.9288567630082337,0.8526554118601526,0.8559824372887643,0.717056756808341,2
14894,La Nación,La Nación / Un paso más hacia la digitalización: BCP pone en marcha el CDA-d desde este lunes,2026-09-20 21:00:00-03:00,15472,Más Encarnación,BCP habilita los Certificados de Depósito de Ahorro 100% digitales,2026-09-20 21:00:00-03:00,0.9799,2,14894,15472,4,5,4,0,4,0,0.8,18.24794624675601,0.7937214168515081,banco central del paraguay | bcp | depo | depositaria de valores,,banco central del paraguay | bcp | depo | depositaria de valores,,1,0.9987705067981646,0.950228275645923,0.9292650231809892,0.9623979872057178,0.96943283718957,5
14894,La Nación,La Nación / Un paso más hacia la digitalización: BCP pone en marcha el CDA-d desde este lunes,2026-09-20 21:00:00-03:00,15514,Diario Paraguayo Noticias,CDA digitales: Paraguay moderniza inversiones | Diario Paraguayo,2026-09-20 21:00:00-03:00,0.9436,2,14894,15514,4,6,3,0,3,0,0.4285714285714285,14.198673206273986,0.4433565404796054,banco central del paraguay | depo | depositaria de valores,,banco central del paraguay | depo | depositaria de valores,,1,0.9768115335398239,0.9458608153284629,0.846950551691113,0.9621206343078506,0.9413877483021891,5
15112,Ñanduti,Alfaro convocó a 28 jugadores para los amistosos de Paraguay ante Bolivia y Colombia: varias caras nuevas en la lista,2026-09-20 21:00:00-03:00,14897,La Nación,La Nación / Se inicia un nuevo ciclo,2026-09-20 21:00:00-03:00,0.9662,2,14897,15112,42,31,18,7,7,3,0.3272727272727272,88.92013735695134,0.2899311569695785,albirroja | alexis cañete | atlético tucumán | audi field | bolivia | c | colombia | enso gonzález | gustavo alfaro | hugo adrián benítez | hugo quintana | nacional | nueva jersey | paraguay | robert morales | santiago rojas | sports illustrated stadium | wolverhampton,alexis cañete | enso gonzález | gustavo alfaro | hugo adrián benítez | hugo quintana | robert morales | santiago rojas,albirroja | atlético tucumán | bolivia | c | colombia | nacional | wolverhampton,audi field | nueva jersey | sports illustrated stadium,1,0.9970665140623243,0.77193664946165,0.8596684532466311,0.9846733041192175,0.9439433007539273,3
15111,Ñanduti,Conductor murió en choque frontal en J. Augusto Saldívar: hallaron botellas con olor a cerveza en su vehículo,2026-09-20 21:00:00-03:00,14903,NPY,Choque frontal en J. Augusto Saldívar deja un fallecido y a una familia que exige esclarecer el caso,2026-09-20 21:00:00-03:00,0.8778,2,14903,15111,7,8,2,1,0,1,0.1538461538461538,10.064658937336874,0.1358724588976735,j. augusto saldívar | ramón cabrera acosta,ramón cabrera acosta,,j. augusto saldívar,1,0.3371537644451808,0.4606998223998224,0.4120133210469468,0.6671119142356774,0.5217958371340515,3
15294,La Nación,"La Nación / Senabico subastará inmuebles, vehículos y maquinaria pesada el 24 de septiembre",2026-09-20 21:00:00-03:00,14904,5Días,Principales Empresas Adjudicadas en Licitaciones Públicas – Semana del 14 al 20 de septiembre de 2026,2026-09-20 21:00:00-03:00,0.7653,0,14904,15294,16,2,0,0,0,0,0.0,0.0,0.0,,,,,0,0.0008846265835016113,0.0016992376690305893,0.04430446577397942,0.002056540117576608,0.000723584931933367,4
15294,La Nación,"La Nación / Senabico subastará inmuebles, vehículos y maquinaria pesada el 24 de septiembre",2026-09-20 21:00:00-03:00,14905,5Días,Municipalidades con Mayor Monto Adjudicado en Paraguay – Semana del 14 al 20 de septiembre de 2026,2026-09-20 21:00:00-03:00,0.7255,0,14905,15294,16,1,0,0,0,0,0.0,0.0,0.0,,,,,0,0.00010886488053235648,0.0016992376690305893,0.040338052844282456,0.002056540117576608,0.000723584931933367,4
15294,La Nación,"La Nación / Senabico subastará inmuebles, vehículos y maquinaria pesada el 24 de septiembre",2026-09-20 21:00:00-03:00,14906,5Días,Gobernaciones con Adjudicaciones – Semana del 14 al 20 de septiembre de 2026,2026-09-20 21:00:00-03:00,0.7647,0,14906,15294,16,1,0,0,0,0,0.0,0.0,0.0,,,,,0,0.0008571368908338675,0.0016992376690305893,0.04430446577397942,0.002056540117576608,0.000723584931933367,4
15554,Última Hora,Advierten que venta de inmuebles no puede financiar fondo de salud de IPS,2026-09-20 21:00:00-03:00,14907,5Días,Top Convocantes con Mayor Monto Adjudicado – Semana del 14 al 20 de septiembre de 2026,2026-09-20 21:00:00-03:00,0.7416,0,14907,15554,10,3,2,0,2,0,0.1818181818181818,9.253728721120543,0.1474760770565903,instituto de previsión social | ips,,instituto de previsión social | ips,,0,0.0030803506181758603,0.12819956709956706,0.19184925147051649,0.017119843396679397,0.006313981416002861,1
15113,Ñanduti,"La Unión Europea busca no quedarse atrás en inteligencia artificial, pero apuesta por una regulación robusta",2026-09-20 21:00:00-03:00,14915,5Días,Europa debate cómo competir en IA frente a EE.UU.,2026-09-20 21:00:00-03:00,0.9143,2,14915,15113,19,2,1,0,1,0,0.05,5.435567401601912,0.0468087329239596,europa,,europa,,1,0.6869543868629762,0.8241026829379768,0.6250165939558745,0.9157989153059185,0.9791444944448935,1
15538,Ñanduti,Peña viaja con comitiva de 13 personas a EE.UU.: el decreto no revela cuánto costará la numerosa misión oficial,2026-09-20 21:00:00-03:00,14920,El Independiente,Peña tiene ocho encuentros económicos antes del debate de Naciones Unidas,2026-09-20 21:00:00-03:00,0.8224,0,14920,15538,27,12,7,2,4,1,0.21875,32.52972774876032,0.1917812900530855,bank of america | emerging variant | estados unidos | modirum gespi | peña | santiago peña | scorpio tankers,peña | santiago peña,bank of america | emerging variant | modirum gespi | scorpio tankers,estados unidos,0,0.14765867830017412,0.5703710247269073,0.5349495561551263,0.28064156453265676,0.18700123546228506,3
15160,Más Encarnación,Transferencia por error: alertan sobre maniobra delictiva,2026-09-20 21:00:00-03:00,14927,Resumen de Noticias,Transferencia por error: alertan sobre maniobra delictiva,2026-09-20 21:00:00-03:00,0.9876,2,14927,15160,4,3,3,2,1,0,0.75,15.893268927048393,0.7701835791861193,luis samaniego correa | policía nacional | samaniego correa,luis samaniego correa | samaniego correa,policía nacional,,1,0.9976212410813986,0.9867585137085138,0.9547590981996243,0.9890259476545952,0.9929520998783887,2
15112,Ñanduti,Alfaro convocó a 28 jugadores para los amistosos de Paraguay ante Bolivia y Colombia: varias caras nuevas en la lista,2026-09-20 21:00:00-03:00,14931,Resumen de Noticias,Primera lista de Gustavo Alfaro en la Albirroja tras renovar,2026-09-20 21:00:00-03:00,0.9609,2,14931,15112,42,41,21,15,5,1,0.3387096774193548,113.046431222264,0.3218176889644491,alan benítez | albirroja | alejandro romero gamarra | alexis cañete | atlético tucumán | audi field | bolivia | braian ojeda | colombia | damián bobadilla | enso gonzález | fabián balbuena | gabriel ávalos | gustavo alfaro | gustavo velázquez | hugo adrián benítez | hugo quintana | isidro pitta | nacional | robert morales | santiago rojas,alan benítez | alejandro romero gamarra | alexis cañete | braian ojeda | damián bobadilla | enso gonzález | fabián balbuena | gabriel ávalos | gustavo alfaro | gustavo velázquez | hugo adrián benítez | hugo quintana | isidro pitta | robert morales | santiago rojas,albirroja | atlético tucumán | bolivia | colombia | nacional,audi field,1,0.9656774289648627,0.716913633588634,0.7793562652983167,0.9269702151135885,0.6532759761844958,3
15291,La Nación,La Nación / Rigo Chamorro agasajará a la juventud esteña con un festival estelar y gratuito,2026-09-20 21:00:00-03:00,14932,Resumen de Noticias,Primavera y juventud: una tradición que une a Paraguay,2026-09-20 21:00:00-03:00,0.8283,0,14932,15291,14,5,0,0,0,0,0.0,0.0,0.0,,,,,0,0.03679797446848559,0.001993951413616215,0.06065929724510831,0.0039700585174930105,0.0010265869969534485,2
15111,Ñanduti,Conductor murió en choque frontal en J. Augusto Saldívar: hallaron botellas con olor a cerveza en su vehículo,2026-09-20 21:00:00-03:00,14934,Resumen de Noticias,Choque frontal en J. Augusto Saldívar deja un fallecido,2026-09-20 21:00:00-03:00,0.8973,2,14934,15111,7,11,4,2,1,0,0.2857142857142857,20.976615735060957,0.2637203566767455,bomberos de capiatá | j. augusto saldívar | miguel ángel ferreira velázquez | ramón cabrera acosta,miguel ángel ferreira velázquez | ramón cabrera acosta,bomberos de capiatá,,1,0.6081058685726136,0.29507431457431466,0.5686334866149573,0.17665821578608137,0.14575043306375635,3
15119,ABC Color,San Ignacio: trabajadores de salud cierran la ruta PY01 y exigen aumento salarial del 50% - Nacionales - ABC Color,2026-09-20 21:00:00-03:00,14936,adn,Trabajadores de salud piden 50% de aumento y cifran reclamo en USD 103 millones - ADN Digital,2026-09-20 21:00:00-03:00,0.8916,1,14936,15119,13,6,0,0,0,0,0.0,0.0,0.0,,,,,0,0.3169395488893744,0.07853261356845485,0.2163236638478665,0.048604832434601446,0.015704698276215057,2
15186,La Nación,La Nación / Campaña “Todos con Iván” busca alcanzar meta de G. 1.000 millones para su rehabilitación,2026-09-20 21:00:00-03:00,14936,adn,Trabajadores de salud piden 50% de aumento y cifran reclamo en USD 103 millones - ADN Digital,2026-09-20 21:00:00-03:00,0.7543,0,14936,15186,9,6,0,0,0,0,0.0,0.0,0.0,,,,,0,0.0004958651260169539,0.0016992376690305893,0.04326711129047701,0.002056540117576608,0.000723584931933367,4
15188,La Nación,La Nación / Funcionarios de municipio fernandino denuncian cuatro meses de atraso salarial,2026-09-20 21:00:00-03:00,14936,adn,Trabajadores de salud piden 50% de aumento y cifran reclamo en USD 103 millones - ADN Digital,2026-09-20 21:00:00-03:00,0.8069,0,14936,15188,9,6,0,0,0,0,0.0,0.0,0.0,,,,,0,0.013999130641763809,0.0017089876555475738,0.038000296381604314,0.0037788103555991904,0.0007777402052384721,3
15294,La Nación,"La Nación / Senabico subastará inmuebles, vehículos y maquinaria pesada el 24 de septiembre",2026-09-20 21:00:00-03:00,14939,adn,Subasta pública de bienes incautados se realizará el próximo jueves - ADN Digital,2026-09-20 21:00:00-03:00,0.974,2,14939,15294,16,15,10,0,2,8,0.4761904761904761,57.62005478331195,0.4745282151914586,avenida madame lynch | calle punta brava | centro militar naval aeronáutico | lu | mariano roque alonso | pedro juan caballero | que | san pedro del paraná | secretaría nacional de administración de bienes incautados y comisados | senabico,,secretaría nacional de administración de bienes incautados y comisados | senabico,avenida madame lynch | calle punta brava | centro militar naval aeronáutico | lu | mariano roque alonso | pedro juan caballero | que | san pedro del paraná,1,0.9995418434499657,0.988030158730159,0.9358419016635092,0.9783150331168371,0.9940814471176708,4
15489,ABC Color,Senado culmina audiencias y avanza hacia las ternas para la Defensoría del Pueblo - Política - ABC Color,2026-09-20 21:00:00-03:00,14941,adn,Juicio a Hernán Rivas se reanuda hoy con los alegatos finales de la Fiscalía - ADN Digital,2026-09-20 21:00:00-03:00,0.8049,0,14941,15489,24,19,2,0,2,0,0.048780487804878,9.294220082475285,0.0410786838189061,jem | jurado de enjuiciamiento de magistrados,,jem | jurado de enjuiciamiento de magistrados,,0,0.028671440658774795,0.08475425685425689,0.164932017022312,0.007489026296389399,0.009252003892565787,1
15538,Ñanduti,Peña viaja con comitiva de 13 personas a EE.UU.: el decreto no revela cuánto costará la numerosa misión oficial,2026-09-20 21:00:00-03:00,14942,adn,Peña cumple agenda empresarial en Nueva York antes de la Asamblea de la ONU - ADN Digital,2026-09-20 21:00:00-03:00,0.8443,0,14942,15538,27,13,6,2,3,1,0.1764705882352941,26.8710167958442,0.1478665692444524,bank of america | emerging variant | estados unidos | peña | santiago peña | scorpio tankers,peña | santiago peña,bank of america | emerging variant | scorpio tankers,estados unidos,0,0.2317028989210641,0.6763162184221012,0.5721704677147166,0.6478435729406616,0.7793301836736541,3
14999,Diario Paraguayo Noticias,EE. UU. y China establecen diálogo sobre IA | Diario Paraguayo,2026-09-20 21:00:00-03:00,14952,La Tribuna,China busca con EE.UU. salvar la tregua antes de la cumbre Xi-Trump en Washington,2026-09-20 21:00:00-03:00,0.9092,0,14952,14999,16,21,12,6,5,1,0.48,60.76206982917294,0.4519322239625404,bessent | casa blanca | china | donald trump | estados unidos | he lifeng | jamieson greer | nueva york | pekín | scott bessent | washington | xi jinping,bessent | donald trump | he lifeng | jamieson greer | scott bessent | xi jinping,casa blanca | china | estados unidos | pekín | washington,nueva york,0,0.9577177668541449,0.8263816093263466,0.8235901987343498,0.8173457206372716,0.7011827016647859,2
15465,ABC Color,Líderes de 22 países e instituciones reclaman supervisión humana para la IA - Tecnología - ABC Color,2026-09-20 21:00:00-03:00,14955,Megacadena,Líderes mundiales se reúnen en Nueva York para la asamblea de la ONU con las guerras e inteligencia artificial en la agenda,2026-09-20 21:00:00-03:00,0.8339,1,14955,15465,29,26,2,0,2,0,0.0377358490566037,8.64759291755023,0.0278021458754694,gobierno | onu,,gobierno | onu,,0,0.08043532821021035,0.10500723615154933,0.24785700242939032,0.0034600117955988635,0.008160666177982645,5
15114,Ñanduti,"Rusia Unida obtiene su mejor resultado histórico y revalida la mayoría constitucional en la Duma, según datos oficiales",2026-09-20 21:00:00-03:00,14956,Megacadena,Putin amplía su control del Parlamento ruso tras una elección cuestionada internacionalmente,2026-09-20 21:00:00-03:00,0.918,2,14956,15114,15,14,6,0,4,1,0.2608695652173913,32.27341835369046,0.2482605590740778,kremlin | nueva gente | parlamento | partido comunista | rusia unida | ucrania,,kremlin | parlamento | partido comunista | rusia unida,ucrania,1,0.8937111444656773,0.9277259363185836,0.791380508510749,0.982866879277759,0.9684336770092279,4
15112,Ñanduti,Alfaro convocó a 28 jugadores para los amistosos de Paraguay ante Bolivia y Colombia: varias caras nuevas en la lista,2026-09-20 21:00:00-03:00,14962,Megacadena,Alfaro abre su segundo ciclo en la Albirroja con 28 convocados,2026-09-19 21:00:00-03:00,0.9605,2,14962,15112,42,33,16,8,4,4,0.2711864406779661,78.0545046309015,0.2336060872181404,alan benítez | albirroja | alexis cañete | alfaro | audi field | bolivia | colombia | estados unidos | gustavo alfaro | math | nueva jersey | paraguay | robert morales | santiago rojas | sports illustrated stadium | ías villasanti,alan benítez | alexis cañete | alfaro | gustavo alfaro | math | robert morales | santiago rojas | ías villasanti,albirroja | bolivia | colombia | paraguay,audi field | estados unidos | nueva jersey | sports illustrated stadium,1,0.9887187755544511,0.7775566350316352,0.8213953039023842,0.9643847711251265,0.9439433007539273,3
15096,Más Encarnación,Conductor en presunto estado de ebriedad es aprehendido por escándalo y resistencia en barrio San Roque,2026-09-20 21:00:00-03:00,14963,Megacadena,Sin licencia y alcoholizado: Chofer con antecedentes queda preso tras chocar 4 veces en Luque,2026-09-20 21:00:00-03:00,0.8131,0,14963,15096,14,14,1,0,1,0,0.037037037037037,4.480055956574475,0.0275404547753858,policía,,policía,,0,0.029664532720140618,0.010197755168807799,0.07426043275975647,0.003706143686534739,0.0011706792451142698,1
15345,La Nación,La Nación / Fiscalía solicitó 12 años de prisión para Rivas,2026-09-20 21:00:00-03:00,14965,Megacadena,Fiscalía inicia alegatos finales y asegura que acusación contra Hernán Rivas quedó acreditada,2026-09-20 21:00:00-03:00,0.9031,1,14965,15345,12,13,5,2,3,0,0.25,23.60882275575633,0.2354871533450725,corte | fiscalía | herná | jem | n rivas,herná | n rivas,corte | fiscalía | jem,,0,0.7653110817279023,0.8348266997708177,0.7280045559708327,0.8930717814353174,0.8600211889690875,5
15187,La Nación,"La Nación / En violento asalto domiciliario, gavilla roba más de G. 20 millones en Minga Guazú",2026-09-20 21:00:00-03:00,14967,Megacadena,Asalto tipo comando en Minga Guazú: golpearon a un hombre y se llevaron millonario botín,2026-09-20 21:00:00-03:00,0.9496,2,14967,15187,12,11,4,1,1,2,0.2105263157894736,18.625240477897474,0.1865929113566135,alberto fernández | hospital distrital | minga guazú | policía nacional,alberto fernández,policía nacional,hospital distrital | minga guazú,1,0.9563266167203079,0.9852136363636362,0.8752716766850824,0.9914578986300845,0.9943678608723717,1
15235,Crónica,Se hicieron pasar por polis y pelaron una vivienda,2026-09-20 21:00:00-03:00,14967,Megacadena,Asalto tipo comando en Minga Guazú: golpearon a un hombre y se llevaron millonario botín,2026-09-20 21:00:00-03:00,0.9255,2,14967,15235,6,11,4,0,2,1,0.3076923076923077,18.13973266211577,0.2689003612470898,hospital distrital | minga guazú | policía | policía nacional,,policía | policía nacional,minga guazú,1,0.9321922069929012,0.9573315295815297,0.8466888816278864,0.9218108830810531,0.9680075115043146,3
15183,La Nación,La Nación / Peña anuncia nuevas oportunidades de formación y experiencia laboral para jóvenes,2026-09-20 21:00:00-03:00,14968,Megacadena,Ministra admite el primer empleo sigue siendo un desafío y apuntan a más oportunidades para jóvenes,2026-09-20 21:00:00-03:00,0.8812,0,14968,15183,17,11,2,0,1,1,0.0769230769230769,5.875004195310448,0.0441660491731614,gobierno | paraguay,,gobierno,paraguay,0,0.3832551561210225,0.300640283088559,0.4328963594929978,0.26688243567754527,0.24406300876086698,4
15007,Extra,¡Descontrol! Aspirantes a policía salieron de farra y volvieron apintonadas,2026-09-20 21:00:00-03:00,14974,Popular,Popular / Poli de la Caminera ligó sapatu plantilla râicha,2026-09-20 21:00:00-03:00,0.7842,0,14974,15007,15,7,0,0,0,0,0.0,0.0,0.0,,,,,0,0.006182056979203565,0.0012226436633437088,0.04782158821988639,0.003706143686534739,0.0010708246241200798,1
15498,La Nación,La Nación / ¡No es visita! Paraguaya presume que su novio llega a su casa y hace de todo,2026-09-20 21:00:00-03:00,14977,Popular,Popular / Oiko ñemenda guasu de 95 parejas,2026-09-20 21:00:00-03:00,0.7335,0,14977,15498,7,9,0,0,0,0,0.0,0.0,0.0,,,,,0,0.0006304236227924377,0.0007894984010036467,0.04168544450509527,0.0034600117955988635,0.001113050845307434,5
15510,Popular,Popular / (VIDEO) ¡Venden guiso a lo paraguayoité en salones chuchis de yanquilandia!,2026-09-20 21:00:00-03:00,14977,Popular,Popular / Oiko ñemenda guasu de 95 parejas,2026-09-20 21:00:00-03:00,0.8947,0,14977,15510,3,9,0,0,0,0,0.0,0.0,0.0,,,,,0,0.43178964364394556,0.07384067263723258,0.2663289140867225,0.036479730957897964,0.021745920324441472,3
15115,Ñanduti,Lunes caluroso con tormentas y máxima de 35 grados: el martes la temperatura bajaría hasta 21 grados,2026-09-20 21:00:00-03:00,14984,Diario Paraguayo Noticias,"La primavera es recibida con calor, lluvias y un posterior descenso | Diario Paraguayo",2026-09-20 21:00:00-03:00,0.8729,1,14984,15115,13,4,0,0,0,0,0.0,0.0,0.0,,,,,0,0.2204955914727463,0.009662040158600078,0.14507239631032967,0.014013731734756008,0.004900108686057965,3
15498,La Nación,La Nación / ¡No es visita! Paraguaya presume que su novio llega a su casa y hace de todo,2026-09-20 21:00:00-03:00,14985,Diario Paraguayo Noticias,"Lo que tenés que saber: Iglesia critica omisión, venezolanos contra Peña y visitas sorpresas de Fretes | Diario Paraguayo",2026-09-20 21:00:00-03:00,0.7372,0,14985,15498,7,13,0,0,0,0,0.0,0.0,0.0,,,,,0,0.0007391201419419504,0.0007894984010036467,0.04196688407436467,0.0034600117955988635,0.001113050845307434,5
15147,Diario Paraguayo Noticias,Dinelco amplía opciones de pago para comercios | Diario Paraguayo,2026-09-20 21:00:00-03:00,14986,Diario Paraguayo Noticias,Dinelco amplía las opciones de pago para comercios con su nueva campaña | Diario Paraguayo,2026-09-20 21:00:00-03:00,0.9937,2,14986,15147,7,6,6,0,5,1,0.8571428571428571,26.296342544034577,0.8375848359802774,banco central del paraguay | bepsa del paraguay s.a.e.c.a. | diario ultimahora | dinelco | grupo diario paraguayo | paraguay,,banco central del paraguay | bepsa del paraguay s.a.e.c.a. | diario ultimahora | dinelco | grupo diario paraguayo,paraguay,1,0.99994154414544,0.9848816738816738,0.949237804292525,0.9826199725567644,0.9903031308744906,4
15111,Ñanduti,Conductor murió en choque frontal en J. Augusto Saldívar: hallaron botellas con olor a cerveza en su vehículo,2026-09-20 21:00:00-03:00,14987,Diario Paraguayo Noticias,Violento choque frontal deja un fallecido en J. Augusto Saldívar | Diario Paraguayo,2026-09-20 21:00:00-03:00,0.8841,2,14987,15111,7,8,3,2,0,1,0.25,15.317904782144833,0.2366374186517265,j. augusto saldívar | miguel ángel ferreira velázquez | ramón cabrera acosta,miguel ángel ferreira velázquez | ramón cabrera acosta,,j. augusto saldívar,1,0.41177387587013875,0.4625063270063274,0.5194693688711619,0.22778837365349294,0.08179688499452836,3
15550,Última Hora,"Titular del BCP, Baruja y Marco Riquelme integran la comitiva de Peña en EEUU",2026-09-20 21:00:00-03:00,14988,Diario Paraguayo Noticias,Baruja ratifica la potestad de Alliana para la elección de su dupla tras las municipales | Diario Paraguayo,2026-09-20 21:00:00-03:00,0.8887,0,14988,15550,26,17,9,8,0,0,0.2647058823529412,38.02065877151736,0.2326300349536851,alliana | baruja | cartes | césar sosa | honor colorado | juan carlos baruja | pedro alliana | raúl latorre | santiago peña,alliana | baruja | cartes | césar sosa | juan carlos baruja | pedro alliana | raúl latorre | santiago peña,,,0,0.46089055698452586,0.6285259684759682,0.7019917313840729,0.49670900311251476,0.5570846438504832,2
15374,Ñanduti,Banco Continental integra la emisión y custodia en la nueva era del CDA Digital,2026-09-20 21:00:00-03:00,14990,Diario Paraguayo Noticias,Un paso más hacia la digitalización: BCP pone en marcha el CDA-d desde este lunes | Diario Paraguayo,2026-09-20 21:00:00-03:00,0.9393,2,14990,15374,5,4,2,0,2,0,0.2857142857142857,8.04975591679461,0.2205860373771528,banco central del paraguay | bcp,,banco central del paraguay | bcp,,1,0.9376345586656636,0.9256977994227998,0.8536303131931989,0.8559824372887643,0.6636407690350294,2
15112,Ñanduti,Alfaro convocó a 28 jugadores para los amistosos de Paraguay ante Bolivia y Colombia: varias caras nuevas en la lista,2026-09-20 21:00:00-03:00,14994,Diario Paraguayo Noticias,Convocatoria de Paraguay para amistosos ante Bolivia y Colombia | Diario Paraguayo,2026-09-20 21:00:00-03:00,0.9679,2,14994,15112,42,34,20,6,9,5,0.3571428571428571,99.23738704692872,0.3227884508655316,albirroja | atlético tucumán | audi field | bolivia | c | colombia | enso gonzález | erro porteño | estados unidos | gustavo alfaro | hugo adrián benítez | hugo quintana | nacional | nueva jersey | paraguay | robert morales | santiago rojas | sports illustrated stadium | washington d.c. | wolverhampton,enso gonzález | gustavo alfaro | hugo adrián benítez | hugo quintana | robert morales | santiago rojas,albirroja | atlético tucumán | bolivia | c | colombia | erro porteño | nacional | paraguay | wolverhampton,audi field | estados unidos | nueva jersey | sports illustrated stadium | washington d.c.,1,0.9993114240922293,0.7951686840936845,0.8724624692588481,0.9803444071287382,0.9439433007539273,3
15113,Ñanduti,"La Unión Europea busca no quedarse atrás en inteligencia artificial, pero apuesta por una regulación robusta",2026-09-20 21:00:00-03:00,14999,Diario Paraguayo Noticias,EE. UU. y China establecen diálogo sobre IA | Diario Paraguayo,2026-09-20 21:00:00-03:00,0.793,0,14999,15113,19,16,1,0,1,0,0.0294117647058823,3.677709484049538,0.0190446186736024,estados unidos,,estados unidos,,0,0.012724823668156976,0.0064739456449982745,0.06525907285174368,0.003706143686534739,0.0011706792451142698,1
14999,Diario Paraguayo Noticias,EE. UU. y China establecen diálogo sobre IA | Diario Paraguayo,2026-09-20 21:00:00-03:00,15337,Última Hora,"Xi Jinping hará una visita de Estado a EEUU del 23 al 25 de septiembre, confirma China",2026-09-20 21:00:00-03:00,0.8739,0,14999,15337,16,23,10,4,3,2,0.3448275862068966,49.56243095899708,0.3204525007460642,bessent | casa blanca | china | estados unidos | he lifeng | nueva york | pekín | scott bessent | washington | xi jinping,bessent | he lifeng | scott bessent | xi jinping,china | estados unidos | washington,casa blanca | nueva york,0,0.7421886341624365,0.6954601121101123,0.7184448485807804,0.2827013206259933,0.8375459203751906,2
15007,Extra,¡Descontrol! Aspirantes a policía salieron de farra y volvieron apintonadas,2026-09-20 21:00:00-03:00,15063,Oviedo Press,Ocho hinchas de Olimpia dieron positivo al alcotest durante operativo en el Defensores - OviedoPress,2026-09-20 21:00:00-03:00,0.8011,0,15007,15063,15,10,1,0,0,1,0.0416666666666666,3.1131796813116863,0.0215210661144991,asunción,,,asunción,0,0.018083374232534644,0.0011090909090909092,0.059989155917470983,0.003706143686534739,0.0010708246241200798,1
15429,Ñanduti,Imputan a las máximas autoridades de APA por presunta lesión de confianza por cerca de G 2.000 millones,2026-09-20 21:00:00-03:00,15018,El Observador,Estas son las pruebas por las cuales un Tribunal condenó a Hugo Javier y Robles - El Observador,2026-09-19 21:00:00-03:00,0.8021,0,15018,15429,14,13,0,0,0,0,0.0,0.0,0.0,,,,,0,0.011292571105090484,0.0017089876555475738,0.03793697332192373,0.0037788103555991904,0.0007777402052384721,3
15280,Ñanduti,Mades hace vista gorda a transformadores de la ANDE en evidente estado de contaminación en San Lorenzo,2026-09-20 21:00:00-03:00,15024,Ahora CDE,HAMBRE CERO: Padres EXIGEN a gobernador LANDY TORRES garantías sobre la CALIDAD del almuerzo escolar,2026-09-20 21:00:00-03:00,0.727,0,15024,15280,9,8,0,0,0,0,0.0,0.0,0.0,,,,,0,0.0007021043185431187,0.001993951413616215,0.03471422714894227,0.0039700585174930105,0.0010265869969534485,2
15096,Más Encarnación,Conductor en presunto estado de ebriedad es aprehendido por escándalo y resistencia en barrio San Roque,2026-09-20 21:00:00-03:00,15025,Ahora CDE,Detienen a conductor tras embestir una patrullera durante operativo por polución sonora,2026-09-20 21:00:00-03:00,0.8842,0,15025,15096,14,7,1,0,1,0,0.05,4.480055956574475,0.038704845840929,policía,,policía,,0,0.38371403922561637,0.08742069711897302,0.2869922430493299,0.13138295204401604,0.04393956264668265,1
15187,La Nación,"La Nación / En violento asalto domiciliario, gavilla roba más de G. 20 millones en Minga Guazú",2026-09-20 21:00:00-03:00,15027,Ahora CDE,Encapuchados armados asaltan una vivienda y exigen dinero vinculado al accidente aéreo de Prosegur,2026-09-20 21:00:00-03:00,0.9489,2,15027,15187,12,15,3,1,1,1,0.125,13.526145312916777,0.1034173410247032,alberto fernández | minga guazú | policía nacional,alberto fernández,policía nacional,minga guazú,1,0.9275479970005731,0.7849715863427938,0.7843834365227865,0.8954066656741354,0.8197200010359501,1
15235,Crónica,Se hicieron pasar por polis y pelaron una vivienda,2026-09-20 21:00:00-03:00,15027,Ahora CDE,Encapuchados armados asaltan una vivienda y exigen dinero vinculado al accidente aéreo de Prosegur,2026-09-20 21:00:00-03:00,0.9195,2,15027,15235,6,15,3,0,2,1,0.1666666666666666,13.040637497135076,0.1324820057507146,minga guazú | policía | policía nacional,,policía | policía nacional,minga guazú,1,0.8909383758615026,0.9398537518037521,0.7991031882551811,0.8906044996083855,0.9611309788563026,3
15096,Más Encarnación,Conductor en presunto estado de ebriedad es aprehendido por escándalo y resistencia en barrio San Roque,2026-09-20 21:00:00-03:00,15038,TN Press,Persecución policial termina con un chofer borracho detenido en el centro de Minga G.,2026-09-20 21:00:00-03:00,0.8345,0,15038,15096,14,12,0,0,0,0,0.0,0.0,0.0,,,,,0,0.04857884682823823,0.0012226436633437088,0.06524023548713898,0.003706143686534739,0.003142256692236818,1
15115,Ñanduti,Lunes caluroso con tormentas y máxima de 35 grados: el martes la temperatura bajaría hasta 21 grados,2026-09-20 21:00:00-03:00,15058,Amambay Ahora,"La primavera es recibida con calor, lluvias y un posterior descenso",2026-09-20 21:00:00-03:00,0.8779,1,15058,15115,13,3,0,0,0,0,0.0,0.0,0.0,,,,,0,0.26189876313235655,0.05873591073247064,0.17439948238991632,0.08677251000157986,0.013334488967446777,3
15112,Ñanduti,Alfaro convocó a 28 jugadores para los amistosos de Paraguay ante Bolivia y Colombia: varias caras nuevas en la lista,2026-09-20 21:00:00-03:00,15061,Oviedo Press,Alfaro da a conocer la lista de 28 convocados para el nuevo ciclo de la Albirroja - OviedoPress,2026-09-20 21:00:00-03:00,0.9743,2,15061,15112,42,28,21,11,6,4,0.4285714285714285,108.63376761812822,0.3998169521050175,alan benítez | albirroja | alexis cañete | alfaro | atlético tucumán | audi field | bolivia | cléver ferreira | colombia | enso gonzález | estados unidos | gustavo alfaro | hugo quintana | independiente del valle | math | nacional | nueva jersey | robert morales | santiago rojas | sports illustrated stadium | ías villasanti,alan benítez | alexis cañete | alfaro | cléver ferreira | enso gonzález | gustavo alfaro | hugo quintana | math | robert morales | santiago rojas | ías villasanti,albirroja | atlético tucumán | bolivia | colombia | independiente del valle | nacional,audi field | estados unidos | nueva jersey | sports illustrated stadium,1,0.996655172568659,0.871534845709846,0.8969596875265873,0.9782815533932354,0.9716185870583685,3
15175,Última Hora,Orquesta de Cateura participa en dos actividades con proyectos independientes,2026-09-20 21:00:00-03:00,15070,Caazapa Ahora,Pilar reunió a jóvenes artistas en la XXXII edición del Festival del País,2026-09-20 21:00:00-03:00,0.7232,0,15070,15175,12,24,1,0,0,1,0.0285714285714285,4.3369551129338015,0.0212286067882484,central,,,central,0,0.00013159430770242985,0.00032552719703140556,0.047828924797696355,0.0027934759373402064,0.000723584931933367,4
15177,Última Hora,Ñande Impro reúne en Asunción a figuras internacionales del teatro sin guion,2026-09-20 21:00:00-03:00,15070,Caazapa Ahora,Pilar reunió a jóvenes artistas en la XXXII edición del Festival del País,2026-09-20 21:00:00-03:00,0.775,0,15070,15177,25,24,1,0,0,1,0.0208333333333333,2.326506442740917,0.0082834926100272,paraguay,,,paraguay,0,0.0019128888450345184,0.00032552719703140556,0.05254144436752919,0.0027934759373402064,0.000723584931933367,4
15330,ABC Color,PGN 2027: Salud tendrá más recursos pese a limitada ejecución 2026 - Economía - ABC Color,2026-09-20 21:00:00-03:00,15071,QAP Chaco News,PGN 2027: más gasto bajo presión fiscal - QAP CHACO NEWS,2026-09-20 21:00:00-03:00,0.8707,0,15071,15330,12,5,0,0,0,0,0.0,0.0,0.0,,,,,0,0.1885068605448608,0.004098135987111893,0.11491358958546682,0.02282784925556498,0.0025440675719843094,1
15355,Itapúa en Noticias,"AGUAS DANZANTES, BUS TURÍSTICO Y LA RECUPERACIÓN DE LA ZONA BAJA: LAS PROPUESTAS DE NOVOSAD",2026-09-20 21:00:00-03:00,15080,Itapúa en Noticias,"EMPLEO, INDUSTRIAS Y ADULTOS MAYORES MARCAN LA VISIÓN DE FUTURO PARA CAMBYRETÁ",2026-09-20 21:00:00-03:00,0.8247,0,15080,15355,8,5,1,0,0,1,0.0833333333333333,4.560098664248011,0.0638794394093443,república del paraguay,,,república del paraguay,0,0.05720517820051178,0.007292319940595804,0.08137579122552871,0.00968607975970089,0.005095195240148701,2
15187,La Nación,"La Nación / En violento asalto domiciliario, gavilla roba más de G. 20 millones en Minga Guazú",2026-09-20 21:00:00-03:00,15081,Itapúa en Noticias,MINGA GUAZÚ: FALSOS POLICÍAS SE LLEVAN G. 15 MILLONES Y R$ 5.000 TRAS VIOLENTO ASALTO,2026-09-20 21:00:00-03:00,0.9401,2,15081,15187,12,9,5,1,2,2,0.3125,22.897657069693704,0.2783263404720246,alberto fernández | fiscalía | fracción el trébol | minga guazú | policía nacional,alberto fernández,fiscalía | policía nacional,fracción el trébol | minga guazú,1,0.9631366679503889,0.9714204906204906,0.8769826128462705,0.9637692641995094,0.9347120920897823,1
15235,Crónica,Se hicieron pasar por polis y pelaron una vivienda,2026-09-20 21:00:00-03:00,15081,Itapúa en Noticias,MINGA GUAZÚ: FALSOS POLICÍAS SE LLEVAN G. 15 MILLONES Y R$ 5.000 TRAS VIOLENTO ASALTO,2026-09-20 21:00:00-03:00,0.9098,2,15081,15235,6,9,2,0,1,1,0.1538461538461538,8.5605815405606,0.134258170609929,minga guazú | policía nacional,,policía nacional,minga guazú,1,0.7814540756093399,0.8360995504495506,0.7276941743025613,0.80143114744811,0.9393919836373991,3
15099,Más Encarnación,Mujer es aprehendida tras dañar a pedradas una bodega en Encarnación,2026-09-20 21:00:00-03:00,15083,Itapúa en Noticias,APREHENDEN A MUJER TRAS PRESUNTAMENTE CAUSAR DAÑOS EN UNA BODEGA DE ENCARNACIÓN,2026-09-20 21:00:00-03:00,0.9294,2,15083,15099,11,9,5,2,1,2,0.3333333333333333,26.59165162447441,0.326729960513747,avenida ucrania | bodega kaña rape | mariola belén vargas valdez | ministerio público | vargas valdez,mariola belén vargas valdez | vargas valdez,ministerio público,avenida ucrania | bodega kaña rape,1,0.9400464225814389,0.9642237373737378,0.9158107828641731,0.9314422717720179,0.9788740596985198,2
15088,Más Encarnación,Alertan sobre infartos a edades cada vez más tempranas,2026-09-20 21:00:00-03:00,15255,Amambay News,Alertan sobre infartos a edades cada vez más tempranas - Amambay News,2026-09-20 21:00:00-03:00,0.9737,2,15088,15255,3,2,1,1,0,0,0.25,5.658710952916121,0.2449144478182797,gonzález,gonzález,,,1,0.9952577257716515,0.9422348262848264,0.8561703315026366,0.9606155235162291,0.9942551545016387,4
15099,Más Encarnación,Mujer es aprehendida tras dañar a pedradas una bodega en Encarnación,2026-09-20 21:00:00-03:00,15093,Más Encarnación,Hombre con dos órdenes de captura por hurto agravado es detenido tras agredir a su pareja en Tomás Romero Pereira,2026-09-20 21:00:00-03:00,0.7904,0,15093,15099,11,12,1,0,1,0,0.0454545454545454,4.742420221041966,0.0378048407487387,edicion prensa,,edicion prensa,,0,0.013011203620492455,0.0019773105079081885,0.05769214871097112,0.0039700585174930105,0.0010761136732361514,2
15096,Más Encarnación,Conductor en presunto estado de ebriedad es aprehendido por escándalo y resistencia en barrio San Roque,2026-09-20 21:00:00-03:00,15237,Crónica,Tatácho al volante ojapo sarambi en Luque,2026-09-20 21:00:00-03:00,0.8374,0,15096,15237,14,7,0,0,0,0,0.0,0.0,0.0,,,,,0,0.05450588133899904,0.0012226436633437088,0.06948081440977961,0.003706143686534739,0.003142256692236818,1
15099,Más Encarnación,Mujer es aprehendida tras dañar a pedradas una bodega en Encarnación,2026-09-20 21:00:00-03:00,15193,NPY,Mujer fue brutalmente golpeada y su actual pareja es el principal sospechoso,2026-09-20 21:00:00-03:00,0.7867,0,15099,15193,11,8,1,0,1,0,0.0555555555555555,3.3814436679063653,0.034371555924472,ministerio público,,ministerio público,,0,0.01169644006668419,0.013937802840434419,0.06085783617824915,0.0039700585174930105,0.001095085483717263,2
15099,Más Encarnación,Mujer es aprehendida tras dañar a pedradas una bodega en Encarnación,2026-09-20 21:00:00-03:00,15227,Extra,Joven armó un sarambi y atacó a piedrazos el negocio de su novio de 56 años,2026-09-20 21:00:00-03:00,0.9159,2,15099,15227,11,10,3,0,1,2,0.1666666666666666,17.263814931200145,0.1715656208807522,avenida ucrania | bodega kaña rape | comisaría 107.a,,comisaría 107.a,avenida ucrania | bodega kaña rape,1,0.8401683430355954,0.9550931818181817,0.8118168202834237,0.9780005177649262,0.9960163430009414,2
15291,La Nación,La Nación / Rigo Chamorro agasajará a la juventud esteña con un festival estelar y gratuito,2026-09-20 21:00:00-03:00,15102,Más Encarnación,"Color, Baile y Alegría marcaron la celebración de la Juventud y la Primavera en Encarnación",2026-09-20 21:00:00-03:00,0.8393,0,15102,15291,14,6,0,0,0,0,0.0,0.0,0.0,,,,,0,0.055676452424493525,0.005760618080282882,0.07580460567851671,0.0039700585174930105,0.010671363132504627,2
15115,Ñanduti,Lunes caluroso con tormentas y máxima de 35 grados: el martes la temperatura bajaría hasta 21 grados,2026-09-20 21:00:00-03:00,15105,Red Digital San Pedro,"La primavera es recibida con calor, lluvias y un posterior descenso - Red Digital San Pedro",2026-09-20 21:00:00-03:00,0.8768,1,15105,15115,13,3,0,0,0,0,0.0,0.0,0.0,,,,,0,0.25237458219455716,0.0349501353966953,0.16810826231699777,0.08677251000157986,0.013334488967446777,3
15560,Última Hora,"Biblioteca Nacional: 139 años de memoria, libros y patrimonio",2026-09-20 21:00:00-03:00,15106,The Asuncion Times,Historic Adoption Records Open Path To Finding Family Origins In Paraguay,2026-09-20 21:00:00-03:00,0.6959,0,15106,15560,9,19,1,0,0,1,0.037037037037037,2.326506442740917,0.014235909218001,paraguay,,,paraguay,0,0.00022236841913030235,0.00044242424242424243,0.04836281213073754,0.003706143686534739,0.0010708246241200798,1
15177,Última Hora,Ñande Impro reúne en Asunción a figuras internacionales del teatro sin guion,2026-09-20 21:00:00-03:00,15109,The Asuncion Times,"Jorge Báez And ""Barrunto"" Take Top Honours At Premios Edda 2026 Theatre Awards",2026-09-20 21:00:00-03:00,0.7795,0,15109,15177,25,15,2,0,0,2,0.0526315789473684,5.439686124052603,0.0235971452238714,asunción | paraguay,,,asunción | paraguay,0,0.0033717692196958858,0.020531876403380615,0.07973411740668744,0.003037171110209425,0.0014289147736355752,4
15110,Ñanduti,"«Paraguay está en su mejor momento demográfico», afirma el director del INE en el Día de la Juventud y la Primavera",2026-09-20 21:00:00-03:00,15213,adn,"Demográficamente, nuestro país pasa por su mejor momento, porque la mayoría de la población es joven - ADN Digital",2026-09-20 21:00:00-03:00,0.9851,2,15110,15213,7,6,6,2,2,2,0.8571428571428571,26.6639465585055,0.8176531400394085,américa latina | ine | instituto nacional de estadística | iván ojeda | ojeda | paraguay,iván ojeda | ojeda,ine | instituto nacional de estadística,américa latina | paraguay,1,0.9986302279691688,0.9991333333333332,0.9580593593983631,0.9890385497744093,0.9954358053388189,1
15288,Última Hora,Día de la Juventud: ¿Cuándo Paraguay dejará de tener una mayoría de población joven?,2026-09-20 21:00:00-03:00,15110,Ñanduti,"«Paraguay está en su mejor momento demográfico», afirma el director del INE en el Día de la Juventud y la Primavera",2026-09-20 21:00:00-03:00,0.9509,2,15110,15288,5,7,5,2,2,1,0.7142857142857143,21.5648513935248,0.6612887712518376,ine | instituto nacional de estadística | iván ojeda | ojeda | paraguay,iván ojeda | ojeda,ine | instituto nacional de estadística,paraguay,1,0.9987769272908875,0.995048124098124,0.9431923526760297,0.9869229877961572,0.993605660010928,4
15110,Ñanduti,"«Paraguay está en su mejor momento demográfico», afirma el director del INE en el Día de la Juventud y la Primavera",2026-09-20 21:00:00-03:00,15445,Megacadena,"Paraguay atraviesa su mejor momento demográfico, según el INE",2026-09-20 21:00:00-03:00,0.9359,2,15110,15445,7,5,5,2,2,1,0.7142857142857143,21.5648513935248,0.6612887712518376,ine | instituto nacional de estadística | iván ojeda | ojeda | paraguay,iván ojeda | ojeda,ine | instituto nacional de estadística,paraguay,1,0.9792882326761811,0.9643727348674718,0.9006250044846761,0.9435219939049295,0.9701953884700714,1
15110,Ñanduti,"«Paraguay está en su mejor momento demográfico», afirma el director del INE en el Día de la Juventud y la Primavera",2026-09-20 21:00:00-03:00,15513,Diario Paraguayo Noticias,Bono demográfico de Paraguay: oportunidades hasta 2050 | Diario Paraguayo,2026-09-20 21:00:00-03:00,0.9371,2,15110,15513,7,5,5,2,2,1,0.7142857142857143,21.5648513935248,0.6612887712518376,ine | instituto nacional de estadística | iván ojeda | ojeda | paraguay,iván ojeda | ojeda,ine | instituto nacional de estadística,paraguay,1,0.9802827255609481,0.9645441634389003,0.9006296312722736,0.9435219939049295,0.9701953884700714,1
15110,Ñanduti,"«Paraguay está en su mejor momento demográfico», afirma el director del INE en el Día de la Juventud y la Primavera",2026-09-20 21:00:00-03:00,15545,ABC Color,"Paraguay atraviesa su mejor momento demográfico, según el INE - Nacionales - ABC Color",2026-09-20 21:00:00-03:00,0.9283,2,15110,15545,7,9,5,2,2,1,0.4545454545454545,21.5648513935248,0.4122195906035292,ine | instituto nacional de estadística | iván ojeda | ojeda | paraguay,iván ojeda | ojeda,ine | instituto nacional de estadística,paraguay,1,0.9411467615014154,0.9191378142325514,0.8473871410938614,0.9214745191649196,0.8961421905807706,1
15113,Ñanduti,"La Unión Europea busca no quedarse atrás en inteligencia artificial, pero apuesta por una regulación robusta",2026-09-20 21:00:00-03:00,15357,5Días,La IA acelera más rápido que la economía que debe sostenerla,2026-09-20 21:00:00-03:00,0.7972,0,15113,15357,19,0,0,0,0,0,0.0,0.0,0.0,,,,,0,0.010604324193251125,0.0012226436633437088,0.05093892326176802,0.003706143686534739,0.0010708246241200798,1
15465,ABC Color,Líderes de 22 países e instituciones reclaman supervisión humana para la IA - Tecnología - ABC Color,2026-09-20 21:00:00-03:00,15113,Ñanduti,"La Unión Europea busca no quedarse atrás en inteligencia artificial, pero apuesta por una regulación robusta",2026-09-20 21:00:00-03:00,0.8587,0,15113,15465,29,19,2,0,2,0,0.0434782608695652,8.64759291755023,0.0309346369820696,estados | gobierno,,estados | gobierno,,0,0.20558358028117069,0.15042762669290763,0.2971032817779098,0.01378472601025801,0.025977559739236565,5
15113,Ñanduti,"La Unión Europea busca no quedarse atrás en inteligencia artificial, pero apuesta por una regulación robusta",2026-09-20 21:00:00-03:00,15568,5Días,"El dilema de la IA ya no es cómo frenarla, sino quién la controla",2026-09-20 21:00:00-03:00,0.7929,0,15113,15568,19,0,0,0,0,0,0.0,0.0,0.0,,,,,0,0.008873311950456873,0.0012226436633437088,0.049048061915916694,0.003706143686534739,0.0010708246241200798,1
15114,Ñanduti,"Rusia Unida obtiene su mejor resultado histórico y revalida la mayoría constitucional en la Duma, según datos oficiales",2026-09-20 21:00:00-03:00,15440,adn,El partido de Putin logra un récord de escaños en Rusia - ADN Digital,2026-09-20 21:00:00-03:00,0.9246,2,15114,15440,15,27,4,0,3,1,0.1052631578947368,20.732852896544006,0.0928552862640873,duma | kremlin | rusia unida | ucrania,,duma | kremlin | rusia unida,ucrania,1,0.839361257461808,0.7890381389766327,0.7220154762596889,0.9086774100154389,0.6293381765451644,4
15188,La Nación,La Nación / Funcionarios de municipio fernandino denuncian cuatro meses de atraso salarial,2026-09-20 21:00:00-03:00,15119,ABC Color,San Ignacio: trabajadores de salud cierran la ruta PY01 y exigen aumento salarial del 50% - Nacionales - ABC Color,2026-09-20 21:00:00-03:00,0.819,0,15119,15188,9,13,0,0,0,0,0.0,0.0,0.0,,,,,0,0.02398263333889029,0.0017089876555475738,0.04150222789688309,0.0037788103555991904,0.0007777402052384721,3
15119,ABC Color,San Ignacio: trabajadores de salud cierran la ruta PY01 y exigen aumento salarial del 50% - Nacionales - ABC Color,2026-09-20 21:00:00-03:00,15339,Última Hora,Personal de blanco se moviliza en Misiones para exigir aumento salarial del 50%,2026-09-20 21:00:00-03:00,0.939,2,15119,15339,13,8,2,0,1,1,0.1052631578947368,10.593503066605544,0.1011259588853917,asociación salud unida paraguay | misiones,,asociación salud unida paraguay,misiones,1,0.8858233165103684,0.7646353841806636,0.7041834426242515,0.8218694516530854,0.8840639033081434,2
15119,ABC Color,San Ignacio: trabajadores de salud cierran la ruta PY01 y exigen aumento salarial del 50% - Nacionales - ABC Color,2026-09-20 21:00:00-03:00,15426,ABC Color,Gremios de salud se movilizan mañana por reajuste y carrera sanitaria - Nacionales - ABC Color,2026-09-20 21:00:00-03:00,0.8819,1,15119,15426,13,29,1,1,0,0,0.024390243902439,4.742420221041966,0.0191886388164976,isaías fretes,isaías fretes,,,0,0.2511261879391698,0.09760925296904376,0.2299419582162573,0.05797248416665008,0.018086304976782697,2
15119,ABC Color,San Ignacio: trabajadores de salud cierran la ruta PY01 y exigen aumento salarial del 50% - Nacionales - ABC Color,2026-09-20 21:00:00-03:00,15504,Resumen de Noticias,Gremios de salud marcharán por reajuste salarial del 50%,2026-09-20 21:00:00-03:00,0.8968,1,15119,15504,13,16,0,0,0,0,0.0,0.0,0.0,,,,,0,0.3629109928201599,0.27318890057646594,0.29657427480004633,0.12344886668929712,0.11929241248333229,2
15292,La Nación,La Nación / MAG prevé 8 ferias de la agricultura familiar en la semana de la primavera,2026-09-20 21:00:00-03:00,15130,Resumen de Noticias,¿Dónde serán las ferias agrícolas esta semana?,2026-09-20 21:00:00-03:00,0.9633,2,15130,15292,19,21,13,0,2,11,0.4814814814814814,65.78725810786426,0.4487077991668905,asunción | caacupé | central | cordillera | fernando de la mora | itauguá | lambaré | mag | ministerio de agricultura y ganadería | paseo 1811 | san lorenzo | shopping century plaza | shopping multiplaza,,mag | ministerio de agricultura y ganadería,asunción | caacupé | central | cordillera | fernando de la mora | itauguá | lambaré | paseo 1811 | san lorenzo | shopping century plaza | shopping multiplaza,1,0.9992415099067856,0.9821547619047623,0.9264437341579362,0.8779213882622703,0.991756919644598,5
15183,La Nación,La Nación / Peña anuncia nuevas oportunidades de formación y experiencia laboral para jóvenes,2026-09-20 21:00:00-03:00,15133,adn,Gobierno prepara planes de trabajo para los jóvenes - ADN Digital,2026-09-20 21:00:00-03:00,0.8723,0,15133,15183,17,11,1,0,1,0,0.037037037037037,3.548497752569532,0.0262033680104777,gobierno,,gobierno,,0,0.20960898127485336,0.017834088134088134,0.21606891768340042,0.002056540117576608,0.0007825879707057254,4
15188,La Nación,La Nación / Funcionarios de municipio fernandino denuncian cuatro meses de atraso salarial,2026-09-20 21:00:00-03:00,15135,Megacadena,Ortega cuestiona contrato colectivo firmado por Bello a días de las elecciones,2026-09-20 21:00:00-03:00,0.8131,0,15135,15188,9,8,0,0,0,0,0.0,0.0,0.0,,,,,0,0.01845837032024627,0.0017089876555475738,0.04074962258931709,0.0037788103555991904,0.0007777402052384721,3
15282,ABC Color,Taste Atlas 2026: el vori vori se vuelve a posicionar como el mejor plato del mundo y la mejor sopa - Gastronomía - ABC Color,2026-09-20 21:00:00-03:00,15136,Megacadena,El vorí vorí vuelve a ser elegido como la mejor sopa del mundo,2026-09-20 21:00:00-03:00,0.9473,2,15136,15282,3,4,1,0,1,0,0.1666666666666666,5.253245844807957,0.1690361769176822,tasteatlas,,tasteatlas,,1,0.9103073804122072,0.9479077561327562,0.8075483007533858,0.917284790874402,0.9499865194430197,2
15510,Popular,Popular / (VIDEO) ¡Venden guiso a lo paraguayoité en salones chuchis de yanquilandia!,2026-09-20 21:00:00-03:00,15136,Megacadena,El vorí vorí vuelve a ser elegido como la mejor sopa del mundo,2026-09-20 21:00:00-03:00,0.804,0,15136,15510,3,4,1,0,0,1,0.1666666666666666,2.326506442740917,0.0748610985042634,paraguay,,,paraguay,0,0.020568356966159336,0.1005944721944722,0.10418555211278051,0.025467631548666936,0.0022163865538813252,3
15548,ABC Color,Acceso al país por el Puente de la Amistad se encuentra en deplorable estado por los baches - ABC en el Este - ABC Color,2026-09-20 21:00:00-03:00,15138,Megacadena,"Puente de Integración sigue lejos de una apertura total, según Director de Migraciones",2026-09-20 21:00:00-03:00,0.8391,0,15138,15548,18,10,3,0,0,1,0.12,12.60985458104262,0.0946634683664772,brasil | paraguay | puente de la amistad,,,puente de la amistad,0,0.10949613929507408,0.05701482521310108,0.18589083545368812,0.018781365829183286,0.04717724401514803,2
15550,Última Hora,"Titular del BCP, Baruja y Marco Riquelme integran la comitiva de Peña en EEUU",2026-09-20 21:00:00-03:00,15148,Diario Paraguayo Noticias,Baruja ratifica potestad de Alliana para elegir dupla | Diario Paraguayo,2026-09-20 21:00:00-03:00,0.8923,0,15148,15550,26,16,9,8,0,0,0.2727272727272727,38.02065877151736,0.2401215633144278,alliana | baruja | cartes | césar sosa | honor colorado | juan carlos baruja | pedro alliana | raúl latorre | santiago peña,alliana | baruja | cartes | césar sosa | juan carlos baruja | pedro alliana | raúl latorre | santiago peña,,,0,0.5038747700732419,0.6503775557775556,0.7178638944304978,0.49670900311251476,0.6210687259079081,2
15491,ABC Color,Elecciones Municipales: La importancia de los observadores - Política - ABC Color,2026-09-20 21:00:00-03:00,15149,Diario Paraguayo Noticias,TSJE responde sobre verificación de máquinas electorales | Diario Paraguayo,2026-09-20 21:00:00-03:00,0.7804,0,15149,15491,10,8,2,0,2,0,0.125,10.10102658150775,0.1174809949762862,tribunal superior de justicia electoral | tsje,,tribunal superior de justicia electoral | tsje,,0,0.015310934128383484,0.08643124039702992,0.15666967639218923,0.00901859966586177,0.005483220571882171,2
15374,Ñanduti,Banco Continental integra la emisión y custodia en la nueva era del CDA Digital,2026-09-20 21:00:00-03:00,15150,Diario Paraguayo Noticias,BCP activa sistema CDA-d para certificados digitales | Diario Paraguayo,2026-09-20 21:00:00-03:00,0.9348,2,15150,15374,5,4,2,0,2,0,0.2857142857142857,8.04975591679461,0.2205860373771528,banco central del paraguay | bcp,,banco central del paraguay | bcp,,1,0.9264122544099515,0.9338139058653767,0.8556531695696145,0.8559824372887643,0.6972305809084628,2
15291,La Nación,La Nación / Rigo Chamorro agasajará a la juventud esteña con un festival estelar y gratuito,2026-09-20 21:00:00-03:00,15152,Diario Paraguayo Noticias,Municipalidad de Asunción invita a jornada para jóvenes | Diario Paraguayo,2026-09-20 21:00:00-03:00,0.8174,0,15152,15291,14,13,0,0,0,0,0.0,0.0,0.0,,,,,0,0.024250123318421267,0.001993951413616215,0.05416110202154847,0.0039700585174930105,0.0010265869969534485,2
15202,Resumen de Noticias,El Vorí vorí vuelve a ser número uno entre las sopas del mundo,2026-09-20 21:00:00-03:00,15158,Itapúa en Noticias,VORÍ VORÍ VUELVE A CONQUISTAR EL PRIMER LUGAR ENTRE LAS MEJORES SOPAS DEL MUNDO,2026-09-20 21:00:00-03:00,0.9765,2,15158,15202,6,3,2,0,1,1,0.2857142857142857,7.579752287548874,0.2169077234342663,paraguay | tasteatlas,,tasteatlas,paraguay,1,0.9893358594126742,0.9815077922077924,0.9178797447072542,0.9790439293227602,0.9859310147014102,3
15282,ABC Color,Taste Atlas 2026: el vori vori se vuelve a posicionar como el mejor plato del mundo y la mejor sopa - Gastronomía - ABC Color,2026-09-20 21:00:00-03:00,15158,Itapúa en Noticias,VORÍ VORÍ VUELVE A CONQUISTAR EL PRIMER LUGAR ENTRE LAS MEJORES SOPAS DEL MUNDO,2026-09-20 21:00:00-03:00,0.9379,2,15158,15282,3,3,1,0,1,0,0.2,5.253245844807957,0.2114529607826778,tasteatlas,,tasteatlas,,1,0.8881823963825197,0.9476827200577201,0.8060081939682303,0.9244895982345691,0.9653313896573432,2
15164,ABC Color,Batalla de Boquerón: ¿se traslada al lunes el feriado del 29 de setiembre? - Viajes - ABC Color,2026-09-20 21:00:00-03:00,15296,Resumen de Noticias,Feriado por Batalla de Boquerón pasa al lunes 28 de septiembre,2026-09-20 21:00:00-03:00,0.9729,2,15164,15296,4,6,3,1,2,0,0.4285714285714285,11.369412096935294,0.3549160450401093,ejecutivo | gobierno | santiago peña,santiago peña,ejecutivo | gobierno,,1,0.9902568671079606,0.9475774903201376,0.8897538205850885,0.9790971920874145,0.9813792031298078,5
15275,Más Encarnación,Aspirantes a Suboficiales de la Policía celebran la primavera y la juventud con competencias deportivas en Itapúa,2026-09-20 21:00:00-03:00,15173,ABC Color,Comunidades rurales de Lima se unen mediante el deporte y reclaman un polideportivo - Nacionales - ABC Color,2026-09-20 21:00:00-03:00,0.8304,0,15173,15275,6,7,0,0,0,0,0.0,0.0,0.0,,,,,0,0.03917456634435775,0.0007894984010036467,0.06293676638009695,0.0034600117955988635,0.0011744595960351614,5
15187,La Nación,"La Nación / En violento asalto domiciliario, gavilla roba más de G. 20 millones en Minga Guazú",2026-09-20 21:00:00-03:00,15174,Última Hora,Gavilla con un falso policía asalta a una familia en Minga Guazú y se lleva millonaria suma,2026-09-20 21:00:00-03:00,0.9644,2,15174,15187,12,12,5,1,2,2,0.2631578947368421,24.57163350326537,0.23981097602246,alberto fernández | comisaría 8.a | hospital distrital | minga guazú | policía nacional,alberto fernández,comisaría 8.a | policía nacional,hospital distrital | minga guazú,1,0.9842409594766682,0.9572734487734489,0.895145082215976,0.9741117424841276,0.9527388136698095,1
15175,Última Hora,Orquesta de Cateura participa en dos actividades con proyectos independientes,2026-09-20 21:00:00-03:00,15176,Última Hora,Concierto de primavera en el Teatro Municipal,2026-09-20 21:00:00-03:00,0.7246,0,15175,15176,12,33,0,0,0,0,0.0,0.0,0.0,,,,,0,0.00010382629753585864,0.0016992376690305893,0.0401364861073135,0.002056540117576608,0.000723584931933367,4
15175,Última Hora,Orquesta de Cateura participa en dos actividades con proyectos independientes,2026-09-20 21:00:00-03:00,15264,Oviedo Press,"Juventud ovetense tendrá teatro, formación y actividades comunitarias durante septiembre - OviedoPress",2026-09-20 21:00:00-03:00,0.7351,0,15175,15264,12,12,0,0,0,0,0.0,0.0,0.0,,,,,0,0.00018046985147347034,0.0016992376690305893,0.04126794275930071,0.002056540117576608,0.000723584931933367,4
15175,Última Hora,Orquesta de Cateura participa en dos actividades con proyectos independientes,2026-09-20 21:00:00-03:00,15392,Diario Paraguayo Noticias,Festival de la Juventud en Ciudad del Este - 27 de sept | Diario Paraguayo,2026-09-20 21:00:00-03:00,0.7198,0,15175,15392,12,11,0,0,0,0,0.0,0.0,0.0,,,,,0,8.063868873180395e-05,0.0016992376690305893,0.0401364861073135,0.002056540117576608,0.000723584931933367,4
15560,Última Hora,"Biblioteca Nacional: 139 años de memoria, libros y patrimonio",2026-09-20 21:00:00-03:00,15175,Última Hora,Orquesta de Cateura participa en dos actividades con proyectos independientes,2026-09-20 21:00:00-03:00,0.7028,0,15175,15560,9,12,0,0,0,0,0.0,0.0,0.0,,,,,0,0.0002061662741727124,0.0012226436633437088,0.041050630962956504,0.003706143686534739,0.0010708246241200798,1
15177,Última Hora,Ñande Impro reúne en Asunción a figuras internacionales del teatro sin guion,2026-09-20 21:00:00-03:00,15290,Última Hora,Sobre una cama de rosas: Teatro total para una nueva generación,2026-09-20 21:00:00-03:00,0.792,0,15177,15290,25,16,1,0,0,1,0.025,3.1131796813116863,0.0130341417878967,asunción,,,asunción,0,0.004794564972213416,0.00032552719703140556,0.055300959781260046,0.0027934759373402064,0.000723584931933367,4
15177,Última Hora,Ñande Impro reúne en Asunción a figuras internacionales del teatro sin guion,2026-09-20 21:00:00-03:00,15392,Diario Paraguayo Noticias,Festival de la Juventud en Ciudad del Este - 27 de sept | Diario Paraguayo,2026-09-20 21:00:00-03:00,0.7553,0,15177,15392,25,11,0,0,0,0,0.0,0.0,0.0,,,,,0,0.0005226626921469504,0.0016992376690305893,0.04354241993245231,0.002056540117576608,0.000723584931933367,4
15177,Última Hora,Ñande Impro reúne en Asunción a figuras internacionales del teatro sin guion,2026-09-20 21:00:00-03:00,15512,Diario Paraguayo Noticias,Sobre una cama de rosas: estreno teatral integrador | Diario Paraguayo,2026-09-20 21:00:00-03:00,0.7639,0,15177,15512,25,11,1,0,0,1,0.0285714285714285,3.1131796813116863,0.0153025066916699,asunción,,,asunción,0,0.0011209830142644036,0.00032552719703140556,0.05205079609569944,0.0027934759373402064,0.000723584931933367,4
15178,Última Hora,Maluma anunció el nacimiento de su segundo bebé,2026-09-20 21:00:00-03:00,15179,Última Hora,Hay dudas de si Lady Gaga estuvo embarazada,2026-09-20 21:00:00-03:00,0.7266,0,15178,15179,11,19,0,0,0,0,0.0,0.0,0.0,,,,,0,0.0004685814297560197,0.0007894984010036467,0.04137893246247415,0.0034600117955988635,0.001113050845307434,5
15178,Última Hora,Maluma anunció el nacimiento de su segundo bebé,2026-09-20 21:00:00-03:00,15191,La Nación,La Nación / ¡Marc Anthony hizo esto por su hijo paraguayo y sorprendió en Las Vegas!,2026-09-20 21:00:00-03:00,0.7508,0,15178,15191,11,10,0,0,0,0,0.0,0.0,0.0,,,,,0,0.0013260460052194692,0.0007894984010036467,0.043534563845643436,0.0034600117955988635,0.001113050845307434,5
15178,Última Hora,Maluma anunció el nacimiento de su segundo bebé,2026-09-20 21:00:00-03:00,15411,Crónica,Mirá la emotiva carta que el “Kaku” recibió de sus hijos,2026-09-20 21:00:00-03:00,0.7469,0,15178,15411,11,6,0,0,0,0,0.0,0.0,0.0,,,,,0,0.0011214528280973125,0.0007894984010036467,0.0426006718874781,0.0034600117955988635,0.001113050845307434,5
15178,Última Hora,Maluma anunció el nacimiento de su segundo bebé,2026-09-20 21:00:00-03:00,15448,Popular,"Popular / (VIDEO) ¡Fio Migliore contó cómo se llamará su segunda ""bendi""!",2026-09-20 21:00:00-03:00,0.7936,0,15178,15448,11,5,0,0,0,0,0.0,0.0,0.0,,,,,0,0.008301908688845868,0.0007894984010036467,0.04954088947148334,0.0034600117955988635,0.001113050845307434,5
15180,Última Hora,El diseñador paraguayo Simón Villalba es reconocido como Mejor Diseñador en Nueva York,2026-09-20 21:00:00-03:00,15234,Crónica,"¡Oita paraguayito! Compatriota ligó premiazo en el NY Fashion Week, apenami",2026-09-20 21:00:00-03:00,0.9226,2,15180,15234,8,2,0,0,0,0,0.0,0.0,0.0,,,,,1,0.6709213935486785,0.9386777455875633,0.6116121332488825,0.9373460297695425,0.9690630724894236,1
15183,La Nación,La Nación / Peña anuncia nuevas oportunidades de formación y experiencia laboral para jóvenes,2026-09-20 21:00:00-03:00,15200,Resumen de Noticias,ANDE habilita concurso para incorporar 230 aprendices,2026-09-20 21:00:00-03:00,0.9172,2,15183,15200,17,8,5,0,4,1,0.25,24.559799045618373,0.2486687346943249,administración nacional de electricidad | ande | asunción | servicio nacional de promoción profesional | snpp,,administración nacional de electricidad | ande | servicio nacional de promoción profesional | snpp,asunción,1,0.8826557251530037,0.920131613974261,0.7839536785362968,0.968330033556953,0.955039932151019,4
15183,La Nación,La Nación / Peña anuncia nuevas oportunidades de formación y experiencia laboral para jóvenes,2026-09-20 21:00:00-03:00,15410,Crónica,ANDE habilita 230 plazas para aprendices,2026-09-20 21:00:00-03:00,0.9137,2,15183,15410,17,5,2,0,2,0,0.1,10.352341009788656,0.1055586017400921,ande | snpp,,ande | snpp,,1,0.7475668950806587,0.8191553165646518,0.639084771843953,0.9208920978278043,0.9358328931666424,4
15548,ABC Color,Acceso al país por el Puente de la Amistad se encuentra en deplorable estado por los baches - ABC en el Este - ABC Color,2026-09-20 21:00:00-03:00,15184,La Nación,La Nación / La habilitación del Puente de la Integración avanza por etapas acordadas con Brasil,2026-09-20 21:00:00-03:00,0.8172,0,15184,15548,18,10,2,0,0,2,0.0769230769230769,9.184735849633594,0.0666684810584236,brasil | y,,,brasil | y,0,0.05562576067106103,0.05196771676599262,0.11765586450864779,0.0179867505959654,0.005645011903705293,2
15186,La Nación,La Nación / Campaña “Todos con Iván” busca alcanzar meta de G. 1.000 millones para su rehabilitación,2026-09-20 21:00:00-03:00,15400,Diario Paraguayo Noticias,Campaña solidaria para rehabilitación de Iván | Diario Paraguayo,2026-09-20 21:00:00-03:00,0.9704,2,15186,15400,9,7,7,3,2,2,0.7777777777777778,37.97646512042663,0.7553790042189693,aldo sosa | avenida sacramento | colegio técnico javier | i | ips | iván | molas lópez,aldo sosa | i | iván,colegio técnico javier | ips,avenida sacramento | molas lópez,1,0.9996885156506796,0.9991333333333332,0.951285698162346,0.9909581823615076,0.9963686058736726,4
15186,La Nación,La Nación / Campaña “Todos con Iván” busca alcanzar meta de G. 1.000 millones para su rehabilitación,2026-09-20 21:00:00-03:00,15414,Crónica,La batalla de Iván recién comienza: buscan G. 1.000 millones para su recuperación,2026-09-20 21:00:00-03:00,0.9582,2,15186,15414,9,6,5,2,2,1,0.5,26.59450469345682,0.4696470688763822,aldo sosa | avenida sacramento | colegio técnico javier | ips | iván,aldo sosa | iván,colegio técnico javier | ips,avenida sacramento,1,0.9967438027443711,0.9915814574314573,0.9148863127485309,0.9869229877961572,0.993605660010928,4
15186,La Nación,La Nación / Campaña “Todos con Iván” busca alcanzar meta de G. 1.000 millones para su rehabilitación,2026-09-20 21:00:00-03:00,15577,Megacadena,Adolescente Iván sale de terapia intensiva tras ser atropellado al salir del colegio,2026-09-20 21:00:00-03:00,0.788,1,15186,15577,9,3,2,2,0,0,0.2,10.871134803203825,0.1967972427555366,aldo sosa | iván,aldo sosa | iván,,,0,0.007086564166140538,0.1535735081911552,0.24133983388366734,0.03402321739897781,0.010066631795006012,4
15187,La Nación,"La Nación / En violento asalto domiciliario, gavilla roba más de G. 20 millones en Minga Guazú",2026-09-20 21:00:00-03:00,15370,adn,Asaltantes vestidos de policías irrumpen en una casa y roban G. 20 millones - ADN Digital,2026-09-20 21:00:00-03:00,0.966,2,15187,15370,12,7,4,1,0,3,0.2666666666666666,20.28346855450101,0.2596634133701967,alberto fernández | fracción el trébol | hospital distrital | minga guazú,alberto fernández,,fracción el trébol | hospital distrital | minga guazú,1,0.9805455250898628,0.9226015894236483,0.8498964491891892,0.9926003934906749,0.9919005133473384,1
15188,La Nación,La Nación / Funcionarios de municipio fernandino denuncian cuatro meses de atraso salarial,2026-09-20 21:00:00-03:00,15339,Última Hora,Personal de blanco se moviliza en Misiones para exigir aumento salarial del 50%,2026-09-20 21:00:00-03:00,0.8257,0,15188,15339,9,8,0,0,0,0,0.0,0.0,0.0,,,,,0,0.032219634501031096,0.0017089876555475738,0.043962942617064675,0.0037788103555991904,0.0007777402052384721,3
15188,La Nación,La Nación / Funcionarios de municipio fernandino denuncian cuatro meses de atraso salarial,2026-09-20 21:00:00-03:00,15553,Última Hora,Denuncian agresión a candidato a concejal y piden circuito cerrado,2026-09-20 21:00:00-03:00,0.8129,0,15188,15553,9,10,0,0,0,0,0.0,0.0,0.0,,,,,0,0.018294825186072446,0.0017089876555475738,0.04074962258931709,0.0037788103555991904,0.0007777402052384721,3
15189,La Nación,La Nación / Hurto y violencia familiar: los delitos que acorralan a la juventud paraguaya,2026-09-20 21:00:00-03:00,15203,Resumen de Noticias,¿Cuáles son los delitos que más involucran a jóvenes?,2026-09-20 21:00:00-03:00,0.9533,2,15189,15203,2,4,0,0,0,0,0.0,0.0,0.0,,,,,1,0.8896823599902651,0.8621913854419759,0.7050072178293052,0.9381265208063647,0.9041151260837252,5
15189,La Nación,La Nación / Hurto y violencia familiar: los delitos que acorralan a la juventud paraguaya,2026-09-20 21:00:00-03:00,15262,Oviedo Press,Hurto y violencia familiar concentran la mayor presencia de jóvenes entre investigados - OviedoPress,2026-09-20 21:00:00-03:00,0.9351,2,15189,15262,2,3,1,0,1,0,0.25,5.658710952916121,0.2888523799534656,observatorio del ministerio público,,observatorio del ministerio público,,1,0.9110317861491638,0.9911791295306005,0.8833839819451839,0.9683581243206579,0.9966341858145336,5
15464,ABC Color,Diputados define mañana la prohibición de celulares en todas las instituciones educativas - Política - ABC Color,2026-09-20 21:00:00-03:00,15190,La Nación,La Nación / Senado lanza app para dar mayor participación ciudadana en la toma de decisiones,2026-09-20 21:00:00-03:00,0.7378,0,15190,15464,4,9,1,0,1,0,0.0833333333333333,4.3369551129338015,0.0659078243597733,senado,,senado,,0,0.0010308606944711854,0.05985068634732882,0.06165843710506586,0.01769973783349553,0.006347499980237395,3
15192,HOY,"Diario HOY | “Tenemos Honor Colorado para rato”, predice Bachi",2026-09-20 21:00:00-03:00,15205,Resumen de Noticias,Alliana asume el gobierno ante fractura interna en HC,2026-09-20 21:00:00-03:00,0.9054,2,15192,15205,19,20,6,5,1,0,0.1818181818181818,24.136769567472943,0.1464921654734707,alliana | cartes | césar sosa | honor colorado | horacio cartes | santiago peña,alliana | cartes | césar sosa | horacio cartes | santiago peña,honor colorado,,1,0.6344267399718528,0.7300954267954267,0.6501712103191484,0.46876025018748535,0.7579759566973652,2
15192,HOY,"Diario HOY | “Tenemos Honor Colorado para rato”, predice Bachi",2026-09-20 21:00:00-03:00,15253,Amambay News,"Bachi Núñez minimiza la tensión en Honor Colorado: “Hay disparidad de opiniones, pero terminará en coincidencias” - Amambay News",2026-09-20 21:00:00-03:00,0.9155,2,15192,15253,19,13,6,4,2,0,0.2307692307692307,25.372379456742067,0.1956035734622586,congreso | césar sosa | honor colorado | horacio cartes | núñez | santiago peña,césar sosa | horacio cartes | núñez | santiago peña,congreso | honor colorado,,1,0.8065786476585868,0.8880056169320876,0.7194932558668908,0.9065160090463295,0.9489778416126325,2
15192,HOY,"Diario HOY | “Tenemos Honor Colorado para rato”, predice Bachi",2026-09-20 21:00:00-03:00,15351,HOY,Diario HOY | Dos senadores de “Primera División” le presumen su antigüedad a César Sosa,2026-09-20 21:00:00-03:00,0.9287,2,15192,15351,19,18,5,2,2,1,0.15625,21.353574338303734,0.1280548132514528,anr | asunción | basilio núñez | congreso | césar sosa,basilio núñez | césar sosa,anr | congreso,asunción,1,0.8835134786212218,0.7228095563792934,0.6732277338082614,0.8242095946430475,0.16763785290145664,2
15192,HOY,"Diario HOY | “Tenemos Honor Colorado para rato”, predice Bachi",2026-09-20 21:00:00-03:00,15373,adn,"Larga vida a Honor Colorado, es lo que augura Bachi Núñez - ADN Digital",2026-09-20 21:00:00-03:00,0.9529,2,15192,15373,19,12,11,8,3,0,0.55,48.86255375056558,0.4843580716788253,alliana | anr | basilio núñez | cartes | ce | congreso | césar sosa | honor colorado | horacio cartes | núñez | santiago peña,alliana | basilio núñez | cartes | ce | césar sosa | horacio cartes | núñez | santiago peña,anr | congreso | honor colorado,,1,0.9856606709741877,0.9626698190698196,0.9315798112860153,0.9609576980368866,0.9775367946927146,2
15192,HOY,"Diario HOY | “Tenemos Honor Colorado para rato”, predice Bachi",2026-09-20 21:00:00-03:00,15432,Última Hora,"“Mantenerse en primera división es difícil"", advierte Bachi a Cesarito",2026-09-20 21:00:00-03:00,0.9457,2,15192,15432,19,10,5,3,2,0,0.2083333333333333,21.739621360554796,0.1729087431283814,bachi | congreso | césar sosa | honor colorado | santiago peña,bachi | césar sosa | santiago peña,congreso | honor colorado,,1,0.9288192478006257,0.8519330169830168,0.7324735865834745,0.8893367911266157,0.6697228265355684,2
15202,Resumen de Noticias,El Vorí vorí vuelve a ser número uno entre las sopas del mundo,2026-09-20 21:00:00-03:00,15226,Extra,Joven salteño vende sopa paraguaya con la receta que le dio su abuela,2026-09-20 21:00:00-03:00,0.814,0,15202,15226,6,13,2,0,1,1,0.1176470588235294,7.985217395657038,0.0855171930208738,paraguay | taste atlas,,taste atlas,paraguay,0,0.04179080785042403,0.09634727494727495,0.18067840069494498,0.018027210480419845,0.0023488113028715457,3
15202,Resumen de Noticias,El Vorí vorí vuelve a ser número uno entre las sopas del mundo,2026-09-20 21:00:00-03:00,15232,Crónica,Nuestro vori vori sigue mandando en el mundo ??,2026-09-20 21:00:00-03:00,0.9298,2,15202,15232,6,3,2,0,1,1,0.2857142857142857,7.985217395657038,0.2173655435279687,paraguay | taste atlas,,taste atlas,paraguay,1,0.9178256606769467,0.9758919191919192,0.8467787136576431,0.9304637468922666,0.9740440363522835,3
15282,ABC Color,Taste Atlas 2026: el vori vori se vuelve a posicionar como el mejor plato del mundo y la mejor sopa - Gastronomía - ABC Color,2026-09-20 21:00:00-03:00,15202,Resumen de Noticias,El Vorí vorí vuelve a ser número uno entre las sopas del mundo,2026-09-20 21:00:00-03:00,0.9282,2,15202,15282,3,6,1,0,1,0,0.125,5.253245844807957,0.1219184011997994,tasteatlas,,tasteatlas,,1,0.8032660947972281,0.7780377939054413,0.6886416213585467,0.8218694516530854,0.8698470227727635,2
15202,Resumen de Noticias,El Vorí vorí vuelve a ser número uno entre las sopas del mundo,2026-09-20 21:00:00-03:00,15353,Concepción al Día,El vori vori vuelve a ser reconocido como el mejor plato del mundo - Concepción al Día,2026-09-20 21:00:00-03:00,0.9457,2,15202,15353,6,2,2,0,1,1,0.3333333333333333,7.579752287548874,0.2494611891235963,paraguay | tasteatlas,,tasteatlas,paraguay,1,0.9615004483727124,0.9714247474747476,0.8878041916050853,0.9790439293227602,0.9826985854515138,3
15550,Última Hora,"Titular del BCP, Baruja y Marco Riquelme integran la comitiva de Peña en EEUU",2026-09-20 21:00:00-03:00,15205,Resumen de Noticias,Alliana asume el gobierno ante fractura interna en HC,2026-09-20 21:00:00-03:00,0.8913,0,15205,15550,26,20,9,7,1,0,0.2432432432432432,36.70847238255119,0.2009401898068709,alliana | cartes | césar sosa | ejecutivo | honor colorado | horacio cartes | pedro alliana | peña | santiago peña,alliana | cartes | césar sosa | horacio cartes | pedro alliana | peña | santiago peña,ejecutivo,,0,0.5395475074197735,0.4963203907203907,0.6322176731569631,0.19453175996341213,0.27570988624140436,2
15548,ABC Color,Acceso al país por el Puente de la Amistad se encuentra en deplorable estado por los baches - ABC en el Este - ABC Color,2026-09-20 21:00:00-03:00,15208,adn,No hay fecha fija para habilitación total del Puente de la Integración - ADN Digital,2026-09-20 21:00:00-03:00,0.834,0,15208,15548,18,8,2,0,0,0,0.0833333333333333,6.663461555674719,0.0525280370753434,brasil | paraguay,,,,0,0.06147355422867293,0.04993706471139108,0.13266265466396446,0.00968607975970089,0.012552156955006452,2
15491,ABC Color,Elecciones Municipales: La importancia de los observadores - Política - ABC Color,2026-09-20 21:00:00-03:00,15210,adn,Advierten que dudas de opositores afectarían negativamente en la participación en las municipales - ADN Digital,2026-09-20 21:00:00-03:00,0.8256,1,15210,15491,10,5,1,0,1,0,0.0714285714285714,4.847780736699793,0.0623122778333687,tsje,,tsje,,0,0.055076309932326026,0.013435421888053467,0.10140956054160052,0.0039700585174930105,0.0012415768266845117,2
15349,La Nación,La Nación / MOPC solicita despejar franja de dominio ante avance de la obra de duplicación de la ruta PY01,2026-09-20 21:00:00-03:00,15211,adn,"Duplicación de la PY07 tendrá cuatro carriles, tres viaductos y costará hasta US$ 100 millones - ADN Digital",2026-09-20 21:00:00-03:00,0.8059,0,15211,15349,18,10,0,0,0,0,0.0,0.0,0.0,,,,,0,0.014011358817859363,0.0007894984010036467,0.05072357099395112,0.0034600117955988635,0.001113050845307434,5
15288,Última Hora,Día de la Juventud: ¿Cuándo Paraguay dejará de tener una mayoría de población joven?,2026-09-20 21:00:00-03:00,15213,adn,"Demográficamente, nuestro país pasa por su mejor momento, porque la mayoría de la población es joven - ADN Digital",2026-09-20 21:00:00-03:00,0.9427,2,15213,15288,5,6,5,2,2,1,0.8333333333333334,21.5648513935248,0.8087644245088638,ine | instituto nacional de estadística | iván ojeda | ojeda | paraguay,iván ojeda | ojeda,ine | instituto nacional de estadística,paraguay,1,0.9991176603709881,0.995048124098124,0.9443094430921888,0.9869229877961572,0.993605660010928,4
15215,Megacadena,Blanca Ovelar cuestiona a las supervisiones pedagógicas tras los resultados de pruebas PISA,2026-09-20 21:00:00-03:00,15420,Amambay News,Blanca Ovelar cuestiona las supervisiones pedagógicas y pide asumir la “complejidad” de la crisis educativa - Amambay News,2026-09-20 21:00:00-03:00,0.9352,2,15215,15420,4,2,2,2,0,0,0.5,10.911956797724075,0.5398090442134615,blanca ovelar | ovelar,blanca ovelar | ovelar,,,1,0.9911713466917355,0.9711012265512265,0.8785170069860755,0.99165741370168,0.9959018623012593,4
15215,Megacadena,Blanca Ovelar cuestiona a las supervisiones pedagógicas tras los resultados de pruebas PISA,2026-09-20 21:00:00-03:00,15557,Última Hora,Banco Mundial pide recuperar aprendizajes básicos y evitar abandono escolar,2026-09-20 21:00:00-03:00,0.7987,0,15215,15557,4,5,0,0,0,0,0.0,0.0,0.0,,,,,0,0.00511401047359535,0.0016992376690305893,0.05310849131519568,0.002056540117576608,0.000723584931933367,4
15464,ABC Color,Diputados define mañana la prohibición de celulares en todas las instituciones educativas - Política - ABC Color,2026-09-20 21:00:00-03:00,15218,Megacadena,El Senado lanza “Mi Senado App” para seguir las sesiones en tiempo real y proyectos de ley en estudio,2026-09-20 21:00:00-03:00,0.7541,0,15218,15464,4,6,1,0,1,0,0.1111111111111111,4.3369551129338015,0.087643603935391,senado,,senado,,0,0.002263726276247503,0.08532765567765564,0.09909955756858427,0.019257731773778514,0.005119453759800926,3
15280,Ñanduti,Mades hace vista gorda a transformadores de la ANDE en evidente estado de contaminación en San Lorenzo,2026-09-20 21:00:00-03:00,15222,Megacadena,Incautan tanques de 45.000 litros en depósito vinculado a una maniobra con cheques robados,2026-09-20 21:00:00-03:00,0.7505,0,15222,15280,9,7,0,0,0,0,0.0,0.0,0.0,,,,,0,0.001772236482093297,0.001993951413616215,0.035297659598225346,0.0039700585174930105,0.0010265869969534485,2
15510,Popular,Popular / (VIDEO) ¡Venden guiso a lo paraguayoité en salones chuchis de yanquilandia!,2026-09-20 21:00:00-03:00,15226,Extra,Joven salteño vende sopa paraguaya con la receta que le dio su abuela,2026-09-20 21:00:00-03:00,0.8346,0,15226,15510,3,13,1,0,0,1,0.0666666666666666,2.326506442740917,0.0278024134921795,paraguay,,,paraguay,0,0.06584799679240513,0.00026679221594475835,0.06215543257488109,0.0035337899697328646,0.0008200680959275941,3
15282,ABC Color,Taste Atlas 2026: el vori vori se vuelve a posicionar como el mejor plato del mundo y la mejor sopa - Gastronomía - ABC Color,2026-09-20 21:00:00-03:00,15232,Crónica,Nuestro vori vori sigue mandando en el mundo ??,2026-09-20 21:00:00-03:00,0.9269,2,15232,15282,3,3,0,0,0,0,0.0,0.0,0.0,,,,,1,0.6512596089399842,0.9232982896165338,0.6784280332885916,0.8786352134732512,0.8877978174860808,2
15510,Popular,Popular / (VIDEO) ¡Venden guiso a lo paraguayoité en salones chuchis de yanquilandia!,2026-09-20 21:00:00-03:00,15232,Crónica,Nuestro vori vori sigue mandando en el mundo ??,2026-09-20 21:00:00-03:00,0.8207,0,15232,15510,3,3,1,0,0,1,0.2,2.326506442740917,0.0860369200830033,paraguay,,,paraguay,0,0.04532798935259644,0.13313538128538127,0.17257715429765985,0.04350892196662356,0.0023859778790592183,3
15317,ABC Color,Día de la Juventud: jóvenes encabezan estadísticas de muertes y lesiones por siniestros viales - Nacionales - ABC Color,2026-09-20 21:00:00-03:00,15245,La Clave,Cuatro personas mueren en accidentes durante el fin de semana en Alto Paraná – Diario La Clave,2026-09-20 21:00:00-03:00,0.755,0,15245,15317,6,11,0,0,0,0,0.0,0.0,0.0,,,,,0,0.0018293399729056364,0.0012226436633437088,0.0440292044798319,0.003706143686534739,0.0010708246241200798,1
15486,ABC Color,Suba de combustible: ¿llegará el aumento a los precios de los supermercados? - Negocios - ABC Color,2026-09-20 21:00:00-03:00,15251,Amambay News,Petropar anticipó nueva suba y transportistas expresaron preocupación - Amambay News,2026-09-20 21:00:00-03:00,0.8426,0,15251,15486,5,6,0,0,0,0,0.0,0.0,0.0,,,,,0,0.06687144986985676,0.026039444678420585,0.07902941161077616,0.0840937615240575,0.003890075286975893,1
15330,ABC Color,PGN 2027: Salud tendrá más recursos pese a limitada ejecución 2026 - Economía - ABC Color,2026-09-20 21:00:00-03:00,15257,Amambay News,Fretes anuncia visitas sorpresa a hospitales públicos de todo el país - Amambay News,2026-09-20 21:00:00-03:00,0.7932,0,15257,15330,12,9,1,1,0,0,0.05,4.742420221041966,0.0448362063567345,isaías fretes,isaías fretes,,,0,0.008866682510732131,0.019118373456608752,0.09102829508804823,0.007022610880641306,0.0010672307391843972,1
15464,ABC Color,Diputados define mañana la prohibición de celulares en todas las instituciones educativas - Política - ABC Color,2026-09-20 21:00:00-03:00,15269,Itapúa en Noticias,«MI SENADO»: AHORA VAS A PODER VER QUÉ HACEN LOS SENADORES EN TIEMPO REAL,2026-09-20 21:00:00-03:00,0.7429,0,15269,15464,4,3,1,0,1,0,0.1666666666666666,4.3369551129338015,0.1381482079707324,senado,,senado,,0,0.0015037448154846947,0.10926136086136085,0.12356966163698535,0.027191965652186567,0.002160964695698638,3
15355,Itapúa en Noticias,"AGUAS DANZANTES, BUS TURÍSTICO Y LA RECUPERACIÓN DE LA ZONA BAJA: LAS PROPUESTAS DE NOVOSAD",2026-09-20 21:00:00-03:00,15271,Itapúa en Noticias,CARLOS PEREIRA PRESENTÓ UNA AGENDA LEGISLATIVA Y ASUMIÓ COMPROMISOS DE CAMPAÑA,2026-09-20 21:00:00-03:00,0.8597,0,15271,15355,8,10,2,0,0,1,0.125,8.966046648668765,0.0968450934549229,encarnación | república del paraguay,,,república del paraguay,0,0.2202089917669017,0.12298842465287706,0.26930430518241155,0.08618755536643155,0.013622885579249672,2
15280,Ñanduti,Mades hace vista gorda a transformadores de la ANDE en evidente estado de contaminación en San Lorenzo,2026-09-20 21:00:00-03:00,15417,La Clave,"Tape Porã, contaminación e impunidad ante un Ministerio Público inoperante – Diario La Clave",2026-09-20 21:00:00-03:00,0.7485,0,15280,15417,9,8,0,0,0,0,0.0,0.0,0.0,,,,,0,0.001638013515073885,0.001993951413616215,0.03507700646495085,0.0039700585174930105,0.0010265869969534485,2
15280,Ñanduti,Mades hace vista gorda a transformadores de la ANDE en evidente estado de contaminación en San Lorenzo,2026-09-20 21:00:00-03:00,15437,Telefuturo,Vecinos de Molino de Luque denuncian ola de robos,2026-09-20 21:00:00-03:00,0.7529,0,15280,15437,9,1,0,0,0,0,0.0,0.0,0.0,,,,,0,0.001947871723135059,0.001993951413616215,0.03543439615246417,0.0039700585174930105,0.0010265869969534485,2
15280,Ñanduti,Mades hace vista gorda a transformadores de la ANDE en evidente estado de contaminación en San Lorenzo,2026-09-20 21:00:00-03:00,15490,ABC Color,Denuncian contaminación por continuas quemazones en vertedero de Campo 9 - Nacionales - ABC Color,2026-09-20 21:00:00-03:00,0.7981,0,15280,15490,9,10,1,0,1,0,0.0555555555555555,5.658710952916121,0.0530480953611063,mades,,mades,,0,0.01821694710713957,0.013937802840434419,0.06401927179909117,0.0039700585174930105,0.001095085483717263,2
15282,ABC Color,Taste Atlas 2026: el vori vori se vuelve a posicionar como el mejor plato del mundo y la mejor sopa - Gastronomía - ABC Color,2026-09-20 21:00:00-03:00,15353,Concepción al Día,El vori vori vuelve a ser reconocido como el mejor plato del mundo - Concepción al Día,2026-09-20 21:00:00-03:00,0.9751,2,15282,15353,3,2,1,0,1,0,0.25,5.253245844807957,0.2589914950045481,tasteatlas,,tasteatlas,,1,0.9765297723076005,0.9541084915084918,0.8870942317430979,0.951384050406605,0.9643266507647346,2
15288,Última Hora,Día de la Juventud: ¿Cuándo Paraguay dejará de tener una mayoría de población joven?,2026-09-20 21:00:00-03:00,15445,Megacadena,"Paraguay atraviesa su mejor momento demográfico, según el INE",2026-09-20 21:00:00-03:00,0.9205,2,15288,15445,5,5,5,2,2,1,1.0,21.5648513935248,1.0,ine | instituto nacional de estadística | iván ojeda | ojeda | paraguay,iván ojeda | ojeda,ine | instituto nacional de estadística,paraguay,1,0.9990182430469206,0.9671796536796538,0.9031867143633782,0.9757630008666012,0.9846372471396988,4
15288,Última Hora,Día de la Juventud: ¿Cuándo Paraguay dejará de tener una mayoría de población joven?,2026-09-20 21:00:00-03:00,15513,Diario Paraguayo Noticias,Bono demográfico de Paraguay: oportunidades hasta 2050 | Diario Paraguayo,2026-09-20 21:00:00-03:00,0.9628,2,15288,15513,5,5,5,2,2,1,1.0,21.5648513935248,1.0,ine | instituto nacional de estadística | iván ojeda | ojeda | paraguay,iván ojeda | ojeda,ine | instituto nacional de estadística,paraguay,1,0.9998940742980632,0.9892814574314572,0.9468394767517527,0.9645190660120957,0.9893888577659833,4
15288,Última Hora,Día de la Juventud: ¿Cuándo Paraguay dejará de tener una mayoría de población joven?,2026-09-20 21:00:00-03:00,15545,ABC Color,"Paraguay atraviesa su mejor momento demográfico, según el INE - Nacionales - ABC Color",2026-09-20 21:00:00-03:00,0.9247,2,15288,15545,5,9,5,2,2,1,0.5555555555555556,21.5648513935248,0.5225499020894504,ine | instituto nacional de estadística | iván ojeda | ojeda | paraguay,iván ojeda | ojeda,ine | instituto nacional de estadística,paraguay,1,0.986795534284661,0.9814219336219336,0.8824025613815583,0.9658545090986271,0.9879727414429735,4
15291,La Nación,La Nación / Rigo Chamorro agasajará a la juventud esteña con un festival estelar y gratuito,2026-09-20 21:00:00-03:00,15392,Diario Paraguayo Noticias,Festival de la Juventud en Ciudad del Este - 27 de sept | Diario Paraguayo,2026-09-20 21:00:00-03:00,0.9476,2,15291,15392,14,11,7,1,1,4,0.3888888888888889,37.98716501784893,0.3705165312904039,alto paraná | ciudad del este | club 3 de febrero | cumbia juan | integral | richard duarte | talento de barrio,richard duarte,talento de barrio,alto paraná | ciudad del este | club 3 de febrero | integral,1,0.9865414633335402,0.9951419913419912,0.9428254097843903,0.9963099999983428,0.9984347388943741,2
15292,La Nación,La Nación / MAG prevé 8 ferias de la agricultura familiar en la semana de la primavera,2026-09-20 21:00:00-03:00,15394,Diario Paraguayo Noticias,MAG realizará 8 ferias de agricultura familiar | Diario Paraguayo,2026-09-20 21:00:00-03:00,0.9853,2,15292,15394,19,21,17,0,2,15,0.7391304347826086,89.06200458556988,0.7167266600506392,asunción | bajo chaco | central | centro de exposición y venta | dirección de educación agraria | fernando de la mora | itauguá | lambaré | mag | ministerio de agricultura y ganadería | paseo 1811 | plaza flores | san lorenzo | shopping century plaza | shopping multiplaza | universidad nacional de asunción | ñeembucú,,mag | ministerio de agricultura y ganadería,asunción | bajo chaco | central | centro de exposición y venta | dirección de educación agraria | fernando de la mora | itauguá | lambaré | paseo 1811 | plaza flores | san lorenzo | shopping century plaza | shopping multiplaza | universidad nacional de asunción | ñeembucú,1,0.9999499139113921,0.9966952380952382,0.9424627781246563,0.9879860763575006,0.9948237981296595,5
15554,Última Hora,Advierten que venta de inmuebles no puede financiar fondo de salud de IPS,2026-09-20 21:00:00-03:00,15294,La Nación,"La Nación / Senabico subastará inmuebles, vehículos y maquinaria pesada el 24 de septiembre",2026-09-20 21:00:00-03:00,0.7117,0,15294,15554,10,16,0,0,0,0,0.0,0.0,0.0,,,,,0,0.000299187059151517,0.0012226436633437088,0.041050630962956504,0.003706143686534739,0.0010708246241200798,1
15351,HOY,Diario HOY | Dos senadores de “Primera División” le presumen su antigüedad a César Sosa,2026-09-20 21:00:00-03:00,15297,Resumen de Noticias,“Lo que se ve no se pregunta”: Ovelar habla de crisis en Honor Colorado,2026-09-20 21:00:00-03:00,0.8747,1,15297,15351,18,13,3,2,0,1,0.1071428571428571,13.737454406583984,0.0989697695098002,asunción | ovelar | silvio ovelar,ovelar | silvio ovelar,,asunción,0,0.3082546627892991,0.24016236345353995,0.3959611550909267,0.13248231094200907,0.25268676047228333,2
15349,La Nación,La Nación / MOPC solicita despejar franja de dominio ante avance de la obra de duplicación de la ruta PY01,2026-09-20 21:00:00-03:00,15307,Ahora CDE,El asfaltado de la ruta D065 entre San Cristóbal y Juan E. O’Leary avanza tras décadas de reclamos,2026-09-20 21:00:00-03:00,0.8128,0,15307,15349,18,11,2,0,2,0,0.074074074074074,10.352341009788656,0.0692678222398401,ministerio de obras públicas y comunicaciones | mopc,,ministerio de obras públicas y comunicaciones | mopc,,0,0.03798961339690297,0.11914153624153632,0.20738938520940878,0.01309789571164603,0.029452077300078313,5
15453,El Observador,Defensa de Rivas considera excesiva la pena solicitada de 12 años - El Observador,2026-09-20 21:00:00-03:00,15312,ABC Color,Fiscalía pide 12 años de cárcel para Hernán Rivas por su título falso de abogado - Nacionales - ABC Color,2026-09-20 21:00:00-03:00,0.8897,1,15312,15453,9,16,3,1,2,0,0.1363636363636363,11.83666469280914,0.0981471499258465,fiscalía | herná | ministerio público,herná,fiscalía | ministerio público,,0,0.53434990394283,0.3617071484071484,0.523021430150494,0.025975000766423437,0.0251808246996354,5
15328,ABC Color,"El río Paraná alcanza 3,67 m y proyectan descenso en Ayolas - Nacionales - ABC Color",2026-09-20 21:00:00-03:00,15315,ABC Color,"Río Paraguay sigue en descenso, pero riesgo de inundaciones por El Niño se mantiene - Nacionales - ABC Color",2026-09-20 21:00:00-03:00,0.8921,0,15315,15328,14,8,0,0,0,0,0.0,0.0,0.0,,,,,0,0.41282979218260546,0.11934065181044476,0.24913428553865846,0.05166077888208466,0.014564126836220107,4
15317,ABC Color,Día de la Juventud: jóvenes encabezan estadísticas de muertes y lesiones por siniestros viales - Nacionales - ABC Color,2026-09-20 21:00:00-03:00,15364,Resumen de Noticias,"Jóvenes, los más afectados por siniestros viales",2026-09-20 21:00:00-03:00,0.9712,2,15317,15364,6,7,6,0,5,1,0.8571428571428571,28.268685950158044,0.8165292227028075,agencia nacional de tránsito y seguridad vial | antsv | hospital de trauma | ministerio de salud pública y bienestar social | paraguay | policía nacional,,agencia nacional de tránsito y seguridad vial | antsv | hospital de trauma | ministerio de salud pública y bienestar social | policía nacional,paraguay,1,0.9989899490777422,0.9807967532467533,0.9448722391453828,0.9721697555485835,0.9913197993315508,1
15317,ABC Color,Día de la Juventud: jóvenes encabezan estadísticas de muertes y lesiones por siniestros viales - Nacionales - ABC Color,2026-09-20 21:00:00-03:00,15473,Más Encarnación,"Jóvenes, los más afectados por siniestros viales",2026-09-20 21:00:00-03:00,0.9578,2,15317,15473,6,7,6,0,5,1,0.8571428571428571,28.268685950158044,0.8563386456531586,agencia nacional de tránsito y seguridad vial | antsv | hospital de trauma | ministerio de salud pública y bienestar social | paraguay | policía nacional,,agencia nacional de tránsito y seguridad vial | antsv | hospital de trauma | ministerio de salud pública y bienestar social | policía nacional,paraguay,1,0.9982316400759814,0.9808943722943722,0.9329048564409712,0.9676064725901868,0.9906250629019385,1
15325,ABC Color,"Orlando Gill y Meli Ávalos, enamorados en París - Gente - ABC Color",2026-09-20 21:00:00-03:00,15412,Crónica,[VIDEO] Te mostramos el álbum de bodas de la actriz Fátima Fernández,2026-09-20 21:00:00-03:00,0.7572,0,15325,15412,12,6,0,0,0,0,0.0,0.0,0.0,,,,,0,0.0023071113684237847,0.001993951413616215,0.03621205157509352,0.0039700585174930105,0.0010265869969534485,2
15325,ABC Color,"Orlando Gill y Meli Ávalos, enamorados en París - Gente - ABC Color",2026-09-20 21:00:00-03:00,15449,Popular,Popular / ¡Celebraron su boda de plata!,2026-09-20 21:00:00-03:00,0.7657,0,15325,15449,12,5,0,0,0,0,0.0,0.0,0.0,,,,,0,0.003223187640779006,0.001993951413616215,0.03835798152273111,0.0039700585174930105,0.0010265869969534485,2
15325,ABC Color,"Orlando Gill y Meli Ávalos, enamorados en París - Gente - ABC Color",2026-09-20 21:00:00-03:00,15498,La Nación,La Nación / ¡No es visita! Paraguaya presume que su novio llega a su casa y hace de todo,2026-09-20 21:00:00-03:00,0.7472,0,15325,15498,12,7,0,0,0,0,0.0,0.0,0.0,,,,,0,0.0015562607452309506,0.001993951413616215,0.03499636130366053,0.0039700585174930105,0.0010265869969534485,2
15328,ABC Color,"El río Paraná alcanza 3,67 m y proyectan descenso en Ayolas - Nacionales - ABC Color",2026-09-20 21:00:00-03:00,15439,Resumen de Noticias,"RÃo Paraguay baja, pero persiste riesgo de inundaciones",2026-09-20 21:00:00-03:00,0.8805,0,15328,15439,14,7,0,0,0,0,0.0,0.0,0.0,,,,,0,0.27625284848519843,0.14535508182487483,0.19356590233083745,0.1708711781612977,0.06146795499815475,4
15328,ABC Color,"El río Paraná alcanza 3,67 m y proyectan descenso en Ayolas - Nacionales - ABC Color",2026-09-20 21:00:00-03:00,15468,ABC Color,Crecida del Paraná pone en riesgo a pequeños ganaderos en Cerrito - Economía - ABC Color,2026-09-20 21:00:00-03:00,0.8366,0,15328,15468,14,9,2,0,0,2,0.0952380952380952,11.094278354518032,0.0904477121045792,paraná | río paraná,,,paraná | río paraná,0,0.08237013407646143,0.03984799361949781,0.14808938218712386,0.003037171110209425,0.001433614905290219,4
15429,Ñanduti,Imputan a las máximas autoridades de APA por presunta lesión de confianza por cerca de G 2.000 millones,2026-09-20 21:00:00-03:00,15329,ABC Color,Juicio de Miguel Prieto: Defensas cuestionan a fiscal por su falta de objetividad - Política - ABC Color,2026-09-20 21:00:00-03:00,0.783,0,15329,15429,14,20,1,0,1,0,0.0303030303030303,3.712800803860808,0.0195265897468409,fiscalía,,fiscalía,,0,0.007240540413650255,0.007970417705295468,0.05069781825812214,0.0037788103555991904,0.0008052583849850708,3
15330,ABC Color,PGN 2027: Salud tendrá más recursos pese a limitada ejecución 2026 - Economía - ABC Color,2026-09-20 21:00:00-03:00,15474,La Nación,La Nación / Ministro de Salud anuncia controles estrictos al desempeño de los médicos,2026-09-20 21:00:00-03:00,0.8017,0,15330,15474,12,7,1,0,1,0,0.0555555555555555,5.658710952916121,0.0584235313348271,comisión bicameral de presupuesto,,comisión bicameral de presupuesto,,0,0.019643212016049606,0.002262792762792763,0.07842510576987571,0.007022610880641306,0.0011706792451142698,1
15554,Última Hora,Advierten que venta de inmuebles no puede financiar fondo de salud de IPS,2026-09-20 21:00:00-03:00,15330,ABC Color,PGN 2027: Salud tendrá más recursos pese a limitada ejecución 2026 - Economía - ABC Color,2026-09-20 21:00:00-03:00,0.7093,0,15330,15554,10,12,0,0,0,0,0.0,0.0,0.0,,,,,0,0.00027060326999960184,0.0012226436633437088,0.041050630962956504,0.003706143686534739,0.0010708246241200798,1
15486,ABC Color,Suba de combustible: ¿llegará el aumento a los precios de los supermercados? - Negocios - ABC Color,2026-09-20 21:00:00-03:00,15340,Última Hora,Transportistas preocupados por costo del combustible: “Es difícil llevar el pan a nuestros hogares”,2026-09-20 21:00:00-03:00,0.876,0,15340,15486,5,9,0,0,0,0,0.0,0.0,0.0,,,,,0,0.22479682343173282,0.013035365424341333,0.1294666565254489,0.06458064604405928,0.00880355316215658,1
15345,La Nación,La Nación / Fiscalía solicitó 12 años de prisión para Rivas,2026-09-20 21:00:00-03:00,15453,El Observador,Defensa de Rivas considera excesiva la pena solicitada de 12 años - El Observador,2026-09-20 21:00:00-03:00,0.8962,1,15345,15453,12,9,4,2,2,0,0.2352941176470588,16.48377473404678,0.1851777895175918,fiscalía | herná | ministerio público | rivas,herná | rivas,fiscalía | ministerio público,,0,0.6437522152186211,0.7288997644512353,0.7019959344741057,0.6514446281953951,0.6834371703447797,5
15345,La Nación,La Nación / Fiscalía solicitó 12 años de prisión para Rivas,2026-09-20 21:00:00-03:00,15459,Amambay News,Fiscalía pide 12 años de cárcel para Hernán Rivas por ser “abogado falso” - Amambay News,2026-09-20 21:00:00-03:00,0.9126,2,15345,15459,12,21,8,5,3,0,0.32,36.83453284305725,0.2825233967533942,christian benítez | fiscalía | herná | hernán rivas | jem | jurado de enjuiciamiento de magistrados | n rivas | rivas,christian benítez | herná | hernán rivas | n rivas | rivas,fiscalía | jem | jurado de enjuiciamiento de magistrados,,1,0.8040899563990938,0.7502307584572286,0.7074767231391557,0.594816969062026,0.5785484234789883,5
15349,La Nación,La Nación / MOPC solicita despejar franja de dominio ante avance de la obra de duplicación de la ruta PY01,2026-09-20 21:00:00-03:00,15455,Primera Plana,"Presentan avances del Proyecto de Duplicación de la Ruta PY07, financiado por Itaipú",2026-09-20 21:00:00-03:00,0.8066,0,15349,15455,18,12,0,0,0,0,0.0,0.0,0.0,,,,,0,0.014433540297274297,0.0007894984010036467,0.0509931534989213,0.0034600117955988635,0.001113050845307434,5
15349,La Nación,La Nación / MOPC solicita despejar franja de dominio ante avance de la obra de duplicación de la ruta PY01,2026-09-20 21:00:00-03:00,15481,adn,MOPC pide retirar objetos de la franja de la PY01 por obras de duplicación - ADN Digital,2026-09-20 21:00:00-03:00,0.9559,2,15349,15481,18,18,15,0,6,9,0.7142857142857143,76.29374979748017,0.6740415112017575,alya constructora s.a. | asunción | central | consorcio rutas del mercosur | construpar s.a. | fernando de la mora | ministerio de obras públicas y comunicaciones | mopc | paraguarí | quiindy | san antonio | san lorenzo | tecnoedil s.a. | villa elisa | ñemby,,alya constructora s.a. | consorcio rutas del mercosur | construpar s.a. | ministerio de obras públicas y comunicaciones | mopc | tecnoedil s.a.,asunción | central | fernando de la mora | paraguarí | quiindy | san antonio | san lorenzo | villa elisa | ñemby,1,0.9996936143772062,0.9901111111111113,0.9399545622758423,0.9791129566843462,0.9933262799152551,5
15349,La Nación,La Nación / MOPC solicita despejar franja de dominio ante avance de la obra de duplicación de la ruta PY01,2026-09-20 21:00:00-03:00,15517,Diario Paraguayo Noticias,MOPC solicita despejar franja de ruta PY01 | Diario Paraguayo,2026-09-20 21:00:00-03:00,0.9812,2,15349,15517,18,19,16,0,6,10,0.7619047619047619,82.24014282284807,0.7329279707505238,alya constructora s.a. | asunción | atro mojones | central | consorcio rutas del mercosur | construpar s.a. | cu | fernando de la mora | ministerio de obras públicas y comunicaciones | mopc | paraguarí | quiindy | san antonio | san lorenzo | tecnoedil s.a. | villa elisa,,alya constructora s.a. | consorcio rutas del mercosur | construpar s.a. | ministerio de obras públicas y comunicaciones | mopc | tecnoedil s.a.,asunción | atro mojones | central | cu | fernando de la mora | paraguarí | quiindy | san antonio | san lorenzo | villa elisa,1,0.9999301973004088,0.993573015873016,0.9516277188442456,0.9846662757816503,0.993515501541696,5
15351,HOY,Diario HOY | Dos senadores de “Primera División” le presumen su antigüedad a César Sosa,2026-09-20 21:00:00-03:00,15373,adn,"Larga vida a Honor Colorado, es lo que augura Bachi Núñez - ADN Digital",2026-09-20 21:00:00-03:00,0.8814,2,15351,15373,18,12,4,2,2,0,0.1538461538461538,18.240394656992045,0.141217244748227,anr | basilio núñez | congreso | césar sosa,basilio núñez | césar sosa,anr | congreso,,1,0.4652828442836732,0.3829750915750915,0.390820105900925,0.4884983113259253,0.19710509295265605,2
15351,HOY,Diario HOY | Dos senadores de “Primera División” le presumen su antigüedad a César Sosa,2026-09-20 21:00:00-03:00,15432,Última Hora,"“Mantenerse en primera división es difícil"", advierte Bachi a Cesarito",2026-09-20 21:00:00-03:00,0.8996,2,15351,15432,18,10,3,1,1,1,0.12,13.93161042102494,0.1061867357876613,congreso | césar sosa | guairá,césar sosa,congreso,guairá,1,0.6262279513499938,0.6254208069708073,0.5840718360884564,0.467837978978388,0.4837988645651537,2
15351,HOY,Diario HOY | Dos senadores de “Primera División” le presumen su antigüedad a César Sosa,2026-09-20 21:00:00-03:00,15572,Telefuturo,Conflicto en Honor Colorado por declaraciones de César Sosa,2026-09-20 21:00:00-03:00,0.9114,2,15351,15572,18,6,5,5,0,0,0.2631578947368421,26.78947736780433,0.2771185853395189,basil | césar sosa | io núñez | silvio ovelar | sosa,basil | césar sosa | io núñez | silvio ovelar | sosa,,,1,0.6974370259153941,0.9599102453102456,0.804618659447927,0.9817875059665427,0.9918739701959599,2
15453,El Observador,Defensa de Rivas considera excesiva la pena solicitada de 12 años - El Observador,2026-09-20 21:00:00-03:00,15352,NPY,Fiscalía solicita 12 años de prisión para el exsenador colorado Hernán Rivas,2026-09-20 21:00:00-03:00,0.8982,1,15352,15453,9,26,4,2,2,0,0.1290322580645161,16.48377473404678,0.09722309908217,fiscalía | herná | ministerio público | rivas,herná | rivas,fiscalía | ministerio público,,0,0.5863326031426489,0.651452824952825,0.6132679036514666,0.6533503547112816,0.6339923237696093,5
15355,Itapúa en Noticias,"AGUAS DANZANTES, BUS TURÍSTICO Y LA RECUPERACIÓN DE LA ZONA BAJA: LAS PROPUESTAS DE NOVOSAD",2026-09-20 21:00:00-03:00,15444,Megacadena,Santiago Peña se reúne con empresarios para impulsar proyecto en la Costanera Norte,2026-09-20 21:00:00-03:00,0.8147,0,15355,15444,8,10,0,0,0,0,0.0,0.0,0.0,,,,,0,0.021853690066045307,0.001993951413616215,0.05268119302241875,0.0039700585174930105,0.0010265869969534485,2
15355,Itapúa en Noticias,"AGUAS DANZANTES, BUS TURÍSTICO Y LA RECUPERACIÓN DE LA ZONA BAJA: LAS PROPUESTAS DE NOVOSAD",2026-09-20 21:00:00-03:00,15462,Itapúa en Noticias,CARLOS PEREIRA QUIERE MÁS OPORTUNIDADES PARA LOS JÓVENES EN ENCARNACIÓN,2026-09-20 21:00:00-03:00,0.8333,0,15355,15462,8,6,2,0,0,2,0.1666666666666666,8.966046648668765,0.1283027756104368,encarnación | república del paraguay,,,encarnación | república del paraguay,0,0.13489621216552092,0.1796821523304282,0.2626342981712947,0.0683949343614364,0.006979199864425171,2
15429,Ñanduti,Imputan a las máximas autoridades de APA por presunta lesión de confianza por cerca de G 2.000 millones,2026-09-20 21:00:00-03:00,15363,Resumen de Noticias,Prieto atribuye disputa en Honor Colorado a “negocios”,2026-09-20 21:00:00-03:00,0.7797,0,15363,15429,14,16,1,0,1,0,0.0344827586206896,3.712800803860808,0.0230428891860564,fiscalía,,fiscalía,,0,0.006286644998623514,0.008370417705295468,0.05142208498636102,0.0037788103555991904,0.0008052583849850708,3
15489,ABC Color,Senado culmina audiencias y avanza hacia las ternas para la Defensoría del Pueblo - Política - ABC Color,2026-09-20 21:00:00-03:00,15372,adn,Comisión investigará deudas y pagos selectivos en IPS y Salud - ADN Digital,2026-09-20 21:00:00-03:00,0.7937,0,15372,15489,24,23,3,0,3,0,0.0681818181818181,11.981245921620246,0.0471150093518949,anr | estado | senado,,anr | estado | senado,,0,0.02506721559626843,0.19750866910866918,0.2782802292075475,0.022315167365864922,0.02477752521195309,1
15554,Última Hora,Advierten que venta de inmuebles no puede financiar fondo de salud de IPS,2026-09-20 21:00:00-03:00,15372,adn,Comisión investigará deudas y pagos selectivos en IPS y Salud - ADN Digital,2026-09-20 21:00:00-03:00,0.7669,0,15372,15554,10,23,3,1,2,0,0.1,15.200121746488447,0.0885417966124958,derlis león | instituto de previsión social | ips,derlis león,instituto de previsión social | ips,,0,0.0059237966668776705,0.09725592740592745,0.17045189722579074,0.005629230789765244,0.01167164237095426,1
15374,Ñanduti,Banco Continental integra la emisión y custodia en la nueva era del CDA Digital,2026-09-20 21:00:00-03:00,15472,Más Encarnación,BCP habilita los Certificados de Depósito de Ahorro 100% digitales,2026-09-20 21:00:00-03:00,0.9297,2,15374,15472,5,5,2,0,2,0,0.25,8.04975591679461,0.1952165354030836,banco central del paraguay | bcp,,banco central del paraguay | bcp,,1,0.8999776791538638,0.9277305725320432,0.8256273167843304,0.8698738975293391,0.8123056159550308,2
15453,El Observador,Defensa de Rivas considera excesiva la pena solicitada de 12 años - El Observador,2026-09-20 21:00:00-03:00,15378,Megacadena,"Fiscalía pide 12 años de prisión para Hernán Rivas por su título ""trucho"" de abogado",2026-09-20 21:00:00-03:00,0.885,1,15378,15453,9,21,2,1,1,0,0.0714285714285714,8.35991084509845,0.0538705850959411,fiscalía | rivas,rivas,fiscalía,,0,0.3743634844200848,0.16456935782157892,0.3085359479565638,0.0486159234095465,0.007764504976533218,5
15464,ABC Color,Diputados define mañana la prohibición de celulares en todas las instituciones educativas - Política - ABC Color,2026-09-20 21:00:00-03:00,15420,Amambay News,Blanca Ovelar cuestiona las supervisiones pedagógicas y pide asumir la “complejidad” de la crisis educativa - Amambay News,2026-09-20 21:00:00-03:00,0.7837,0,15420,15464,4,2,0,0,0,0,0.0,0.0,0.0,,,,,0,0.004935499695808559,0.0017089876555475738,0.03377776232233044,0.0037788103555991904,0.0007777402052384721,3
15429,Ñanduti,Imputan a las máximas autoridades de APA por presunta lesión de confianza por cerca de G 2.000 millones,2026-09-20 21:00:00-03:00,15565,La Nación,La Nación / Fiscalía imputa a cuatro directivos de APA por presunto desvío de casi G. 2.000 millones,2026-09-20 21:00:00-03:00,0.9351,2,15429,15565,14,15,8,6,2,0,0.3809523809523809,45.04986990898434,0.3743669711265779,apa | david herminio portillo biancotti | fiscalía | humberto victorio rodas orué | juan josé maría vidal bonin | juan leonardi guerrero | julio césar ortiz gonzález | walter mario cabrera martínez,david herminio portillo biancotti | humberto victorio rodas orué | juan josé maría vidal bonin | juan leonardi guerrero | julio césar ortiz gonzález | walter mario cabrera martínez,apa | fiscalía,,1,0.89491560314654,0.9339028860028862,0.8297081636818594,0.8896045977757653,0.9401155343093972,3
15486,ABC Color,Suba de combustible: ¿llegará el aumento a los precios de los supermercados? - Negocios - ABC Color,2026-09-20 21:00:00-03:00,15434,La Nación,La Nación / Transportistas manifiestan complicado panorama a causa del alto costo del combustible,2026-09-20 21:00:00-03:00,0.8726,0,15434,15486,5,11,1,0,0,0,0.0666666666666666,2.326506442740917,0.02728182026419,paraguay,,,,0,0.23440248744503628,0.015294905741293436,0.15265758330086412,0.042525138835010315,0.008508833659432698,1
15498,La Nación,La Nación / ¡No es visita! Paraguaya presume que su novio llega a su casa y hace de todo,2026-09-20 21:00:00-03:00,15449,Popular,Popular / ¡Celebraron su boda de plata!,2026-09-20 21:00:00-03:00,0.7415,0,15449,15498,7,5,0,0,0,0,0.0,0.0,0.0,,,,,0,0.0008891803350424812,0.0007894984010036467,0.04213216124271336,0.0034600117955988635,0.001113050845307434,5
15453,El Observador,Defensa de Rivas considera excesiva la pena solicitada de 12 años - El Observador,2026-09-20 21:00:00-03:00,15450,Crónica,Fiscalía pide 12 años para Hernán Rivas por el caso del supuesto título falso,2026-09-20 21:00:00-03:00,0.8958,1,15450,15453,9,11,4,2,2,0,0.25,16.48377473404678,0.1983359624611923,fiscalía | herná | ministerio público | rivas,herná | rivas,fiscalía | ministerio público,,0,0.6502178705519776,0.7259775422290132,0.7030777435126512,0.6514446281953951,0.7342407938641816,5
15464,ABC Color,Diputados define mañana la prohibición de celulares en todas las instituciones educativas - Política - ABC Color,2026-09-20 21:00:00-03:00,15480,Resumen de Noticias,Celulares en escuelas: Diputados define proyecto mañana,2026-09-20 21:00:00-03:00,0.9626,2,15464,15480,4,5,3,0,3,0,0.5,15.382443303282402,0.4574420341637689,"comisión de educación, cultura y culto | cámara de diputados | senado",,"comisión de educación, cultura y culto | cámara de diputados | senado",,1,0.9916426666148956,0.9980007936507936,0.9534793998023476,0.9914486043984184,0.9966303852494476,3
15465,ABC Color,Líderes de 22 países e instituciones reclaman supervisión humana para la IA - Tecnología - ABC Color,2026-09-20 21:00:00-03:00,15568,5Días,"El dilema de la IA ya no es cómo frenarla, sino quién la controla",2026-09-20 21:00:00-03:00,0.8415,1,15465,15568,29,0,0,0,0,0,0.0,0.0,0.0,,,,,0,0.06167409783884336,0.024618430579935825,0.07818396331640166,0.03734222179027102,0.0041559812867959026,5
15478,Ñanduti,Ministerio de la Mujer repudia denuncias de acoso sexual y violencia digital que afectan a estudiantes de la UNA,2026-09-20 21:00:00-03:00,15549,Última Hora,UNA: Investigan denuncias de acoso a estudiantes de varias facultades y unidades académicas,2026-09-20 21:00:00-03:00,0.9296,1,15478,15549,6,18,3,0,3,0,0.1428571428571428,13.66479180620807,0.1164342425240395,ministerio de la mujer | ministerio público | una,,ministerio de la mujer | ministerio público | una,,0,0.9340687783762767,0.8795960816960818,0.8668944650885257,0.7472413316850508,0.9858122837346199,3
15478,Ñanduti,Ministerio de la Mujer repudia denuncias de acoso sexual y violencia digital que afectan a estudiantes de la UNA,2026-09-20 21:00:00-03:00,15556,Última Hora,Denuncia de acoso en la UNA: Piden no difundir imágenes,2026-09-20 21:00:00-03:00,0.9632,1,15478,15556,6,2,2,0,2,0,0.3333333333333333,9.81334450905597,0.357599830761105,ministerio | una,,ministerio | una,,0,0.984416461538388,0.9776288600288602,0.9318571958764992,0.9900884909372102,0.9974812772888393,3
15486,ABC Color,Suba de combustible: ¿llegará el aumento a los precios de los supermercados? - Negocios - ABC Color,2026-09-20 21:00:00-03:00,15502,Telefuturo,Preocupación ante escalada del precio del combustible,2026-09-20 21:00:00-03:00,0.8217,0,15486,15502,5,2,0,0,0,0,0.0,0.0,0.0,,,,,0,0.02901582437021456,0.0012226436633437088,0.05503781422060166,0.003706143686534739,0.0010708246241200798,1
15548,ABC Color,Acceso al país por el Puente de la Amistad se encuentra en deplorable estado por los baches - ABC en el Este - ABC Color,2026-09-20 21:00:00-03:00,15516,Diario Paraguayo Noticias,Puente de la Integración avanza con apertura gradual | Diario Paraguayo,2026-09-20 21:00:00-03:00,0.8318,0,15516,15548,18,12,3,0,0,2,0.1111111111111111,11.511242292374511,0.0798730951319138,brasil | paraguay | y,,,brasil | y,0,0.10649743061377631,0.06661635146462731,0.1768632944039671,0.02738835234775597,0.010419650976155164,2
15538,Ñanduti,Peña viaja con comitiva de 13 personas a EE.UU.: el decreto no revela cuánto costará la numerosa misión oficial,2026-09-20 21:00:00-03:00,15543,ABC Color,Peña se reúne en Nueva York con empresarios que pretenden “transformar” la Costanera Norte - Política - ABC Color,2026-09-20 21:00:00-03:00,0.8473,0,15538,15543,27,21,4,2,2,0,0.0909090909090909,15.475357524516223,0.0641357330834577,estado | onu | peña | santiago peña,peña | santiago peña,estado | onu,,0,0.14104902965139793,0.24457352797078966,0.32766223735045835,0.08259593442128081,0.21285806596131085,3
